<?xml version="1.0" encoding="UTF-8"?>
<!DOCTYPE X3D PUBLIC "ISO//Web3D//DTD X3D 3.0//EN" "http://www.web3d.org/specifications/x3d-3.0.dtd">
<X3D version="3.0" profile="Immersive" xmlns:xsd="http://www.w3.org/2001/XMLSchema-instance" xsd:noNamespaceSchemaLocation="http://www.web3d.org/specifications/x3d-3.0.xsd">
	<head>
		<meta name="filename" content="dragon.x3d" />
		<meta name="generator" content="Blender 4.2.3 LTS" />
	</head>
	<Scene>
		<NavigationInfo headlight="false"
		                visibilityLimit="0.0"
		                type='"EXAMINE", "ANY"'
		                avatarSize="0.25, 1.75, 0.75"
		                />
		<Background DEF="WO_World"
		            groundColor="0.051 0.051 0.051"
		            skyColor="0.051 0.051 0.051"
		            />
		<Transform DEF="Light_TRANSFORM"
		           translation="4.076245 5.903862 -1.005454"
		           scale="1.000000 1.000000 1.000000"
		           rotation="-0.333464 0.853055 0.401371 2.040212"
		           >
			<PointLight DEF="LA_Light"
			            ambientIntensity="0.0000"
			            color="1.0000 1.0000 1.0000"
			            intensity="1.0000"
			            radius="40.0000" 
			            location="-0.0000 -0.0000 0.0000"
			            />
		</Transform>
		<Transform DEF="Camera_TRANSFORM"
		           translation="7.358891 4.958309 6.925791"
		           scale="1.000000 1.000000 1.000000"
		           rotation="-0.468195 0.860207 0.202082 0.930113"
		           >
			<Viewpoint DEF="CA_Camera"
			           centerOfRotation="0 0 0"
			           position="-0.00 -0.00 0.00"
			           orientation="-0.00 -0.47 -0.88 0.00"
			           fieldOfView="0.691"
			           />
		</Transform>
		<Transform DEF="Sphere_TRANSFORM"
		           translation="0.000000 0.000000 0.000000"
		           scale="1.000000 2.315824 1.000000"
		           rotation="-1.000000 0.000000 0.000000 1.570796"
		           >
			<Transform DEF="Sphere_ifs_TRANSFORM"
			           translation="0.000000 0.000000 0.000000"
			           scale="1.000000 1.000000 1.000000"
			           rotation="0.000000 1.000000 0.000000 0.000000"
			           >
				<Group DEF="group_ME_Sphere">
					<Shape>
						<Appearance>
							<Material DEF="MA_Material_002"
							          diffuseColor="0 0 0"
							          specularColor="0.401 0.401 0.401"
							          emissiveColor="0.000 0.000 0.000"
							          ambientIntensity="0.000"
							          shininess="0.500"
							          transparency="0.0"
							          />
						</Appearance>
						<IndexedFaceSet solid="false"
						                texCoordIndex="0 1 2 3 -1 4 5 6 7 -1 8 9 10 -1 11 12 13 -1 14 15 16 17 -1 18 19 20 21 -1 22 23 24 25 -1 26 27 28 29 -1 30 31 32 33 -1 34 35 36 37 -1 38 39 40 41 -1 42 43 44 45 -1 46 47 48 49 -1 50 51 52 53 -1 54 55 56 57 -1 58 59 60 61 -1 62 63 64 65 -1 66 67 68 69 -1 70 71 72 73 -1 74 75 76 77 -1 78 79 80 -1 81 82 83 -1 84 85 86 87 -1 88 89 90 91 -1 92 93 94 95 -1 96 97 98 99 -1 100 101 102 103 -1 104 105 106 107 -1 108 109 110 111 -1 112 113 114 115 -1 116 117 118 119 -1 120 121 122 123 -1 124 125 126 127 -1 128 129 130 131 -1 132 133 134 135 -1 136 137 138 139 -1 140 141 142 143 -1 144 145 146 147 -1 148 149 150 151 -1 152 153 154 155 -1 156 157 158 159 -1 160 161 162 163 -1 164 165 166 167 -1 168 169 170 -1 171 172 173 -1 174 175 176 177 -1 178 179 180 181 -1 182 183 184 185 -1 186 187 188 189 -1 190 191 192 193 -1 194 195 196 197 -1 198 199 200 -1 201 202 203 -1 204 205 206 207 -1 208 209 210 211 -1 212 213 214 215 -1 216 217 218 219 -1 220 221 222 223 -1 224 225 226 227 -1 228 229 230 231 -1 232 233 234 235 -1 236 237 238 239 -1 240 241 242 243 -1 244 245 246 247 -1 248 249 250 251 -1 252 253 254 255 -1 256 257 258 259 -1 260 261 262 263 -1 264 265 266 267 -1 268 269 270 271 -1 272 273 274 275 -1 276 277 278 279 -1 280 281 282 283 -1 284 285 286 287 -1 288 289 290 -1 291 292 293 -1 294 295 296 297 -1 298 299 300 301 -1 302 303 304 305 -1 306 307 308 309 -1 310 311 312 313 -1 314 315 316 317 -1 318 319 320 -1 321 322 323 -1 324 325 326 327 -1 328 329 330 331 -1 332 333 334 335 -1 336 337 338 339 -1 340 341 342 343 -1 344 345 346 347 -1 348 349 350 351 -1 352 353 354 355 -1 356 357 358 359 -1 360 361 362 363 -1 364 365 366 367 -1 368 369 370 371 -1 372 373 374 375 -1 376 377 378 379 -1 380 381 382 383 -1 384 385 386 387 -1 388 389 390 391 -1 392 393 394 395 -1 396 397 398 399 -1 400 401 402 403 -1 404 405 406 -1 407 408 409 -1 410 411 412 413 -1 414 415 416 417 -1 418 419 420 421 -1 422 423 424 425 -1 426 427 428 429 -1 430 431 432 433 -1 434 435 436 -1 437 438 439 -1 440 441 442 443 -1 444 445 446 447 -1 448 449 450 451 -1 452 453 454 455 -1 456 457 458 459 -1 460 461 462 463 -1 464 465 466 467 -1 468 469 470 471 -1 472 473 474 475 -1 476 477 478 479 -1 480 481 482 483 -1 484 485 486 487 -1 488 489 490 491 -1 492 493 494 495 -1 496 497 498 499 -1 500 501 502 503 -1 504 505 506 507 -1 508 509 510 511 -1 512 513 514 515 -1 516 517 518 519 -1 520 521 522 523 -1 524 525 526 -1 527 528 529 -1 530 531 532 533 -1 534 535 536 537 -1 538 539 540 541 -1 542 543 544 545 -1 546 547 548 549 -1 550 551 552 553 -1 554 555 556 557 -1 558 559 560 561 -1 562 563 564 565 -1 566 567 568 569 -1 570 571 572 573 -1 574 575 576 577 -1 578 579 580 581 -1 582 583 584 585 -1 586 587 588 589 -1 590 591 592 593 -1 594 595 596 597 -1 598 599 600 601 -1 602 603 604 605 -1 606 607 608 609 -1 610 611 612 613 -1 614 615 616 -1 617 618 619 -1 620 621 622 623 -1 624 625 626 627 -1 628 629 630 631 -1 632 633 634 635 -1 636 637 638 639 -1 640 641 642 643 -1 644 645 646 -1 647 648 649 -1 650 651 652 653 -1 654 655 656 657 -1 658 659 660 661 -1 662 663 664 665 -1 666 667 668 669 -1 670 671 672 673 -1 674 675 676 677 -1 678 679 680 681 -1 682 683 684 685 -1 686 687 688 689 -1 690 691 692 693 -1 694 695 696 697 -1 698 699 700 701 -1 702 703 704 705 -1 706 707 708 709 -1 710 711 712 713 -1 714 715 716 717 -1 718 719 720 721 -1 722 723 724 725 -1 726 727 728 729 -1 730 731 732 733 -1 734 735 736 -1 737 738 739 -1 740 741 742 743 -1 744 745 746 747 -1 748 749 750 751 -1 752 753 754 755 -1 756 757 758 759 -1 760 761 762 763 -1 764 765 766 -1 767 768 769 -1 770 771 772 773 -1 774 775 776 777 -1 778 779 780 781 -1 782 783 784 785 -1 786 787 788 789 -1 790 791 792 793 -1 794 795 796 797 -1 798 799 800 801 -1 802 803 804 805 -1 806 807 808 809 -1 810 811 812 813 -1 814 815 816 817 -1 818 819 820 821 -1 822 823 824 825 -1 826 827 828 829 -1 830 831 832 833 -1 834 835 836 837 -1 838 839 840 841 -1 842 843 844 845 -1 846 847 848 849 -1 850 851 852 853 -1 854 855 856 -1 857 858 859 -1 860 861 862 863 -1 864 865 866 867 -1 868 869 870 871 -1 872 873 874 875 -1 876 877 878 879 -1 880 881 882 883 -1 884 885 886 -1 887 888 889 -1 890 891 892 893 -1 894 895 896 897 -1 898 899 900 901 -1 902 903 904 905 -1 906 907 908 909 -1 910 911 912 913 -1 914 915 916 917 -1 918 919 920 921 -1 922 923 924 925 -1 926 927 928 929 -1 930 931 932 933 -1 934 935 936 937 -1 938 939 940 941 -1 942 943 944 945 -1 946 947 948 949 -1 950 951 952 953 -1 954 955 956 957 -1 958 959 960 961 -1 962 963 964 965 -1 966 967 968 969 -1 970 971 972 -1 973 974 975 -1 976 977 978 979 -1 980 981 982 983 -1 984 985 986 987 -1 988 989 990 991 -1 992 993 994 995 -1 996 997 998 999 -1 1000 1001 1002 -1 1003 1004 1005 -1 1006 1007 1008 1009 -1 1010 1011 1012 1013 -1 1014 1015 1016 1017 -1 1018 1019 1020 1021 -1 1022 1023 1024 1025 -1 1026 1027 1028 1029 -1 1030 1031 1032 1033 -1 1034 1035 1036 1037 -1 1038 1039 1040 1041 -1 1042 1043 1044 1045 -1 1046 1047 1048 1049 -1 1050 1051 1052 1053 -1 1054 1055 1056 1057 -1 1058 1059 1060 1061 -1 1062 1063 1064 1065 -1 1066 1067 1068 1069 -1 1070 1071 1072 1073 -1 1074 1075 1076 1077 -1 1078 1079 1080 1081 -1 1082 1083 1084 1085 -1 1086 1087 1088 1089 -1 1090 1091 1092 -1 1093 1094 1095 -1 1096 1097 1098 1099 -1 1100 1101 1102 1103 -1 1104 1105 1106 1107 -1 1108 1109 1110 1111 -1 1112 1113 1114 1115 -1 1116 1117 1118 1119 -1 1120 1121 1122 -1 1123 1124 1125 -1 1126 1127 1128 1129 -1 1130 1131 1132 1133 -1 1134 1135 1136 1137 -1 1138 1139 1140 1141 -1 1142 1143 1144 1145 -1 1146 1147 1148 1149 -1 1150 1151 1152 1153 -1 1154 1155 1156 1157 -1 1158 1159 1160 1161 -1 1162 1163 1164 1165 -1 1166 1167 1168 1169 -1 1170 1171 1172 1173 -1 1174 1175 1176 1177 -1 1178 1179 1180 1181 -1 1182 1183 1184 1185 -1 1186 1187 1188 1189 -1 1190 1191 1192 1193 -1 1194 1195 1196 1197 -1 1198 1199 1200 1201 -1 1202 1203 1204 1205 -1 1206 1207 1208 1209 -1 1210 1211 1212 -1 1213 1214 1215 -1 1216 1217 1218 1219 -1 1220 1221 1222 1223 -1 1224 1225 1226 1227 -1 1228 1229 1230 1231 -1 1232 1233 1234 1235 -1 1236 1237 1238 1239 -1 1240 1241 1242 -1 1243 1244 1245 -1 1246 1247 1248 1249 -1 1250 1251 1252 1253 -1 1254 1255 1256 1257 -1 1258 1259 1260 1261 -1 1262 1263 1264 1265 -1 1266 1267 1268 1269 -1 1270 1271 1272 1273 -1 1274 1275 1276 1277 -1 1278 1279 1280 1281 -1 1282 1283 1284 1285 -1 1286 1287 1288 1289 -1 1290 1291 1292 1293 -1 1294 1295 1296 1297 -1 1298 1299 1300 1301 -1 1302 1303 1304 1305 -1 1306 1307 1308 1309 -1 1310 1311 1312 1313 -1 1314 1315 1316 1317 -1 1318 1319 1320 1321 -1 1322 1323 1324 1325 -1 1326 1327 1328 1329 -1 1330 1331 1332 -1 1333 1334 1335 -1 1336 1337 1338 1339 -1 1340 1341 1342 1343 -1 1344 1345 1346 1347 -1 1348 1349 1350 1351 -1 1352 1353 1354 1355 -1 1356 1357 1358 1359 -1 1360 1361 1362 1363 -1 1364 1365 1366 1367 -1 1368 1369 1370 1371 -1 1372 1373 1374 1375 -1 1376 1377 1378 1379 -1 1380 1381 1382 1383 -1 1384 1385 1386 1387 -1 1388 1389 1390 1391 -1 1392 1393 1394 1395 -1 1396 1397 1398 1399 -1 1400 1401 1402 1403 -1 1404 1405 1406 1407 -1 1408 1409 1410 1411 -1 1412 1413 1414 1415 -1 1416 1417 1418 1419 -1 1420 1421 1422 -1 1423 1424 1425 -1 1426 1427 1428 1429 -1 1430 1431 1432 1433 -1 1434 1435 1436 1437 -1 1438 1439 1440 1441 -1 1442 1443 1444 1445 -1 1446 1447 1448 1449 -1 1450 1451 1452 -1 1453 1454 1455 -1 1456 1457 1458 1459 -1 1460 1461 1462 1463 -1 1464 1465 1466 1467 -1 1468 1469 1470 1471 -1 1472 1473 1474 1475 -1 1476 1477 1478 1479 -1 1480 1481 1482 1483 -1 1484 1485 1486 1487 -1 1488 1489 1490 1491 -1 1492 1493 1494 1495 -1 1496 1497 1498 1499 -1 1500 1501 1502 1503 -1 1504 1505 1506 1507 -1 1508 1509 1510 1511 -1 1512 1513 1514 1515 -1 1516 1517 1518 1519 -1 1520 1521 1522 1523 -1 1524 1525 1526 1527 -1 1528 1529 1530 1531 -1 1532 1533 1534 1535 -1 1536 1537 1538 -1 1539 1540 1541 -1 1542 1543 1544 1545 -1 1546 1547 1548 1549 -1 1550 1551 1552 1553 -1 1554 1555 1556 1557 -1 1558 1559 1560 1561 -1 1562 1563 1564 1565 -1 1566 1567 1568 -1 1569 1570 1571 -1 1572 1573 1574 1575 -1 1576 1577 1578 1579 -1 1580 1581 1582 1583 -1 1584 1585 1586 1587 -1 1588 1589 1590 1591 -1 1592 1593 1594 1595 -1 1596 1597 1598 1599 -1 1600 1601 1602 1603 -1 1604 1605 1606 1607 -1 1608 1609 1610 1611 -1 1612 1613 1614 1615 -1 1616 1617 1618 1619 -1 1620 1621 1622 1623 -1 1624 1625 1626 1627 -1 1628 1629 1630 1631 -1 1632 1633 1634 1635 -1 1636 1637 1638 1639 -1 1640 1641 1642 1643 -1 1644 1645 1646 1647 -1 1648 1649 1650 1651 -1 1652 1653 1654 1655 -1 1656 1657 1658 -1 1659 1660 1661 -1 1662 1663 1664 1665 -1 1666 1667 1668 1669 -1 1670 1671 1672 1673 -1 1674 1675 1676 1677 -1 1678 1679 1680 1681 -1 1682 1683 1684 1685 -1 1686 1687 1688 -1 1689 1690 1691 -1 1692 1693 1694 1695 -1 1696 1697 1698 1699 -1 1700 1701 1702 1703 -1 1704 1705 1706 1707 -1 1708 1709 1710 1711 -1 1712 1713 1714 1715 -1 1716 1717 1718 1719 -1 1720 1721 1722 1723 -1 1724 1725 1726 1727 -1 1728 1729 1730 1731 -1 1732 1733 1734 1735 -1 1736 1737 1738 1739 -1 1740 1741 1742 1743 -1 1744 1745 1746 1747 -1 1748 1749 1750 1751 -1 1752 1753 1754 1755 -1 1756 1757 1758 1759 -1 1760 1761 1762 1763 -1 1764 1765 1766 1767 -1 1768 1769 1770 1771 -1 1772 1773 1774 1775 -1 1776 1777 1778 -1 1779 1780 1781 -1 1782 1783 1784 1785 -1 1786 1787 1788 1789 -1 1790 1791 1792 1793 -1 1794 1795 1796 1797 -1 1798 1799 1800 1801 -1 1802 1803 1804 1805 -1 1806 1807 1808 -1 1809 1810 1811 -1 1812 1813 1814 1815 -1 1816 1817 1818 1819 -1 1820 1821 1822 1823 -1 1824 1825 1826 1827 -1 1828 1829 1830 1831 -1 1832 1833 1834 1835 -1 1836 1837 1838 1839 -1 1840 1841 1842 1843 -1 1844 1845 1846 1847 -1 1848 1849 1850 1851 -1 1852 1853 1854 1855 -1 1856 1857 1858 1859 -1 1860 1861 1862 1863 -1 1864 1865 1866 1867 -1 1868 1869 1870 1871 -1 1872 1873 1874 1875 -1 1876 1877 1878 1879 -1 1880 1881 1882 1883 -1 1884 1885 1886 1887 -1 1888 1889 1890 1891 -1 1892 1893 1894 1895 -1 1896 1897 1898 -1 1899 1900 1901 -1 1902 1903 1904 1905 -1 1906 1907 1908 1909 -1 1910 1911 1912 1913 -1 1914 1915 1916 1917 -1 1918 1919 1920 1921 -1 1922 1923 1924 1925 -1 1926 1927 1928 -1 1929 1930 1931 -1 1932 1933 1934 1935 -1 1936 1937 1938 1939 -1 1940 1941 1942 1943 -1 1944 1945 1946 1947 -1 1948 1949 1950 1951 -1 1952 1953 1954 1955 -1 1956 1957 1958 1959 -1 1960 1961 1962 1963 -1 1964 1965 1966 1967 -1 1968 1969 1970 1971 -1 1972 1973 1974 1975 -1 1976 1977 1978 1979 -1 1980 1981 1982 1983 -1 1984 1985 1986 1987 -1 1988 1989 1990 1991 -1 1992 1993 1994 1995 -1 1996 1997 1998 1999 -1 2000 2001 2002 2003 -1 2004 2005 2006 2007 -1 2008 2009 2010 2011 -1 2012 2013 2014 2015 -1 2016 2017 2018 2019 -1 2020 2021 2022 2023 -1 2024 2025 2026 2027 -1 2028 2029 2030 2031 -1 2032 2033 2034 2035 -1 2036 2037 2038 2039 -1 2040 2041 2042 2043 -1 2044 2045 2046 2047 -1 2048 2049 2050 2051 -1 2052 2053 2054 2055 -1 2056 2057 2058 2059 -1 2060 2061 2062 2063 -1 2064 2065 2066 2067 -1 2068 2069 2070 2071 -1 2072 2073 2074 2075 -1 2076 2077 2078 2079 -1 2080 2081 2082 2083 -1 2084 2085 2086 2087 -1 2088 2089 2090 2091 -1 2092 2093 2094 2095 -1 2096 2097 2098 2099 -1 2100 2101 2102 2103 -1 2104 2105 2106 2107 -1 2108 2109 2110 2111 -1 2112 2113 2114 2115 -1 2116 2117 2118 2119 -1 2120 2121 2122 2123 -1 2124 2125 2126 2127 -1 2128 2129 2130 2131 -1 2132 2133 2134 2135 -1 2136 2137 2138 2139 -1 2140 2141 2142 2143 -1 2144 2145 2146 2147 -1 2148 2149 2150 2151 -1 2152 2153 2154 -1 2155 2156 2157 -1 2158 2159 2160 2161 -1 2162 2163 2164 2165 -1 2166 2167 2168 2169 -1 2170 2171 2172 2173 -1 2174 2175 2176 2177 -1 2178 2179 2180 2181 -1 2182 2183 2184 2185 -1 2186 2187 2188 2189 -1 2190 2191 2192 2193 -1 2194 2195 2196 2197 -1 2198 2199 2200 2201 -1 2202 2203 2204 2205 -1 2206 2207 2208 2209 -1 2210 2211 2212 2213 -1 2214 2215 2216 2217 -1 2218 2219 2220 2221 -1 2222 2223 2224 -1 2225 2226 2227 -1 2228 2229 2230 2231 -1 2232 2233 2234 2235 -1 2236 2237 2238 2239 -1 2240 2241 2242 2243 -1 2244 2245 2246 2247 -1 2248 2249 2250 2251 -1 2252 2253 2254 -1 2255 2256 2257 -1 2258 2259 2260 2261 -1 2262 2263 2264 2265 -1 2266 2267 2268 2269 -1 2270 2271 2272 2273 -1 2274 2275 2276 2277 -1 2278 2279 2280 2281 -1 2282 2283 2284 2285 -1 2286 2287 2288 2289 -1 2290 2291 2292 2293 -1 2294 2295 2296 2297 -1 2298 2299 2300 2301 -1 2302 2303 2304 2305 -1 2306 2307 2308 2309 -1 2310 2311 2312 2313 -1 2314 2315 2316 2317 -1 2318 2319 2320 2321 -1 2322 2323 2324 2325 -1 2326 2327 2328 2329 -1 2330 2331 2332 2333 -1 2334 2335 2336 2337 -1 2338 2339 2340 2341 -1 2342 2343 2344 -1 2345 2346 2347 -1 2348 2349 2350 2351 -1 2352 2353 2354 2355 -1 2356 2357 2358 2359 -1 2360 2361 2362 2363 -1 2364 2365 2366 2367 -1 2368 2369 2370 2371 -1 2372 2373 2374 2375 -1 2376 2377 2378 2379 -1 2380 2381 2382 2383 -1 2384 2385 2386 2387 -1 2388 2389 2390 2391 -1 2392 2393 2394 2395 -1 2396 2397 2398 2399 -1 2400 2401 2402 2403 -1 2404 2405 2406 2407 -1 2408 2409 2410 2411 -1 2412 2413 2414 2415 -1 2416 2417 2418 2419 -1 2420 2421 2422 2423 -1 2424 2425 2426 2427 -1 2428 2429 2430 2431 -1 2432 2433 2434 -1 2435 2436 2437 -1 2438 2439 2440 2441 -1 2442 2443 2444 2445 -1 2446 2447 2448 2449 -1 2450 2451 2452 2453 -1 2454 2455 2456 2457 -1 2458 2459 2460 2461 -1 2462 2463 2464 -1 2465 2466 2467 -1 2468 2469 2470 2471 -1 2472 2473 2474 2475 -1 2476 2477 2478 2479 -1 2480 2481 2482 2483 -1 2484 2485 2486 2487 -1 2488 2489 2490 2491 -1 2492 2493 2494 2495 -1 2496 2497 2498 2499 -1 2500 2501 2502 2503 -1 2504 2505 2506 2507 -1 2508 2509 2510 2511 -1 2512 2513 2514 2515 -1 2516 2517 2518 2519 -1 2520 2521 2522 2523 -1 2524 2525 2526 2527 -1 2528 2529 2530 2531 -1 2532 2533 2534 2535 -1 2536 2537 2538 2539 -1 2540 2541 2542 2543 -1 2544 2545 2546 2547 -1 2548 2549 2550 -1 2551 2552 2553 -1 2554 2555 2556 2557 -1 2558 2559 2560 2561 -1 2562 2563 2564 2565 -1 2566 2567 2568 2569 -1 2570 2571 2572 2573 -1 2574 2575 2576 2577 -1 2578 2579 2580 -1 2581 2582 2583 -1 2584 2585 2586 2587 -1 2588 2589 2590 2591 -1 2592 2593 2594 2595 -1 2596 2597 2598 2599 -1 2600 2601 2602 2603 -1 2604 2605 2606 2607 -1 2608 2609 2610 2611 -1 2612 2613 2614 2615 -1 2616 2617 2618 2619 -1 2620 2621 2622 2623 -1 2624 2625 2626 2627 -1 2628 2629 2630 2631 -1 2632 2633 2634 2635 -1 2636 2637 2638 2639 -1 2640 2641 2642 2643 -1 2644 2645 2646 2647 -1 2648 2649 2650 2651 -1 2652 2653 2654 2655 -1 2656 2657 2658 2659 -1 2660 2661 2662 2663 -1 2664 2665 2666 2667 -1 2668 2669 2670 -1 2671 2672 2673 -1 2674 2675 2676 2677 -1 2678 2679 2680 2681 -1 2682 2683 2684 2685 -1 2686 2687 2688 2689 -1 2690 2691 2692 2693 -1 2694 2695 2696 2697 -1 2698 2699 2700 -1 2701 2702 2703 -1 2704 2705 2706 2707 -1 2708 2709 2710 2711 -1 2712 2713 2714 2715 -1 2716 2717 2718 2719 -1 2720 2721 2722 2723 -1 2724 2725 2726 2727 -1 2728 2729 2730 2731 -1 2732 2733 2734 2735 -1 2736 2737 2738 2739 -1 2740 2741 2742 2743 -1 2744 2745 2746 2747 -1 2748 2749 2750 2751 -1 2752 2753 2754 2755 -1 2756 2757 2758 2759 -1 2760 2761 2762 2763 -1 2764 2765 2766 2767 -1 2768 2769 2770 2771 -1 2772 2773 2774 2775 -1 2776 2777 2778 2779 -1 2780 2781 2782 2783 -1 2784 2785 2786 2787 -1 2788 2789 2790 -1 2791 2792 2793 -1 2794 2795 2796 2797 -1 2798 2799 2800 2801 -1 2802 2803 2804 2805 -1 2806 2807 2808 2809 -1 2810 2811 2812 2813 -1 2814 2815 2816 2817 -1 2818 2819 2820 -1 2821 2822 2823 -1 2824 2825 2826 2827 -1 2828 2829 2830 2831 -1 2832 2833 2834 2835 -1 2836 2837 2838 2839 -1 2840 2841 2842 2843 -1 2844 2845 2846 2847 -1 2848 2849 2850 2851 -1 2852 2853 2854 2855 -1 2856 2857 2858 2859 -1 2860 2861 2862 2863 -1 2864 2865 2866 2867 -1 2868 2869 2870 2871 -1 2872 2873 2874 2875 -1 2876 2877 2878 2879 -1 2880 2881 2882 2883 -1 2884 2885 2886 2887 -1 2888 2889 2890 2891 -1 2892 2893 2894 2895 -1 2896 2897 2898 2899 -1 2900 2901 2902 2903 -1 2904 2905 2906 2907 -1 2908 2909 2910 -1 2911 2912 2913 -1 2914 2915 2916 2917 -1 2918 2919 2920 2921 -1 2922 2923 2924 2925 -1 2926 2927 2928 2929 -1 2930 2931 2932 2933 -1 2934 2935 2936 2937 -1 2938 2939 2940 -1 2941 2942 2943 -1 2944 2945 2946 2947 -1 2948 2949 2950 2951 -1 2952 2953 2954 2955 -1 2956 2957 2958 2959 -1 2960 2961 2962 2963 -1 2964 2965 2966 2967 -1 2968 2969 2970 2971 -1 2972 2973 2974 2975 -1 2976 2977 2978 2979 -1 2980 2981 2982 2983 -1 2984 2985 2986 2987 -1 2988 2989 2990 2991 -1 2992 2993 2994 2995 -1 2996 2997 2998 2999 -1 3000 3001 3002 3003 -1 3004 3005 3006 3007 -1 3008 3009 3010 3011 -1 3012 3013 3014 3015 -1 3016 3017 3018 3019 -1 3020 3021 3022 3023 -1 3024 3025 3026 3027 -1 3028 3029 3030 -1 3031 3032 3033 -1 3034 3035 3036 3037 -1 3038 3039 3040 3041 -1 3042 3043 3044 3045 -1 3046 3047 3048 3049 -1 3050 3051 3052 3053 -1 3054 3055 3056 3057 -1 3058 3059 3060 -1 3061 3062 3063 3064 -1 3065 3066 3067 3068 -1 3069 3070 3071 3072 -1 3073 3074 3075 3076 -1 3077 3078 3079 3080 -1 3081 3082 3083 3084 -1 3085 3086 3087 3088 -1 3089 3090 3091 3092 -1 3093 3094 3095 3096 -1 3097 3098 3099 3100 -1 3101 3102 3103 3104 -1 3105 3106 3107 3108 -1 3109 3110 3111 3112 -1 3113 3114 3115 3116 -1 3117 3118 3119 -1 3120 3121 3122 3123 -1 3124 3125 3126 3127 -1 3128 3129 3130 3131 -1 3132 3133 3134 3135 -1 3136 3137 3138 3139 -1 3140 3141 3142 3143 -1 3144 3145 3146 -1 3147 3148 3149 -1 3150 3151 3152 3153 -1 3154 3155 3156 3157 -1 3158 3159 3160 3161 -1 3162 3163 3164 3165 -1 3166 3167 3168 3169 -1 3170 3171 3172 3173 -1 3174 3175 3176 3177 -1 3178 3179 3180 3181 -1 3182 3183 3184 3185 -1 3186 3187 3188 3189 -1 3190 3191 3192 3193 -1 3194 3195 3196 3197 -1 3198 3199 3200 3201 -1 3202 3203 3204 3205 -1 3206 3207 3208 3209 -1 3210 3211 3212 3213 -1 3214 3215 3216 3217 -1 3218 3219 3220 3221 -1 3222 3223 3224 3225 -1 3226 3227 3228 3229 -1 3230 3231 3232 3233 -1 3234 3235 3236 -1 3237 3238 3239 -1 3240 3241 3242 3243 -1 3244 3245 3246 3247 -1 3248 3249 3250 3251 -1 3252 3253 3254 3255 -1 3256 3257 3258 3259 -1 3260 3261 3262 3263 -1 3264 3265 3266 -1 3267 3268 3269 -1 3270 3271 3272 3273 -1 3274 3275 3276 3277 -1 3278 3279 3280 3281 -1 3282 3283 3284 3285 -1 3286 3287 3288 3289 -1 3290 3291 3292 3293 -1 3294 3295 3296 3297 -1 3298 3299 3300 3301 -1 3302 3303 3304 3305 -1 3306 3307 3308 3309 -1 3310 3311 3312 3313 -1 3314 3315 3316 3317 -1 3318 3319 3320 3321 -1 3322 3323 3324 3325 -1 3326 3327 3328 3329 -1 3330 3331 3332 3333 -1 3334 3335 3336 3337 -1 3338 3339 3340 3341 -1 3342 3343 3344 3345 -1 3346 3347 3348 3349 -1 3350 3351 3352 3353 -1 3354 3355 3356 -1 3357 3358 3359 -1 3360 3361 3362 3363 -1 3364 3365 3366 3367 -1 3368 3369 3370 3371 -1 3372 3373 3374 3375 -1 3376 3377 3378 3379 -1 3380 3381 3382 3383 -1 3384 3385 3386 -1 3387 3388 3389 -1 3390 3391 3392 3393 -1 3394 3395 3396 3397 -1 3398 3399 3400 3401 -1 3402 3403 3404 3405 -1 3406 3407 3408 3409 -1 3410 3411 3412 3413 -1 3414 3415 3416 3417 -1 3418 3419 3420 3421 -1 3422 3423 3424 3425 -1 3426 3427 3428 3429 -1 3430 3431 3432 3433 -1 3434 3435 3436 3437 -1 3438 3439 3440 3441 -1 3442 3443 3444 3445 -1 3446 3447 3448 3449 -1 3450 3451 3452 3453 -1 3454 3455 3456 3457 -1 3458 3459 3460 3461 -1 3462 3463 3464 3465 -1 3466 3467 3468 3469 -1 3470 3471 3472 3473 -1 3474 3475 3476 -1 3477 3478 3479 -1 3480 3481 3482 3483 -1 3484 3485 3486 3487 -1 3488 3489 3490 3491 -1 3492 3493 3494 3495 -1 3496 3497 3498 3499 -1 3500 3501 3502 3503 -1 3504 3505 3506 -1 3507 3508 3509 -1 3510 3511 3512 3513 -1 3514 3515 3516 3517 -1 3518 3519 3520 3521 -1 3522 3523 3524 3525 -1 3526 3527 3528 3529 -1 3530 3531 3532 3533 -1 3534 3535 3536 3537 -1 3538 3539 3540 3541 -1 3542 3543 3544 3545 -1 3546 3547 3548 3549 -1 3550 3551 3552 3553 -1 3554 3555 3556 3557 -1 3558 3559 3560 3561 -1 3562 3563 3564 3565 -1 3566 3567 3568 3569 -1 3570 3571 3572 3573 -1 3574 3575 3576 3577 -1 3578 3579 3580 3581 -1 3582 3583 3584 3585 -1 3586 3587 3588 3589 -1 3590 3591 3592 3593 -1 3594 3595 3596 -1 3597 3598 3599 -1 3600 3601 3602 3603 -1 3604 3605 3606 3607 -1 3608 3609 3610 3611 -1 3612 3613 3614 3615 -1 3616 3617 3618 3619 -1 3620 3621 3622 3623 -1 3624 3625 3626 -1 3627 3628 3629 -1 3630 3631 3632 3633 -1 3634 3635 3636 3637 -1 3638 3639 3640 3641 -1 3642 3643 3644 3645 -1 3646 3647 3648 3649 -1 3650 3651 3652 3653 -1 3654 3655 3656 3657 -1 3658 3659 3660 3661 -1 3662 3663 3664 3665 -1 3666 3667 3668 3669 -1 3670 3671 3672 3673 -1 3674 3675 3676 3677 -1 3678 3679 3680 3681 -1 3682 3683 3684 3685 -1 3686 3687 3688 3689 -1 3690 3691 3692 3693 -1 3694 3695 3696 3697 -1 3698 3699 3700 3701 -1 3702 3703 3704 3705 -1 3706 3707 3708 3709 -1 3710 3711 3712 -1 3713 3714 3715 -1 3716 3717 3718 3719 -1 3720 3721 3722 3723 -1 3724 3725 3726 3727 -1 3728 3729 3730 3731 -1 3732 3733 3734 3735 -1 3736 3737 3738 3739 -1 3740 3741 3742 -1 3743 3744 3745 -1 3746 3747 3748 3749 -1 3750 3751 3752 3753 -1 3754 3755 3756 3757 -1 3758 3759 3760 3761 -1 3762 3763 3764 3765 -1 3766 3767 3768 3769 -1 3770 3771 3772 3773 -1 3774 3775 3776 3777 -1 3778 3779 3780 3781 -1 3782 3783 3784 3785 -1 3786 3787 3788 3789 -1 3790 3791 3792 3793 -1 3794 3795 3796 3797 -1 3798 3799 3800 3801 -1 3802 3803 3804 3805 -1 3806 3807 3808 3809 -1 3810 3811 3812 3813 -1 3814 3815 3816 3817 -1 3818 3819 3820 3821 -1 3822 3823 3824 3825 -1 3826 3827 3828 3829 -1 3830 3831 3832 -1 3833 3834 3835 -1 3836 3837 3838 3839 -1 3840 3841 3842 3843 -1 3844 3845 3846 3847 -1 3848 3849 3850 3851 -1 3852 3853 3854 3855 -1 3856 3857 3858 3859 -1 3860 3861 3862 3863 -1 3864 3865 3866 3867 -1 3868 3869 3870 3871 -1 3872 3873 3874 3875 -1 3876 3877 3878 3879 -1 3880 3881 3882 3883 -1 3884 3885 3886 3887 -1 3888 3889 3890 3891 -1 3892 3893 3894 3895 -1 3896 3897 3898 3899 -1 3900 3901 3902 3903 -1 3904 3905 3906 3907 -1 3908 3909 3910 3911 -1 3912 3913 3914 3915 -1 3916 3917 3918 3919 -1 3920 3921 3922 -1 3923 3924 3925 -1 3926 3927 3928 3929 -1 3930 3931 3932 3933 -1 3934 3935 3936 3937 -1 3938 3939 3940 3941 -1 3942 3943 3944 3945 -1 3946 3947 3948 3949 -1 3950 3951 3952 -1 3953 3954 3955 -1 3956 3957 3958 3959 -1 3960 3961 3962 3963 -1 3964 3965 3966 3967 -1 3968 3969 3970 3971 -1 3972 3973 3974 3975 -1 3976 3977 3978 3979 -1 3980 3981 3982 3983 -1 3984 3985 3986 3987 -1 3988 3989 3990 3991 -1 3992 3993 3994 3995 -1 3996 3997 3998 3999 -1 4000 4001 4002 4003 -1 4004 4005 4006 4007 -1 4008 4009 4010 4011 -1 4012 4013 4014 4015 -1 4016 4017 4018 4019 -1 4020 4021 4022 4023 -1 4024 4025 4026 4027 -1 4028 4029 4030 4031 -1 4032 4033 4034 4035 -1 4036 4037 4038 4039 -1 4040 4041 4042 -1 4043 4044 4045 -1 4046 4047 4048 4049 -1 4050 4051 4052 4053 -1 4054 4055 4056 4057 -1 4058 4059 4060 4061 -1 4062 4063 4064 4065 -1 4066 4067 4068 4069 -1 4070 4071 4072 -1 4073 4074 4075 -1 4076 4077 4078 4079 -1 4080 4081 4082 4083 -1 4084 4085 4086 4087 -1 4088 4089 4090 4091 -1 4092 4093 4094 4095 -1 4096 4097 4098 4099 -1 4100 4101 4102 4103 -1 4104 4105 4106 4107 -1 4108 4109 4110 4111 -1 4112 4113 4114 4115 -1 4116 4117 4118 4119 -1 4120 4121 4122 4123 -1 4124 4125 4126 4127 -1 4128 4129 4130 4131 -1 4132 4133 4134 4135 -1 4136 4137 4138 4139 -1 4140 4141 4142 4143 -1 4144 4145 4146 4147 -1 4148 4149 4150 4151 -1 4152 4153 4154 4155 -1 4156 4157 4158 4159 -1 4160 4161 4162 4163 -1 4164 4165 4166 4167 -1 4168 4169 4170 4171 -1 4172 4173 4174 4175 -1 4176 4177 4178 4179 -1 4180 4181 4182 4183 -1 4184 4185 4186 4187 -1 4188 4189 4190 4191 -1 4192 4193 4194 4195 -1 4196 4197 4198 4199 -1 4200 4201 4202 4203 -1 4204 4205 4206 4207 -1 4208 4209 4210 4211 -1 4212 4213 4214 4215 -1 4216 4217 4218 4219 -1 4220 4221 4222 4223 -1 4224 4225 4226 4227 -1 4228 4229 4230 4231 -1 4232 4233 4234 4235 4236 4237 4238 4239 4240 4241 4242 4243 4244 4245 4246 4247 4248 4249 4250 4251 4252 4253 4254 4255 4256 4257 4258 4259 4260 4261 4262 4263 -1 4264 4265 4266 4267 -1 4268 4269 4270 4271 -1 4272 4273 4274 4275 4276 4277 4278 4279 4280 4281 4282 4283 4284 4285 4286 4287 4288 4289 4290 4291 4292 4293 4294 4295 4296 4297 4298 4299 4300 4301 4302 4303 -1 4304 4305 4306 4307 -1 4308 4309 4310 4311 -1 4312 4313 4314 4315 -1 4316 4317 4318 4319 -1 4320 4321 4322 4323 -1 4324 4325 4326 4327 -1 4328 4329 4330 4331 -1 4332 4333 4334 4335 -1 4336 4337 4338 4339 -1 4340 4341 4342 4343 -1 4344 4345 4346 4347 -1 4348 4349 4350 4351 -1 "
						                coordIndex="481 480 19 20 -1 3 2 12 13 -1 473 81 6 -1 307 481 20 -1 4 3 13 14 -1 474 473 6 7 -1 477 4 14 15 -1 0 474 7 8 -1 5 477 15 16 -1 475 0 8 9 -1 478 5 16 17 -1 1 475 9 10 -1 479 478 17 18 -1 476 1 10 11 -1 480 479 18 19 -1 2 476 11 12 -1 19 18 33 34 -1 12 11 26 27 -1 20 19 34 35 -1 13 12 27 28 -1 6 81 21 -1 307 20 35 -1 14 13 28 29 -1 7 6 21 22 -1 15 14 29 30 -1 8 7 22 23 -1 16 15 30 31 -1 9 8 23 24 -1 17 16 31 32 -1 10 9 24 25 -1 18 17 32 33 -1 11 10 25 26 -1 23 22 37 38 -1 31 30 45 46 -1 24 23 38 39 -1 32 31 46 47 -1 25 24 39 40 -1 33 32 47 48 -1 26 25 40 41 -1 34 33 48 49 -1 27 26 41 42 -1 35 34 49 50 -1 28 27 42 43 -1 21 81 36 -1 307 35 50 -1 29 28 43 44 -1 22 21 36 37 -1 30 29 44 45 -1 42 41 56 57 -1 50 49 64 65 -1 43 42 57 58 -1 36 81 51 -1 307 50 65 -1 44 43 58 59 -1 37 36 51 52 -1 45 44 59 60 -1 38 37 52 53 -1 46 45 60 61 -1 39 38 53 54 -1 47 46 61 62 -1 40 39 54 55 -1 48 47 62 63 -1 41 40 55 56 -1 49 48 63 64 -1 61 60 75 76 -1 54 53 68 69 -1 62 61 76 77 -1 55 54 69 70 -1 63 62 77 78 -1 56 55 70 71 -1 64 63 78 79 -1 57 56 71 72 -1 65 64 79 80 -1 58 57 72 73 -1 51 81 66 -1 307 65 80 -1 59 58 73 74 -1 52 51 66 67 -1 60 59 74 75 -1 53 52 67 68 -1 80 79 95 96 -1 73 72 88 89 -1 66 81 82 -1 307 80 96 -1 74 73 89 90 -1 67 66 82 83 -1 75 74 90 91 -1 68 67 83 84 -1 76 75 91 92 -1 69 68 84 85 -1 77 76 92 93 -1 70 69 85 86 -1 78 77 93 94 -1 71 70 86 87 -1 79 78 94 95 -1 72 71 87 88 -1 93 92 107 108 -1 86 85 100 101 -1 94 93 108 109 -1 87 86 101 102 -1 95 94 109 110 -1 88 87 102 103 -1 96 95 110 111 -1 89 88 103 104 -1 82 81 97 -1 307 96 111 -1 90 89 104 105 -1 83 82 97 98 -1 91 90 105 106 -1 84 83 98 99 -1 92 91 106 107 -1 85 84 99 100 -1 97 81 112 -1 307 111 126 -1 105 104 119 120 -1 98 97 112 113 -1 106 105 120 121 -1 99 98 113 114 -1 107 106 121 122 -1 100 99 114 115 -1 108 107 122 123 -1 101 100 115 116 -1 109 108 123 124 -1 102 101 116 117 -1 110 109 124 125 -1 103 102 117 118 -1 111 110 125 126 -1 104 103 118 119 -1 116 115 130 131 -1 124 123 138 139 -1 117 116 131 132 -1 125 124 139 140 -1 118 117 132 133 -1 126 125 140 141 -1 119 118 133 134 -1 112 81 127 -1 307 126 141 -1 120 119 134 135 -1 113 112 127 128 -1 121 120 135 136 -1 114 113 128 129 -1 122 121 136 137 -1 115 114 129 130 -1 123 122 137 138 -1 135 134 149 150 -1 128 127 142 143 -1 136 135 150 151 -1 129 128 143 144 -1 137 136 151 152 -1 130 129 144 145 -1 138 137 152 153 -1 131 130 145 146 -1 139 138 153 154 -1 132 131 146 147 -1 140 139 154 155 -1 133 132 147 148 -1 141 140 155 156 -1 134 133 148 149 -1 127 81 142 -1 307 141 156 -1 154 153 168 169 -1 147 146 161 162 -1 155 154 169 170 -1 148 147 162 163 -1 156 155 170 171 -1 149 148 163 164 -1 142 81 157 -1 307 156 171 -1 150 149 164 165 -1 143 142 157 158 -1 151 150 165 166 -1 144 143 158 159 -1 152 151 166 167 -1 145 144 159 160 -1 153 152 167 168 -1 146 145 160 161 -1 158 157 172 173 -1 166 165 180 181 -1 159 158 173 174 -1 167 166 181 182 -1 160 159 174 175 -1 168 167 182 183 -1 161 160 175 176 -1 169 168 183 184 -1 162 161 176 177 -1 170 169 184 185 -1 163 162 177 178 -1 171 170 185 186 -1 164 163 178 179 -1 157 81 172 -1 307 171 186 -1 165 164 179 180 -1 177 176 191 192 -1 185 184 199 200 -1 178 177 192 193 -1 186 185 200 201 -1 179 178 193 194 -1 172 81 187 -1 307 186 201 -1 180 179 194 195 -1 173 172 187 188 -1 181 180 195 196 -1 174 173 188 189 -1 182 181 196 197 -1 175 174 189 190 -1 183 182 197 198 -1 176 175 190 191 -1 184 183 198 199 -1 196 195 210 211 -1 189 188 203 204 -1 197 196 211 212 -1 190 189 204 205 -1 198 197 212 213 -1 191 190 205 206 -1 199 198 213 214 -1 192 191 206 207 -1 200 199 214 215 -1 193 192 207 208 -1 201 200 215 216 -1 194 193 208 209 -1 187 81 202 -1 307 201 216 -1 195 194 209 210 -1 188 187 202 203 -1 215 214 229 230 -1 208 207 222 223 -1 216 215 230 231 -1 209 208 223 224 -1 202 81 217 -1 307 216 231 -1 210 209 224 225 -1 203 202 217 218 -1 211 210 225 226 -1 204 203 218 219 -1 212 211 226 227 -1 205 204 219 220 -1 213 212 227 228 -1 206 205 220 221 -1 214 213 228 229 -1 207 206 221 222 -1 227 226 241 242 -1 220 219 234 235 -1 228 227 242 243 -1 221 220 235 236 -1 229 228 243 244 -1 222 221 236 237 -1 230 229 244 245 -1 223 222 237 238 -1 231 230 245 246 -1 224 223 238 239 -1 217 81 232 -1 307 231 246 -1 225 224 239 240 -1 218 217 232 233 -1 226 225 240 241 -1 219 218 233 234 -1 246 245 260 261 -1 239 238 253 254 -1 232 81 247 -1 307 246 261 -1 240 239 254 255 -1 233 232 247 248 -1 241 240 255 256 -1 234 233 248 249 -1 242 241 256 257 -1 235 234 249 250 -1 243 242 257 258 -1 236 235 250 251 -1 244 243 258 259 -1 237 236 251 252 -1 245 244 259 260 -1 238 237 252 253 -1 250 249 264 265 -1 258 257 272 273 -1 251 250 265 266 -1 259 258 273 274 -1 252 251 266 267 -1 260 259 274 275 -1 253 252 267 268 -1 261 260 275 276 -1 254 253 268 269 -1 247 81 262 -1 307 261 276 -1 255 254 269 270 -1 248 247 262 263 -1 256 255 270 271 -1 249 248 263 264 -1 257 256 271 272 -1 269 268 283 284 -1 262 81 277 -1 307 276 291 -1 270 269 284 285 -1 263 262 277 278 -1 271 270 285 286 -1 264 263 278 279 -1 272 271 286 287 -1 265 264 279 280 -1 273 272 287 288 -1 266 265 280 281 -1 274 273 288 289 -1 267 266 281 282 -1 275 274 289 290 -1 268 267 282 283 -1 276 275 290 291 -1 288 287 302 303 -1 281 280 295 296 -1 289 288 303 304 -1 282 281 296 297 -1 290 289 304 305 -1 283 282 297 298 -1 291 290 305 306 -1 284 283 298 299 -1 277 81 292 -1 307 291 306 -1 285 284 299 300 -1 278 277 292 293 -1 286 285 300 301 -1 279 278 293 294 -1 287 286 301 302 -1 280 279 294 295 -1 292 81 308 -1 307 306 322 -1 300 299 315 316 -1 293 292 308 309 -1 301 300 316 317 -1 294 293 309 310 -1 302 301 317 318 -1 295 294 310 311 -1 303 302 318 319 -1 296 295 311 312 -1 304 303 319 320 -1 297 296 312 313 -1 305 304 320 321 -1 298 297 313 314 -1 306 305 321 322 -1 299 298 314 315 -1 312 311 326 327 -1 320 319 334 335 -1 313 312 327 328 -1 321 320 335 336 -1 314 313 328 329 -1 322 321 336 337 -1 315 314 329 330 -1 308 81 323 -1 307 322 337 -1 316 315 330 331 -1 309 308 323 324 -1 317 316 331 332 -1 310 309 324 325 -1 318 317 332 333 -1 311 310 325 326 -1 319 318 333 334 -1 331 330 345 346 -1 324 323 338 339 -1 332 331 346 347 -1 325 324 339 340 -1 333 332 347 348 -1 326 325 340 341 -1 334 333 348 349 -1 327 326 341 342 -1 335 334 349 350 -1 328 327 342 343 -1 336 335 350 351 -1 329 328 343 344 -1 337 336 351 352 -1 330 329 344 345 -1 323 81 338 -1 307 337 352 -1 350 349 364 365 -1 343 342 357 358 -1 351 350 365 366 -1 344 343 358 359 -1 352 351 366 367 -1 345 344 359 360 -1 338 81 353 -1 307 352 367 -1 346 345 360 361 -1 339 338 353 354 -1 347 346 361 362 -1 340 339 354 355 -1 348 347 362 363 -1 341 340 355 356 -1 349 348 363 364 -1 342 341 356 357 -1 362 361 376 377 -1 355 354 369 370 -1 363 362 377 378 -1 356 355 370 371 -1 364 363 378 379 -1 357 356 371 372 -1 365 364 379 380 -1 358 357 372 373 -1 366 365 380 381 -1 359 358 373 374 -1 367 366 381 382 -1 360 359 374 375 -1 353 81 368 -1 307 367 382 -1 361 360 375 376 -1 354 353 368 369 -1 381 380 395 396 -1 374 373 388 389 -1 382 381 396 397 -1 375 374 389 390 -1 368 81 383 -1 307 382 397 -1 376 375 390 391 -1 369 368 383 384 -1 377 376 391 392 -1 370 369 384 385 -1 378 377 392 393 -1 371 370 385 386 -1 379 378 393 394 -1 372 371 386 387 -1 380 379 394 395 -1 373 372 387 388 -1 385 384 399 400 -1 393 392 407 408 -1 386 385 400 401 -1 394 393 408 409 -1 387 386 401 402 -1 395 394 409 410 -1 388 387 402 403 -1 396 395 410 411 -1 389 388 403 404 -1 397 396 411 412 -1 390 389 404 405 -1 383 81 398 -1 307 397 412 -1 391 390 405 406 -1 384 383 398 399 -1 392 391 406 407 -1 404 403 418 419 -1 412 411 426 427 -1 405 404 419 420 -1 398 81 413 -1 307 412 427 -1 406 405 420 421 -1 399 398 413 414 -1 407 406 421 422 -1 400 399 414 415 -1 408 407 422 423 -1 401 400 415 416 -1 409 408 423 424 -1 402 401 416 417 -1 410 409 424 425 -1 403 402 417 418 -1 411 410 425 426 -1 423 422 437 438 -1 416 415 430 431 -1 424 423 438 439 -1 417 416 431 432 -1 425 424 439 440 -1 418 417 432 433 -1 426 425 440 441 -1 419 418 433 434 -1 427 426 441 442 -1 420 419 434 435 -1 413 81 428 -1 307 427 442 -1 421 420 435 436 -1 414 413 428 429 -1 422 421 436 437 -1 415 414 429 430 -1 442 441 456 457 -1 435 434 449 450 -1 428 81 443 -1 307 442 457 -1 436 435 450 451 -1 429 428 443 444 -1 437 436 451 452 -1 430 429 444 445 -1 438 437 452 453 -1 431 430 445 446 -1 439 438 453 454 -1 432 431 446 447 -1 440 439 454 455 -1 433 432 447 448 -1 441 440 455 456 -1 434 433 448 449 -1 446 445 460 461 -1 454 453 468 469 -1 447 446 461 462 -1 455 454 469 470 -1 448 447 462 463 -1 456 455 470 471 -1 449 448 463 464 -1 457 456 471 472 -1 450 449 464 465 -1 443 81 458 -1 307 457 472 -1 451 450 465 466 -1 444 443 458 459 -1 452 451 466 467 -1 445 444 459 460 -1 453 452 467 468 -1 465 464 2 3 -1 458 81 473 -1 307 472 481 -1 466 465 3 4 -1 459 458 473 474 -1 467 466 4 477 -1 460 459 474 0 -1 468 467 477 5 -1 461 460 0 475 -1 469 468 5 478 -1 462 461 475 1 -1 470 469 478 479 -1 463 462 1 476 -1 471 470 479 480 -1 464 463 476 2 -1 472 471 480 481 -1 482 483 485 484 -1 484 485 489 488 -1 488 489 487 486 -1 486 487 483 482 -1 484 488 486 482 -1 489 485 483 487 -1 490 491 493 492 -1 492 493 497 496 -1 496 497 495 494 -1 494 495 491 490 -1 492 496 494 490 -1 497 493 491 495 -1 498 499 501 500 -1 500 501 505 504 -1 504 505 503 502 -1 502 503 499 498 -1 500 504 502 498 -1 505 501 499 503 -1 506 507 509 508 -1 508 509 513 512 -1 512 513 511 510 -1 510 511 507 506 -1 508 512 510 506 -1 513 509 507 511 -1 514 515 517 516 -1 516 517 521 520 -1 520 521 519 518 -1 518 519 515 514 -1 516 520 518 514 -1 521 517 515 519 -1 522 523 525 524 -1 524 525 529 528 -1 528 529 527 526 -1 526 527 523 522 -1 524 528 526 522 -1 529 525 523 527 -1 1009 1008 547 548 -1 1006 531 540 541 -1 1010 1009 548 549 -1 532 1006 541 542 -1 1011 1010 549 550 -1 533 532 542 543 -1 1003 611 536 -1 837 1011 550 -1 534 533 543 544 -1 1004 1003 536 537 -1 1007 534 544 545 -1 530 1004 537 538 -1 535 1007 545 546 -1 1005 530 538 539 -1 1008 535 546 547 -1 531 1005 539 540 -1 547 546 561 562 -1 540 539 554 555 -1 548 547 562 563 -1 541 540 555 556 -1 549 548 563 564 -1 542 541 556 557 -1 550 549 564 565 -1 543 542 557 558 -1 536 611 551 -1 837 550 565 -1 544 543 558 559 -1 537 536 551 552 -1 545 544 559 560 -1 538 537 552 553 -1 546 545 560 561 -1 539 538 553 554 -1 551 611 566 -1 837 565 580 -1 559 558 573 574 -1 552 551 566 567 -1 560 559 574 575 -1 553 552 567 568 -1 561 560 575 576 -1 554 553 568 569 -1 562 561 576 577 -1 555 554 569 570 -1 563 562 577 578 -1 556 555 570 571 -1 564 563 578 579 -1 557 556 571 572 -1 565 564 579 580 -1 558 557 572 573 -1 570 569 584 585 -1 578 577 592 593 -1 571 570 585 586 -1 579 578 593 594 -1 572 571 586 587 -1 580 579 594 595 -1 573 572 587 588 -1 566 611 581 -1 837 580 595 -1 574 573 588 589 -1 567 566 581 582 -1 575 574 589 590 -1 568 567 582 583 -1 576 575 590 591 -1 569 568 583 584 -1 577 576 591 592 -1 589 588 603 604 -1 582 581 596 597 -1 590 589 604 605 -1 583 582 597 598 -1 591 590 605 606 -1 584 583 598 599 -1 592 591 606 607 -1 585 584 599 600 -1 593 592 607 608 -1 586 585 600 601 -1 594 593 608 609 -1 587 586 601 602 -1 595 594 609 610 -1 588 587 602 603 -1 581 611 596 -1 837 595 610 -1 608 607 623 624 -1 601 600 616 617 -1 609 608 624 625 -1 602 601 617 618 -1 610 609 625 626 -1 603 602 618 619 -1 596 611 612 -1 837 610 626 -1 604 603 619 620 -1 597 596 612 613 -1 605 604 620 621 -1 598 597 613 614 -1 606 605 621 622 -1 599 598 614 615 -1 607 606 622 623 -1 600 599 615 616 -1 621 620 635 636 -1 614 613 628 629 -1 622 621 636 637 -1 615 614 629 630 -1 623 622 637 638 -1 616 615 630 631 -1 624 623 638 639 -1 617 616 631 632 -1 625 624 639 640 -1 618 617 632 633 -1 626 625 640 641 -1 619 618 633 634 -1 612 611 627 -1 837 626 641 -1 620 619 634 635 -1 613 612 627 628 -1 640 639 654 655 -1 633 632 647 648 -1 641 640 655 656 -1 634 633 648 649 -1 627 611 642 -1 837 641 656 -1 635 634 649 650 -1 628 627 642 643 -1 636 635 650 651 -1 629 628 643 644 -1 637 636 651 652 -1 630 629 644 645 -1 638 637 652 653 -1 631 630 645 646 -1 639 638 653 654 -1 632 631 646 647 -1 644 643 658 659 -1 652 651 666 667 -1 645 644 659 660 -1 653 652 667 668 -1 646 645 660 661 -1 654 653 668 669 -1 647 646 661 662 -1 655 654 669 670 -1 648 647 662 663 -1 656 655 670 671 -1 649 648 663 664 -1 642 611 657 -1 837 656 671 -1 650 649 664 665 -1 643 642 657 658 -1 651 650 665 666 -1 663 662 677 678 -1 671 670 685 686 -1 664 663 678 679 -1 657 611 672 -1 837 671 686 -1 665 664 679 680 -1 658 657 672 673 -1 666 665 680 681 -1 659 658 673 674 -1 667 666 681 682 -1 660 659 674 675 -1 668 667 682 683 -1 661 660 675 676 -1 669 668 683 684 -1 662 661 676 677 -1 670 669 684 685 -1 682 681 696 697 -1 675 674 689 690 -1 683 682 697 698 -1 676 675 690 691 -1 684 683 698 699 -1 677 676 691 692 -1 685 684 699 700 -1 678 677 692 693 -1 686 685 700 701 -1 679 678 693 694 -1 672 611 687 -1 837 686 701 -1 680 679 694 695 -1 673 672 687 688 -1 681 680 695 696 -1 674 673 688 689 -1 701 700 715 716 -1 694 693 708 709 -1 687 611 702 -1 837 701 716 -1 695 694 709 710 -1 688 687 702 703 -1 696 695 710 711 -1 689 688 703 704 -1 697 696 711 712 -1 690 689 704 705 -1 698 697 712 713 -1 691 690 705 706 -1 699 698 713 714 -1 692 691 706 707 -1 700 699 714 715 -1 693 692 707 708 -1 705 704 719 720 -1 713 712 727 728 -1 706 705 720 721 -1 714 713 728 729 -1 707 706 721 722 -1 715 714 729 730 -1 708 707 722 723 -1 716 715 730 731 -1 709 708 723 724 -1 702 611 717 -1 837 716 731 -1 710 709 724 725 -1 703 702 717 718 -1 711 710 725 726 -1 704 703 718 719 -1 712 711 726 727 -1 724 723 738 739 -1 717 611 732 -1 837 731 746 -1 725 724 739 740 -1 718 717 732 733 -1 726 725 740 741 -1 719 718 733 734 -1 727 726 741 742 -1 720 719 734 735 -1 728 727 742 743 -1 721 720 735 736 -1 729 728 743 744 -1 722 721 736 737 -1 730 729 744 745 -1 723 722 737 738 -1 731 730 745 746 -1 743 742 757 758 -1 736 735 750 751 -1 744 743 758 759 -1 737 736 751 752 -1 745 744 759 760 -1 738 737 752 753 -1 746 745 760 761 -1 739 738 753 754 -1 732 611 747 -1 837 746 761 -1 740 739 754 755 -1 733 732 747 748 -1 741 740 755 756 -1 734 733 748 749 -1 742 741 756 757 -1 735 734 749 750 -1 837 761 776 -1 755 754 769 770 -1 748 747 762 763 -1 756 755 770 771 -1 749 748 763 764 -1 757 756 771 772 -1 750 749 764 765 -1 758 757 772 773 -1 751 750 765 766 -1 759 758 773 774 -1 752 751 766 767 -1 760 759 774 775 -1 753 752 767 768 -1 761 760 775 776 -1 754 753 768 769 -1 747 611 762 -1 774 773 788 789 -1 767 766 781 782 -1 775 774 789 790 -1 768 767 782 783 -1 776 775 790 791 -1 769 768 783 784 -1 762 611 777 -1 837 776 791 -1 770 769 784 785 -1 763 762 777 778 -1 771 770 785 786 -1 764 763 778 779 -1 772 771 786 787 -1 765 764 779 780 -1 773 772 787 788 -1 766 765 780 781 -1 778 777 792 793 -1 786 785 800 801 -1 779 778 793 794 -1 787 786 801 802 -1 780 779 794 795 -1 788 787 802 803 -1 781 780 795 796 -1 789 788 803 804 -1 782 781 796 797 -1 790 789 804 805 -1 783 782 797 798 -1 791 790 805 806 -1 784 783 798 799 -1 777 611 792 -1 837 791 806 -1 785 784 799 800 -1 797 796 811 812 -1 805 804 819 820 -1 798 797 812 813 -1 806 805 820 821 -1 799 798 813 814 -1 792 611 807 -1 837 806 821 -1 800 799 814 815 -1 793 792 807 808 -1 801 800 815 816 -1 794 793 808 809 -1 802 801 816 817 -1 795 794 809 810 -1 803 802 817 818 -1 796 795 810 811 -1 804 803 818 819 -1 816 815 830 831 -1 809 808 823 824 -1 817 816 831 832 -1 810 809 824 825 -1 818 817 832 833 -1 811 810 825 826 -1 819 818 833 834 -1 812 811 826 827 -1 820 819 834 835 -1 813 812 827 828 -1 821 820 835 836 -1 814 813 828 829 -1 807 611 822 -1 837 821 836 -1 815 814 829 830 -1 808 807 822 823 -1 835 834 850 851 -1 828 827 843 844 -1 836 835 851 852 -1 829 828 844 845 -1 822 611 838 -1 837 836 852 -1 830 829 845 846 -1 823 822 838 839 -1 831 830 846 847 -1 824 823 839 840 -1 832 831 847 848 -1 825 824 840 841 -1 833 832 848 849 -1 826 825 841 842 -1 834 833 849 850 -1 827 826 842 843 -1 840 839 854 855 -1 848 847 862 863 -1 841 840 855 856 -1 849 848 863 864 -1 842 841 856 857 -1 850 849 864 865 -1 843 842 857 858 -1 851 850 865 866 -1 844 843 858 859 -1 852 851 866 867 -1 845 844 859 860 -1 838 611 853 -1 837 852 867 -1 846 845 860 861 -1 839 838 853 854 -1 847 846 861 862 -1 859 858 873 874 -1 867 866 881 882 -1 860 859 874 875 -1 853 611 868 -1 837 867 882 -1 861 860 875 876 -1 854 853 868 869 -1 862 861 876 877 -1 855 854 869 870 -1 863 862 877 878 -1 856 855 870 871 -1 864 863 878 879 -1 857 856 871 872 -1 865 864 879 880 -1 858 857 872 873 -1 866 865 880 881 -1 878 877 892 893 -1 871 870 885 886 -1 879 878 893 894 -1 872 871 886 887 -1 880 879 894 895 -1 873 872 887 888 -1 881 880 895 896 -1 874 873 888 889 -1 882 881 896 897 -1 875 874 889 890 -1 868 611 883 -1 837 882 897 -1 876 875 890 891 -1 869 868 883 884 -1 877 876 891 892 -1 870 869 884 885 -1 897 896 911 912 -1 890 889 904 905 -1 883 611 898 -1 837 897 912 -1 891 890 905 906 -1 884 883 898 899 -1 892 891 906 907 -1 885 884 899 900 -1 893 892 907 908 -1 886 885 900 901 -1 894 893 908 909 -1 887 886 901 902 -1 895 894 909 910 -1 888 887 902 903 -1 896 895 910 911 -1 889 888 903 904 -1 909 908 923 924 -1 902 901 916 917 -1 910 909 924 925 -1 903 902 917 918 -1 911 910 925 926 -1 904 903 918 919 -1 912 911 926 927 -1 905 904 919 920 -1 898 611 913 -1 837 912 927 -1 906 905 920 921 -1 899 898 913 914 -1 907 906 921 922 -1 900 899 914 915 -1 908 907 922 923 -1 901 900 915 916 -1 913 611 928 -1 837 927 942 -1 921 920 935 936 -1 914 913 928 929 -1 922 921 936 937 -1 915 914 929 930 -1 923 922 937 938 -1 916 915 930 931 -1 924 923 938 939 -1 917 916 931 932 -1 925 924 939 940 -1 918 917 932 933 -1 926 925 940 941 -1 919 918 933 934 -1 927 926 941 942 -1 920 919 934 935 -1 932 931 946 947 -1 940 939 954 955 -1 933 932 947 948 -1 941 940 955 956 -1 934 933 948 949 -1 942 941 956 957 -1 935 934 949 950 -1 928 611 943 -1 837 942 957 -1 936 935 950 951 -1 929 928 943 944 -1 937 936 951 952 -1 930 929 944 945 -1 938 937 952 953 -1 931 930 945 946 -1 939 938 953 954 -1 951 950 965 966 -1 944 943 958 959 -1 952 951 966 967 -1 945 944 959 960 -1 953 952 967 968 -1 946 945 960 961 -1 954 953 968 969 -1 947 946 961 962 -1 955 954 969 970 -1 948 947 962 963 -1 956 955 970 971 -1 949 948 963 964 -1 957 956 971 972 -1 950 949 964 965 -1 943 611 958 -1 837 957 972 -1 970 969 984 985 -1 963 962 977 978 -1 971 970 985 986 -1 964 963 978 979 -1 972 971 986 987 -1 965 964 979 980 -1 958 611 973 -1 837 972 987 -1 966 965 980 981 -1 959 958 973 974 -1 967 966 981 982 -1 960 959 974 975 -1 968 967 982 983 -1 961 960 975 976 -1 969 968 983 984 -1 962 961 976 977 -1 974 973 988 989 -1 982 981 996 997 -1 975 974 989 990 -1 983 982 997 998 -1 976 975 990 991 -1 984 983 998 999 -1 977 976 991 992 -1 985 984 999 1000 -1 978 977 992 993 -1 986 985 1000 1001 -1 979 978 993 994 -1 987 986 1001 1002 -1 980 979 994 995 -1 973 611 988 -1 837 987 1002 -1 981 980 995 996 -1 993 992 531 1006 -1 1001 1000 1009 1010 -1 994 993 1006 532 -1 1002 1001 1010 1011 -1 995 994 532 533 -1 988 611 1003 -1 837 1002 1011 -1 996 995 533 534 -1 989 988 1003 1004 -1 997 996 534 1007 -1 990 989 1004 530 -1 998 997 1007 535 -1 991 990 530 1005 -1 999 998 535 1008 -1 992 991 1005 531 -1 1000 999 1008 1009 -1 1012 1013 1015 1014 -1 1014 1015 1017 1016 -1 1016 1017 1019 1018 -1 1018 1019 1021 1020 -1 1020 1021 1023 1022 -1 1022 1023 1025 1024 -1 1024 1025 1027 1026 -1 1026 1027 1029 1028 -1 1028 1029 1031 1030 -1 1030 1031 1033 1032 -1 1032 1033 1035 1034 -1 1034 1035 1037 1036 -1 1036 1037 1039 1038 -1 1038 1039 1041 1040 -1 1040 1041 1043 1042 -1 1042 1043 1045 1044 -1 1044 1045 1047 1046 -1 1046 1047 1049 1048 -1 1048 1049 1051 1050 -1 1050 1051 1053 1052 -1 1052 1053 1055 1054 -1 1054 1055 1057 1056 -1 1056 1057 1059 1058 -1 1058 1059 1061 1060 -1 1060 1061 1063 1062 -1 1062 1063 1065 1064 -1 1064 1065 1067 1066 -1 1066 1067 1069 1068 -1 1068 1069 1071 1070 -1 1070 1071 1073 1072 -1 1015 1013 1075 1073 1071 1069 1067 1065 1063 1061 1059 1057 1055 1053 1051 1049 1047 1045 1043 1041 1039 1037 1035 1033 1031 1029 1027 1025 1023 1021 1019 1017 -1 1072 1073 1075 1074 -1 1074 1075 1013 1012 -1 1012 1014 1016 1018 1020 1022 1024 1026 1028 1030 1032 1034 1036 1038 1040 1042 1044 1046 1048 1050 1052 1054 1056 1058 1060 1062 1064 1066 1068 1070 1072 1074 -1 1076 1077 1079 1078 -1 1078 1079 1083 1082 -1 1082 1083 1081 1080 -1 1080 1081 1077 1076 -1 1078 1082 1080 1076 -1 1083 1079 1077 1081 -1 1084 1085 1087 1086 -1 1086 1087 1091 1090 -1 1090 1091 1089 1088 -1 1088 1089 1085 1084 -1 1086 1090 1088 1084 -1 1091 1087 1085 1089 -1 "
						                >
							<Coordinate DEF="coords_ME_Sphere"
							            point="0.000000 0.555570 0.831470 0.000000 0.831470 0.555570 0.000000 0.980785 0.195090 0.000000 1.000000 0.000000 0.000000 0.980785 -0.195090 0.000000 0.831470 -0.555570 0.038060 0.191342 0.980785 0.074658 0.375330 0.923880 0.108386 0.544895 0.831470 0.137950 0.693520 0.707107 0.162212 0.815493 0.555570 0.180240 0.906127 0.382683 0.191342 0.961940 0.195090 0.195090 0.980785 0.000000 0.191342 0.961940 -0.195090 0.180240 0.906127 -0.382683 0.162212 0.815493 -0.555570 0.137950 0.693520 -0.707107 0.108386 0.544895 -0.831470 0.074658 0.375330 -0.923880 0.038060 0.191342 -0.980785 0.074658 0.180240 0.980785 0.146447 0.353553 0.923880 0.212608 0.513280 0.831470 0.270598 0.653281 0.707107 0.318190 0.768178 0.555570 0.353553 0.853553 0.382683 0.375330 0.906127 0.195090 0.382683 0.923879 0.000000 0.375330 0.906127 -0.195090 0.353553 0.853553 -0.382683 0.318190 0.768178 -0.555570 0.270598 0.653281 -0.707107 0.212608 0.513280 -0.831470 0.146447 0.353553 -0.923880 0.074658 0.180240 -0.980785 0.108386 0.162212 0.980785 0.212608 0.318190 0.923880 0.308658 0.461940 0.831470 0.392847 0.587938 0.707107 0.461940 0.691342 0.555570 0.513280 0.768178 0.382683 0.544895 0.815493 0.195090 0.555570 0.831469 0.000000 0.544895 0.815493 -0.195090 0.513280 0.768178 -0.382683 0.461940 0.691342 -0.555570 0.392847 0.587938 -0.707107 0.308658 0.461940 -0.831470 0.212608 0.318190 -0.923880 0.108386 0.162212 -0.980785 0.137950 0.137950 0.980785 0.270598 0.270598 0.923880 0.392847 0.392847 0.831470 0.500000 0.500000 0.707107 0.587938 0.587938 0.555570 0.653281 0.653281 0.382683 0.693520 0.693520 0.195090 0.707107 0.707107 0.000000 0.693520 0.693520 -0.195090 0.653281 0.653281 -0.382683 0.587938 0.587938 -0.555570 0.500000 0.500000 -0.707107 0.392847 0.392847 -0.831470 0.270598 0.270598 -0.923880 0.137950 0.137950 -0.980785 0.162212 0.108386 0.980785 0.318190 0.212608 0.923880 0.461940 0.308658 0.831470 0.587938 0.392847 0.707107 0.691342 0.461940 0.555570 0.768178 0.513280 0.382683 0.815493 0.544895 0.195090 0.831470 0.555570 0.000000 0.815493 0.544895 -0.195090 0.768178 0.513280 -0.382683 0.691342 0.461940 -0.555570 0.587938 0.392847 -0.707107 0.461940 0.308658 -0.831470 0.318190 0.212608 -0.923880 0.162212 0.108386 -0.980785 0.000000 0.000000 1.000000 0.180240 0.074658 0.980785 0.353553 0.146447 0.923880 0.513280 0.212607 0.831470 0.653281 0.270598 0.707107 0.768178 0.318190 0.555570 0.853553 0.353553 0.382683 0.906127 0.375330 0.195090 0.923879 0.382683 0.000000 0.906127 0.375330 -0.195090 0.853553 0.353553 -0.382683 0.768178 0.318190 -0.555570 0.653281 0.270598 -0.707107 0.513280 0.212607 -0.831470 0.353553 0.146447 -0.923880 0.180240 0.074658 -0.980785 0.191342 0.038060 0.980785 0.375330 0.074658 0.923880 0.544895 0.108386 0.831470 0.693520 0.137950 0.707107 0.815493 0.162212 0.555570 0.906127 0.180240 0.382683 0.961940 0.191342 0.195090 0.980785 0.195090 0.000000 0.961940 0.191342 -0.195090 0.906127 0.180240 -0.382683 0.815493 0.162212 -0.555570 0.693520 0.137950 -0.707107 0.544895 0.108386 -0.831470 0.375330 0.074658 -0.923880 0.191342 0.038060 -0.980785 0.195090 -0.000000 0.980785 0.382683 -0.000000 0.923880 0.555570 -0.000000 0.831470 0.707107 0.000000 0.707107 0.831469 -0.000000 0.555570 0.923879 0.000000 0.382683 0.980785 -0.000000 0.195090 1.000000 -0.000000 0.000000 0.980785 -0.000000 -0.195090 0.923879 0.000000 -0.382683 0.831469 -0.000000 -0.555570 0.707107 0.000000 -0.707107 0.555570 -0.000000 -0.831470 0.382683 -0.000000 -0.923880 0.195090 -0.000000 -0.980785 0.191342 -0.038060 0.980785 0.375330 -0.074658 0.923880 0.544895 -0.108386 0.831470 0.693520 -0.137950 0.707107 0.815493 -0.162212 0.555570 0.906127 -0.180240 0.382683 0.961940 -0.191342 0.195090 0.980785 -0.195090 0.000000 0.961940 -0.191342 -0.195090 0.906127 -0.180240 -0.382683 0.815493 -0.162212 -0.555570 0.693520 -0.137950 -0.707107 0.544895 -0.108386 -0.831470 0.375330 -0.074658 -0.923880 0.191342 -0.038060 -0.980785 0.180240 -0.074658 0.980785 0.353553 -0.146447 0.923880 0.513280 -0.212608 0.831470 0.653281 -0.270598 0.707107 0.768178 -0.318190 0.555570 0.853553 -0.353553 0.382683 0.906127 -0.375330 0.195090 0.923879 -0.382683 0.000000 0.906127 -0.375330 -0.195090 0.853553 -0.353553 -0.382683 0.768178 -0.318190 -0.555570 0.653281 -0.270598 -0.707107 0.513280 -0.212608 -0.831470 0.353553 -0.146447 -0.923880 0.180240 -0.074658 -0.980785 0.162212 -0.108386 0.980785 0.318190 -0.212608 0.923880 0.461940 -0.308658 0.831470 0.587938 -0.392847 0.707107 0.691341 -0.461940 0.555570 0.768178 -0.513280 0.382683 0.815493 -0.544895 0.195090 0.831469 -0.555570 0.000000 0.815493 -0.544895 -0.195090 0.768178 -0.513280 -0.382683 0.691341 -0.461940 -0.555570 0.587938 -0.392847 -0.707107 0.461940 -0.308658 -0.831470 0.318190 -0.212608 -0.923880 0.162212 -0.108386 -0.980785 0.137950 -0.137950 0.980785 0.270598 -0.270598 0.923880 0.392847 -0.392847 0.831470 0.500000 -0.500000 0.707107 0.587938 -0.587938 0.555570 0.653281 -0.653281 0.382683 0.693520 -0.693520 0.195090 0.707106 -0.707107 0.000000 0.693520 -0.693520 -0.195090 0.653281 -0.653281 -0.382683 0.587938 -0.587938 -0.555570 0.500000 -0.500000 -0.707107 0.392847 -0.392847 -0.831470 0.270598 -0.270598 -0.923880 0.137950 -0.137950 -0.980785 0.108386 -0.162212 0.980785 0.212607 -0.318190 0.923880 0.308658 -0.461940 0.831470 0.392847 -0.587938 0.707107 0.461940 -0.691342 0.555570 0.513280 -0.768178 0.382683 0.544895 -0.815493 0.195090 0.555570 -0.831469 0.000000 0.544895 -0.815493 -0.195090 0.513280 -0.768178 -0.382683 0.461940 -0.691342 -0.555570 0.392847 -0.587938 -0.707107 0.308658 -0.461940 -0.831470 0.212607 -0.318190 -0.923880 0.108386 -0.162212 -0.980785 0.074658 -0.180240 0.980785 0.146447 -0.353553 0.923880 0.212607 -0.513280 0.831470 0.270598 -0.653281 0.707107 0.318189 -0.768178 0.555570 0.353553 -0.853553 0.382683 0.375330 -0.906127 0.195090 0.382683 -0.923879 0.000000 0.375330 -0.906127 -0.195090 0.353553 -0.853553 -0.382683 0.318189 -0.768178 -0.555570 0.270598 -0.653281 -0.707107 0.212607 -0.513280 -0.831470 0.146447 -0.353553 -0.923880 0.074658 -0.180240 -0.980785 0.038060 -0.191342 0.980785 0.074658 -0.375330 0.923880 0.108386 -0.544895 0.831470 0.137950 -0.693520 0.707107 0.162212 -0.815493 0.555570 0.180240 -0.906127 0.382683 0.191342 -0.961939 0.195090 0.195090 -0.980785 0.000000 0.191342 -0.961939 -0.195090 0.180240 -0.906127 -0.382683 0.162212 -0.815493 -0.555570 0.137950 -0.693520 -0.707107 0.108386 -0.544895 -0.831470 0.074658 -0.375330 -0.923880 0.038060 -0.191342 -0.980785 -0.000000 -0.195090 0.980785 -0.000000 -0.382683 0.923880 -0.000000 -0.555570 0.831470 -0.000000 -0.707107 0.707107 -0.000000 -0.831469 0.555570 0.000000 -0.923879 0.382683 -0.000000 -0.980785 0.195090 -0.000000 -0.999999 0.000000 -0.000000 -0.980785 -0.195090 0.000000 -0.923879 -0.382683 -0.000000 -0.831469 -0.555570 -0.000000 -0.707107 -0.707107 -0.000000 -0.555570 -0.831470 -0.000000 -0.382683 -0.923880 -0.000000 -0.195090 -0.980785 -0.038060 -0.191342 0.980785 -0.074658 -0.375330 0.923880 -0.108386 -0.544895 0.831470 -0.137950 -0.693520 0.707107 -0.162212 -0.815493 0.555570 -0.180240 -0.906127 0.382683 -0.191342 -0.961939 0.195090 -0.195091 -0.980785 0.000000 -0.191342 -0.961939 -0.195090 -0.180240 -0.906127 -0.382683 -0.162212 -0.815493 -0.555570 -0.137950 -0.693520 -0.707107 -0.108386 -0.544895 -0.831470 -0.074658 -0.375330 -0.923880 -0.038060 -0.191342 -0.980785 -0.074658 -0.180240 0.980785 -0.146447 -0.353553 0.923880 -0.212608 -0.513280 0.831470 -0.270598 -0.653281 0.707107 -0.318190 -0.768177 0.555570 -0.353553 -0.853553 0.382683 -0.375330 -0.906127 0.195090 -0.382683 -0.923879 0.000000 -0.375330 -0.906127 -0.195090 -0.353553 -0.853553 -0.382683 -0.318190 -0.768177 -0.555570 -0.270598 -0.653281 -0.707107 -0.212608 -0.513280 -0.831470 -0.146447 -0.353553 -0.923880 -0.074658 -0.180240 -0.980785 -0.108386 -0.162212 0.980785 -0.212608 -0.318190 0.923880 -0.308658 -0.461939 0.831470 -0.392847 -0.587938 0.707107 -0.461940 -0.691341 0.555570 -0.513280 -0.768178 0.382683 -0.544895 -0.815493 0.195090 -0.555570 -0.831469 0.000000 -0.544895 -0.815493 -0.195090 -0.513280 -0.768178 -0.382683 -0.461940 -0.691341 -0.555570 -0.392847 -0.587938 -0.707107 -0.308658 -0.461939 -0.831470 -0.212608 -0.318190 -0.923880 -0.108386 -0.162212 -0.980785 -0.137950 -0.137950 0.980785 -0.270598 -0.270598 0.923880 -0.392847 -0.392847 0.831470 -0.500000 -0.500000 0.707107 -0.587938 -0.587937 0.555570 -0.653281 -0.653281 0.382683 -0.693520 -0.693520 0.195090 -0.707106 -0.707106 0.000000 -0.693520 -0.693520 -0.195090 -0.653281 -0.653281 -0.382683 -0.587938 -0.587937 -0.555570 -0.500000 -0.500000 -0.707107 -0.392847 -0.392847 -0.831470 -0.270598 -0.270598 -0.923880 -0.137950 -0.137950 -0.980785 0.000000 0.000000 -1.000000 -0.162212 -0.108386 0.980785 -0.318190 -0.212607 0.923880 -0.461940 -0.308658 0.831470 -0.587938 -0.392847 0.707107 -0.691341 -0.461939 0.555570 -0.768177 -0.513280 0.382683 -0.815493 -0.544895 0.195090 -0.831469 -0.555569 0.000000 -0.815493 -0.544895 -0.195090 -0.768177 -0.513280 -0.382683 -0.691341 -0.461939 -0.555570 -0.587938 -0.392847 -0.707107 -0.461940 -0.308658 -0.831470 -0.318190 -0.212607 -0.923880 -0.162212 -0.108386 -0.980785 -0.180240 -0.074658 0.980785 -0.353553 -0.146447 0.923880 -0.513280 -0.212607 0.831470 -0.653281 -0.270598 0.707107 -0.768177 -0.318189 0.555570 -0.853553 -0.353553 0.382683 -0.906127 -0.375330 0.195090 -0.923879 -0.382683 0.000000 -0.906127 -0.375330 -0.195090 -0.853553 -0.353553 -0.382683 -0.768177 -0.318189 -0.555570 -0.653281 -0.270598 -0.707107 -0.513280 -0.212607 -0.831470 -0.353553 -0.146447 -0.923880 -0.180240 -0.074658 -0.980785 -0.191342 -0.038060 0.980785 -0.375330 -0.074658 0.923880 -0.544895 -0.108386 0.831470 -0.693520 -0.137950 0.707107 -0.815493 -0.162211 0.555570 -0.906127 -0.180240 0.382683 -0.961939 -0.191341 0.195090 -0.980784 -0.195090 0.000000 -0.961939 -0.191341 -0.195090 -0.906127 -0.180240 -0.382683 -0.815493 -0.162211 -0.555570 -0.693520 -0.137950 -0.707107 -0.544895 -0.108386 -0.831470 -0.375330 -0.074658 -0.923880 -0.191342 -0.038060 -0.980785 -0.195090 0.000000 0.980785 -0.382683 0.000000 0.923880 -0.555570 0.000000 0.831470 -0.707107 0.000000 0.707107 -0.831469 0.000000 0.555570 -0.923879 0.000000 0.382683 -0.980785 0.000000 0.195090 -0.999999 0.000000 0.000000 -0.980785 0.000000 -0.195090 -0.923879 0.000000 -0.382683 -0.831469 0.000000 -0.555570 -0.707107 0.000000 -0.707107 -0.555570 0.000000 -0.831470 -0.382683 0.000000 -0.923880 -0.195090 0.000000 -0.980785 -0.191342 0.038060 0.980785 -0.375330 0.074658 0.923880 -0.544895 0.108386 0.831470 -0.693520 0.137950 0.707107 -0.815493 0.162212 0.555570 -0.906127 0.180240 0.382683 -0.961939 0.191342 0.195090 -0.980784 0.195091 0.000000 -0.961939 0.191342 -0.195090 -0.906127 0.180240 -0.382683 -0.815493 0.162212 -0.555570 -0.693520 0.137950 -0.707107 -0.544895 0.108386 -0.831470 -0.375330 0.074658 -0.923880 -0.191342 0.038060 -0.980785 -0.180240 0.074658 0.980785 -0.353553 0.146447 0.923880 -0.513279 0.212607 0.831470 -0.653281 0.270598 0.707107 -0.768177 0.318190 0.555570 -0.853553 0.353553 0.382683 -0.906127 0.375330 0.195090 -0.923878 0.382683 0.000000 -0.906127 0.375330 -0.195090 -0.853553 0.353553 -0.382683 -0.768177 0.318190 -0.555570 -0.653281 0.270598 -0.707107 -0.513279 0.212607 -0.831470 -0.353553 0.146447 -0.923880 -0.180240 0.074658 -0.980785 -0.162212 0.108386 0.980785 -0.318189 0.212607 0.923880 -0.461939 0.308658 0.831470 -0.587938 0.392847 0.707107 -0.691341 0.461940 0.555570 -0.768177 0.513280 0.382683 -0.815493 0.544895 0.195090 -0.831468 0.555570 0.000000 -0.815493 0.544895 -0.195090 -0.768177 0.513280 -0.382683 -0.691341 0.461940 -0.555570 -0.587938 0.392847 -0.707107 -0.461939 0.308658 -0.831470 -0.318189 0.212607 -0.923880 -0.162212 0.108386 -0.980785 -0.137950 0.137950 0.980785 -0.270598 0.270598 0.923880 -0.392847 0.392847 0.831470 -0.500000 0.500000 0.707107 -0.587937 0.587938 0.555570 -0.653281 0.653281 0.382683 -0.693519 0.693520 0.195090 -0.707106 0.707106 0.000000 -0.693519 0.693520 -0.195090 -0.653281 0.653281 -0.382683 -0.587937 0.587938 -0.555570 -0.500000 0.500000 -0.707107 -0.392847 0.392847 -0.831470 -0.270598 0.270598 -0.923880 -0.137950 0.137950 -0.980785 -0.108386 0.162212 0.980785 -0.212607 0.318190 0.923880 -0.308658 0.461939 0.831470 -0.392847 0.587938 0.707107 -0.461939 0.691341 0.555570 -0.513280 0.768177 0.382683 -0.544895 0.815493 0.195090 -0.555569 0.831469 0.000000 -0.544895 0.815493 -0.195090 -0.513280 0.768177 -0.382683 -0.461939 0.691341 -0.555570 -0.392847 0.587938 -0.707107 -0.308658 0.461939 -0.831470 -0.212607 0.318190 -0.923880 -0.108386 0.162212 -0.980785 -0.074658 0.180240 0.980785 -0.146446 0.353553 0.923880 -0.212607 0.513279 0.831470 -0.270598 0.653281 0.707107 -0.318189 0.768177 0.555570 -0.353553 0.853553 0.382683 -0.375330 0.906127 0.195090 -0.382683 0.923879 0.000000 -0.375330 0.906127 -0.195090 -0.353553 0.853553 -0.382683 -0.318189 0.768177 -0.555570 -0.270598 0.653281 -0.707107 -0.212607 0.513279 -0.831470 -0.146446 0.353553 -0.923880 -0.074658 0.180240 -0.980785 -0.038060 0.191342 0.980785 -0.074658 0.375330 0.923880 -0.108386 0.544895 0.831470 -0.137950 0.693520 0.707107 -0.162211 0.815493 0.555570 -0.180240 0.906127 0.382683 -0.191341 0.961939 0.195090 -0.195090 0.980784 0.000000 -0.191341 0.961939 -0.195090 -0.180240 0.906127 -0.382683 -0.162211 0.815493 -0.555570 -0.137950 0.693520 -0.707107 -0.108386 0.544895 -0.831470 -0.074658 0.375330 -0.923880 -0.038060 0.191342 -0.980785 0.000000 0.195090 0.980785 0.000000 0.382683 0.923880 0.000000 0.707107 0.707107 0.000000 0.923879 0.382683 0.000000 0.923879 -0.382683 0.000000 0.707107 -0.707107 0.000000 0.555570 -0.831470 0.000000 0.382683 -0.923880 0.000000 0.195090 -0.980785 1.536841 1.141047 2.032393 1.249258 0.708309 1.075783 1.484054 1.111049 2.121040 1.196471 0.678311 1.164429 2.287730 0.982385 2.191579 2.000146 0.549647 1.234969 2.234943 0.952387 2.280225 1.947360 0.519649 1.323615 -0.007376 -0.282458 0.287681 0.406139 0.222830 0.954233 0.033435 -0.263821 0.177776 0.446950 0.241466 0.844329 0.769261 -0.424009 0.412472 1.182776 0.081278 1.079024 0.810073 -0.405373 0.302567 1.223588 0.099915 0.969120 0.840755 0.567568 1.071718 0.676483 0.015280 0.844944 0.814494 0.563447 1.195331 0.650221 0.011159 0.968557 1.767198 0.656686 1.281342 1.602925 0.104397 1.054568 1.740937 0.652565 1.404955 1.576664 0.100276 1.178181 0.412082 -0.229744 0.205498 -0.580361 0.277629 0.346236 0.419609 -0.234402 0.348636 -0.572834 0.272970 0.489374 -0.300264 -0.489152 0.197685 -1.292707 0.018221 0.338422 -0.292737 -0.493810 0.340822 -1.285180 0.013563 0.481560 -1.974874 1.176994 2.030812 -1.026856 0.706129 1.487952 -2.004315 1.195157 1.896554 -1.056297 0.724292 1.353694 -2.682971 0.916392 1.955753 -1.734952 0.445527 1.412893 -2.712412 0.934555 1.821495 -1.764393 0.463690 1.278635 -0.596537 0.445169 0.785419 -1.630609 0.702403 1.607056 -0.543486 0.414382 0.898616 -1.577557 0.671616 1.720253 -0.926791 0.053887 0.317817 -1.960862 0.311121 1.139454 -0.873739 0.023100 0.431014 -1.907810 0.280334 1.252651 -0.020875 -0.986223 1.455868 -0.020875 -0.923419 1.310424 -0.020875 -0.889429 1.120393 -0.020875 -0.885055 1.017549 -0.020875 -0.889429 0.914705 -0.020875 -0.923419 0.724674 -0.000811 -1.069134 1.534581 0.018481 -1.027251 1.504582 0.036262 -0.988653 1.455868 0.051846 -0.954821 1.390308 0.064636 -0.927055 1.310424 0.074140 -0.906424 1.219285 0.079993 -0.893719 1.120393 0.081969 -0.889429 1.017549 0.079993 -0.893719 0.914705 0.074140 -0.906424 0.815813 0.064636 -0.927055 0.724674 0.051846 -0.954821 0.644790 0.036262 -0.988653 0.579230 0.018481 -1.027251 0.530515 -0.000811 -1.069134 0.500517 0.018481 -1.071661 1.534581 0.056326 -1.032209 1.504582 0.091203 -0.995849 1.455868 0.121773 -0.963980 1.390308 0.146862 -0.937826 1.310424 0.165504 -0.918391 1.219285 0.176984 -0.906424 1.120393 0.180861 -0.902383 1.017549 0.176984 -0.906424 0.914705 0.165504 -0.918391 0.815813 0.146862 -0.937826 0.724674 0.121773 -0.963980 0.644790 0.091203 -0.995849 0.579230 0.056326 -1.032209 0.530515 0.018481 -1.071661 0.500517 0.036262 -1.075765 1.534581 0.091203 -1.040259 1.504582 0.141837 -1.007536 1.455868 0.186219 -0.978855 1.390308 0.222641 -0.955316 1.310424 0.249706 -0.937826 1.219285 0.266372 -0.927055 1.120393 0.272000 -0.923419 1.017549 0.266372 -0.927055 0.914705 0.249706 -0.937826 0.815813 0.222641 -0.955316 0.724674 0.186219 -0.978855 0.644790 0.141837 -1.007536 0.579230 0.091203 -1.040259 0.530515 0.036262 -1.075765 0.500517 0.051846 -1.081288 1.534581 0.121773 -1.051092 1.504582 0.186219 -1.023264 1.455868 0.242705 -0.998872 1.390308 0.289063 -0.978855 1.310424 0.323509 -0.963980 1.219285 0.344721 -0.954821 1.120393 0.351884 -0.951728 1.017549 0.344721 -0.954821 0.914705 0.323509 -0.963980 0.815813 0.289063 -0.978855 0.724674 0.242705 -0.998872 0.644790 0.186219 -1.023264 0.579230 0.121773 -1.051092 0.530515 0.051846 -1.081288 0.500517 0.064636 -1.088017 1.534581 0.146862 -1.064293 1.504582 0.222641 -1.042428 1.455868 0.289063 -1.023264 1.390308 0.343573 -1.007536 1.310424 0.384078 -0.995849 1.219285 0.409021 -0.988653 1.120393 0.417443 -0.986223 1.017549 0.409021 -0.988653 0.914705 0.384078 -0.995849 0.815813 0.343573 -1.007536 0.724674 0.289063 -1.023264 0.644790 0.222641 -1.042428 0.579230 0.146862 -1.064293 0.530515 0.064636 -1.088017 0.500517 -0.020875 -1.112690 1.544710 0.074140 -1.095695 1.534581 0.165504 -1.079353 1.504582 0.249706 -1.064293 1.455868 0.323509 -1.051092 1.390308 0.384078 -1.040259 1.310424 0.429085 -1.032209 1.219285 0.456800 -1.027252 1.120393 0.466158 -1.025578 1.017549 0.456800 -1.027252 0.914705 0.429085 -1.032209 0.815813 0.384078 -1.040259 0.724674 0.323509 -1.051092 0.644790 0.249706 -1.064293 0.579230 0.165504 -1.079353 0.530515 0.074140 -1.095695 0.500517 0.079993 -1.104026 1.534581 0.176984 -1.095695 1.504582 0.266372 -1.088017 1.455868 0.344721 -1.081288 1.390308 0.409021 -1.075765 1.310424 0.456800 -1.071661 1.219285 0.486222 -1.069134 1.120393 0.496157 -1.068280 1.017549 0.486222 -1.069134 0.914705 0.456800 -1.071661 0.815813 0.409021 -1.075765 0.724674 0.344721 -1.081288 0.644790 0.266372 -1.088017 0.579230 0.176984 -1.095695 0.530515 0.079993 -1.104026 0.500517 0.081969 -1.112690 1.534581 0.180861 -1.112690 1.504582 0.272000 -1.112690 1.455868 0.351884 -1.112690 1.390308 0.417443 -1.112690 1.310424 0.466158 -1.112690 1.219285 0.496157 -1.112690 1.120393 0.506286 -1.112690 1.017549 0.496157 -1.112690 0.914705 0.466158 -1.112690 0.815813 0.417443 -1.112690 0.724674 0.351884 -1.112690 0.644790 0.272000 -1.112690 0.579230 0.180861 -1.112690 0.530515 0.081969 -1.112690 0.500517 0.079993 -1.121353 1.534581 0.176984 -1.129684 1.504582 0.266372 -1.137362 1.455868 0.344721 -1.144092 1.390308 0.409021 -1.149615 1.310424 0.456800 -1.153718 1.219285 0.486222 -1.156246 1.120393 0.496156 -1.157099 1.017549 0.486222 -1.156246 0.914705 0.456800 -1.153718 0.815813 0.409021 -1.149615 0.724674 0.344721 -1.144092 0.644790 0.266372 -1.137362 0.579230 0.176984 -1.129684 0.530515 0.079993 -1.121353 0.500517 0.074140 -1.129684 1.534581 0.165504 -1.146026 1.504582 0.249706 -1.161086 1.455868 0.323509 -1.174287 1.390308 0.384078 -1.185121 1.310424 0.429085 -1.193171 1.219285 0.456800 -1.198128 1.120393 0.466158 -1.199802 1.017549 0.456800 -1.198128 0.914705 0.429085 -1.193171 0.815813 0.384078 -1.185121 0.724674 0.323509 -1.174287 0.644790 0.249706 -1.161086 0.579230 0.165504 -1.146026 0.530515 0.074140 -1.129684 0.500517 0.064636 -1.137362 1.534581 0.146862 -1.161086 1.504582 0.222641 -1.182951 1.455868 0.289063 -1.202115 1.390308 0.343573 -1.217843 1.310424 0.384078 -1.229530 1.219285 0.409021 -1.236727 1.120393 0.417443 -1.239156 1.017549 0.409021 -1.236727 0.914705 0.384078 -1.229530 0.815813 0.343573 -1.217843 0.724674 0.289063 -1.202115 0.644790 0.222641 -1.182951 0.579230 0.146862 -1.161086 0.530515 0.064636 -1.137362 0.500517 0.051846 -1.144092 1.534581 0.121773 -1.174287 1.504582 0.186219 -1.202115 1.455868 0.242705 -1.226507 1.390308 0.289063 -1.246524 1.310424 0.323509 -1.261399 1.219285 0.344721 -1.270559 1.120393 0.351884 -1.273651 1.017549 0.344721 -1.270559 0.914705 0.323509 -1.261399 0.815813 0.289063 -1.246524 0.724674 0.242705 -1.226507 0.644790 0.186219 -1.202115 0.579230 0.121773 -1.174287 0.530515 0.051846 -1.144092 0.500517 0.036262 -1.149615 1.534581 0.091203 -1.185121 1.504582 0.141837 -1.217843 1.455868 0.186219 -1.246524 1.390308 0.222641 -1.270063 1.310424 0.249706 -1.287553 1.219285 0.266372 -1.298324 1.120393 0.272000 -1.301961 1.017549 0.266372 -1.298324 0.914705 0.249706 -1.287553 0.815813 0.222641 -1.270063 0.724674 0.186219 -1.246524 0.644790 0.141837 -1.217843 0.579230 0.091203 -1.185121 0.530515 0.036262 -1.149615 0.500517 0.018481 -1.153718 1.534581 0.056326 -1.193171 1.504582 0.091203 -1.229530 1.455868 0.121773 -1.261399 1.390308 0.146862 -1.287553 1.310424 0.165504 -1.306988 1.219285 0.176984 -1.318955 1.120393 0.180860 -1.322996 1.017549 0.176984 -1.318955 0.914705 0.165504 -1.306988 0.815813 0.146862 -1.287553 0.724674 0.121773 -1.261399 0.644790 0.091203 -1.229530 0.579230 0.056326 -1.193171 0.530515 0.018481 -1.153718 0.500517 -0.000811 -1.156246 1.534581 0.018481 -1.198128 1.504582 0.036262 -1.236726 1.455868 0.051846 -1.270559 1.390308 0.064636 -1.298324 1.310424 0.074140 -1.318955 1.219285 0.079993 -1.331660 1.120393 0.081969 -1.335950 1.017549 0.079993 -1.331660 0.914705 0.074140 -1.318955 0.815813 0.064636 -1.298324 0.724674 0.051846 -1.270559 0.644790 0.036262 -1.236726 0.579230 0.018481 -1.198128 0.530515 -0.000811 -1.156246 0.500517 -0.020875 -1.157099 1.534581 -0.020875 -1.199802 1.504582 -0.020875 -1.239156 1.455868 -0.020875 -1.273651 1.390308 -0.020875 -1.301961 1.310424 -0.020875 -1.322996 1.219285 -0.020875 -1.335950 1.120393 -0.020875 -1.340324 1.017549 -0.020875 -1.335950 0.914705 -0.020875 -1.322996 0.815813 -0.020875 -1.301961 0.724674 -0.020875 -1.273651 0.644790 -0.020875 -1.239156 0.579230 -0.020875 -1.199802 0.530515 -0.020875 -1.157099 0.500517 -0.040939 -1.156246 1.534581 -0.060232 -1.198128 1.504582 -0.078012 -1.236726 1.455868 -0.093597 -1.270559 1.390308 -0.106387 -1.298324 1.310424 -0.115891 -1.318955 1.219285 -0.121743 -1.331660 1.120393 -0.123719 -1.335950 1.017549 -0.121743 -1.331660 0.914705 -0.115891 -1.318955 0.815813 -0.106387 -1.298324 0.724674 -0.093597 -1.270559 0.644790 -0.078012 -1.236726 0.579230 -0.060232 -1.198128 0.530515 -0.040939 -1.156246 0.500517 -0.060232 -1.153718 1.534581 -0.098076 -1.193171 1.504582 -0.132954 -1.229530 1.455868 -0.163524 -1.261399 1.390308 -0.188613 -1.287553 1.310424 -0.207255 -1.306988 1.219285 -0.218735 -1.318955 1.120393 -0.222611 -1.322996 1.017549 -0.218735 -1.318955 0.914705 -0.207255 -1.306988 0.815813 -0.188613 -1.287553 0.724674 -0.163524 -1.261399 0.644790 -0.132954 -1.229530 0.579230 -0.098076 -1.193171 0.530515 -0.060232 -1.153718 0.500517 -0.078012 -1.149615 1.534581 -0.132954 -1.185120 1.504582 -0.183588 -1.217843 1.455868 -0.227969 -1.246524 1.390308 -0.264392 -1.270063 1.310424 -0.291456 -1.287553 1.219285 -0.308123 -1.298324 1.120393 -0.313750 -1.301960 1.017549 -0.308123 -1.298324 0.914705 -0.291456 -1.287553 0.815813 -0.264392 -1.270063 0.724674 -0.227969 -1.246524 0.644790 -0.183588 -1.217843 0.579230 -0.132954 -1.185120 0.530515 -0.078012 -1.149615 0.500517 -0.093597 -1.144092 1.534581 -0.163524 -1.174287 1.504582 -0.227969 -1.202115 1.455868 -0.284456 -1.226507 1.390308 -0.330813 -1.246524 1.310424 -0.365260 -1.261399 1.219285 -0.386472 -1.270558 1.120393 -0.393634 -1.273651 1.017549 -0.386472 -1.270558 0.914705 -0.365260 -1.261399 0.815813 -0.330813 -1.246524 0.724674 -0.284456 -1.226507 0.644790 -0.227969 -1.202115 0.579230 -0.163524 -1.174287 0.530515 -0.093597 -1.144092 0.500517 -0.020875 -1.112690 0.490388 -0.106387 -1.137362 1.534581 -0.188613 -1.161086 1.504582 -0.264392 -1.182951 1.455868 -0.330813 -1.202115 1.390308 -0.385324 -1.217843 1.310424 -0.425829 -1.229530 1.219285 -0.450772 -1.236726 1.120393 -0.459194 -1.239156 1.017549 -0.450772 -1.236726 0.914705 -0.425829 -1.229530 0.815813 -0.385324 -1.217843 0.724674 -0.330813 -1.202115 0.644790 -0.264392 -1.182951 0.579230 -0.188613 -1.161086 0.530515 -0.106387 -1.137362 0.500517 -0.115891 -1.129684 1.534581 -0.207255 -1.146026 1.504582 -0.291456 -1.161086 1.455868 -0.365260 -1.174287 1.390308 -0.425829 -1.185120 1.310424 -0.470835 -1.193171 1.219285 -0.498550 -1.198128 1.120393 -0.507908 -1.199801 1.017549 -0.498550 -1.198128 0.914705 -0.470835 -1.193171 0.815813 -0.425829 -1.185120 0.724674 -0.365260 -1.174287 0.644790 -0.291456 -1.161086 0.579230 -0.207255 -1.146026 0.530515 -0.115891 -1.129684 0.500517 -0.121743 -1.121353 1.534581 -0.218735 -1.129684 1.504582 -0.308123 -1.137362 1.455868 -0.386472 -1.144092 1.390308 -0.450771 -1.149615 1.310424 -0.498550 -1.153718 1.219285 -0.527972 -1.156245 1.120393 -0.537907 -1.157099 1.017549 -0.527972 -1.156245 0.914705 -0.498550 -1.153718 0.815813 -0.450771 -1.149615 0.724674 -0.386472 -1.144092 0.644790 -0.308123 -1.137362 0.579230 -0.218735 -1.129684 0.530515 -0.121743 -1.121353 0.500517 -0.123719 -1.112690 1.534581 -0.222611 -1.112690 1.504582 -0.313750 -1.112690 1.455868 -0.393634 -1.112690 1.390308 -0.459194 -1.112690 1.310424 -0.507909 -1.112690 1.219285 -0.537907 -1.112689 1.120393 -0.548036 -1.112689 1.017549 -0.537907 -1.112689 0.914705 -0.507909 -1.112690 0.815813 -0.459194 -1.112690 0.724674 -0.393634 -1.112690 0.644790 -0.313750 -1.112690 0.579230 -0.222611 -1.112690 0.530515 -0.123719 -1.112690 0.500517 -0.121743 -1.104026 1.534581 -0.218735 -1.095695 1.504582 -0.308123 -1.088017 1.455868 -0.386472 -1.081288 1.390308 -0.450771 -1.075765 1.310424 -0.498550 -1.071661 1.219285 -0.527972 -1.069134 1.120393 -0.537907 -1.068280 1.017549 -0.527972 -1.069134 0.914705 -0.498550 -1.071661 0.815813 -0.450771 -1.075765 0.724674 -0.386472 -1.081288 0.644790 -0.308123 -1.088017 0.579230 -0.218735 -1.095695 0.530515 -0.121743 -1.104026 0.500517 -0.115891 -1.095695 1.534581 -0.207255 -1.079353 1.504582 -0.291456 -1.064293 1.455868 -0.365260 -1.051092 1.390308 -0.425829 -1.040259 1.310424 -0.470835 -1.032209 1.219285 -0.498550 -1.027251 1.120393 -0.507908 -1.025578 1.017549 -0.498550 -1.027251 0.914705 -0.470835 -1.032209 0.815813 -0.425829 -1.040259 0.724674 -0.365260 -1.051092 0.644790 -0.291456 -1.064293 0.579230 -0.207255 -1.079353 0.530515 -0.115891 -1.095695 0.500517 -0.106387 -1.088017 1.534581 -0.188612 -1.064293 1.504582 -0.264392 -1.042428 1.455868 -0.330813 -1.023264 1.390308 -0.385324 -1.007536 1.310424 -0.425829 -0.995849 1.219285 -0.450771 -0.988653 1.120393 -0.459193 -0.986223 1.017549 -0.450771 -0.988653 0.914705 -0.425829 -0.995849 0.815813 -0.385324 -1.007536 0.724674 -0.330813 -1.023264 0.644790 -0.264392 -1.042428 0.579230 -0.188612 -1.064293 0.530515 -0.106387 -1.088017 0.500517 -0.093597 -1.081288 1.534581 -0.163524 -1.051092 1.504582 -0.227969 -1.023264 1.455868 -0.284456 -0.998872 1.390308 -0.330813 -0.978855 1.310424 -0.365260 -0.963980 1.219285 -0.386472 -0.954821 1.120393 -0.393634 -0.951728 1.017549 -0.386472 -0.954821 0.914705 -0.365260 -0.963980 0.815813 -0.330813 -0.978855 0.724674 -0.284456 -0.998872 0.644790 -0.227969 -1.023264 0.579230 -0.163524 -1.051092 0.530515 -0.093597 -1.081288 0.500517 -0.078012 -1.075765 1.534581 -0.132954 -1.040259 1.504582 -0.183588 -1.007536 1.455868 -0.227969 -0.978855 1.390308 -0.264392 -0.955317 1.310424 -0.291456 -0.937826 1.219285 -0.308123 -0.927055 1.120393 -0.313750 -0.923419 1.017549 -0.308123 -0.927055 0.914705 -0.291456 -0.937826 0.815813 -0.264392 -0.955317 0.724674 -0.227969 -0.978855 0.644790 -0.183588 -1.007536 0.579230 -0.132954 -1.040259 0.530515 -0.078012 -1.075765 0.500517 -0.060232 -1.071661 1.534581 -0.098076 -1.032209 1.504582 -0.132954 -0.995850 1.455868 -0.163524 -0.963980 1.390308 -0.188612 -0.937826 1.310424 -0.207255 -0.918392 1.219285 -0.218735 -0.906424 1.120393 -0.222611 -0.902383 1.017549 -0.218735 -0.906424 0.914705 -0.207255 -0.918392 0.815813 -0.188612 -0.937826 0.724674 -0.163524 -0.963980 0.644790 -0.132954 -0.995850 0.579230 -0.098076 -1.032209 0.530515 -0.060232 -1.071661 0.500517 -0.040939 -1.069134 1.534581 -0.060232 -1.027252 1.504582 -0.078012 -0.988653 1.455868 -0.093597 -0.954821 1.390308 -0.106387 -0.927055 1.310424 -0.115891 -0.906424 1.219285 -0.121743 -0.893719 1.120393 -0.123719 -0.889429 1.017549 -0.121743 -0.893719 0.914705 -0.115891 -0.906424 0.815813 -0.106387 -0.927055 0.724674 -0.093597 -0.954821 0.644790 -0.078012 -0.988653 0.579230 -0.060232 -1.027252 0.530515 -0.040939 -1.069134 0.500517 -0.020875 -1.068280 1.534581 -0.020875 -1.025578 1.504582 -0.020875 -0.951728 1.390308 -0.020875 -0.902383 1.219285 -0.020875 -0.902383 0.815813 -0.020875 -0.951728 0.644790 -0.020875 -0.986223 0.579230 -0.020875 -1.025578 0.530515 -0.020875 -1.068280 0.500517 0.275553 -0.638597 -0.030208 0.253635 -1.070316 1.002240 0.304951 -0.656591 -0.069937 0.283033 -1.088310 0.962511 0.322554 -0.675967 -0.113015 0.300636 -1.107686 0.919432 0.327685 -0.695981 -0.157788 0.305767 -1.127700 0.874659 0.320147 -0.715863 -0.202535 0.298229 -1.147582 0.829912 0.300229 -0.734849 -0.245536 0.278311 -1.166569 0.786911 0.268697 -0.752210 -0.285139 0.246779 -1.183930 0.747309 0.226763 -0.767279 -0.319822 0.204845 -1.198998 0.712626 0.176038 -0.779476 -0.348251 0.154120 -1.211195 0.684196 0.118472 -0.788333 -0.369335 0.096554 -1.220052 0.663112 0.056276 -0.793509 -0.382264 0.034358 -1.225228 0.650184 -0.008158 -0.794806 -0.386539 -0.030076 -1.226525 0.645909 -0.072355 -0.792173 -0.381998 -0.094273 -1.223892 0.650450 -0.133849 -0.785712 -0.368814 -0.155767 -1.217431 0.663634 -0.190275 -0.775671 -0.347495 -0.212193 -1.207390 0.684953 -0.239465 -0.762436 -0.318858 -0.261383 -1.194155 0.713589 -0.279529 -0.746516 -0.284006 -0.301447 -1.178235 0.748441 -0.308927 -0.728522 -0.244278 -0.330845 -1.160241 0.788170 -0.326530 -0.709145 -0.201199 -0.348448 -1.140865 0.831249 -0.331660 -0.689132 -0.156426 -0.353578 -1.120851 0.876022 -0.324122 -0.669250 -0.111679 -0.346040 -1.100969 0.920768 -0.304204 -0.650263 -0.068678 -0.326122 -1.081982 0.963769 -0.272673 -0.632902 -0.029075 -0.294591 -1.064621 1.003372 -0.230739 -0.617833 0.005607 -0.252657 -1.049553 1.038055 -0.180014 -0.605636 0.034037 -0.201932 -1.037356 1.066484 -0.122447 -0.596779 0.055121 -0.144365 -1.028499 1.087569 -0.060252 -0.591603 0.068049 -0.082170 -1.023323 1.100497 0.004182 -0.590307 0.072325 -0.017735 -1.022026 1.104772 0.068380 -0.592939 0.067783 0.046462 -1.024659 1.100231 0.129873 -0.599401 0.054599 0.107955 -1.031120 1.087047 0.186299 -0.609441 0.033280 0.164381 -1.041161 1.065728 0.235489 -0.622676 0.004644 0.213571 -1.054396 1.037092 0.140122 -1.327693 1.015845 -0.005812 -1.416888 0.642352 0.152722 -1.213070 0.704595 -0.002176 -1.383809 0.552528 -0.267903 -1.314555 1.025276 -0.171518 -1.411553 0.646183 -0.255302 -1.199931 0.714026 -0.167882 -1.378473 0.556358 -0.106667 -1.021749 1.263535 -0.291998 -1.020417 1.593664 -0.118636 -1.160084 1.386957 -0.295452 -1.060340 1.629283 -0.440021 -1.029817 1.182711 -0.427379 -1.023694 1.560840 -0.451990 -1.168152 1.306133 -0.430834 -1.063616 1.596459 "
							            />
							<TextureCoordinate point="0.7500 0.0625 0.7500 0.1250 0.7188 0.1250 0.7188 0.0625 0.7500 0.5000 0.7500 0.5625 0.7188 0.5625 0.7188 0.5000 0.7500 0.9375 0.7344 1.0000 0.7188 0.9375 0.7344 0.0000 0.7500 0.0625 0.7188 0.0625 0.7500 0.4375 0.7500 0.5000 0.7188 0.5000 0.7188 0.4375 0.7500 0.8750 0.7500 0.9375 0.7188 0.9375 0.7188 0.8750 0.7500 0.3750 0.7500 0.4375 0.7188 0.4375 0.7188 0.3750 0.7500 0.8125 0.7500 0.8750 0.7188 0.8750 0.7188 0.8125 0.7500 0.3125 0.7500 0.3750 0.7188 0.3750 0.7188 0.3125 0.7500 0.7500 0.7500 0.8125 0.7188 0.8125 0.7188 0.7500 0.7500 0.2500 0.7500 0.3125 0.7188 0.3125 0.7188 0.2500 0.7500 0.6875 0.7500 0.7500 0.7188 0.7500 0.7188 0.6875 0.7500 0.1875 0.7500 0.2500 0.7188 0.2500 0.7188 0.1875 0.7500 0.6250 0.7500 0.6875 0.7188 0.6875 0.7188 0.6250 0.7500 0.1250 0.7500 0.1875 0.7188 0.1875 0.7188 0.1250 0.7500 0.5625 0.7500 0.6250 0.7188 0.6250 0.7188 0.5625 0.7188 0.1250 0.7188 0.1875 0.6875 0.1875 0.6875 0.1250 0.7188 0.5625 0.7188 0.6250 0.6875 0.6250 0.6875 0.5625 0.7188 0.0625 0.7188 0.1250 0.6875 0.1250 0.6875 0.0625 0.7188 0.5000 0.7188 0.5625 0.6875 0.5625 0.6875 0.5000 0.7188 0.9375 0.7031 1.0000 0.6875 0.9375 0.7031 0.0000 0.7188 0.0625 0.6875 0.0625 0.7188 0.4375 0.7188 0.5000 0.6875 0.5000 0.6875 0.4375 0.7188 0.8750 0.7188 0.9375 0.6875 0.9375 0.6875 0.8750 0.7188 0.3750 0.7188 0.4375 0.6875 0.4375 0.6875 0.3750 0.7188 0.8125 0.7188 0.8750 0.6875 0.8750 0.6875 0.8125 0.7188 0.3125 0.7188 0.3750 0.6875 0.3750 0.6875 0.3125 0.7188 0.7500 0.7188 0.8125 0.6875 0.8125 0.6875 0.7500 0.7188 0.2500 0.7188 0.3125 0.6875 0.3125 0.6875 0.2500 0.7188 0.6875 0.7188 0.7500 0.6875 0.7500 0.6875 0.6875 0.7188 0.1875 0.7188 0.2500 0.6875 0.2500 0.6875 0.1875 0.7188 0.6250 0.7188 0.6875 0.6875 0.6875 0.6875 0.6250 0.6875 0.8125 0.6875 0.8750 0.6562 0.8750 0.6562 0.8125 0.6875 0.3125 0.6875 0.3750 0.6562 0.3750 0.6562 0.3125 0.6875 0.7500 0.6875 0.8125 0.6562 0.8125 0.6562 0.7500 0.6875 0.2500 0.6875 0.3125 0.6562 0.3125 0.6562 0.2500 0.6875 0.6875 0.6875 0.7500 0.6562 0.7500 0.6562 0.6875 0.6875 0.1875 0.6875 0.2500 0.6562 0.2500 0.6562 0.1875 0.6875 0.6250 0.6875 0.6875 0.6562 0.6875 0.6562 0.6250 0.6875 0.1250 0.6875 0.1875 0.6562 0.1875 0.6562 0.1250 0.6875 0.5625 0.6875 0.6250 0.6562 0.6250 0.6562 0.5625 0.6875 0.0625 0.6875 0.1250 0.6562 0.1250 0.6562 0.0625 0.6875 0.5000 0.6875 0.5625 0.6562 0.5625 0.6562 0.5000 0.6875 0.9375 0.6719 1.0000 0.6562 0.9375 0.6719 0.0000 0.6875 0.0625 0.6562 0.0625 0.6875 0.4375 0.6875 0.5000 0.6562 0.5000 0.6562 0.4375 0.6875 0.8750 0.6875 0.9375 0.6562 0.9375 0.6562 0.8750 0.6875 0.3750 0.6875 0.4375 0.6562 0.4375 0.6562 0.3750 0.6562 0.5625 0.6562 0.6250 0.6250 0.6250 0.6250 0.5625 0.6562 0.0625 0.6562 0.1250 0.6250 0.1250 0.6250 0.0625 0.6562 0.5000 0.6562 0.5625 0.6250 0.5625 0.6250 0.5000 0.6562 0.9375 0.6406 1.0000 0.6250 0.9375 0.6406 0.0000 0.6562 0.0625 0.6250 0.0625 0.6562 0.4375 0.6562 0.5000 0.6250 0.5000 0.6250 0.4375 0.6562 0.8750 0.6562 0.9375 0.6250 0.9375 0.6250 0.8750 0.6562 0.3750 0.6562 0.4375 0.6250 0.4375 0.6250 0.3750 0.6562 0.8125 0.6562 0.8750 0.6250 0.8750 0.6250 0.8125 0.6562 0.3125 0.6562 0.3750 0.6250 0.3750 0.6250 0.3125 0.6562 0.7500 0.6562 0.8125 0.6250 0.8125 0.6250 0.7500 0.6562 0.2500 0.6562 0.3125 0.6250 0.3125 0.6250 0.2500 0.6562 0.6875 0.6562 0.7500 0.6250 0.7500 0.6250 0.6875 0.6562 0.1875 0.6562 0.2500 0.6250 0.2500 0.6250 0.1875 0.6562 0.6250 0.6562 0.6875 0.6250 0.6875 0.6250 0.6250 0.6562 0.1250 0.6562 0.1875 0.6250 0.1875 0.6250 0.1250 0.6250 0.3125 0.6250 0.3750 0.5938 0.3750 0.5938 0.3125 0.6250 0.7500 0.6250 0.8125 0.5938 0.8125 0.5938 0.7500 0.6250 0.2500 0.6250 0.3125 0.5938 0.3125 0.5938 0.2500 0.6250 0.6875 0.6250 0.7500 0.5938 0.7500 0.5938 0.6875 0.6250 0.1875 0.6250 0.2500 0.5938 0.2500 0.5938 0.1875 0.6250 0.6250 0.6250 0.6875 0.5938 0.6875 0.5938 0.6250 0.6250 0.1250 0.6250 0.1875 0.5938 0.1875 0.5938 0.1250 0.6250 0.5625 0.6250 0.6250 0.5938 0.6250 0.5938 0.5625 0.6250 0.0625 0.6250 0.1250 0.5938 0.1250 0.5938 0.0625 0.6250 0.5000 0.6250 0.5625 0.5938 0.5625 0.5938 0.5000 0.6250 0.9375 0.6094 1.0000 0.5938 0.9375 0.6094 0.0000 0.6250 0.0625 0.5938 0.0625 0.6250 0.4375 0.6250 0.5000 0.5938 0.5000 0.5938 0.4375 0.6250 0.8750 0.6250 0.9375 0.5938 0.9375 0.5938 0.8750 0.6250 0.3750 0.6250 0.4375 0.5938 0.4375 0.5938 0.3750 0.6250 0.8125 0.6250 0.8750 0.5938 0.8750 0.5938 0.8125 0.5938 0.0625 0.5938 0.1250 0.5625 0.1250 0.5625 0.0625 0.5938 0.5000 0.5938 0.5625 0.5625 0.5625 0.5625 0.5000 0.5938 0.9375 0.5781 1.0000 0.5625 0.9375 0.5781 0.0000 0.5938 0.0625 0.5625 0.0625 0.5938 0.4375 0.5938 0.5000 0.5625 0.5000 0.5625 0.4375 0.5938 0.8750 0.5938 0.9375 0.5625 0.9375 0.5625 0.8750 0.5938 0.3750 0.5938 0.4375 0.5625 0.4375 0.5625 0.3750 0.5938 0.8125 0.5938 0.8750 0.5625 0.8750 0.5625 0.8125 0.5938 0.3125 0.5938 0.3750 0.5625 0.3750 0.5625 0.3125 0.5938 0.7500 0.5938 0.8125 0.5625 0.8125 0.5625 0.7500 0.5938 0.2500 0.5938 0.3125 0.5625 0.3125 0.5625 0.2500 0.5938 0.6875 0.5938 0.7500 0.5625 0.7500 0.5625 0.6875 0.5938 0.1875 0.5938 0.2500 0.5625 0.2500 0.5625 0.1875 0.5938 0.6250 0.5938 0.6875 0.5625 0.6875 0.5625 0.6250 0.5938 0.1250 0.5938 0.1875 0.5625 0.1875 0.5625 0.1250 0.5938 0.5625 0.5938 0.6250 0.5625 0.6250 0.5625 0.5625 0.5625 0.2500 0.5625 0.3125 0.5312 0.3125 0.5312 0.2500 0.5625 0.6875 0.5625 0.7500 0.5312 0.7500 0.5312 0.6875 0.5625 0.1875 0.5625 0.2500 0.5312 0.2500 0.5312 0.1875 0.5625 0.6250 0.5625 0.6875 0.5312 0.6875 0.5312 0.6250 0.5625 0.1250 0.5625 0.1875 0.5312 0.1875 0.5312 0.1250 0.5625 0.5625 0.5625 0.6250 0.5312 0.6250 0.5312 0.5625 0.5625 0.0625 0.5625 0.1250 0.5312 0.1250 0.5312 0.0625 0.5625 0.5000 0.5625 0.5625 0.5312 0.5625 0.5312 0.5000 0.5625 0.9375 0.5469 1.0000 0.5312 0.9375 0.5469 0.0000 0.5625 0.0625 0.5312 0.0625 0.5625 0.4375 0.5625 0.5000 0.5312 0.5000 0.5312 0.4375 0.5625 0.8750 0.5625 0.9375 0.5312 0.9375 0.5312 0.8750 0.5625 0.3750 0.5625 0.4375 0.5312 0.4375 0.5312 0.3750 0.5625 0.8125 0.5625 0.8750 0.5312 0.8750 0.5312 0.8125 0.5625 0.3125 0.5625 0.3750 0.5312 0.3750 0.5312 0.3125 0.5625 0.7500 0.5625 0.8125 0.5312 0.8125 0.5312 0.7500 0.5312 0.9375 0.5156 1.0000 0.5000 0.9375 0.5156 0.0000 0.5312 0.0625 0.5000 0.0625 0.5312 0.4375 0.5312 0.5000 0.5000 0.5000 0.5000 0.4375 0.5312 0.8750 0.5312 0.9375 0.5000 0.9375 0.5000 0.8750 0.5312 0.3750 0.5312 0.4375 0.5000 0.4375 0.5000 0.3750 0.5312 0.8125 0.5312 0.8750 0.5000 0.8750 0.5000 0.8125 0.5312 0.3125 0.5312 0.3750 0.5000 0.3750 0.5000 0.3125 0.5312 0.7500 0.5312 0.8125 0.5000 0.8125 0.5000 0.7500 0.5312 0.2500 0.5312 0.3125 0.5000 0.3125 0.5000 0.2500 0.5312 0.6875 0.5312 0.7500 0.5000 0.7500 0.5000 0.6875 0.5312 0.1875 0.5312 0.2500 0.5000 0.2500 0.5000 0.1875 0.5312 0.6250 0.5312 0.6875 0.5000 0.6875 0.5000 0.6250 0.5312 0.1250 0.5312 0.1875 0.5000 0.1875 0.5000 0.1250 0.5312 0.5625 0.5312 0.6250 0.5000 0.6250 0.5000 0.5625 0.5312 0.0625 0.5312 0.1250 0.5000 0.1250 0.5000 0.0625 0.5312 0.5000 0.5312 0.5625 0.5000 0.5625 0.5000 0.5000 0.5000 0.6875 0.5000 0.7500 0.4688 0.7500 0.4687 0.6875 0.5000 0.1875 0.5000 0.2500 0.4688 0.2500 0.4688 0.1875 0.5000 0.6250 0.5000 0.6875 0.4687 0.6875 0.4688 0.6250 0.5000 0.1250 0.5000 0.1875 0.4688 0.1875 0.4688 0.1250 0.5000 0.5625 0.5000 0.6250 0.4688 0.6250 0.4688 0.5625 0.5000 0.0625 0.5000 0.1250 0.4688 0.1250 0.4688 0.0625 0.5000 0.5000 0.5000 0.5625 0.4688 0.5625 0.4687 0.5000 0.5000 0.9375 0.4844 1.0000 0.4688 0.9375 0.4844 0.0000 0.5000 0.0625 0.4688 0.0625 0.5000 0.4375 0.5000 0.5000 0.4687 0.5000 0.4688 0.4375 0.5000 0.8750 0.5000 0.9375 0.4688 0.9375 0.4688 0.8750 0.5000 0.3750 0.5000 0.4375 0.4688 0.4375 0.4688 0.3750 0.5000 0.8125 0.5000 0.8750 0.4688 0.8750 0.4688 0.8125 0.5000 0.3125 0.5000 0.3750 0.4688 0.3750 0.4687 0.3125 0.5000 0.7500 0.5000 0.8125 0.4688 0.8125 0.4688 0.7500 0.5000 0.2500 0.5000 0.3125 0.4687 0.3125 0.4688 0.2500 0.4688 0.4375 0.4687 0.5000 0.4375 0.5000 0.4375 0.4375 0.4688 0.8750 0.4688 0.9375 0.4375 0.9375 0.4375 0.8750 0.4688 0.3750 0.4688 0.4375 0.4375 0.4375 0.4375 0.3750 0.4688 0.8125 0.4688 0.8750 0.4375 0.8750 0.4375 0.8125 0.4687 0.3125 0.4688 0.3750 0.4375 0.3750 0.4375 0.3125 0.4688 0.7500 0.4688 0.8125 0.4375 0.8125 0.4375 0.7500 0.4688 0.2500 0.4687 0.3125 0.4375 0.3125 0.4375 0.2500 0.4687 0.6875 0.4688 0.7500 0.4375 0.7500 0.4375 0.6875 0.4688 0.1875 0.4688 0.2500 0.4375 0.2500 0.4375 0.1875 0.4688 0.6250 0.4687 0.6875 0.4375 0.6875 0.4375 0.6250 0.4688 0.1250 0.4688 0.1875 0.4375 0.1875 0.4375 0.1250 0.4688 0.5625 0.4688 0.6250 0.4375 0.6250 0.4375 0.5625 0.4688 0.0625 0.4688 0.1250 0.4375 0.1250 0.4375 0.0625 0.4687 0.5000 0.4688 0.5625 0.4375 0.5625 0.4375 0.5000 0.4688 0.9375 0.4531 1.0000 0.4375 0.9375 0.4531 0.0000 0.4688 0.0625 0.4375 0.0625 0.4375 0.1875 0.4375 0.2500 0.4062 0.2500 0.4062 0.1875 0.4375 0.6250 0.4375 0.6875 0.4062 0.6875 0.4062 0.6250 0.4375 0.1250 0.4375 0.1875 0.4062 0.1875 0.4062 0.1250 0.4375 0.5625 0.4375 0.6250 0.4062 0.6250 0.4062 0.5625 0.4375 0.0625 0.4375 0.1250 0.4062 0.1250 0.4062 0.0625 0.4375 0.5000 0.4375 0.5625 0.4062 0.5625 0.4062 0.5000 0.4375 0.9375 0.4219 1.0000 0.4062 0.9375 0.4219 0.0000 0.4375 0.0625 0.4062 0.0625 0.4375 0.4375 0.4375 0.5000 0.4062 0.5000 0.4062 0.4375 0.4375 0.8750 0.4375 0.9375 0.4062 0.9375 0.4062 0.8750 0.4375 0.3750 0.4375 0.4375 0.4062 0.4375 0.4062 0.3750 0.4375 0.8125 0.4375 0.8750 0.4062 0.8750 0.4062 0.8125 0.4375 0.3125 0.4375 0.3750 0.4062 0.3750 0.4062 0.3125 0.4375 0.7500 0.4375 0.8125 0.4062 0.8125 0.4062 0.7500 0.4375 0.2500 0.4375 0.3125 0.4062 0.3125 0.4062 0.2500 0.4375 0.6875 0.4375 0.7500 0.4062 0.7500 0.4062 0.6875 0.4062 0.8750 0.4062 0.9375 0.3750 0.9375 0.3750 0.8750 0.4062 0.3750 0.4062 0.4375 0.3750 0.4375 0.3750 0.3750 0.4062 0.8125 0.4062 0.8750 0.3750 0.8750 0.3750 0.8125 0.4062 0.3125 0.4062 0.3750 0.3750 0.3750 0.3750 0.3125 0.4062 0.7500 0.4062 0.8125 0.3750 0.8125 0.3750 0.7500 0.4062 0.2500 0.4062 0.3125 0.3750 0.3125 0.3750 0.2500 0.4062 0.6875 0.4062 0.7500 0.3750 0.7500 0.3750 0.6875 0.4062 0.1875 0.4062 0.2500 0.3750 0.2500 0.3750 0.1875 0.4062 0.6250 0.4062 0.6875 0.3750 0.6875 0.3750 0.6250 0.4062 0.1250 0.4062 0.1875 0.3750 0.1875 0.3750 0.1250 0.4062 0.5625 0.4062 0.6250 0.3750 0.6250 0.3750 0.5625 0.4062 0.0625 0.4062 0.1250 0.3750 0.1250 0.3750 0.0625 0.4062 0.5000 0.4062 0.5625 0.3750 0.5625 0.3750 0.5000 0.4062 0.9375 0.3906 1.0000 0.3750 0.9375 0.3906 0.0000 0.4062 0.0625 0.3750 0.0625 0.4062 0.4375 0.4062 0.5000 0.3750 0.5000 0.3750 0.4375 0.3750 0.6250 0.3750 0.6875 0.3438 0.6875 0.3438 0.6250 0.3750 0.1250 0.3750 0.1875 0.3438 0.1875 0.3438 0.1250 0.3750 0.5625 0.3750 0.6250 0.3438 0.6250 0.3438 0.5625 0.3750 0.0625 0.3750 0.1250 0.3438 0.1250 0.3438 0.0625 0.3750 0.5000 0.3750 0.5625 0.3438 0.5625 0.3437 0.5000 0.3750 0.9375 0.3594 1.0000 0.3438 0.9375 0.3594 0.0000 0.3750 0.0625 0.3438 0.0625 0.3750 0.4375 0.3750 0.5000 0.3437 0.5000 0.3438 0.4375 0.3750 0.8750 0.3750 0.9375 0.3438 0.9375 0.3438 0.8750 0.3750 0.3750 0.3750 0.4375 0.3438 0.4375 0.3438 0.3750 0.3750 0.8125 0.3750 0.8750 0.3438 0.8750 0.3438 0.8125 0.3750 0.3125 0.3750 0.3750 0.3438 0.3750 0.3438 0.3125 0.3750 0.7500 0.3750 0.8125 0.3438 0.8125 0.3438 0.7500 0.3750 0.2500 0.3750 0.3125 0.3438 0.3125 0.3438 0.2500 0.3750 0.6875 0.3750 0.7500 0.3438 0.7500 0.3438 0.6875 0.3750 0.1875 0.3750 0.2500 0.3438 0.2500 0.3438 0.1875 0.3438 0.3750 0.3438 0.4375 0.3125 0.4375 0.3125 0.3750 0.3438 0.8125 0.3438 0.8750 0.3125 0.8750 0.3125 0.8125 0.3438 0.3125 0.3438 0.3750 0.3125 0.3750 0.3125 0.3125 0.3438 0.7500 0.3438 0.8125 0.3125 0.8125 0.3125 0.7500 0.3438 0.2500 0.3438 0.3125 0.3125 0.3125 0.3125 0.2500 0.3438 0.6875 0.3438 0.7500 0.3125 0.7500 0.3125 0.6875 0.3438 0.1875 0.3438 0.2500 0.3125 0.2500 0.3125 0.1875 0.3438 0.6250 0.3438 0.6875 0.3125 0.6875 0.3125 0.6250 0.3438 0.1250 0.3438 0.1875 0.3125 0.1875 0.3125 0.1250 0.3438 0.5625 0.3438 0.6250 0.3125 0.6250 0.3125 0.5625 0.3438 0.0625 0.3438 0.1250 0.3125 0.1250 0.3125 0.0625 0.3437 0.5000 0.3438 0.5625 0.3125 0.5625 0.3125 0.5000 0.3438 0.9375 0.3281 1.0000 0.3125 0.9375 0.3281 0.0000 0.3438 0.0625 0.3125 0.0625 0.3438 0.4375 0.3437 0.5000 0.3125 0.5000 0.3125 0.4375 0.3438 0.8750 0.3438 0.9375 0.3125 0.9375 0.3125 0.8750 0.3125 0.1250 0.3125 0.1875 0.2812 0.1875 0.2812 0.1250 0.3125 0.5625 0.3125 0.6250 0.2812 0.6250 0.2812 0.5625 0.3125 0.0625 0.3125 0.1250 0.2812 0.1250 0.2812 0.0625 0.3125 0.5000 0.3125 0.5625 0.2812 0.5625 0.2812 0.5000 0.3125 0.9375 0.2969 1.0000 0.2812 0.9375 0.2969 0.0000 0.3125 0.0625 0.2812 0.0625 0.3125 0.4375 0.3125 0.5000 0.2812 0.5000 0.2812 0.4375 0.3125 0.8750 0.3125 0.9375 0.2812 0.9375 0.2812 0.8750 0.3125 0.3750 0.3125 0.4375 0.2812 0.4375 0.2812 0.3750 0.3125 0.8125 0.3125 0.8750 0.2812 0.8750 0.2812 0.8125 0.3125 0.3125 0.3125 0.3750 0.2812 0.3750 0.2812 0.3125 0.3125 0.7500 0.3125 0.8125 0.2812 0.8125 0.2812 0.7500 0.3125 0.2500 0.3125 0.3125 0.2812 0.3125 0.2812 0.2500 0.3125 0.6875 0.3125 0.7500 0.2812 0.7500 0.2812 0.6875 0.3125 0.1875 0.3125 0.2500 0.2812 0.2500 0.2812 0.1875 0.3125 0.6250 0.3125 0.6875 0.2812 0.6875 0.2812 0.6250 0.2812 0.3125 0.2812 0.3750 0.2500 0.3750 0.2500 0.3125 0.2812 0.7500 0.2812 0.8125 0.2500 0.8125 0.2500 0.7500 0.2812 0.2500 0.2812 0.3125 0.2500 0.3125 0.2500 0.2500 0.2812 0.6875 0.2812 0.7500 0.2500 0.7500 0.2500 0.6875 0.2812 0.1875 0.2812 0.2500 0.2500 0.2500 0.2500 0.1875 0.2812 0.6250 0.2812 0.6875 0.2500 0.6875 0.2500 0.6250 0.2812 0.1250 0.2812 0.1875 0.2500 0.1875 0.2500 0.1250 0.2812 0.5625 0.2812 0.6250 0.2500 0.6250 0.2500 0.5625 0.2812 0.0625 0.2812 0.1250 0.2500 0.1250 0.2500 0.0625 0.2812 0.5000 0.2812 0.5625 0.2500 0.5625 0.2500 0.5000 0.2812 0.9375 0.2656 1.0000 0.2500 0.9375 0.2656 0.0000 0.2812 0.0625 0.2500 0.0625 0.2812 0.4375 0.2812 0.5000 0.2500 0.5000 0.2500 0.4375 0.2812 0.8750 0.2812 0.9375 0.2500 0.9375 0.2500 0.8750 0.2812 0.3750 0.2812 0.4375 0.2500 0.4375 0.2500 0.3750 0.2812 0.8125 0.2812 0.8750 0.2500 0.8750 0.2500 0.8125 0.2500 0.0625 0.2500 0.1250 0.2188 0.1250 0.2188 0.0625 0.2500 0.5000 0.2500 0.5625 0.2188 0.5625 0.2187 0.5000 0.2500 0.9375 0.2344 1.0000 0.2188 0.9375 0.2344 0.0000 0.2500 0.0625 0.2188 0.0625 0.2500 0.4375 0.2500 0.5000 0.2187 0.5000 0.2188 0.4375 0.2500 0.8750 0.2500 0.9375 0.2188 0.9375 0.2188 0.8750 0.2500 0.3750 0.2500 0.4375 0.2188 0.4375 0.2188 0.3750 0.2500 0.8125 0.2500 0.8750 0.2188 0.8750 0.2188 0.8125 0.2500 0.3125 0.2500 0.3750 0.2188 0.3750 0.2188 0.3125 0.2500 0.7500 0.2500 0.8125 0.2188 0.8125 0.2188 0.7500 0.2500 0.2500 0.2500 0.3125 0.2188 0.3125 0.2188 0.2500 0.2500 0.6875 0.2500 0.7500 0.2188 0.7500 0.2188 0.6875 0.2500 0.1875 0.2500 0.2500 0.2188 0.2500 0.2188 0.1875 0.2500 0.6250 0.2500 0.6875 0.2188 0.6875 0.2188 0.6250 0.2500 0.1250 0.2500 0.1875 0.2188 0.1875 0.2188 0.1250 0.2500 0.5625 0.2500 0.6250 0.2188 0.6250 0.2188 0.5625 0.2188 0.7500 0.2188 0.8125 0.1875 0.8125 0.1875 0.7500 0.2188 0.2500 0.2188 0.3125 0.1875 0.3125 0.1875 0.2500 0.2188 0.6875 0.2188 0.7500 0.1875 0.7500 0.1875 0.6875 0.2188 0.1875 0.2188 0.2500 0.1875 0.2500 0.1875 0.1875 0.2188 0.6250 0.2188 0.6875 0.1875 0.6875 0.1875 0.6250 0.2188 0.1250 0.2188 0.1875 0.1875 0.1875 0.1875 0.1250 0.2188 0.5625 0.2188 0.6250 0.1875 0.6250 0.1875 0.5625 0.2188 0.0625 0.2188 0.1250 0.1875 0.1250 0.1875 0.0625 0.2187 0.5000 0.2188 0.5625 0.1875 0.5625 0.1875 0.5000 0.2188 0.9375 0.2031 1.0000 0.1875 0.9375 0.2031 0.0000 0.2188 0.0625 0.1875 0.0625 0.2188 0.4375 0.2187 0.5000 0.1875 0.5000 0.1875 0.4375 0.2188 0.8750 0.2188 0.9375 0.1875 0.9375 0.1875 0.8750 0.2188 0.3750 0.2188 0.4375 0.1875 0.4375 0.1875 0.3750 0.2188 0.8125 0.2188 0.8750 0.1875 0.8750 0.1875 0.8125 0.2188 0.3125 0.2188 0.3750 0.1875 0.3750 0.1875 0.3125 0.1875 0.5000 0.1875 0.5625 0.1562 0.5625 0.1562 0.5000 0.1875 0.9375 0.1719 1.0000 0.1563 0.9375 0.1719 0.0000 0.1875 0.0625 0.1563 0.0625 0.1875 0.4375 0.1875 0.5000 0.1562 0.5000 0.1562 0.4375 0.1875 0.8750 0.1875 0.9375 0.1563 0.9375 0.1562 0.8750 0.1875 0.3750 0.1875 0.4375 0.1562 0.4375 0.1563 0.3750 0.1875 0.8125 0.1875 0.8750 0.1562 0.8750 0.1562 0.8125 0.1875 0.3125 0.1875 0.3750 0.1563 0.3750 0.1562 0.3125 0.1875 0.7500 0.1875 0.8125 0.1562 0.8125 0.1562 0.7500 0.1875 0.2500 0.1875 0.3125 0.1562 0.3125 0.1562 0.2500 0.1875 0.6875 0.1875 0.7500 0.1562 0.7500 0.1562 0.6875 0.1875 0.1875 0.1875 0.2500 0.1562 0.2500 0.1562 0.1875 0.1875 0.6250 0.1875 0.6875 0.1562 0.6875 0.1563 0.6250 0.1875 0.1250 0.1875 0.1875 0.1562 0.1875 0.1562 0.1250 0.1875 0.5625 0.1875 0.6250 0.1563 0.6250 0.1562 0.5625 0.1875 0.0625 0.1875 0.1250 0.1562 0.1250 0.1563 0.0625 0.1562 0.2500 0.1562 0.3125 0.1250 0.3125 0.1250 0.2500 0.1562 0.6875 0.1562 0.7500 0.1250 0.7500 0.1250 0.6875 0.1562 0.1875 0.1562 0.2500 0.1250 0.2500 0.1250 0.1875 0.1563 0.6250 0.1562 0.6875 0.1250 0.6875 0.1250 0.6250 0.1562 0.1250 0.1562 0.1875 0.1250 0.1875 0.1250 0.1250 0.1562 0.5625 0.1563 0.6250 0.1250 0.6250 0.1250 0.5625 0.1563 0.0625 0.1562 0.1250 0.1250 0.1250 0.1250 0.0625 0.1562 0.5000 0.1562 0.5625 0.1250 0.5625 0.1250 0.5000 0.1563 0.9375 0.1406 1.0000 0.1250 0.9375 0.1406 0.0000 0.1563 0.0625 0.1250 0.0625 0.1562 0.4375 0.1562 0.5000 0.1250 0.5000 0.1250 0.4375 0.1562 0.8750 0.1563 0.9375 0.1250 0.9375 0.1250 0.8750 0.1563 0.3750 0.1562 0.4375 0.1250 0.4375 0.1250 0.3750 0.1562 0.8125 0.1562 0.8750 0.1250 0.8750 0.1250 0.8125 0.1562 0.3125 0.1563 0.3750 0.1250 0.3750 0.1250 0.3125 0.1562 0.7500 0.1562 0.8125 0.1250 0.8125 0.1250 0.7500 0.1250 0.9375 0.1094 1.0000 0.0938 0.9375 0.1094 0.0000 0.1250 0.0625 0.0938 0.0625 0.1250 0.4375 0.1250 0.5000 0.0937 0.5000 0.0937 0.4375 0.1250 0.8750 0.1250 0.9375 0.0938 0.9375 0.0938 0.8750 0.1250 0.3750 0.1250 0.4375 0.0937 0.4375 0.0938 0.3750 0.1250 0.8125 0.1250 0.8750 0.0938 0.8750 0.0937 0.8125 0.1250 0.3125 0.1250 0.3750 0.0938 0.3750 0.0938 0.3125 0.1250 0.7500 0.1250 0.8125 0.0937 0.8125 0.0938 0.7500 0.1250 0.2500 0.1250 0.3125 0.0938 0.3125 0.0938 0.2500 0.1250 0.6875 0.1250 0.7500 0.0938 0.7500 0.0938 0.6875 0.1250 0.1875 0.1250 0.2500 0.0938 0.2500 0.0937 0.1875 0.1250 0.6250 0.1250 0.6875 0.0938 0.6875 0.0938 0.6250 0.1250 0.1250 0.1250 0.1875 0.0937 0.1875 0.0938 0.1250 0.1250 0.5625 0.1250 0.6250 0.0938 0.6250 0.0937 0.5625 0.1250 0.0625 0.1250 0.1250 0.0938 0.1250 0.0938 0.0625 0.1250 0.5000 0.1250 0.5625 0.0937 0.5625 0.0937 0.5000 0.0938 0.6875 0.0938 0.7500 0.0625 0.7500 0.0625 0.6875 0.0937 0.1875 0.0938 0.2500 0.0625 0.2500 0.0625 0.1875 0.0938 0.6250 0.0938 0.6875 0.0625 0.6875 0.0625 0.6250 0.0938 0.1250 0.0937 0.1875 0.0625 0.1875 0.0625 0.1250 0.0937 0.5625 0.0938 0.6250 0.0625 0.6250 0.0625 0.5625 0.0938 0.0625 0.0938 0.1250 0.0625 0.1250 0.0625 0.0625 0.0937 0.5000 0.0937 0.5625 0.0625 0.5625 0.0625 0.5000 0.0938 0.9375 0.0781 1.0000 0.0625 0.9375 0.0781 0.0000 0.0938 0.0625 0.0625 0.0625 0.0937 0.4375 0.0937 0.5000 0.0625 0.5000 0.0625 0.4375 0.0938 0.8750 0.0938 0.9375 0.0625 0.9375 0.0625 0.8750 0.0938 0.3750 0.0937 0.4375 0.0625 0.4375 0.0625 0.3750 0.0937 0.8125 0.0938 0.8750 0.0625 0.8750 0.0625 0.8125 0.0938 0.3125 0.0938 0.3750 0.0625 0.3750 0.0625 0.3125 0.0938 0.7500 0.0937 0.8125 0.0625 0.8125 0.0625 0.7500 0.0938 0.2500 0.0938 0.3125 0.0625 0.3125 0.0625 0.2500 0.0625 0.4375 0.0625 0.5000 0.0312 0.5000 0.0312 0.4375 0.0625 0.8750 0.0625 0.9375 0.0312 0.9375 0.0312 0.8750 0.0625 0.3750 0.0625 0.4375 0.0312 0.4375 0.0312 0.3750 0.0625 0.8125 0.0625 0.8750 0.0312 0.8750 0.0312 0.8125 0.0625 0.3125 0.0625 0.3750 0.0312 0.3750 0.0312 0.3125 0.0625 0.7500 0.0625 0.8125 0.0312 0.8125 0.0312 0.7500 0.0625 0.2500 0.0625 0.3125 0.0312 0.3125 0.0312 0.2500 0.0625 0.6875 0.0625 0.7500 0.0312 0.7500 0.0312 0.6875 0.0625 0.1875 0.0625 0.2500 0.0312 0.2500 0.0312 0.1875 0.0625 0.6250 0.0625 0.6875 0.0312 0.6875 0.0312 0.6250 0.0625 0.1250 0.0625 0.1875 0.0312 0.1875 0.0312 0.1250 0.0625 0.5625 0.0625 0.6250 0.0312 0.6250 0.0312 0.5625 0.0625 0.0625 0.0625 0.1250 0.0312 0.1250 0.0312 0.0625 0.0625 0.5000 0.0625 0.5625 0.0312 0.5625 0.0312 0.5000 0.0625 0.9375 0.0469 1.0000 0.0312 0.9375 0.0469 0.0000 0.0625 0.0625 0.0312 0.0625 0.0312 0.1875 0.0312 0.2500 0.0000 0.2500 0.0000 0.1875 0.0312 0.6250 0.0312 0.6875 0.0000 0.6875 0.0000 0.6250 0.0312 0.1250 0.0312 0.1875 0.0000 0.1875 0.0000 0.1250 0.0312 0.5625 0.0312 0.6250 0.0000 0.6250 0.0000 0.5625 0.0312 0.0625 0.0312 0.1250 0.0000 0.1250 0.0000 0.0625 0.0312 0.5000 0.0312 0.5625 0.0000 0.5625 0.0000 0.5000 0.0312 0.9375 0.0156 1.0000 0.0000 0.9375 0.0156 0.0000 0.0312 0.0625 0.0000 0.0625 0.0312 0.4375 0.0312 0.5000 0.0000 0.5000 0.0000 0.4375 0.0312 0.8750 0.0312 0.9375 0.0000 0.9375 0.0000 0.8750 0.0312 0.3750 0.0312 0.4375 0.0000 0.4375 0.0000 0.3750 0.0312 0.8125 0.0312 0.8750 0.0000 0.8750 0.0000 0.8125 0.0312 0.3125 0.0312 0.3750 0.0000 0.3750 0.0000 0.3125 0.0312 0.7500 0.0312 0.8125 0.0000 0.8125 0.0000 0.7500 0.0312 0.2500 0.0312 0.3125 0.0000 0.3125 0.0000 0.2500 0.0312 0.6875 0.0312 0.7500 0.0000 0.7500 0.0000 0.6875 1.0000 0.3750 1.0000 0.4375 0.9687 0.4375 0.9688 0.3750 1.0000 0.8125 1.0000 0.8750 0.9687 0.8750 0.9687 0.8125 1.0000 0.3125 1.0000 0.3750 0.9688 0.3750 0.9687 0.3125 1.0000 0.7500 1.0000 0.8125 0.9687 0.8125 0.9688 0.7500 1.0000 0.2500 1.0000 0.3125 0.9687 0.3125 0.9688 0.2500 1.0000 0.6875 1.0000 0.7500 0.9688 0.7500 0.9687 0.6875 1.0000 0.1875 1.0000 0.2500 0.9688 0.2500 0.9687 0.1875 1.0000 0.6250 1.0000 0.6875 0.9687 0.6875 0.9688 0.6250 1.0000 0.1250 1.0000 0.1875 0.9687 0.1875 0.9687 0.1250 1.0000 0.5625 1.0000 0.6250 0.9688 0.6250 0.9687 0.5625 1.0000 0.0625 1.0000 0.1250 0.9687 0.1250 0.9688 0.0625 1.0000 0.5000 1.0000 0.5625 0.9687 0.5625 0.9687 0.5000 1.0000 0.9375 0.9844 1.0000 0.9688 0.9375 0.9844 0.0000 1.0000 0.0625 0.9688 0.0625 1.0000 0.4375 1.0000 0.5000 0.9687 0.5000 0.9687 0.4375 1.0000 0.8750 1.0000 0.9375 0.9688 0.9375 0.9687 0.8750 0.9687 0.1250 0.9687 0.1875 0.9375 0.1875 0.9375 0.1250 0.9687 0.5625 0.9688 0.6250 0.9375 0.6250 0.9375 0.5625 0.9688 0.0625 0.9687 0.1250 0.9375 0.1250 0.9375 0.0625 0.9687 0.5000 0.9687 0.5625 0.9375 0.5625 0.9375 0.5000 0.9688 0.9375 0.9531 1.0000 0.9375 0.9375 0.9531 0.0000 0.9688 0.0625 0.9375 0.0625 0.9687 0.4375 0.9687 0.5000 0.9375 0.5000 0.9375 0.4375 0.9687 0.8750 0.9688 0.9375 0.9375 0.9375 0.9375 0.8750 0.9688 0.3750 0.9687 0.4375 0.9375 0.4375 0.9375 0.3750 0.9687 0.8125 0.9687 0.8750 0.9375 0.8750 0.9375 0.8125 0.9687 0.3125 0.9688 0.3750 0.9375 0.3750 0.9375 0.3125 0.9688 0.7500 0.9687 0.8125 0.9375 0.8125 0.9375 0.7500 0.9688 0.2500 0.9687 0.3125 0.9375 0.3125 0.9375 0.2500 0.9687 0.6875 0.9688 0.7500 0.9375 0.7500 0.9375 0.6875 0.9687 0.1875 0.9688 0.2500 0.9375 0.2500 0.9375 0.1875 0.9688 0.6250 0.9687 0.6875 0.9375 0.6875 0.9375 0.6250 0.9375 0.8125 0.9375 0.8750 0.9062 0.8750 0.9062 0.8125 0.9375 0.3125 0.9375 0.3750 0.9062 0.3750 0.9062 0.3125 0.9375 0.7500 0.9375 0.8125 0.9062 0.8125 0.9062 0.7500 0.9375 0.2500 0.9375 0.3125 0.9062 0.3125 0.9062 0.2500 0.9375 0.6875 0.9375 0.7500 0.9062 0.7500 0.9062 0.6875 0.9375 0.1875 0.9375 0.2500 0.9062 0.2500 0.9062 0.1875 0.9375 0.6250 0.9375 0.6875 0.9062 0.6875 0.9062 0.6250 0.9375 0.1250 0.9375 0.1875 0.9062 0.1875 0.9062 0.1250 0.9375 0.5625 0.9375 0.6250 0.9062 0.6250 0.9062 0.5625 0.9375 0.0625 0.9375 0.1250 0.9062 0.1250 0.9062 0.0625 0.9375 0.5000 0.9375 0.5625 0.9062 0.5625 0.9062 0.5000 0.9375 0.9375 0.9219 1.0000 0.9062 0.9375 0.9219 0.0000 0.9375 0.0625 0.9062 0.0625 0.9375 0.4375 0.9375 0.5000 0.9062 0.5000 0.9062 0.4375 0.9375 0.8750 0.9375 0.9375 0.9062 0.9375 0.9062 0.8750 0.9375 0.3750 0.9375 0.4375 0.9062 0.4375 0.9062 0.3750 0.9062 0.5625 0.9062 0.6250 0.8750 0.6250 0.8750 0.5625 0.9062 0.0625 0.9062 0.1250 0.8750 0.1250 0.8750 0.0625 0.9062 0.5000 0.9062 0.5625 0.8750 0.5625 0.8750 0.5000 0.9062 0.9375 0.8906 1.0000 0.8750 0.9375 0.8906 0.0000 0.9062 0.0625 0.8750 0.0625 0.9062 0.4375 0.9062 0.5000 0.8750 0.5000 0.8750 0.4375 0.9062 0.8750 0.9062 0.9375 0.8750 0.9375 0.8750 0.8750 0.9062 0.3750 0.9062 0.4375 0.8750 0.4375 0.8750 0.3750 0.9062 0.8125 0.9062 0.8750 0.8750 0.8750 0.8750 0.8125 0.9062 0.3125 0.9062 0.3750 0.8750 0.3750 0.8750 0.3125 0.9062 0.7500 0.9062 0.8125 0.8750 0.8125 0.8750 0.7500 0.9062 0.2500 0.9062 0.3125 0.8750 0.3125 0.8750 0.2500 0.9062 0.6875 0.9062 0.7500 0.8750 0.7500 0.8750 0.6875 0.9062 0.1875 0.9062 0.2500 0.8750 0.2500 0.8750 0.1875 0.9062 0.6250 0.9062 0.6875 0.8750 0.6875 0.8750 0.6250 0.9062 0.1250 0.9062 0.1875 0.8750 0.1875 0.8750 0.1250 0.8750 0.3125 0.8750 0.3750 0.8438 0.3750 0.8437 0.3125 0.8750 0.7500 0.8750 0.8125 0.8437 0.8125 0.8438 0.7500 0.8750 0.2500 0.8750 0.3125 0.8437 0.3125 0.8438 0.2500 0.8750 0.6875 0.8750 0.7500 0.8438 0.7500 0.8437 0.6875 0.8750 0.1875 0.8750 0.2500 0.8438 0.2500 0.8437 0.1875 0.8750 0.6250 0.8750 0.6875 0.8437 0.6875 0.8438 0.6250 0.8750 0.1250 0.8750 0.1875 0.8437 0.1875 0.8438 0.1250 0.8750 0.5625 0.8750 0.6250 0.8438 0.6250 0.8437 0.5625 0.8750 0.0625 0.8750 0.1250 0.8438 0.1250 0.8438 0.0625 0.8750 0.5000 0.8750 0.5625 0.8437 0.5625 0.8437 0.5000 0.8750 0.9375 0.8594 1.0000 0.8438 0.9375 0.8594 0.0000 0.8750 0.0625 0.8438 0.0625 0.8750 0.4375 0.8750 0.5000 0.8437 0.5000 0.8437 0.4375 0.8750 0.8750 0.8750 0.9375 0.8438 0.9375 0.8438 0.8750 0.8750 0.3750 0.8750 0.4375 0.8437 0.4375 0.8438 0.3750 0.8750 0.8125 0.8750 0.8750 0.8438 0.8750 0.8437 0.8125 0.8438 0.0625 0.8438 0.1250 0.8125 0.1250 0.8125 0.0625 0.8437 0.5000 0.8437 0.5625 0.8125 0.5625 0.8125 0.5000 0.8438 0.9375 0.8281 1.0000 0.8125 0.9375 0.8281 0.0000 0.8438 0.0625 0.8125 0.0625 0.8437 0.4375 0.8437 0.5000 0.8125 0.5000 0.8125 0.4375 0.8438 0.8750 0.8438 0.9375 0.8125 0.9375 0.8125 0.8750 0.8438 0.3750 0.8437 0.4375 0.8125 0.4375 0.8125 0.3750 0.8437 0.8125 0.8438 0.8750 0.8125 0.8750 0.8125 0.8125 0.8437 0.3125 0.8438 0.3750 0.8125 0.3750 0.8125 0.3125 0.8438 0.7500 0.8437 0.8125 0.8125 0.8125 0.8125 0.7500 0.8438 0.2500 0.8437 0.3125 0.8125 0.3125 0.8125 0.2500 0.8437 0.6875 0.8438 0.7500 0.8125 0.7500 0.8125 0.6875 0.8437 0.1875 0.8438 0.2500 0.8125 0.2500 0.8125 0.1875 0.8438 0.6250 0.8437 0.6875 0.8125 0.6875 0.8125 0.6250 0.8438 0.1250 0.8437 0.1875 0.8125 0.1875 0.8125 0.1250 0.8437 0.5625 0.8438 0.6250 0.8125 0.6250 0.8125 0.5625 0.8125 0.7500 0.8125 0.8125 0.7812 0.8125 0.7812 0.7500 0.8125 0.2500 0.8125 0.3125 0.7812 0.3125 0.7812 0.2500 0.8125 0.6875 0.8125 0.7500 0.7812 0.7500 0.7812 0.6875 0.8125 0.1875 0.8125 0.2500 0.7812 0.2500 0.7812 0.1875 0.8125 0.6250 0.8125 0.6875 0.7812 0.6875 0.7812 0.6250 0.8125 0.1250 0.8125 0.1875 0.7812 0.1875 0.7812 0.1250 0.8125 0.5625 0.8125 0.6250 0.7812 0.6250 0.7812 0.5625 0.8125 0.0625 0.8125 0.1250 0.7812 0.1250 0.7812 0.0625 0.8125 0.5000 0.8125 0.5625 0.7812 0.5625 0.7812 0.5000 0.8125 0.9375 0.7969 1.0000 0.7812 0.9375 0.7969 0.0000 0.8125 0.0625 0.7812 0.0625 0.8125 0.4375 0.8125 0.5000 0.7812 0.5000 0.7812 0.4375 0.8125 0.8750 0.8125 0.9375 0.7812 0.9375 0.7812 0.8750 0.8125 0.3750 0.8125 0.4375 0.7812 0.4375 0.7812 0.3750 0.8125 0.8125 0.8125 0.8750 0.7812 0.8750 0.7812 0.8125 0.8125 0.3125 0.8125 0.3750 0.7812 0.3750 0.7812 0.3125 0.7812 0.5000 0.7812 0.5625 0.7500 0.5625 0.7500 0.5000 0.7812 0.9375 0.7656 1.0000 0.7500 0.9375 0.7656 0.0000 0.7812 0.0625 0.7500 0.0625 0.7812 0.4375 0.7812 0.5000 0.7500 0.5000 0.7500 0.4375 0.7812 0.8750 0.7812 0.9375 0.7500 0.9375 0.7500 0.8750 0.7812 0.3750 0.7812 0.4375 0.7500 0.4375 0.7500 0.3750 0.7812 0.8125 0.7812 0.8750 0.7500 0.8750 0.7500 0.8125 0.7812 0.3125 0.7812 0.3750 0.7500 0.3750 0.7500 0.3125 0.7812 0.7500 0.7812 0.8125 0.7500 0.8125 0.7500 0.7500 0.7812 0.2500 0.7812 0.3125 0.7500 0.3125 0.7500 0.2500 0.7812 0.6875 0.7812 0.7500 0.7500 0.7500 0.7500 0.6875 0.7812 0.1875 0.7812 0.2500 0.7500 0.2500 0.7500 0.1875 0.7812 0.6250 0.7812 0.6875 0.7500 0.6875 0.7500 0.6250 0.7812 0.1250 0.7812 0.1875 0.7500 0.1875 0.7500 0.1250 0.7812 0.5625 0.7812 0.6250 0.7500 0.6250 0.7500 0.5625 0.7812 0.0625 0.7812 0.1250 0.7500 0.1250 0.7500 0.0625 0.3750 0.0000 0.6250 0.0000 0.6250 0.2500 0.3750 0.2500 0.3750 0.2500 0.6250 0.2500 0.6250 0.5000 0.3750 0.5000 0.3750 0.5000 0.6250 0.5000 0.6250 0.7500 0.3750 0.7500 0.3750 0.7500 0.6250 0.7500 0.6250 1.0000 0.3750 1.0000 0.1250 0.5000 0.3750 0.5000 0.3750 0.7500 0.1250 0.7500 0.6250 0.5000 0.8750 0.5000 0.8750 0.7500 0.6250 0.7500 0.3750 0.0000 0.6250 0.0000 0.6250 0.2500 0.3750 0.2500 0.3750 0.2500 0.6250 0.2500 0.6250 0.5000 0.3750 0.5000 0.3750 0.5000 0.6250 0.5000 0.6250 0.7500 0.3750 0.7500 0.3750 0.7500 0.6250 0.7500 0.6250 1.0000 0.3750 1.0000 0.1250 0.5000 0.3750 0.5000 0.3750 0.7500 0.1250 0.7500 0.6250 0.5000 0.8750 0.5000 0.8750 0.7500 0.6250 0.7500 0.3750 0.0000 0.6250 0.0000 0.6250 0.2500 0.3750 0.2500 0.3750 0.2500 0.6250 0.2500 0.6250 0.5000 0.3750 0.5000 0.3750 0.5000 0.6250 0.5000 0.6250 0.7500 0.3750 0.7500 0.3750 0.7500 0.6250 0.7500 0.6250 1.0000 0.3750 1.0000 0.1250 0.5000 0.3750 0.5000 0.3750 0.7500 0.1250 0.7500 0.6250 0.5000 0.8750 0.5000 0.8750 0.7500 0.6250 0.7500 0.3750 0.0000 0.6250 0.0000 0.6250 0.2500 0.3750 0.2500 0.3750 0.2500 0.6250 0.2500 0.6250 0.5000 0.3750 0.5000 0.3750 0.5000 0.6250 0.5000 0.6250 0.7500 0.3750 0.7500 0.3750 0.7500 0.6250 0.7500 0.6250 1.0000 0.3750 1.0000 0.1250 0.5000 0.3750 0.5000 0.3750 0.7500 0.1250 0.7500 0.6250 0.5000 0.8750 0.5000 0.8750 0.7500 0.6250 0.7500 0.3750 0.0000 0.6250 0.0000 0.6250 0.2500 0.3750 0.2500 0.3750 0.2500 0.6250 0.2500 0.6250 0.5000 0.3750 0.5000 0.3750 0.5000 0.6250 0.5000 0.6250 0.7500 0.3750 0.7500 0.3750 0.7500 0.6250 0.7500 0.6250 1.0000 0.3750 1.0000 0.1250 0.5000 0.3750 0.5000 0.3750 0.7500 0.1250 0.7500 0.6250 0.5000 0.8750 0.5000 0.8750 0.7500 0.6250 0.7500 0.3750 0.0000 0.6250 0.0000 0.6250 0.2500 0.3750 0.2500 0.3750 0.2500 0.6250 0.2500 0.6250 0.5000 0.3750 0.5000 0.3750 0.5000 0.6250 0.5000 0.6250 0.7500 0.3750 0.7500 0.3750 0.7500 0.6250 0.7500 0.6250 1.0000 0.3750 1.0000 0.1250 0.5000 0.3750 0.5000 0.3750 0.7500 0.1250 0.7500 0.6250 0.5000 0.8750 0.5000 0.8750 0.7500 0.6250 0.7500 0.7500 0.1875 0.7500 0.2500 0.7188 0.2500 0.7188 0.1875 0.7500 0.6250 0.7500 0.6875 0.7188 0.6875 0.7188 0.6250 0.7500 0.1250 0.7500 0.1875 0.7188 0.1875 0.7188 0.1250 0.7500 0.5625 0.7500 0.6250 0.7188 0.6250 0.7188 0.5625 0.7500 0.0625 0.7500 0.1250 0.7188 0.1250 0.7188 0.0625 0.7500 0.5000 0.7500 0.5625 0.7188 0.5625 0.7188 0.5000 0.7500 0.9375 0.7344 1.0000 0.7188 0.9375 0.7344 0.0000 0.7500 0.0625 0.7188 0.0625 0.7500 0.4375 0.7500 0.5000 0.7188 0.5000 0.7188 0.4375 0.7500 0.8750 0.7500 0.9375 0.7188 0.9375 0.7188 0.8750 0.7500 0.3750 0.7500 0.4375 0.7188 0.4375 0.7188 0.3750 0.7500 0.8125 0.7500 0.8750 0.7188 0.8750 0.7188 0.8125 0.7500 0.3125 0.7500 0.3750 0.7188 0.3750 0.7188 0.3125 0.7500 0.7500 0.7500 0.8125 0.7188 0.8125 0.7188 0.7500 0.7500 0.2500 0.7500 0.3125 0.7188 0.3125 0.7188 0.2500 0.7500 0.6875 0.7500 0.7500 0.7188 0.7500 0.7188 0.6875 0.7188 0.2500 0.7188 0.3125 0.6875 0.3125 0.6875 0.2500 0.7188 0.6875 0.7188 0.7500 0.6875 0.7500 0.6875 0.6875 0.7188 0.1875 0.7188 0.2500 0.6875 0.2500 0.6875 0.1875 0.7188 0.6250 0.7188 0.6875 0.6875 0.6875 0.6875 0.6250 0.7188 0.1250 0.7188 0.1875 0.6875 0.1875 0.6875 0.1250 0.7188 0.5625 0.7188 0.6250 0.6875 0.6250 0.6875 0.5625 0.7188 0.0625 0.7188 0.1250 0.6875 0.1250 0.6875 0.0625 0.7188 0.5000 0.7188 0.5625 0.6875 0.5625 0.6875 0.5000 0.7188 0.9375 0.7031 1.0000 0.6875 0.9375 0.7031 0.0000 0.7188 0.0625 0.6875 0.0625 0.7188 0.4375 0.7188 0.5000 0.6875 0.5000 0.6875 0.4375 0.7188 0.8750 0.7188 0.9375 0.6875 0.9375 0.6875 0.8750 0.7188 0.3750 0.7188 0.4375 0.6875 0.4375 0.6875 0.3750 0.7188 0.8125 0.7188 0.8750 0.6875 0.8750 0.6875 0.8125 0.7188 0.3125 0.7188 0.3750 0.6875 0.3750 0.6875 0.3125 0.7188 0.7500 0.7188 0.8125 0.6875 0.8125 0.6875 0.7500 0.6875 0.9375 0.6719 1.0000 0.6562 0.9375 0.6719 0.0000 0.6875 0.0625 0.6562 0.0625 0.6875 0.4375 0.6875 0.5000 0.6562 0.5000 0.6562 0.4375 0.6875 0.8750 0.6875 0.9375 0.6562 0.9375 0.6562 0.8750 0.6875 0.3750 0.6875 0.4375 0.6562 0.4375 0.6562 0.3750 0.6875 0.8125 0.6875 0.8750 0.6562 0.8750 0.6562 0.8125 0.6875 0.3125 0.6875 0.3750 0.6562 0.3750 0.6562 0.3125 0.6875 0.7500 0.6875 0.8125 0.6562 0.8125 0.6562 0.7500 0.6875 0.2500 0.6875 0.3125 0.6562 0.3125 0.6562 0.2500 0.6875 0.6875 0.6875 0.7500 0.6562 0.7500 0.6562 0.6875 0.6875 0.1875 0.6875 0.2500 0.6562 0.2500 0.6562 0.1875 0.6875 0.6250 0.6875 0.6875 0.6562 0.6875 0.6562 0.6250 0.6875 0.1250 0.6875 0.1875 0.6562 0.1875 0.6562 0.1250 0.6875 0.5625 0.6875 0.6250 0.6562 0.6250 0.6562 0.5625 0.6875 0.0625 0.6875 0.1250 0.6562 0.1250 0.6562 0.0625 0.6875 0.5000 0.6875 0.5625 0.6562 0.5625 0.6562 0.5000 0.6562 0.6875 0.6562 0.7500 0.6250 0.7500 0.6250 0.6875 0.6562 0.1875 0.6562 0.2500 0.6250 0.2500 0.6250 0.1875 0.6562 0.6250 0.6562 0.6875 0.6250 0.6875 0.6250 0.6250 0.6562 0.1250 0.6562 0.1875 0.6250 0.1875 0.6250 0.1250 0.6562 0.5625 0.6562 0.6250 0.6250 0.6250 0.6250 0.5625 0.6562 0.0625 0.6562 0.1250 0.6250 0.1250 0.6250 0.0625 0.6562 0.5000 0.6562 0.5625 0.6250 0.5625 0.6250 0.5000 0.6562 0.9375 0.6406 1.0000 0.6250 0.9375 0.6406 0.0000 0.6562 0.0625 0.6250 0.0625 0.6562 0.4375 0.6562 0.5000 0.6250 0.5000 0.6250 0.4375 0.6562 0.8750 0.6562 0.9375 0.6250 0.9375 0.6250 0.8750 0.6562 0.3750 0.6562 0.4375 0.6250 0.4375 0.6250 0.3750 0.6562 0.8125 0.6562 0.8750 0.6250 0.8750 0.6250 0.8125 0.6562 0.3125 0.6562 0.3750 0.6250 0.3750 0.6250 0.3125 0.6562 0.7500 0.6562 0.8125 0.6250 0.8125 0.6250 0.7500 0.6562 0.2500 0.6562 0.3125 0.6250 0.3125 0.6250 0.2500 0.6250 0.4375 0.6250 0.5000 0.5938 0.5000 0.5938 0.4375 0.6250 0.8750 0.6250 0.9375 0.5938 0.9375 0.5938 0.8750 0.6250 0.3750 0.6250 0.4375 0.5938 0.4375 0.5938 0.3750 0.6250 0.8125 0.6250 0.8750 0.5938 0.8750 0.5938 0.8125 0.6250 0.3125 0.6250 0.3750 0.5938 0.3750 0.5938 0.3125 0.6250 0.7500 0.6250 0.8125 0.5938 0.8125 0.5938 0.7500 0.6250 0.2500 0.6250 0.3125 0.5938 0.3125 0.5938 0.2500 0.6250 0.6875 0.6250 0.7500 0.5938 0.7500 0.5938 0.6875 0.6250 0.1875 0.6250 0.2500 0.5938 0.2500 0.5938 0.1875 0.6250 0.6250 0.6250 0.6875 0.5938 0.6875 0.5938 0.6250 0.6250 0.1250 0.6250 0.1875 0.5938 0.1875 0.5938 0.1250 0.6250 0.5625 0.6250 0.6250 0.5938 0.6250 0.5938 0.5625 0.6250 0.0625 0.6250 0.1250 0.5938 0.1250 0.5938 0.0625 0.6250 0.5000 0.6250 0.5625 0.5938 0.5625 0.5938 0.5000 0.6250 0.9375 0.6094 1.0000 0.5938 0.9375 0.6094 0.0000 0.6250 0.0625 0.5938 0.0625 0.5938 0.1875 0.5938 0.2500 0.5625 0.2500 0.5625 0.1875 0.5938 0.6250 0.5938 0.6875 0.5625 0.6875 0.5625 0.6250 0.5938 0.1250 0.5938 0.1875 0.5625 0.1875 0.5625 0.1250 0.5938 0.5625 0.5938 0.6250 0.5625 0.6250 0.5625 0.5625 0.5938 0.0625 0.5938 0.1250 0.5625 0.1250 0.5625 0.0625 0.5938 0.5000 0.5938 0.5625 0.5625 0.5625 0.5625 0.5000 0.5938 0.9375 0.5781 1.0000 0.5625 0.9375 0.5781 0.0000 0.5938 0.0625 0.5625 0.0625 0.5938 0.4375 0.5938 0.5000 0.5625 0.5000 0.5625 0.4375 0.5938 0.8750 0.5938 0.9375 0.5625 0.9375 0.5625 0.8750 0.5938 0.3750 0.5938 0.4375 0.5625 0.4375 0.5625 0.3750 0.5938 0.8125 0.5938 0.8750 0.5625 0.8750 0.5625 0.8125 0.5938 0.3125 0.5938 0.3750 0.5625 0.3750 0.5625 0.3125 0.5938 0.7500 0.5938 0.8125 0.5625 0.8125 0.5625 0.7500 0.5938 0.2500 0.5938 0.3125 0.5625 0.3125 0.5625 0.2500 0.5938 0.6875 0.5938 0.7500 0.5625 0.7500 0.5625 0.6875 0.5625 0.3750 0.5625 0.4375 0.5312 0.4375 0.5312 0.3750 0.5625 0.8125 0.5625 0.8750 0.5312 0.8750 0.5312 0.8125 0.5625 0.3125 0.5625 0.3750 0.5312 0.3750 0.5312 0.3125 0.5625 0.7500 0.5625 0.8125 0.5312 0.8125 0.5312 0.7500 0.5625 0.2500 0.5625 0.3125 0.5312 0.3125 0.5312 0.2500 0.5625 0.6875 0.5625 0.7500 0.5312 0.7500 0.5312 0.6875 0.5625 0.1875 0.5625 0.2500 0.5312 0.2500 0.5312 0.1875 0.5625 0.6250 0.5625 0.6875 0.5312 0.6875 0.5312 0.6250 0.5625 0.1250 0.5625 0.1875 0.5312 0.1875 0.5312 0.1250 0.5625 0.5625 0.5625 0.6250 0.5312 0.6250 0.5312 0.5625 0.5625 0.0625 0.5625 0.1250 0.5312 0.1250 0.5312 0.0625 0.5625 0.5000 0.5625 0.5625 0.5312 0.5625 0.5312 0.5000 0.5625 0.9375 0.5469 1.0000 0.5312 0.9375 0.5469 0.0000 0.5625 0.0625 0.5312 0.0625 0.5625 0.4375 0.5625 0.5000 0.5312 0.5000 0.5312 0.4375 0.5625 0.8750 0.5625 0.9375 0.5312 0.9375 0.5312 0.8750 0.5312 0.1250 0.5312 0.1875 0.5000 0.1875 0.5000 0.1250 0.5312 0.5625 0.5312 0.6250 0.5000 0.6250 0.5000 0.5625 0.5312 0.0625 0.5312 0.1250 0.5000 0.1250 0.5000 0.0625 0.5312 0.5000 0.5312 0.5625 0.5000 0.5625 0.5000 0.5000 0.5312 0.9375 0.5156 1.0000 0.5000 0.9375 0.5156 0.0000 0.5312 0.0625 0.5000 0.0625 0.5312 0.4375 0.5312 0.5000 0.5000 0.5000 0.5000 0.4375 0.5312 0.8750 0.5312 0.9375 0.5000 0.9375 0.5000 0.8750 0.5312 0.3750 0.5312 0.4375 0.5000 0.4375 0.5000 0.3750 0.5312 0.8125 0.5312 0.8750 0.5000 0.8750 0.5000 0.8125 0.5312 0.3125 0.5312 0.3750 0.5000 0.3750 0.5000 0.3125 0.5312 0.7500 0.5312 0.8125 0.5000 0.8125 0.5000 0.7500 0.5312 0.2500 0.5312 0.3125 0.5000 0.3125 0.5000 0.2500 0.5312 0.6875 0.5312 0.7500 0.5000 0.7500 0.5000 0.6875 0.5312 0.1875 0.5312 0.2500 0.5000 0.2500 0.5000 0.1875 0.5312 0.6250 0.5312 0.6875 0.5000 0.6875 0.5000 0.6250 0.5000 0.8125 0.5000 0.8750 0.4688 0.8750 0.4688 0.8125 0.5000 0.3125 0.5000 0.3750 0.4688 0.3750 0.4687 0.3125 0.5000 0.7500 0.5000 0.8125 0.4688 0.8125 0.4688 0.7500 0.5000 0.2500 0.5000 0.3125 0.4687 0.3125 0.4688 0.2500 0.5000 0.6875 0.5000 0.7500 0.4688 0.7500 0.4687 0.6875 0.5000 0.1875 0.5000 0.2500 0.4688 0.2500 0.4688 0.1875 0.5000 0.6250 0.5000 0.6875 0.4687 0.6875 0.4688 0.6250 0.5000 0.1250 0.5000 0.1875 0.4688 0.1875 0.4688 0.1250 0.5000 0.5625 0.5000 0.6250 0.4688 0.6250 0.4688 0.5625 0.5000 0.0625 0.5000 0.1250 0.4688 0.1250 0.4688 0.0625 0.5000 0.5000 0.5000 0.5625 0.4688 0.5625 0.4687 0.5000 0.5000 0.9375 0.4844 1.0000 0.4688 0.9375 0.4844 0.0000 0.5000 0.0625 0.4688 0.0625 0.5000 0.4375 0.5000 0.5000 0.4687 0.5000 0.4688 0.4375 0.5000 0.8750 0.5000 0.9375 0.4688 0.9375 0.4688 0.8750 0.5000 0.3750 0.5000 0.4375 0.4688 0.4375 0.4688 0.3750 0.4688 0.5625 0.4688 0.6250 0.4375 0.6250 0.4375 0.5625 0.4688 0.0625 0.4688 0.1250 0.4375 0.1250 0.4375 0.0625 0.4687 0.5000 0.4688 0.5625 0.4375 0.5625 0.4375 0.5000 0.4688 0.9375 0.4531 1.0000 0.4375 0.9375 0.4531 0.0000 0.4688 0.0625 0.4375 0.0625 0.4688 0.4375 0.4687 0.5000 0.4375 0.5000 0.4375 0.4375 0.4688 0.8750 0.4688 0.9375 0.4375 0.9375 0.4375 0.8750 0.4688 0.3750 0.4688 0.4375 0.4375 0.4375 0.4375 0.3750 0.4688 0.8125 0.4688 0.8750 0.4375 0.8750 0.4375 0.8125 0.4687 0.3125 0.4688 0.3750 0.4375 0.3750 0.4375 0.3125 0.4688 0.7500 0.4688 0.8125 0.4375 0.8125 0.4375 0.7500 0.4688 0.2500 0.4687 0.3125 0.4375 0.3125 0.4375 0.2500 0.4687 0.6875 0.4688 0.7500 0.4375 0.7500 0.4375 0.6875 0.4688 0.1875 0.4688 0.2500 0.4375 0.2500 0.4375 0.1875 0.4688 0.6250 0.4687 0.6875 0.4375 0.6875 0.4375 0.6250 0.4688 0.1250 0.4688 0.1875 0.4375 0.1875 0.4375 0.1250 0.4375 0.3125 0.4375 0.3750 0.4062 0.3750 0.4062 0.3125 0.4375 0.7500 0.4375 0.8125 0.4062 0.8125 0.4062 0.7500 0.4375 0.2500 0.4375 0.3125 0.4062 0.3125 0.4062 0.2500 0.4375 0.6875 0.4375 0.7500 0.4062 0.7500 0.4062 0.6875 0.4375 0.1875 0.4375 0.2500 0.4062 0.2500 0.4062 0.1875 0.4375 0.6250 0.4375 0.6875 0.4062 0.6875 0.4062 0.6250 0.4375 0.1250 0.4375 0.1875 0.4062 0.1875 0.4062 0.1250 0.4375 0.5625 0.4375 0.6250 0.4062 0.6250 0.4062 0.5625 0.4375 0.0625 0.4375 0.1250 0.4062 0.1250 0.4062 0.0625 0.4375 0.5000 0.4375 0.5625 0.4062 0.5625 0.4062 0.5000 0.4375 0.9375 0.4219 1.0000 0.4062 0.9375 0.4219 0.0000 0.4375 0.0625 0.4062 0.0625 0.4375 0.4375 0.4375 0.5000 0.4062 0.5000 0.4062 0.4375 0.4375 0.8750 0.4375 0.9375 0.4062 0.9375 0.4062 0.8750 0.4375 0.3750 0.4375 0.4375 0.4062 0.4375 0.4062 0.3750 0.4375 0.8125 0.4375 0.8750 0.4062 0.8750 0.4062 0.8125 0.4062 0.0625 0.4062 0.1250 0.3750 0.1250 0.3750 0.0625 0.4062 0.5000 0.4062 0.5625 0.3750 0.5625 0.3750 0.5000 0.4062 0.9375 0.3906 1.0000 0.3750 0.9375 0.3906 0.0000 0.4062 0.0625 0.3750 0.0625 0.4062 0.4375 0.4062 0.5000 0.3750 0.5000 0.3750 0.4375 0.4062 0.8750 0.4062 0.9375 0.3750 0.9375 0.3750 0.8750 0.4062 0.3750 0.4062 0.4375 0.3750 0.4375 0.3750 0.3750 0.4062 0.8125 0.4062 0.8750 0.3750 0.8750 0.3750 0.8125 0.4062 0.3125 0.4062 0.3750 0.3750 0.3750 0.3750 0.3125 0.4062 0.7500 0.4062 0.8125 0.3750 0.8125 0.3750 0.7500 0.4062 0.2500 0.4062 0.3125 0.3750 0.3125 0.3750 0.2500 0.4062 0.6875 0.4062 0.7500 0.3750 0.7500 0.3750 0.6875 0.4062 0.1875 0.4062 0.2500 0.3750 0.2500 0.3750 0.1875 0.4062 0.6250 0.4062 0.6875 0.3750 0.6875 0.3750 0.6250 0.4062 0.1250 0.4062 0.1875 0.3750 0.1875 0.3750 0.1250 0.4062 0.5625 0.4062 0.6250 0.3750 0.6250 0.3750 0.5625 0.3750 0.7500 0.3750 0.8125 0.3438 0.8125 0.3438 0.7500 0.3750 0.2500 0.3750 0.3125 0.3438 0.3125 0.3438 0.2500 0.3750 0.6875 0.3750 0.7500 0.3438 0.7500 0.3438 0.6875 0.3750 0.1875 0.3750 0.2500 0.3438 0.2500 0.3438 0.1875 0.3750 0.6250 0.3750 0.6875 0.3438 0.6875 0.3438 0.6250 0.3750 0.1250 0.3750 0.1875 0.3438 0.1875 0.3438 0.1250 0.3750 0.5625 0.3750 0.6250 0.3438 0.6250 0.3438 0.5625 0.3750 0.0625 0.3750 0.1250 0.3438 0.1250 0.3438 0.0625 0.3750 0.5000 0.3750 0.5625 0.3438 0.5625 0.3437 0.5000 0.3750 0.9375 0.3594 1.0000 0.3438 0.9375 0.3594 0.0000 0.3750 0.0625 0.3438 0.0625 0.3750 0.4375 0.3750 0.5000 0.3437 0.5000 0.3438 0.4375 0.3750 0.8750 0.3750 0.9375 0.3438 0.9375 0.3438 0.8750 0.3750 0.3750 0.3750 0.4375 0.3438 0.4375 0.3438 0.3750 0.3750 0.8125 0.3750 0.8750 0.3438 0.8750 0.3438 0.8125 0.3750 0.3125 0.3750 0.3750 0.3438 0.3750 0.3438 0.3125 0.3437 0.5000 0.3438 0.5625 0.3125 0.5625 0.3125 0.5000 0.3438 0.9375 0.3281 1.0000 0.3125 0.9375 0.3281 0.0000 0.3438 0.0625 0.3125 0.0625 0.3438 0.4375 0.3437 0.5000 0.3125 0.5000 0.3125 0.4375 0.3438 0.8750 0.3438 0.9375 0.3125 0.9375 0.3125 0.8750 0.3438 0.3750 0.3438 0.4375 0.3125 0.4375 0.3125 0.3750 0.3438 0.8125 0.3438 0.8750 0.3125 0.8750 0.3125 0.8125 0.3438 0.3125 0.3438 0.3750 0.3125 0.3750 0.3125 0.3125 0.3438 0.7500 0.3438 0.8125 0.3125 0.8125 0.3125 0.7500 0.3438 0.2500 0.3438 0.3125 0.3125 0.3125 0.3125 0.2500 0.3438 0.6875 0.3438 0.7500 0.3125 0.7500 0.3125 0.6875 0.3438 0.1875 0.3438 0.2500 0.3125 0.2500 0.3125 0.1875 0.3438 0.6250 0.3438 0.6875 0.3125 0.6875 0.3125 0.6250 0.3438 0.1250 0.3438 0.1875 0.3125 0.1875 0.3125 0.1250 0.3438 0.5625 0.3438 0.6250 0.3125 0.6250 0.3125 0.5625 0.3438 0.0625 0.3438 0.1250 0.3125 0.1250 0.3125 0.0625 0.3125 0.2500 0.3125 0.3125 0.2812 0.3125 0.2812 0.2500 0.3125 0.6875 0.3125 0.7500 0.2812 0.7500 0.2812 0.6875 0.3125 0.1875 0.3125 0.2500 0.2812 0.2500 0.2812 0.1875 0.3125 0.6250 0.3125 0.6875 0.2812 0.6875 0.2812 0.6250 0.3125 0.1250 0.3125 0.1875 0.2812 0.1875 0.2812 0.1250 0.3125 0.5625 0.3125 0.6250 0.2812 0.6250 0.2812 0.5625 0.3125 0.0625 0.3125 0.1250 0.2812 0.1250 0.2812 0.0625 0.3125 0.5000 0.3125 0.5625 0.2812 0.5625 0.2812 0.5000 0.3125 0.9375 0.2969 1.0000 0.2812 0.9375 0.2969 0.0000 0.3125 0.0625 0.2812 0.0625 0.3125 0.4375 0.3125 0.5000 0.2812 0.5000 0.2812 0.4375 0.3125 0.8750 0.3125 0.9375 0.2812 0.9375 0.2812 0.8750 0.3125 0.3750 0.3125 0.4375 0.2812 0.4375 0.2812 0.3750 0.3125 0.8125 0.3125 0.8750 0.2812 0.8750 0.2812 0.8125 0.3125 0.3125 0.3125 0.3750 0.2812 0.3750 0.2812 0.3125 0.3125 0.7500 0.3125 0.8125 0.2812 0.8125 0.2812 0.7500 0.2656 0.0000 0.2812 0.0625 0.2500 0.0625 0.2812 0.4375 0.2812 0.5000 0.2500 0.5000 0.2500 0.4375 0.2812 0.8750 0.2812 0.9375 0.2500 0.9375 0.2500 0.8750 0.2812 0.3750 0.2812 0.4375 0.2500 0.4375 0.2500 0.3750 0.2812 0.8125 0.2812 0.8750 0.2500 0.8750 0.2500 0.8125 0.2812 0.3125 0.2812 0.3750 0.2500 0.3750 0.2500 0.3125 0.2812 0.7500 0.2812 0.8125 0.2500 0.8125 0.2500 0.7500 0.2812 0.2500 0.2812 0.3125 0.2500 0.3125 0.2500 0.2500 0.2812 0.6875 0.2812 0.7500 0.2500 0.7500 0.2500 0.6875 0.2812 0.1875 0.2812 0.2500 0.2500 0.2500 0.2500 0.1875 0.2812 0.6250 0.2812 0.6875 0.2500 0.6875 0.2500 0.6250 0.2812 0.1250 0.2812 0.1875 0.2500 0.1875 0.2500 0.1250 0.2812 0.5625 0.2812 0.6250 0.2500 0.6250 0.2500 0.5625 0.2812 0.0625 0.2812 0.1250 0.2500 0.1250 0.2500 0.0625 0.2812 0.5000 0.2812 0.5625 0.2500 0.5625 0.2500 0.5000 0.2812 0.9375 0.2656 1.0000 0.2500 0.9375 0.2500 0.1875 0.2500 0.2500 0.2188 0.2500 0.2188 0.1875 0.2500 0.6250 0.2500 0.6875 0.2188 0.6875 0.2188 0.6250 0.2500 0.1250 0.2500 0.1875 0.2188 0.1875 0.2188 0.1250 0.2500 0.5625 0.2500 0.6250 0.2188 0.6250 0.2188 0.5625 0.2500 0.0625 0.2500 0.1250 0.2188 0.1250 0.2188 0.0625 0.2500 0.5000 0.2500 0.5625 0.2188 0.5625 0.2187 0.5000 0.2500 0.9375 0.2344 1.0000 0.2188 0.9375 0.2344 0.0000 0.2500 0.0625 0.2188 0.0625 0.2500 0.4375 0.2500 0.5000 0.2187 0.5000 0.2188 0.4375 0.2500 0.8750 0.2500 0.9375 0.2188 0.9375 0.2188 0.8750 0.2500 0.3750 0.2500 0.4375 0.2188 0.4375 0.2188 0.3750 0.2500 0.8125 0.2500 0.8750 0.2188 0.8750 0.2188 0.8125 0.2500 0.3125 0.2500 0.3750 0.2188 0.3750 0.2188 0.3125 0.2500 0.7500 0.2500 0.8125 0.2188 0.8125 0.2188 0.7500 0.2500 0.2500 0.2500 0.3125 0.2188 0.3125 0.2188 0.2500 0.2500 0.6875 0.2500 0.7500 0.2188 0.7500 0.2188 0.6875 0.2188 0.8750 0.2188 0.9375 0.1875 0.9375 0.1875 0.8750 0.2188 0.3750 0.2188 0.4375 0.1875 0.4375 0.1875 0.3750 0.2188 0.8125 0.2188 0.8750 0.1875 0.8750 0.1875 0.8125 0.2188 0.3125 0.2188 0.3750 0.1875 0.3750 0.1875 0.3125 0.2188 0.7500 0.2188 0.8125 0.1875 0.8125 0.1875 0.7500 0.2188 0.2500 0.2188 0.3125 0.1875 0.3125 0.1875 0.2500 0.2188 0.6875 0.2188 0.7500 0.1875 0.7500 0.1875 0.6875 0.2188 0.1875 0.2188 0.2500 0.1875 0.2500 0.1875 0.1875 0.2188 0.6250 0.2188 0.6875 0.1875 0.6875 0.1875 0.6250 0.2188 0.1250 0.2188 0.1875 0.1875 0.1875 0.1875 0.1250 0.2188 0.5625 0.2188 0.6250 0.1875 0.6250 0.1875 0.5625 0.2188 0.0625 0.2188 0.1250 0.1875 0.1250 0.1875 0.0625 0.2187 0.5000 0.2188 0.5625 0.1875 0.5625 0.1875 0.5000 0.2188 0.9375 0.2031 1.0000 0.1875 0.9375 0.2031 0.0000 0.2188 0.0625 0.1875 0.0625 0.2188 0.4375 0.2187 0.5000 0.1875 0.5000 0.1875 0.4375 0.1875 0.6250 0.1875 0.6875 0.1562 0.6875 0.1563 0.6250 0.1875 0.1250 0.1875 0.1875 0.1562 0.1875 0.1562 0.1250 0.1875 0.5625 0.1875 0.6250 0.1563 0.6250 0.1562 0.5625 0.1875 0.0625 0.1875 0.1250 0.1562 0.1250 0.1563 0.0625 0.1875 0.5000 0.1875 0.5625 0.1562 0.5625 0.1562 0.5000 0.1875 0.9375 0.1719 1.0000 0.1563 0.9375 0.1719 0.0000 0.1875 0.0625 0.1563 0.0625 0.1875 0.4375 0.1875 0.5000 0.1562 0.5000 0.1562 0.4375 0.1875 0.8750 0.1875 0.9375 0.1563 0.9375 0.1562 0.8750 0.1875 0.3750 0.1875 0.4375 0.1562 0.4375 0.1563 0.3750 0.1875 0.8125 0.1875 0.8750 0.1562 0.8750 0.1562 0.8125 0.1875 0.3125 0.1875 0.3750 0.1563 0.3750 0.1562 0.3125 0.1875 0.7500 0.1875 0.8125 0.1562 0.8125 0.1562 0.7500 0.1875 0.2500 0.1875 0.3125 0.1562 0.3125 0.1562 0.2500 0.1875 0.6875 0.1875 0.7500 0.1562 0.7500 0.1562 0.6875 0.1875 0.1875 0.1875 0.2500 0.1562 0.2500 0.1562 0.1875 0.1563 0.3750 0.1562 0.4375 0.1250 0.4375 0.1250 0.3750 0.1562 0.8125 0.1562 0.8750 0.1250 0.8750 0.1250 0.8125 0.1562 0.3125 0.1563 0.3750 0.1250 0.3750 0.1250 0.3125 0.1562 0.7500 0.1562 0.8125 0.1250 0.8125 0.1250 0.7500 0.1562 0.2500 0.1562 0.3125 0.1250 0.3125 0.1250 0.2500 0.1562 0.6875 0.1562 0.7500 0.1250 0.7500 0.1250 0.6875 0.1562 0.1875 0.1562 0.2500 0.1250 0.2500 0.1250 0.1875 0.1563 0.6250 0.1562 0.6875 0.1250 0.6875 0.1250 0.6250 0.1562 0.1250 0.1562 0.1875 0.1250 0.1875 0.1250 0.1250 0.1562 0.5625 0.1563 0.6250 0.1250 0.6250 0.1250 0.5625 0.1563 0.0625 0.1562 0.1250 0.1250 0.1250 0.1250 0.0625 0.1562 0.5000 0.1562 0.5625 0.1250 0.5625 0.1250 0.5000 0.1563 0.9375 0.1406 1.0000 0.1250 0.9375 0.1406 0.0000 0.1563 0.0625 0.1250 0.0625 0.1562 0.4375 0.1562 0.5000 0.1250 0.5000 0.1250 0.4375 0.1562 0.8750 0.1563 0.9375 0.1250 0.9375 0.1250 0.8750 0.1250 0.1250 0.1250 0.1875 0.0937 0.1875 0.0938 0.1250 0.1250 0.5625 0.1250 0.6250 0.0938 0.6250 0.0937 0.5625 0.1250 0.0625 0.1250 0.1250 0.0938 0.1250 0.0938 0.0625 0.1250 0.5000 0.1250 0.5625 0.0937 0.5625 0.0937 0.5000 0.1250 0.9375 0.1094 1.0000 0.0938 0.9375 0.1094 0.0000 0.1250 0.0625 0.0938 0.0625 0.1250 0.4375 0.1250 0.5000 0.0937 0.5000 0.0937 0.4375 0.1250 0.8750 0.1250 0.9375 0.0938 0.9375 0.0938 0.8750 0.1250 0.3750 0.1250 0.4375 0.0937 0.4375 0.0938 0.3750 0.1250 0.8125 0.1250 0.8750 0.0938 0.8750 0.0937 0.8125 0.1250 0.3125 0.1250 0.3750 0.0938 0.3750 0.0938 0.3125 0.1250 0.7500 0.1250 0.8125 0.0937 0.8125 0.0938 0.7500 0.1250 0.2500 0.1250 0.3125 0.0938 0.3125 0.0938 0.2500 0.1250 0.6875 0.1250 0.7500 0.0938 0.7500 0.0938 0.6875 0.1250 0.1875 0.1250 0.2500 0.0938 0.2500 0.0937 0.1875 0.1250 0.6250 0.1250 0.6875 0.0938 0.6875 0.0938 0.6250 0.0937 0.8125 0.0938 0.8750 0.0625 0.8750 0.0625 0.8125 0.0938 0.3125 0.0938 0.3750 0.0625 0.3750 0.0625 0.3125 0.0938 0.7500 0.0937 0.8125 0.0625 0.8125 0.0625 0.7500 0.0938 0.2500 0.0938 0.3125 0.0625 0.3125 0.0625 0.2500 0.0938 0.6875 0.0938 0.7500 0.0625 0.7500 0.0625 0.6875 0.0937 0.1875 0.0938 0.2500 0.0625 0.2500 0.0625 0.1875 0.0938 0.6250 0.0938 0.6875 0.0625 0.6875 0.0625 0.6250 0.0938 0.1250 0.0937 0.1875 0.0625 0.1875 0.0625 0.1250 0.0937 0.5625 0.0938 0.6250 0.0625 0.6250 0.0625 0.5625 0.0938 0.0625 0.0938 0.1250 0.0625 0.1250 0.0625 0.0625 0.0937 0.5000 0.0937 0.5625 0.0625 0.5625 0.0625 0.5000 0.0938 0.9375 0.0781 1.0000 0.0625 0.9375 0.0781 0.0000 0.0938 0.0625 0.0625 0.0625 0.0937 0.4375 0.0937 0.5000 0.0625 0.5000 0.0625 0.4375 0.0938 0.8750 0.0938 0.9375 0.0625 0.9375 0.0625 0.8750 0.0938 0.3750 0.0937 0.4375 0.0625 0.4375 0.0625 0.3750 0.0625 0.5625 0.0625 0.6250 0.0312 0.6250 0.0312 0.5625 0.0625 0.0625 0.0625 0.1250 0.0312 0.1250 0.0312 0.0625 0.0625 0.5000 0.0625 0.5625 0.0312 0.5625 0.0312 0.5000 0.0625 0.9375 0.0469 1.0000 0.0312 0.9375 0.0469 0.0000 0.0625 0.0625 0.0312 0.0625 0.0625 0.4375 0.0625 0.5000 0.0312 0.5000 0.0312 0.4375 0.0625 0.8750 0.0625 0.9375 0.0312 0.9375 0.0312 0.8750 0.0625 0.3750 0.0625 0.4375 0.0312 0.4375 0.0312 0.3750 0.0625 0.8125 0.0625 0.8750 0.0312 0.8750 0.0312 0.8125 0.0625 0.3125 0.0625 0.3750 0.0312 0.3750 0.0312 0.3125 0.0625 0.7500 0.0625 0.8125 0.0312 0.8125 0.0312 0.7500 0.0625 0.2500 0.0625 0.3125 0.0312 0.3125 0.0312 0.2500 0.0625 0.6875 0.0625 0.7500 0.0312 0.7500 0.0312 0.6875 0.0625 0.1875 0.0625 0.2500 0.0312 0.2500 0.0312 0.1875 0.0625 0.6250 0.0625 0.6875 0.0312 0.6875 0.0312 0.6250 0.0625 0.1250 0.0625 0.1875 0.0312 0.1875 0.0312 0.1250 0.0312 0.3125 0.0312 0.3750 0.0000 0.3750 0.0000 0.3125 0.0312 0.7500 0.0312 0.8125 0.0000 0.8125 0.0000 0.7500 0.0312 0.2500 0.0312 0.3125 0.0000 0.3125 0.0000 0.2500 0.0312 0.6875 0.0312 0.7500 0.0000 0.7500 0.0000 0.6875 0.0312 0.1875 0.0312 0.2500 0.0000 0.2500 0.0000 0.1875 0.0312 0.6250 0.0312 0.6875 0.0000 0.6875 0.0000 0.6250 0.0312 0.1250 0.0312 0.1875 0.0000 0.1875 0.0000 0.1250 0.0312 0.5625 0.0312 0.6250 0.0000 0.6250 0.0000 0.5625 0.0312 0.0625 0.0312 0.1250 0.0000 0.1250 0.0000 0.0625 0.0312 0.5000 0.0312 0.5625 0.0000 0.5625 0.0000 0.5000 0.0312 0.9375 0.0156 1.0000 0.0000 0.9375 0.0156 0.0000 0.0312 0.0625 0.0000 0.0625 0.0312 0.4375 0.0312 0.5000 0.0000 0.5000 0.0000 0.4375 0.0312 0.8750 0.0312 0.9375 0.0000 0.9375 0.0000 0.8750 0.0312 0.3750 0.0312 0.4375 0.0000 0.4375 0.0000 0.3750 0.0312 0.8125 0.0312 0.8750 0.0000 0.8750 0.0000 0.8125 1.0000 0.0625 1.0000 0.1250 0.9687 0.1250 0.9688 0.0625 1.0000 0.5000 1.0000 0.5625 0.9687 0.5625 0.9687 0.5000 1.0000 0.9375 0.9844 1.0000 0.9688 0.9375 0.9844 0.0000 1.0000 0.0625 0.9688 0.0625 1.0000 0.4375 1.0000 0.5000 0.9687 0.5000 0.9687 0.4375 1.0000 0.8750 1.0000 0.9375 0.9688 0.9375 0.9687 0.8750 1.0000 0.3750 1.0000 0.4375 0.9687 0.4375 0.9688 0.3750 1.0000 0.8125 1.0000 0.8750 0.9687 0.8750 0.9687 0.8125 1.0000 0.3125 1.0000 0.3750 0.9688 0.3750 0.9687 0.3125 1.0000 0.7500 1.0000 0.8125 0.9687 0.8125 0.9688 0.7500 1.0000 0.2500 1.0000 0.3125 0.9687 0.3125 0.9688 0.2500 1.0000 0.6875 1.0000 0.7500 0.9688 0.7500 0.9687 0.6875 1.0000 0.1875 1.0000 0.2500 0.9688 0.2500 0.9687 0.1875 1.0000 0.6250 1.0000 0.6875 0.9687 0.6875 0.9688 0.6250 1.0000 0.1250 1.0000 0.1875 0.9687 0.1875 0.9687 0.1250 1.0000 0.5625 1.0000 0.6250 0.9688 0.6250 0.9687 0.5625 0.9688 0.2500 0.9687 0.3125 0.9375 0.3125 0.9375 0.2500 0.9687 0.6875 0.9688 0.7500 0.9375 0.7500 0.9375 0.6875 0.9687 0.1875 0.9688 0.2500 0.9375 0.2500 0.9375 0.1875 0.9688 0.6250 0.9687 0.6875 0.9375 0.6875 0.9375 0.6250 0.9687 0.1250 0.9687 0.1875 0.9375 0.1875 0.9375 0.1250 0.9687 0.5625 0.9688 0.6250 0.9375 0.6250 0.9375 0.5625 0.9688 0.0625 0.9687 0.1250 0.9375 0.1250 0.9375 0.0625 0.9687 0.5000 0.9687 0.5625 0.9375 0.5625 0.9375 0.5000 0.9688 0.9375 0.9531 1.0000 0.9375 0.9375 0.9531 0.0000 0.9688 0.0625 0.9375 0.0625 0.9687 0.4375 0.9687 0.5000 0.9375 0.5000 0.9375 0.4375 0.9687 0.8750 0.9688 0.9375 0.9375 0.9375 0.9375 0.8750 0.9688 0.3750 0.9687 0.4375 0.9375 0.4375 0.9375 0.3750 0.9687 0.8125 0.9687 0.8750 0.9375 0.8750 0.9375 0.8125 0.9687 0.3125 0.9688 0.3750 0.9375 0.3750 0.9375 0.3125 0.9688 0.7500 0.9687 0.8125 0.9375 0.8125 0.9375 0.7500 0.9375 0.9375 0.9219 1.0000 0.9062 0.9375 0.9219 0.0000 0.9375 0.0625 0.9062 0.0625 0.9375 0.4375 0.9375 0.5000 0.9062 0.5000 0.9062 0.4375 0.9375 0.8750 0.9375 0.9375 0.9062 0.9375 0.9062 0.8750 0.9375 0.3750 0.9375 0.4375 0.9062 0.4375 0.9062 0.3750 0.9375 0.8125 0.9375 0.8750 0.9062 0.8750 0.9062 0.8125 0.9375 0.3125 0.9375 0.3750 0.9062 0.3750 0.9062 0.3125 0.9375 0.7500 0.9375 0.8125 0.9062 0.8125 0.9062 0.7500 0.9375 0.2500 0.9375 0.3125 0.9062 0.3125 0.9062 0.2500 0.9375 0.6875 0.9375 0.7500 0.9062 0.7500 0.9062 0.6875 0.9375 0.1875 0.9375 0.2500 0.9062 0.2500 0.9062 0.1875 0.9375 0.6250 0.9375 0.6875 0.9062 0.6875 0.9062 0.6250 0.9375 0.1250 0.9375 0.1875 0.9062 0.1875 0.9062 0.1250 0.9375 0.5625 0.9375 0.6250 0.9062 0.6250 0.9062 0.5625 0.9375 0.0625 0.9375 0.1250 0.9062 0.1250 0.9062 0.0625 0.9375 0.5000 0.9375 0.5625 0.9062 0.5625 0.9062 0.5000 0.9062 0.6875 0.9062 0.7500 0.8750 0.7500 0.8750 0.6875 0.9062 0.1875 0.9062 0.2500 0.8750 0.2500 0.8750 0.1875 0.9062 0.6250 0.9062 0.6875 0.8750 0.6875 0.8750 0.6250 0.9062 0.1250 0.9062 0.1875 0.8750 0.1875 0.8750 0.1250 0.9062 0.5625 0.9062 0.6250 0.8750 0.6250 0.8750 0.5625 0.9062 0.0625 0.9062 0.1250 0.8750 0.1250 0.8750 0.0625 0.9062 0.5000 0.9062 0.5625 0.8750 0.5625 0.8750 0.5000 0.9062 0.9375 0.8906 1.0000 0.8750 0.9375 0.8906 0.0000 0.9062 0.0625 0.8750 0.0625 0.9062 0.4375 0.9062 0.5000 0.8750 0.5000 0.8750 0.4375 0.9062 0.8750 0.9062 0.9375 0.8750 0.9375 0.8750 0.8750 0.9062 0.3750 0.9062 0.4375 0.8750 0.4375 0.8750 0.3750 0.9062 0.8125 0.9062 0.8750 0.8750 0.8750 0.8750 0.8125 0.9062 0.3125 0.9062 0.3750 0.8750 0.3750 0.8750 0.3125 0.9062 0.7500 0.9062 0.8125 0.8750 0.8125 0.8750 0.7500 0.9062 0.2500 0.9062 0.3125 0.8750 0.3125 0.8750 0.2500 0.8750 0.4375 0.8750 0.5000 0.8437 0.5000 0.8437 0.4375 0.8750 0.8750 0.8750 0.9375 0.8438 0.9375 0.8438 0.8750 0.8750 0.3750 0.8750 0.4375 0.8437 0.4375 0.8438 0.3750 0.8750 0.8125 0.8750 0.8750 0.8438 0.8750 0.8437 0.8125 0.8750 0.3125 0.8750 0.3750 0.8438 0.3750 0.8437 0.3125 0.8750 0.7500 0.8750 0.8125 0.8437 0.8125 0.8438 0.7500 0.8750 0.2500 0.8750 0.3125 0.8437 0.3125 0.8438 0.2500 0.8750 0.6875 0.8750 0.7500 0.8438 0.7500 0.8437 0.6875 0.8750 0.1875 0.8750 0.2500 0.8438 0.2500 0.8437 0.1875 0.8750 0.6250 0.8750 0.6875 0.8437 0.6875 0.8438 0.6250 0.8750 0.1250 0.8750 0.1875 0.8437 0.1875 0.8438 0.1250 0.8750 0.5625 0.8750 0.6250 0.8438 0.6250 0.8437 0.5625 0.8750 0.0625 0.8750 0.1250 0.8438 0.1250 0.8438 0.0625 0.8750 0.5000 0.8750 0.5625 0.8437 0.5625 0.8437 0.5000 0.8750 0.9375 0.8594 1.0000 0.8438 0.9375 0.8594 0.0000 0.8750 0.0625 0.8438 0.0625 0.8437 0.1875 0.8438 0.2500 0.8125 0.2500 0.8125 0.1875 0.8438 0.6250 0.8437 0.6875 0.8125 0.6875 0.8125 0.6250 0.8438 0.1250 0.8437 0.1875 0.8125 0.1875 0.8125 0.1250 0.8437 0.5625 0.8438 0.6250 0.8125 0.6250 0.8125 0.5625 0.8438 0.0625 0.8438 0.1250 0.8125 0.1250 0.8125 0.0625 0.8437 0.5000 0.8437 0.5625 0.8125 0.5625 0.8125 0.5000 0.8438 0.9375 0.8281 1.0000 0.8125 0.9375 0.8281 0.0000 0.8438 0.0625 0.8125 0.0625 0.8437 0.4375 0.8437 0.5000 0.8125 0.5000 0.8125 0.4375 0.8438 0.8750 0.8438 0.9375 0.8125 0.9375 0.8125 0.8750 0.8438 0.3750 0.8437 0.4375 0.8125 0.4375 0.8125 0.3750 0.8437 0.8125 0.8438 0.8750 0.8125 0.8750 0.8125 0.8125 0.8437 0.3125 0.8438 0.3750 0.8125 0.3750 0.8125 0.3125 0.8438 0.7500 0.8437 0.8125 0.8125 0.8125 0.8125 0.7500 0.8438 0.2500 0.8437 0.3125 0.8125 0.3125 0.8125 0.2500 0.8437 0.6875 0.8438 0.7500 0.8125 0.7500 0.8125 0.6875 0.8125 0.8750 0.8125 0.9375 0.7812 0.9375 0.7812 0.8750 0.8125 0.3750 0.8125 0.4375 0.7812 0.4375 0.7812 0.3750 0.8125 0.8125 0.8125 0.8750 0.7812 0.8750 0.7812 0.8125 0.8125 0.3125 0.8125 0.3750 0.7812 0.3750 0.7812 0.3125 0.8125 0.7500 0.8125 0.8125 0.7812 0.8125 0.7812 0.7500 0.8125 0.2500 0.8125 0.3125 0.7812 0.3125 0.7812 0.2500 0.8125 0.6875 0.8125 0.7500 0.7812 0.7500 0.7812 0.6875 0.8125 0.1875 0.8125 0.2500 0.7812 0.2500 0.7812 0.1875 0.8125 0.6250 0.8125 0.6875 0.7812 0.6875 0.7812 0.6250 0.8125 0.1250 0.8125 0.1875 0.7812 0.1875 0.7812 0.1250 0.8125 0.5625 0.8125 0.6250 0.7812 0.6250 0.7812 0.5625 0.8125 0.0625 0.8125 0.1250 0.7812 0.1250 0.7812 0.0625 0.8125 0.5000 0.8125 0.5625 0.7812 0.5625 0.7812 0.5000 0.8125 0.9375 0.7969 1.0000 0.7812 0.9375 0.7969 0.0000 0.8125 0.0625 0.7812 0.0625 0.8125 0.4375 0.8125 0.5000 0.7812 0.5000 0.7812 0.4375 0.7812 0.6250 0.7812 0.6875 0.7500 0.6875 0.7500 0.6250 0.7812 0.1250 0.7812 0.1875 0.7500 0.1875 0.7500 0.1250 0.7812 0.5625 0.7812 0.6250 0.7500 0.6250 0.7500 0.5625 0.7812 0.0625 0.7812 0.1250 0.7500 0.1250 0.7500 0.0625 0.7812 0.5000 0.7812 0.5625 0.7500 0.5625 0.7500 0.5000 0.7812 0.9375 0.7656 1.0000 0.7500 0.9375 0.7656 0.0000 0.7812 0.0625 0.7500 0.0625 0.7812 0.4375 0.7812 0.5000 0.7500 0.5000 0.7500 0.4375 0.7812 0.8750 0.7812 0.9375 0.7500 0.9375 0.7500 0.8750 0.7812 0.3750 0.7812 0.4375 0.7500 0.4375 0.7500 0.3750 0.7812 0.8125 0.7812 0.8750 0.7500 0.8750 0.7500 0.8125 0.7812 0.3125 0.7812 0.3750 0.7500 0.3750 0.7500 0.3125 0.7812 0.7500 0.7812 0.8125 0.7500 0.8125 0.7500 0.7500 0.7812 0.2500 0.7812 0.3125 0.7500 0.3125 0.7500 0.2500 0.7812 0.6875 0.7812 0.7500 0.7500 0.7500 0.7500 0.6875 0.7812 0.1875 0.7812 0.2500 0.7500 0.2500 0.7500 0.1875 1.0000 0.5000 1.0000 1.0000 0.9688 1.0000 0.9688 0.5000 0.9688 0.5000 0.9688 1.0000 0.9375 1.0000 0.9375 0.5000 0.9375 0.5000 0.9375 1.0000 0.9062 1.0000 0.9062 0.5000 0.9062 0.5000 0.9062 1.0000 0.8750 1.0000 0.8750 0.5000 0.8750 0.5000 0.8750 1.0000 0.8438 1.0000 0.8438 0.5000 0.8438 0.5000 0.8438 1.0000 0.8125 1.0000 0.8125 0.5000 0.8125 0.5000 0.8125 1.0000 0.7812 1.0000 0.7812 0.5000 0.7812 0.5000 0.7812 1.0000 0.7500 1.0000 0.7500 0.5000 0.7500 0.5000 0.7500 1.0000 0.7188 1.0000 0.7188 0.5000 0.7188 0.5000 0.7188 1.0000 0.6875 1.0000 0.6875 0.5000 0.6875 0.5000 0.6875 1.0000 0.6562 1.0000 0.6562 0.5000 0.6562 0.5000 0.6562 1.0000 0.6250 1.0000 0.6250 0.5000 0.6250 0.5000 0.6250 1.0000 0.5938 1.0000 0.5938 0.5000 0.5938 0.5000 0.5938 1.0000 0.5625 1.0000 0.5625 0.5000 0.5625 0.5000 0.5625 1.0000 0.5312 1.0000 0.5312 0.5000 0.5312 0.5000 0.5312 1.0000 0.5000 1.0000 0.5000 0.5000 0.5000 0.5000 0.5000 1.0000 0.4688 1.0000 0.4688 0.5000 0.4688 0.5000 0.4688 1.0000 0.4375 1.0000 0.4375 0.5000 0.4375 0.5000 0.4375 1.0000 0.4062 1.0000 0.4062 0.5000 0.4062 0.5000 0.4062 1.0000 0.3750 1.0000 0.3750 0.5000 0.3750 0.5000 0.3750 1.0000 0.3438 1.0000 0.3438 0.5000 0.3438 0.5000 0.3438 1.0000 0.3125 1.0000 0.3125 0.5000 0.3125 0.5000 0.3125 1.0000 0.2812 1.0000 0.2812 0.5000 0.2812 0.5000 0.2812 1.0000 0.2500 1.0000 0.2500 0.5000 0.2500 0.5000 0.2500 1.0000 0.2188 1.0000 0.2188 0.5000 0.2188 0.5000 0.2188 1.0000 0.1875 1.0000 0.1875 0.5000 0.1875 0.5000 0.1875 1.0000 0.1562 1.0000 0.1562 0.5000 0.1562 0.5000 0.1562 1.0000 0.1250 1.0000 0.1250 0.5000 0.1250 0.5000 0.1250 1.0000 0.0938 1.0000 0.0938 0.5000 0.0938 0.5000 0.0938 1.0000 0.0625 1.0000 0.0625 0.5000 0.2968 0.4854 0.2500 0.4900 0.2032 0.4854 0.1582 0.4717 0.1167 0.4496 0.0803 0.4197 0.0504 0.3833 0.0283 0.3418 0.0146 0.2968 0.0100 0.2500 0.0146 0.2032 0.0283 0.1582 0.0504 0.1167 0.0803 0.0803 0.1167 0.0504 0.1582 0.0283 0.2032 0.0146 0.2500 0.0100 0.2968 0.0146 0.3418 0.0283 0.3833 0.0504 0.4197 0.0803 0.4496 0.1167 0.4717 0.1582 0.4854 0.2032 0.4900 0.2500 0.4854 0.2968 0.4717 0.3418 0.4496 0.3833 0.4197 0.4197 0.3833 0.4496 0.3418 0.4717 0.0625 0.5000 0.0625 1.0000 0.0312 1.0000 0.0312 0.5000 0.0312 0.5000 0.0312 1.0000 0.0000 1.0000 0.0000 0.5000 0.7500 0.4900 0.7968 0.4854 0.8418 0.4717 0.8833 0.4496 0.9197 0.4197 0.9496 0.3833 0.9717 0.3418 0.9854 0.2968 0.9900 0.2500 0.9854 0.2032 0.9717 0.1582 0.9496 0.1167 0.9197 0.0803 0.8833 0.0504 0.8418 0.0283 0.7968 0.0146 0.7500 0.0100 0.7032 0.0146 0.6582 0.0283 0.6167 0.0504 0.5803 0.0803 0.5504 0.1167 0.5283 0.1582 0.5146 0.2032 0.5100 0.2500 0.5146 0.2968 0.5283 0.3418 0.5504 0.3833 0.5803 0.4197 0.6167 0.4496 0.6582 0.4717 0.7032 0.4854 0.3750 0.0000 0.6250 0.0000 0.6250 0.2500 0.3750 0.2500 0.3750 0.2500 0.6250 0.2500 0.6250 0.5000 0.3750 0.5000 0.3750 0.5000 0.6250 0.5000 0.6250 0.7500 0.3750 0.7500 0.3750 0.7500 0.6250 0.7500 0.6250 1.0000 0.3750 1.0000 0.1250 0.5000 0.3750 0.5000 0.3750 0.7500 0.1250 0.7500 0.6250 0.5000 0.8750 0.5000 0.8750 0.7500 0.6250 0.7500 0.3750 0.0000 0.6250 0.0000 0.6250 0.2500 0.3750 0.2500 0.3750 0.2500 0.6250 0.2500 0.6250 0.5000 0.3750 0.5000 0.3750 0.5000 0.6250 0.5000 0.6250 0.7500 0.3750 0.7500 0.3750 0.7500 0.6250 0.7500 0.6250 1.0000 0.3750 1.0000 0.1250 0.5000 0.3750 0.5000 0.3750 0.7500 0.1250 0.7500 0.6250 0.5000 0.8750 0.5000 0.8750 0.7500 0.6250 0.7500 " />
						</IndexedFaceSet>
					</Shape>
				</Group>
			</Transform>
		</Transform>
		<Transform DEF="Cube_001_TRANSFORM"
		           translation="0.287541 1.406917 2.469753"
		           scale="0.171760 0.171760 0.171760"
		           rotation="0.134730 0.814072 0.564921 3.021795"
		           >
			<Transform DEF="Cube_001_ifs_TRANSFORM"
			           translation="0.000000 0.000001 0.000000"
			           scale="1.000000 1.000000 1.000000"
			           rotation="-0.000000 0.000000 0.000000 0.000000"
			           >
				<Group DEF="group_ME_Cube_005">
					<Shape>
						<Appearance>
							<Material USE="MA_Material_002" />
						</Appearance>
						<IndexedFaceSet solid="false"
						                texCoordIndex="0 1 2 3 -1 4 5 6 7 -1 8 9 10 11 -1 12 13 14 15 -1 16 17 18 19 -1 20 21 22 23 -1 "
						                coordIndex="0 1 3 2 -1 2 3 7 6 -1 6 7 5 4 -1 4 5 1 0 -1 2 6 4 0 -1 7 3 1 5 -1 "
						                >
							<Coordinate DEF="coords_ME_Cube_005"
							            point="-1.000000 -1.000000 -1.000000 -0.406118 -0.288592 1.000000 -1.000000 1.000000 -1.000000 -0.406118 0.288592 1.000000 1.000000 -1.000000 -1.000000 0.406118 -0.288592 1.000000 1.000000 1.000000 -1.000000 0.406118 0.288592 1.000000 "
							            />
							<TextureCoordinate point="0.3750 0.0000 0.6250 0.0000 0.6250 0.2500 0.3750 0.2500 0.3750 0.2500 0.6250 0.2500 0.6250 0.5000 0.3750 0.5000 0.3750 0.5000 0.6250 0.5000 0.6250 0.7500 0.3750 0.7500 0.3750 0.7500 0.6250 0.7500 0.6250 1.0000 0.3750 1.0000 0.1250 0.5000 0.3750 0.5000 0.3750 0.7500 0.1250 0.7500 0.6250 0.5000 0.8750 0.5000 0.8750 0.7500 0.6250 0.7500 " />
						</IndexedFaceSet>
					</Shape>
				</Group>
			</Transform>
		</Transform>
		<Transform DEF="Sphere_002_TRANSFORM"
		           translation="0.260916 1.223530 2.860574"
		           scale="0.135923 0.135923 0.135923"
		           rotation="-1.000000 0.000000 0.000000 1.570796"
		           >
			<Transform DEF="Sphere_002_ifs_TRANSFORM"
			           translation="0.000000 -0.000002 0.000000"
			           scale="1.000000 1.000000 1.000000"
			           rotation="0.000000 1.000000 0.000000 0.000000"
			           >
				<Group DEF="group_ME_Sphere_003">
					<Shape>
						<Appearance>
							<Material DEF="MA_Material_005"
							          diffuseColor="1 1 1"
							          specularColor="0.401 0.401 0.401"
							          emissiveColor="0.000 0.000 0.000"
							          ambientIntensity="0.000"
							          shininess="0.500"
							          transparency="0.0"
							          />
						</Appearance>
						<IndexedFaceSet solid="false"
						                texCoordIndex="0 1 2 3 -1 4 5 6 7 -1 8 9 10 11 -1 12 13 14 15 -1 16 17 18 19 -1 20 21 22 23 -1 24 25 26 -1 27 28 29 -1 30 31 32 33 -1 34 35 36 37 -1 38 39 40 41 -1 42 43 44 45 -1 46 47 48 49 -1 50 51 52 53 -1 54 55 56 57 -1 58 59 60 61 -1 62 63 64 65 -1 66 67 68 69 -1 70 71 72 73 -1 74 75 76 77 -1 78 79 80 81 -1 82 83 84 85 -1 86 87 88 89 -1 90 91 92 93 -1 94 95 96 -1 97 98 99 -1 100 101 102 103 -1 104 105 106 107 -1 108 109 110 111 -1 112 113 114 115 -1 116 117 118 119 -1 120 121 122 123 -1 124 125 126 -1 127 128 129 -1 130 131 132 133 -1 134 135 136 137 -1 138 139 140 141 -1 142 143 144 145 -1 146 147 148 149 -1 150 151 152 153 -1 154 155 156 157 -1 158 159 160 161 -1 162 163 164 165 -1 166 167 168 169 -1 170 171 172 173 -1 174 175 176 177 -1 178 179 180 181 -1 182 183 184 185 -1 186 187 188 189 -1 190 191 192 193 -1 194 195 196 197 -1 198 199 200 201 -1 202 203 204 205 -1 206 207 208 209 -1 210 211 212 213 -1 214 215 216 -1 217 218 219 -1 220 221 222 223 -1 224 225 226 227 -1 228 229 230 231 -1 232 233 234 235 -1 236 237 238 239 -1 240 241 242 243 -1 244 245 246 247 -1 248 249 250 251 -1 252 253 254 255 -1 256 257 258 259 -1 260 261 262 263 -1 264 265 266 267 -1 268 269 270 271 -1 272 273 274 275 -1 276 277 278 279 -1 280 281 282 283 -1 284 285 286 287 -1 288 289 290 291 -1 292 293 294 295 -1 296 297 298 299 -1 300 301 302 303 -1 304 305 306 -1 307 308 309 -1 310 311 312 313 -1 314 315 316 317 -1 318 319 320 321 -1 322 323 324 325 -1 326 327 328 329 -1 330 331 332 333 -1 334 335 336 -1 337 338 339 -1 340 341 342 343 -1 344 345 346 347 -1 348 349 350 351 -1 352 353 354 355 -1 356 357 358 359 -1 360 361 362 363 -1 364 365 366 367 -1 368 369 370 371 -1 372 373 374 375 -1 376 377 378 379 -1 380 381 382 383 -1 384 385 386 387 -1 388 389 390 391 -1 392 393 394 395 -1 396 397 398 399 -1 400 401 402 403 -1 404 405 406 407 -1 408 409 410 411 -1 412 413 414 415 -1 416 417 418 419 -1 420 421 422 -1 423 424 425 -1 426 427 428 429 -1 430 431 432 433 -1 434 435 436 437 -1 438 439 440 441 -1 442 443 444 445 -1 446 447 448 449 -1 450 451 452 -1 453 454 455 -1 456 457 458 459 -1 460 461 462 463 -1 464 465 466 467 -1 468 469 470 471 -1 472 473 474 475 -1 476 477 478 479 -1 480 481 482 483 -1 484 485 486 487 -1 488 489 490 491 -1 492 493 494 495 -1 496 497 498 499 -1 500 501 502 503 -1 504 505 506 507 -1 508 509 510 511 -1 512 513 514 515 -1 516 517 518 519 -1 520 521 522 523 -1 524 525 526 527 -1 528 529 530 531 -1 532 533 534 535 -1 536 537 538 539 -1 540 541 542 -1 543 544 545 -1 546 547 548 549 -1 550 551 552 553 -1 554 555 556 557 -1 558 559 560 561 -1 562 563 564 565 -1 566 567 568 569 -1 570 571 572 -1 573 574 575 -1 576 577 578 579 -1 580 581 582 583 -1 584 585 586 587 -1 588 589 590 591 -1 592 593 594 595 -1 596 597 598 599 -1 600 601 602 603 -1 604 605 606 607 -1 608 609 610 611 -1 612 613 614 615 -1 616 617 618 619 -1 620 621 622 623 -1 624 625 626 627 -1 628 629 630 631 -1 632 633 634 635 -1 636 637 638 639 -1 640 641 642 643 -1 644 645 646 647 -1 648 649 650 651 -1 652 653 654 655 -1 656 657 658 659 -1 660 661 662 -1 663 664 665 -1 666 667 668 669 -1 670 671 672 673 -1 674 675 676 677 -1 678 679 680 681 -1 682 683 684 685 -1 686 687 688 689 -1 690 691 692 -1 693 694 695 -1 696 697 698 699 -1 700 701 702 703 -1 704 705 706 707 -1 708 709 710 711 -1 712 713 714 715 -1 716 717 718 719 -1 720 721 722 723 -1 724 725 726 727 -1 728 729 730 731 -1 732 733 734 735 -1 736 737 738 739 -1 740 741 742 743 -1 744 745 746 747 -1 748 749 750 751 -1 752 753 754 755 -1 756 757 758 759 -1 760 761 762 763 -1 764 765 766 767 -1 768 769 770 771 -1 772 773 774 775 -1 776 777 778 779 -1 780 781 782 -1 783 784 785 -1 786 787 788 789 -1 790 791 792 793 -1 794 795 796 797 -1 798 799 800 801 -1 802 803 804 805 -1 806 807 808 809 -1 810 811 812 -1 813 814 815 -1 816 817 818 819 -1 820 821 822 823 -1 824 825 826 827 -1 828 829 830 831 -1 832 833 834 835 -1 836 837 838 839 -1 840 841 842 843 -1 844 845 846 847 -1 848 849 850 851 -1 852 853 854 855 -1 856 857 858 859 -1 860 861 862 863 -1 864 865 866 867 -1 868 869 870 871 -1 872 873 874 875 -1 876 877 878 879 -1 880 881 882 883 -1 884 885 886 887 -1 888 889 890 891 -1 892 893 894 895 -1 896 897 898 899 -1 900 901 902 -1 903 904 905 -1 906 907 908 909 -1 910 911 912 913 -1 914 915 916 917 -1 918 919 920 921 -1 922 923 924 925 -1 926 927 928 929 -1 930 931 932 -1 933 934 935 936 -1 937 938 939 940 -1 941 942 943 944 -1 945 946 947 948 -1 949 950 951 952 -1 953 954 955 956 -1 957 958 959 960 -1 961 962 963 964 -1 965 966 967 968 -1 969 970 971 972 -1 973 974 975 976 -1 977 978 979 980 -1 981 982 983 984 -1 985 986 987 988 -1 989 990 991 -1 992 993 994 995 -1 996 997 998 999 -1 1000 1001 1002 1003 -1 1004 1005 1006 1007 -1 1008 1009 1010 1011 -1 1012 1013 1014 1015 -1 1016 1017 1018 -1 1019 1020 1021 -1 1022 1023 1024 1025 -1 1026 1027 1028 1029 -1 1030 1031 1032 1033 -1 1034 1035 1036 1037 -1 1038 1039 1040 1041 -1 1042 1043 1044 1045 -1 1046 1047 1048 1049 -1 1050 1051 1052 1053 -1 1054 1055 1056 1057 -1 1058 1059 1060 1061 -1 1062 1063 1064 1065 -1 1066 1067 1068 1069 -1 1070 1071 1072 1073 -1 1074 1075 1076 1077 -1 1078 1079 1080 1081 -1 1082 1083 1084 1085 -1 1086 1087 1088 1089 -1 1090 1091 1092 1093 -1 1094 1095 1096 1097 -1 1098 1099 1100 1101 -1 1102 1103 1104 1105 -1 1106 1107 1108 -1 1109 1110 1111 -1 1112 1113 1114 1115 -1 1116 1117 1118 1119 -1 1120 1121 1122 1123 -1 1124 1125 1126 1127 -1 1128 1129 1130 1131 -1 1132 1133 1134 1135 -1 1136 1137 1138 -1 1139 1140 1141 -1 1142 1143 1144 1145 -1 1146 1147 1148 1149 -1 1150 1151 1152 1153 -1 1154 1155 1156 1157 -1 1158 1159 1160 1161 -1 1162 1163 1164 1165 -1 1166 1167 1168 1169 -1 1170 1171 1172 1173 -1 1174 1175 1176 1177 -1 1178 1179 1180 1181 -1 1182 1183 1184 1185 -1 1186 1187 1188 1189 -1 1190 1191 1192 1193 -1 1194 1195 1196 1197 -1 1198 1199 1200 1201 -1 1202 1203 1204 1205 -1 1206 1207 1208 1209 -1 1210 1211 1212 1213 -1 1214 1215 1216 1217 -1 1218 1219 1220 1221 -1 1222 1223 1224 1225 -1 1226 1227 1228 -1 1229 1230 1231 -1 1232 1233 1234 1235 -1 1236 1237 1238 1239 -1 1240 1241 1242 1243 -1 1244 1245 1246 1247 -1 1248 1249 1250 1251 -1 1252 1253 1254 1255 -1 1256 1257 1258 -1 1259 1260 1261 -1 1262 1263 1264 1265 -1 1266 1267 1268 1269 -1 1270 1271 1272 1273 -1 1274 1275 1276 1277 -1 1278 1279 1280 1281 -1 1282 1283 1284 1285 -1 1286 1287 1288 1289 -1 1290 1291 1292 1293 -1 1294 1295 1296 1297 -1 1298 1299 1300 1301 -1 1302 1303 1304 1305 -1 1306 1307 1308 1309 -1 1310 1311 1312 1313 -1 1314 1315 1316 1317 -1 1318 1319 1320 1321 -1 1322 1323 1324 1325 -1 1326 1327 1328 1329 -1 1330 1331 1332 1333 -1 1334 1335 1336 1337 -1 1338 1339 1340 1341 -1 1342 1343 1344 1345 -1 1346 1347 1348 -1 1349 1350 1351 -1 1352 1353 1354 1355 -1 1356 1357 1358 1359 -1 1360 1361 1362 1363 -1 1364 1365 1366 1367 -1 1368 1369 1370 1371 -1 1372 1373 1374 1375 -1 1376 1377 1378 -1 1379 1380 1381 -1 1382 1383 1384 1385 -1 1386 1387 1388 1389 -1 1390 1391 1392 1393 -1 1394 1395 1396 1397 -1 1398 1399 1400 1401 -1 1402 1403 1404 1405 -1 1406 1407 1408 1409 -1 1410 1411 1412 1413 -1 1414 1415 1416 1417 -1 1418 1419 1420 1421 -1 1422 1423 1424 1425 -1 1426 1427 1428 1429 -1 1430 1431 1432 1433 -1 1434 1435 1436 1437 -1 1438 1439 1440 1441 -1 1442 1443 1444 1445 -1 1446 1447 1448 1449 -1 1450 1451 1452 1453 -1 1454 1455 1456 1457 -1 1458 1459 1460 1461 -1 1462 1463 1464 1465 -1 1466 1467 1468 -1 1469 1470 1471 -1 1472 1473 1474 1475 -1 1476 1477 1478 1479 -1 1480 1481 1482 1483 -1 1484 1485 1486 1487 -1 1488 1489 1490 1491 -1 1492 1493 1494 1495 -1 1496 1497 1498 -1 1499 1500 1501 -1 1502 1503 1504 1505 -1 1506 1507 1508 1509 -1 1510 1511 1512 1513 -1 1514 1515 1516 1517 -1 1518 1519 1520 1521 -1 1522 1523 1524 1525 -1 1526 1527 1528 1529 -1 1530 1531 1532 1533 -1 1534 1535 1536 1537 -1 1538 1539 1540 1541 -1 1542 1543 1544 1545 -1 1546 1547 1548 1549 -1 1550 1551 1552 1553 -1 1554 1555 1556 1557 -1 1558 1559 1560 1561 -1 1562 1563 1564 1565 -1 1566 1567 1568 1569 -1 1570 1571 1572 1573 -1 1574 1575 1576 1577 -1 1578 1579 1580 1581 -1 1582 1583 1584 -1 1585 1586 1587 -1 1588 1589 1590 1591 -1 1592 1593 1594 1595 -1 1596 1597 1598 1599 -1 1600 1601 1602 1603 -1 1604 1605 1606 1607 -1 1608 1609 1610 1611 -1 1612 1613 1614 -1 1615 1616 1617 -1 1618 1619 1620 1621 -1 1622 1623 1624 1625 -1 1626 1627 1628 1629 -1 1630 1631 1632 1633 -1 1634 1635 1636 1637 -1 1638 1639 1640 1641 -1 1642 1643 1644 1645 -1 1646 1647 1648 1649 -1 1650 1651 1652 1653 -1 1654 1655 1656 1657 -1 1658 1659 1660 1661 -1 1662 1663 1664 1665 -1 1666 1667 1668 1669 -1 1670 1671 1672 1673 -1 1674 1675 1676 1677 -1 1678 1679 1680 1681 -1 1682 1683 1684 1685 -1 1686 1687 1688 1689 -1 1690 1691 1692 1693 -1 1694 1695 1696 1697 -1 1698 1699 1700 1701 -1 1702 1703 1704 -1 1705 1706 1707 -1 1708 1709 1710 1711 -1 1712 1713 1714 1715 -1 1716 1717 1718 1719 -1 1720 1721 1722 1723 -1 1724 1725 1726 1727 -1 1728 1729 1730 1731 -1 1732 1733 1734 1735 -1 1736 1737 1738 1739 -1 1740 1741 1742 1743 -1 1744 1745 1746 1747 -1 1748 1749 1750 1751 -1 1752 1753 1754 1755 -1 1756 1757 1758 1759 -1 1760 1761 1762 1763 -1 1764 1765 1766 1767 -1 1768 1769 1770 1771 -1 1772 1773 1774 1775 -1 1776 1777 1778 1779 -1 1780 1781 1782 1783 -1 1784 1785 1786 1787 -1 1788 1789 1790 1791 -1 1792 1793 1794 -1 1795 1796 1797 -1 1798 1799 1800 1801 -1 1802 1803 1804 1805 -1 1806 1807 1808 1809 -1 1810 1811 1812 1813 -1 1814 1815 1816 1817 -1 1818 1819 1820 1821 -1 1822 1823 1824 -1 1825 1826 1827 -1 1828 1829 1830 1831 -1 1832 1833 1834 1835 -1 1836 1837 1838 1839 -1 1840 1841 1842 1843 -1 1844 1845 1846 1847 -1 1848 1849 1850 1851 -1 1852 1853 1854 1855 -1 1856 1857 1858 1859 -1 1860 1861 1862 1863 -1 1864 1865 1866 1867 -1 1868 1869 1870 1871 -1 1872 1873 1874 1875 -1 1876 1877 1878 1879 -1 1880 1881 1882 1883 -1 1884 1885 1886 1887 -1 1888 1889 1890 1891 -1 1892 1893 1894 1895 -1 1896 1897 1898 1899 -1 1900 1901 1902 1903 -1 1904 1905 1906 1907 -1 1908 1909 1910 1911 -1 1912 1913 1914 -1 1915 1916 1917 -1 1918 1919 1920 1921 -1 1922 1923 1924 1925 -1 1926 1927 1928 1929 -1 1930 1931 1932 1933 -1 1934 1935 1936 1937 -1 1938 1939 1940 1941 -1 1942 1943 1944 -1 1945 1946 1947 -1 1948 1949 1950 1951 -1 1952 1953 1954 1955 -1 1956 1957 1958 1959 -1 1960 1961 1962 1963 -1 1964 1965 1966 1967 -1 1968 1969 1970 1971 -1 1972 1973 1974 1975 -1 1976 1977 1978 1979 -1 1980 1981 1982 1983 -1 "
						                coordIndex="479 478 17 18 -1 476 1 10 11 -1 480 479 18 19 -1 2 476 11 12 -1 481 480 19 20 -1 3 2 12 13 -1 473 81 6 -1 307 481 20 -1 4 3 13 14 -1 474 473 6 7 -1 477 4 14 15 -1 0 474 7 8 -1 5 477 15 16 -1 475 0 8 9 -1 478 5 16 17 -1 1 475 9 10 -1 17 16 31 32 -1 10 9 24 25 -1 18 17 32 33 -1 11 10 25 26 -1 19 18 33 34 -1 12 11 26 27 -1 20 19 34 35 -1 13 12 27 28 -1 6 81 21 -1 307 20 35 -1 14 13 28 29 -1 7 6 21 22 -1 15 14 29 30 -1 8 7 22 23 -1 16 15 30 31 -1 9 8 23 24 -1 21 81 36 -1 307 35 50 -1 29 28 43 44 -1 22 21 36 37 -1 30 29 44 45 -1 23 22 37 38 -1 31 30 45 46 -1 24 23 38 39 -1 32 31 46 47 -1 25 24 39 40 -1 33 32 47 48 -1 26 25 40 41 -1 34 33 48 49 -1 27 26 41 42 -1 35 34 49 50 -1 28 27 42 43 -1 40 39 54 55 -1 48 47 62 63 -1 41 40 55 56 -1 49 48 63 64 -1 42 41 56 57 -1 50 49 64 65 -1 43 42 57 58 -1 36 81 51 -1 307 50 65 -1 44 43 58 59 -1 37 36 51 52 -1 45 44 59 60 -1 38 37 52 53 -1 46 45 60 61 -1 39 38 53 54 -1 47 46 61 62 -1 59 58 73 74 -1 52 51 66 67 -1 60 59 74 75 -1 53 52 67 68 -1 61 60 75 76 -1 54 53 68 69 -1 62 61 76 77 -1 55 54 69 70 -1 63 62 77 78 -1 56 55 70 71 -1 64 63 78 79 -1 57 56 71 72 -1 65 64 79 80 -1 58 57 72 73 -1 51 81 66 -1 307 65 80 -1 78 77 93 94 -1 71 70 86 87 -1 79 78 94 95 -1 72 71 87 88 -1 80 79 95 96 -1 73 72 88 89 -1 66 81 82 -1 307 80 96 -1 74 73 89 90 -1 67 66 82 83 -1 75 74 90 91 -1 68 67 83 84 -1 76 75 91 92 -1 69 68 84 85 -1 77 76 92 93 -1 70 69 85 86 -1 91 90 105 106 -1 84 83 98 99 -1 92 91 106 107 -1 85 84 99 100 -1 93 92 107 108 -1 86 85 100 101 -1 94 93 108 109 -1 87 86 101 102 -1 95 94 109 110 -1 88 87 102 103 -1 96 95 110 111 -1 89 88 103 104 -1 82 81 97 -1 307 96 111 -1 90 89 104 105 -1 83 82 97 98 -1 110 109 124 125 -1 103 102 117 118 -1 111 110 125 126 -1 104 103 118 119 -1 97 81 112 -1 307 111 126 -1 105 104 119 120 -1 98 97 112 113 -1 106 105 120 121 -1 99 98 113 114 -1 107 106 121 122 -1 100 99 114 115 -1 108 107 122 123 -1 101 100 115 116 -1 109 108 123 124 -1 102 101 116 117 -1 114 113 128 129 -1 122 121 136 137 -1 115 114 129 130 -1 123 122 137 138 -1 116 115 130 131 -1 124 123 138 139 -1 117 116 131 132 -1 125 124 139 140 -1 118 117 132 133 -1 126 125 140 141 -1 119 118 133 134 -1 112 81 127 -1 307 126 141 -1 120 119 134 135 -1 113 112 127 128 -1 121 120 135 136 -1 133 132 147 148 -1 141 140 155 156 -1 134 133 148 149 -1 127 81 142 -1 307 141 156 -1 135 134 149 150 -1 128 127 142 143 -1 136 135 150 151 -1 129 128 143 144 -1 137 136 151 152 -1 130 129 144 145 -1 138 137 152 153 -1 131 130 145 146 -1 139 138 153 154 -1 132 131 146 147 -1 140 139 154 155 -1 152 151 166 167 -1 145 144 159 160 -1 153 152 167 168 -1 146 145 160 161 -1 154 153 168 169 -1 147 146 161 162 -1 155 154 169 170 -1 148 147 162 163 -1 156 155 170 171 -1 149 148 163 164 -1 142 81 157 -1 307 156 171 -1 150 149 164 165 -1 143 142 157 158 -1 151 150 165 166 -1 144 143 158 159 -1 171 170 185 186 -1 164 163 178 179 -1 157 81 172 -1 307 171 186 -1 165 164 179 180 -1 158 157 172 173 -1 166 165 180 181 -1 159 158 173 174 -1 167 166 181 182 -1 160 159 174 175 -1 168 167 182 183 -1 161 160 175 176 -1 169 168 183 184 -1 162 161 176 177 -1 170 169 184 185 -1 163 162 177 178 -1 175 174 189 190 -1 183 182 197 198 -1 176 175 190 191 -1 184 183 198 199 -1 177 176 191 192 -1 185 184 199 200 -1 178 177 192 193 -1 186 185 200 201 -1 179 178 193 194 -1 172 81 187 -1 307 186 201 -1 180 179 194 195 -1 173 172 187 188 -1 181 180 195 196 -1 174 173 188 189 -1 182 181 196 197 -1 194 193 208 209 -1 187 81 202 -1 307 201 216 -1 195 194 209 210 -1 188 187 202 203 -1 196 195 210 211 -1 189 188 203 204 -1 197 196 211 212 -1 190 189 204 205 -1 198 197 212 213 -1 191 190 205 206 -1 199 198 213 214 -1 192 191 206 207 -1 200 199 214 215 -1 193 192 207 208 -1 201 200 215 216 -1 213 212 227 228 -1 206 205 220 221 -1 214 213 228 229 -1 207 206 221 222 -1 215 214 229 230 -1 208 207 222 223 -1 216 215 230 231 -1 209 208 223 224 -1 202 81 217 -1 307 216 231 -1 210 209 224 225 -1 203 202 217 218 -1 211 210 225 226 -1 204 203 218 219 -1 212 211 226 227 -1 205 204 219 220 -1 307 231 246 -1 225 224 239 240 -1 218 217 232 233 -1 226 225 240 241 -1 219 218 233 234 -1 227 226 241 242 -1 220 219 234 235 -1 228 227 242 243 -1 221 220 235 236 -1 229 228 243 244 -1 222 221 236 237 -1 230 229 244 245 -1 223 222 237 238 -1 231 230 245 246 -1 224 223 238 239 -1 217 81 232 -1 244 243 258 259 -1 237 236 251 252 -1 245 244 259 260 -1 238 237 252 253 -1 246 245 260 261 -1 239 238 253 254 -1 232 81 247 -1 307 246 261 -1 240 239 254 255 -1 233 232 247 248 -1 241 240 255 256 -1 234 233 248 249 -1 242 241 256 257 -1 235 234 249 250 -1 243 242 257 258 -1 236 235 250 251 -1 248 247 262 263 -1 256 255 270 271 -1 249 248 263 264 -1 257 256 271 272 -1 250 249 264 265 -1 258 257 272 273 -1 251 250 265 266 -1 259 258 273 274 -1 252 251 266 267 -1 260 259 274 275 -1 253 252 267 268 -1 261 260 275 276 -1 254 253 268 269 -1 247 81 262 -1 307 261 276 -1 255 254 269 270 -1 267 266 281 282 -1 275 274 289 290 -1 268 267 282 283 -1 276 275 290 291 -1 269 268 283 284 -1 262 81 277 -1 307 276 291 -1 270 269 284 285 -1 263 262 277 278 -1 271 270 285 286 -1 264 263 278 279 -1 272 271 286 287 -1 265 264 279 280 -1 273 272 287 288 -1 266 265 280 281 -1 274 273 288 289 -1 286 285 300 301 -1 279 278 293 294 -1 287 286 301 302 -1 280 279 294 295 -1 288 287 302 303 -1 281 280 295 296 -1 289 288 303 304 -1 282 281 296 297 -1 290 289 304 305 -1 283 282 297 298 -1 291 290 305 306 -1 284 283 298 299 -1 277 81 292 -1 307 291 306 -1 285 284 299 300 -1 278 277 292 293 -1 305 304 320 321 -1 298 297 313 314 -1 306 305 321 322 -1 299 298 314 315 -1 292 81 308 -1 307 306 322 -1 300 299 315 316 -1 293 292 308 309 -1 301 300 316 317 -1 294 293 309 310 -1 302 301 317 318 -1 295 294 310 311 -1 303 302 318 319 -1 296 295 311 312 -1 304 303 319 320 -1 297 296 312 313 -1 310 309 324 325 -1 318 317 332 333 -1 311 310 325 326 -1 319 318 333 334 -1 312 311 326 327 -1 320 319 334 335 -1 313 312 327 328 -1 321 320 335 336 -1 314 313 328 329 -1 322 321 336 337 -1 315 314 329 330 -1 308 81 323 -1 307 322 337 -1 316 315 330 331 -1 309 308 323 324 -1 317 316 331 332 -1 329 328 343 344 -1 337 336 351 352 -1 330 329 344 345 -1 323 81 338 -1 307 337 352 -1 331 330 345 346 -1 324 323 338 339 -1 332 331 346 347 -1 325 324 339 340 -1 333 332 347 348 -1 326 325 340 341 -1 334 333 348 349 -1 327 326 341 342 -1 335 334 349 350 -1 328 327 342 343 -1 336 335 350 351 -1 348 347 362 363 -1 341 340 355 356 -1 349 348 363 364 -1 342 341 356 357 -1 350 349 364 365 -1 343 342 357 358 -1 351 350 365 366 -1 344 343 358 359 -1 352 351 366 367 -1 345 344 359 360 -1 338 81 353 -1 307 352 367 -1 346 345 360 361 -1 339 338 353 354 -1 347 346 361 362 -1 340 339 354 355 -1 367 366 381 382 -1 360 359 374 375 -1 353 81 368 -1 307 367 382 -1 361 360 375 376 -1 354 353 368 369 -1 362 361 376 377 -1 355 354 369 370 -1 363 362 377 378 -1 356 355 370 371 -1 364 363 378 379 -1 357 356 371 372 -1 365 364 379 380 -1 358 357 372 373 -1 366 365 380 381 -1 359 358 373 374 -1 379 378 393 394 -1 372 371 386 387 -1 380 379 394 395 -1 373 372 387 388 -1 381 380 395 396 -1 374 373 388 389 -1 382 381 396 397 -1 375 374 389 390 -1 368 81 383 -1 307 382 397 -1 376 375 390 391 -1 369 368 383 384 -1 377 376 391 392 -1 370 369 384 385 -1 378 377 392 393 -1 371 370 385 386 -1 383 81 398 -1 307 397 412 -1 391 390 405 406 -1 384 383 398 399 -1 392 391 406 407 -1 385 384 399 400 -1 393 392 407 408 -1 386 385 400 401 -1 394 393 408 409 -1 387 386 401 402 -1 395 394 409 410 -1 388 387 402 403 -1 396 395 410 411 -1 389 388 403 404 -1 397 396 411 412 -1 390 389 404 405 -1 402 401 416 417 -1 410 409 424 425 -1 403 402 417 418 -1 411 410 425 426 -1 404 403 418 419 -1 412 411 426 427 -1 405 404 419 420 -1 398 81 413 -1 307 412 427 -1 406 405 420 421 -1 399 398 413 414 -1 407 406 421 422 -1 400 399 414 415 -1 408 407 422 423 -1 401 400 415 416 -1 409 408 423 424 -1 421 420 435 436 -1 414 413 428 429 -1 422 421 436 437 -1 415 414 429 430 -1 423 422 437 438 -1 416 415 430 431 -1 424 423 438 439 -1 417 416 431 432 -1 425 424 439 440 -1 418 417 432 433 -1 426 425 440 441 -1 419 418 433 434 -1 427 426 441 442 -1 420 419 434 435 -1 413 81 428 -1 307 427 442 -1 440 439 454 455 -1 433 432 447 448 -1 441 440 455 456 -1 434 433 448 449 -1 442 441 456 457 -1 435 434 449 450 -1 428 81 443 -1 307 442 457 -1 436 435 450 451 -1 429 428 443 444 -1 437 436 451 452 -1 430 429 444 445 -1 438 437 452 453 -1 431 430 445 446 -1 439 438 453 454 -1 432 431 446 447 -1 444 443 458 459 -1 452 451 466 467 -1 445 444 459 460 -1 453 452 467 468 -1 446 445 460 461 -1 454 453 468 469 -1 447 446 461 462 -1 455 454 469 470 -1 448 447 462 463 -1 456 455 470 471 -1 449 448 463 464 -1 457 456 471 472 -1 450 449 464 465 -1 443 81 458 -1 307 457 472 -1 451 450 465 466 -1 463 462 1 476 -1 471 470 479 480 -1 464 463 476 2 -1 472 471 480 481 -1 465 464 2 3 -1 458 81 473 -1 307 472 481 -1 466 465 3 4 -1 459 458 473 474 -1 467 466 4 477 -1 460 459 474 0 -1 468 467 477 5 -1 461 460 0 475 -1 469 468 5 478 -1 462 461 475 1 -1 470 469 478 479 -1 "
						                >
							<Coordinate DEF="coords_ME_Sphere_003"
							            point="0.000000 0.555570 0.831470 0.000000 0.831470 0.555570 0.000000 0.980785 0.195090 0.000000 1.000000 0.000000 0.000000 0.980785 -0.195090 0.000000 0.831470 -0.555570 0.038060 0.191342 0.980785 0.074658 0.375330 0.923880 0.108386 0.544895 0.831470 0.137950 0.693520 0.707107 0.162212 0.815493 0.555570 0.180240 0.906127 0.382683 0.191342 0.961940 0.195090 0.195090 0.980785 0.000000 0.191342 0.961940 -0.195090 0.180240 0.906127 -0.382683 0.162212 0.815493 -0.555570 0.137950 0.693520 -0.707107 0.108386 0.544895 -0.831470 0.074658 0.375330 -0.923880 0.038060 0.191342 -0.980785 0.074658 0.180240 0.980785 0.146447 0.353553 0.923880 0.212608 0.513280 0.831470 0.270598 0.653281 0.707107 0.318190 0.768178 0.555570 0.353553 0.853553 0.382683 0.375330 0.906127 0.195090 0.382683 0.923879 0.000000 0.375330 0.906127 -0.195090 0.353553 0.853553 -0.382683 0.318190 0.768178 -0.555570 0.270598 0.653281 -0.707107 0.212608 0.513280 -0.831470 0.146447 0.353553 -0.923880 0.074658 0.180240 -0.980785 0.108386 0.162212 0.980785 0.212608 0.318190 0.923880 0.308658 0.461940 0.831470 0.392847 0.587938 0.707107 0.461940 0.691342 0.555570 0.513280 0.768178 0.382683 0.544895 0.815493 0.195090 0.555570 0.831469 0.000000 0.544895 0.815493 -0.195090 0.513280 0.768178 -0.382683 0.461940 0.691342 -0.555570 0.392847 0.587938 -0.707107 0.308658 0.461940 -0.831470 0.212608 0.318190 -0.923880 0.108386 0.162212 -0.980785 0.137950 0.137950 0.980785 0.270598 0.270598 0.923880 0.392847 0.392847 0.831470 0.500000 0.500000 0.707107 0.587938 0.587938 0.555570 0.653281 0.653281 0.382683 0.693520 0.693520 0.195090 0.707107 0.707107 0.000000 0.693520 0.693520 -0.195090 0.653281 0.653281 -0.382683 0.587938 0.587938 -0.555570 0.500000 0.500000 -0.707107 0.392847 0.392847 -0.831470 0.270598 0.270598 -0.923880 0.137950 0.137950 -0.980785 0.162212 0.108386 0.980785 0.318190 0.212608 0.923880 0.461940 0.308658 0.831470 0.587938 0.392847 0.707107 0.691342 0.461940 0.555570 0.768178 0.513280 0.382683 0.815493 0.544895 0.195090 0.831470 0.555570 0.000000 0.815493 0.544895 -0.195090 0.768178 0.513280 -0.382683 0.691342 0.461940 -0.555570 0.587938 0.392847 -0.707107 0.461940 0.308658 -0.831470 0.318190 0.212608 -0.923880 0.162212 0.108386 -0.980785 0.000000 0.000000 1.000000 0.180240 0.074658 0.980785 0.353553 0.146447 0.923880 0.513280 0.212607 0.831470 0.653281 0.270598 0.707107 0.768178 0.318190 0.555570 0.853553 0.353553 0.382683 0.906127 0.375330 0.195090 0.923879 0.382683 0.000000 0.906127 0.375330 -0.195090 0.853553 0.353553 -0.382683 0.768178 0.318190 -0.555570 0.653281 0.270598 -0.707107 0.513280 0.212607 -0.831470 0.353553 0.146447 -0.923880 0.180240 0.074658 -0.980785 0.191342 0.038060 0.980785 0.375330 0.074658 0.923880 0.544895 0.108386 0.831470 0.693520 0.137950 0.707107 0.815493 0.162212 0.555570 0.906127 0.180240 0.382683 0.961940 0.191342 0.195090 0.980785 0.195090 0.000000 0.961940 0.191342 -0.195090 0.906127 0.180240 -0.382683 0.815493 0.162212 -0.555570 0.693520 0.137950 -0.707107 0.544895 0.108386 -0.831470 0.375330 0.074658 -0.923880 0.191342 0.038060 -0.980785 0.195090 -0.000000 0.980785 0.382683 -0.000000 0.923880 0.555570 -0.000000 0.831470 0.707107 0.000000 0.707107 0.831469 -0.000000 0.555570 0.923879 0.000000 0.382683 0.980785 -0.000000 0.195090 1.000000 -0.000000 0.000000 0.980785 -0.000000 -0.195090 0.923879 0.000000 -0.382683 0.831469 -0.000000 -0.555570 0.707107 0.000000 -0.707107 0.555570 -0.000000 -0.831470 0.382683 -0.000000 -0.923880 0.195090 -0.000000 -0.980785 0.191342 -0.038060 0.980785 0.375330 -0.074658 0.923880 0.544895 -0.108386 0.831470 0.693520 -0.137950 0.707107 0.815493 -0.162212 0.555570 0.906127 -0.180240 0.382683 0.961940 -0.191342 0.195090 0.980785 -0.195090 0.000000 0.961940 -0.191342 -0.195090 0.906127 -0.180240 -0.382683 0.815493 -0.162212 -0.555570 0.693520 -0.137950 -0.707107 0.544895 -0.108386 -0.831470 0.375330 -0.074658 -0.923880 0.191342 -0.038060 -0.980785 0.180240 -0.074658 0.980785 0.353553 -0.146447 0.923880 0.513280 -0.212608 0.831470 0.653281 -0.270598 0.707107 0.768178 -0.318190 0.555570 0.853553 -0.353553 0.382683 0.906127 -0.375330 0.195090 0.923879 -0.382683 0.000000 0.906127 -0.375330 -0.195090 0.853553 -0.353553 -0.382683 0.768178 -0.318190 -0.555570 0.653281 -0.270598 -0.707107 0.513280 -0.212608 -0.831470 0.353553 -0.146447 -0.923880 0.180240 -0.074658 -0.980785 0.162212 -0.108386 0.980785 0.318190 -0.212608 0.923880 0.461940 -0.308658 0.831470 0.587938 -0.392847 0.707107 0.691341 -0.461940 0.555570 0.768178 -0.513280 0.382683 0.815493 -0.544895 0.195090 0.831469 -0.555570 0.000000 0.815493 -0.544895 -0.195090 0.768178 -0.513280 -0.382683 0.691341 -0.461940 -0.555570 0.587938 -0.392847 -0.707107 0.461940 -0.308658 -0.831470 0.318190 -0.212608 -0.923880 0.162212 -0.108386 -0.980785 0.137950 -0.137950 0.980785 0.270598 -0.270598 0.923880 0.392847 -0.392847 0.831470 0.500000 -0.500000 0.707107 0.587938 -0.587938 0.555570 0.653281 -0.653281 0.382683 0.693520 -0.693520 0.195090 0.707106 -0.707107 0.000000 0.693520 -0.693520 -0.195090 0.653281 -0.653281 -0.382683 0.587938 -0.587938 -0.555570 0.500000 -0.500000 -0.707107 0.392847 -0.392847 -0.831470 0.270598 -0.270598 -0.923880 0.137950 -0.137950 -0.980785 0.108386 -0.162212 0.980785 0.212607 -0.318190 0.923880 0.308658 -0.461940 0.831470 0.392847 -0.587938 0.707107 0.461940 -0.691342 0.555570 0.513280 -0.768178 0.382683 0.544895 -0.815493 0.195090 0.555570 -0.831469 0.000000 0.544895 -0.815493 -0.195090 0.513280 -0.768178 -0.382683 0.461940 -0.691342 -0.555570 0.392847 -0.587938 -0.707107 0.308658 -0.461940 -0.831470 0.212607 -0.318190 -0.923880 0.108386 -0.162212 -0.980785 0.074658 -0.180240 0.980785 0.146447 -0.353553 0.923880 0.212607 -0.513280 0.831470 0.270598 -0.653281 0.707107 0.318189 -0.768178 0.555570 0.353553 -0.853553 0.382683 0.375330 -0.906127 0.195090 0.382683 -0.923879 0.000000 0.375330 -0.906127 -0.195090 0.353553 -0.853553 -0.382683 0.318189 -0.768178 -0.555570 0.270598 -0.653281 -0.707107 0.212607 -0.513280 -0.831470 0.146447 -0.353553 -0.923880 0.074658 -0.180240 -0.980785 0.038060 -0.191342 0.980785 0.074658 -0.375330 0.923880 0.108386 -0.544895 0.831470 0.137950 -0.693520 0.707107 0.162212 -0.815493 0.555570 0.180240 -0.906127 0.382683 0.191342 -0.961939 0.195090 0.195090 -0.980785 0.000000 0.191342 -0.961939 -0.195090 0.180240 -0.906127 -0.382683 0.162212 -0.815493 -0.555570 0.137950 -0.693520 -0.707107 0.108386 -0.544895 -0.831470 0.074658 -0.375330 -0.923880 0.038060 -0.191342 -0.980785 -0.000000 -0.195090 0.980785 -0.000000 -0.382683 0.923880 -0.000000 -0.555570 0.831470 -0.000000 -0.707107 0.707107 -0.000000 -0.831469 0.555570 0.000000 -0.923879 0.382683 -0.000000 -0.980785 0.195090 -0.000000 -0.999999 0.000000 -0.000000 -0.980785 -0.195090 0.000000 -0.923879 -0.382683 -0.000000 -0.831469 -0.555570 -0.000000 -0.707107 -0.707107 -0.000000 -0.555570 -0.831470 -0.000000 -0.382683 -0.923880 -0.000000 -0.195090 -0.980785 -0.038060 -0.191342 0.980785 -0.074658 -0.375330 0.923880 -0.108386 -0.544895 0.831470 -0.137950 -0.693520 0.707107 -0.162212 -0.815493 0.555570 -0.180240 -0.906127 0.382683 -0.191342 -0.961939 0.195090 -0.195091 -0.980785 0.000000 -0.191342 -0.961939 -0.195090 -0.180240 -0.906127 -0.382683 -0.162212 -0.815493 -0.555570 -0.137950 -0.693520 -0.707107 -0.108386 -0.544895 -0.831470 -0.074658 -0.375330 -0.923880 -0.038060 -0.191342 -0.980785 -0.074658 -0.180240 0.980785 -0.146447 -0.353553 0.923880 -0.212608 -0.513280 0.831470 -0.270598 -0.653281 0.707107 -0.318190 -0.768177 0.555570 -0.353553 -0.853553 0.382683 -0.375330 -0.906127 0.195090 -0.382683 -0.923879 0.000000 -0.375330 -0.906127 -0.195090 -0.353553 -0.853553 -0.382683 -0.318190 -0.768177 -0.555570 -0.270598 -0.653281 -0.707107 -0.212608 -0.513280 -0.831470 -0.146447 -0.353553 -0.923880 -0.074658 -0.180240 -0.980785 -0.108386 -0.162212 0.980785 -0.212608 -0.318190 0.923880 -0.308658 -0.461939 0.831470 -0.392847 -0.587938 0.707107 -0.461940 -0.691341 0.555570 -0.513280 -0.768178 0.382683 -0.544895 -0.815493 0.195090 -0.555570 -0.831469 0.000000 -0.544895 -0.815493 -0.195090 -0.513280 -0.768178 -0.382683 -0.461940 -0.691341 -0.555570 -0.392847 -0.587938 -0.707107 -0.308658 -0.461939 -0.831470 -0.212608 -0.318190 -0.923880 -0.108386 -0.162212 -0.980785 -0.137950 -0.137950 0.980785 -0.270598 -0.270598 0.923880 -0.392847 -0.392847 0.831470 -0.500000 -0.500000 0.707107 -0.587938 -0.587937 0.555570 -0.653281 -0.653281 0.382683 -0.693520 -0.693520 0.195090 -0.707106 -0.707106 0.000000 -0.693520 -0.693520 -0.195090 -0.653281 -0.653281 -0.382683 -0.587938 -0.587937 -0.555570 -0.500000 -0.500000 -0.707107 -0.392847 -0.392847 -0.831470 -0.270598 -0.270598 -0.923880 -0.137950 -0.137950 -0.980785 0.000000 0.000000 -1.000000 -0.162212 -0.108386 0.980785 -0.318190 -0.212607 0.923880 -0.461940 -0.308658 0.831470 -0.587938 -0.392847 0.707107 -0.691341 -0.461939 0.555570 -0.768177 -0.513280 0.382683 -0.815493 -0.544895 0.195090 -0.831469 -0.555569 0.000000 -0.815493 -0.544895 -0.195090 -0.768177 -0.513280 -0.382683 -0.691341 -0.461939 -0.555570 -0.587938 -0.392847 -0.707107 -0.461940 -0.308658 -0.831470 -0.318190 -0.212607 -0.923880 -0.162212 -0.108386 -0.980785 -0.180240 -0.074658 0.980785 -0.353553 -0.146447 0.923880 -0.513280 -0.212607 0.831470 -0.653281 -0.270598 0.707107 -0.768177 -0.318189 0.555570 -0.853553 -0.353553 0.382683 -0.906127 -0.375330 0.195090 -0.923879 -0.382683 0.000000 -0.906127 -0.375330 -0.195090 -0.853553 -0.353553 -0.382683 -0.768177 -0.318189 -0.555570 -0.653281 -0.270598 -0.707107 -0.513280 -0.212607 -0.831470 -0.353553 -0.146447 -0.923880 -0.180240 -0.074658 -0.980785 -0.191342 -0.038060 0.980785 -0.375330 -0.074658 0.923880 -0.544895 -0.108386 0.831470 -0.693520 -0.137950 0.707107 -0.815493 -0.162211 0.555570 -0.906127 -0.180240 0.382683 -0.961939 -0.191341 0.195090 -0.980784 -0.195090 0.000000 -0.961939 -0.191341 -0.195090 -0.906127 -0.180240 -0.382683 -0.815493 -0.162211 -0.555570 -0.693520 -0.137950 -0.707107 -0.544895 -0.108386 -0.831470 -0.375330 -0.074658 -0.923880 -0.191342 -0.038060 -0.980785 -0.195090 0.000000 0.980785 -0.382683 0.000000 0.923880 -0.555570 0.000000 0.831470 -0.707107 0.000000 0.707107 -0.831469 0.000000 0.555570 -0.923879 0.000000 0.382683 -0.980785 0.000000 0.195090 -0.999999 0.000000 0.000000 -0.980785 0.000000 -0.195090 -0.923879 0.000000 -0.382683 -0.831469 0.000000 -0.555570 -0.707107 0.000000 -0.707107 -0.555570 0.000000 -0.831470 -0.382683 0.000000 -0.923880 -0.195090 0.000000 -0.980785 -0.191342 0.038060 0.980785 -0.375330 0.074658 0.923880 -0.544895 0.108386 0.831470 -0.693520 0.137950 0.707107 -0.815493 0.162212 0.555570 -0.906127 0.180240 0.382683 -0.961939 0.191342 0.195090 -0.980784 0.195091 0.000000 -0.961939 0.191342 -0.195090 -0.906127 0.180240 -0.382683 -0.815493 0.162212 -0.555570 -0.693520 0.137950 -0.707107 -0.544895 0.108386 -0.831470 -0.375330 0.074658 -0.923880 -0.191342 0.038060 -0.980785 -0.180240 0.074658 0.980785 -0.353553 0.146447 0.923880 -0.513279 0.212607 0.831470 -0.653281 0.270598 0.707107 -0.768177 0.318190 0.555570 -0.853553 0.353553 0.382683 -0.906127 0.375330 0.195090 -0.923878 0.382683 0.000000 -0.906127 0.375330 -0.195090 -0.853553 0.353553 -0.382683 -0.768177 0.318190 -0.555570 -0.653281 0.270598 -0.707107 -0.513279 0.212607 -0.831470 -0.353553 0.146447 -0.923880 -0.180240 0.074658 -0.980785 -0.162212 0.108386 0.980785 -0.318189 0.212607 0.923880 -0.461939 0.308658 0.831470 -0.587938 0.392847 0.707107 -0.691341 0.461940 0.555570 -0.768177 0.513280 0.382683 -0.815493 0.544895 0.195090 -0.831468 0.555570 0.000000 -0.815493 0.544895 -0.195090 -0.768177 0.513280 -0.382683 -0.691341 0.461940 -0.555570 -0.587938 0.392847 -0.707107 -0.461939 0.308658 -0.831470 -0.318189 0.212607 -0.923880 -0.162212 0.108386 -0.980785 -0.137950 0.137950 0.980785 -0.270598 0.270598 0.923880 -0.392847 0.392847 0.831470 -0.500000 0.500000 0.707107 -0.587937 0.587938 0.555570 -0.653281 0.653281 0.382683 -0.693519 0.693520 0.195090 -0.707106 0.707106 0.000000 -0.693519 0.693520 -0.195090 -0.653281 0.653281 -0.382683 -0.587937 0.587938 -0.555570 -0.500000 0.500000 -0.707107 -0.392847 0.392847 -0.831470 -0.270598 0.270598 -0.923880 -0.137950 0.137950 -0.980785 -0.108386 0.162212 0.980785 -0.212607 0.318190 0.923880 -0.308658 0.461939 0.831470 -0.392847 0.587938 0.707107 -0.461939 0.691341 0.555570 -0.513280 0.768177 0.382683 -0.544895 0.815493 0.195090 -0.555569 0.831469 0.000000 -0.544895 0.815493 -0.195090 -0.513280 0.768177 -0.382683 -0.461939 0.691341 -0.555570 -0.392847 0.587938 -0.707107 -0.308658 0.461939 -0.831470 -0.212607 0.318190 -0.923880 -0.108386 0.162212 -0.980785 -0.074658 0.180240 0.980785 -0.146446 0.353553 0.923880 -0.212607 0.513279 0.831470 -0.270598 0.653281 0.707107 -0.318189 0.768177 0.555570 -0.353553 0.853553 0.382683 -0.375330 0.906127 0.195090 -0.382683 0.923879 0.000000 -0.375330 0.906127 -0.195090 -0.353553 0.853553 -0.382683 -0.318189 0.768177 -0.555570 -0.270598 0.653281 -0.707107 -0.212607 0.513279 -0.831470 -0.146446 0.353553 -0.923880 -0.074658 0.180240 -0.980785 -0.038060 0.191342 0.980785 -0.074658 0.375330 0.923880 -0.108386 0.544895 0.831470 -0.137950 0.693520 0.707107 -0.162211 0.815493 0.555570 -0.180240 0.906127 0.382683 -0.191341 0.961939 0.195090 -0.195090 0.980784 0.000000 -0.191341 0.961939 -0.195090 -0.180240 0.906127 -0.382683 -0.162211 0.815493 -0.555570 -0.137950 0.693520 -0.707107 -0.108386 0.544895 -0.831470 -0.074658 0.375330 -0.923880 -0.038060 0.191342 -0.980785 0.000000 0.195090 0.980785 0.000000 0.382683 0.923880 0.000000 0.707107 0.707107 0.000000 0.923879 0.382683 0.000000 0.923879 -0.382683 0.000000 0.707107 -0.707107 0.000000 0.555570 -0.831470 0.000000 0.382683 -0.923880 0.000000 0.195090 -0.980785 "
							            />
							<TextureCoordinate point="0.7500 0.1875 0.7500 0.2500 0.7188 0.2500 0.7188 0.1875 0.7500 0.6250 0.7500 0.6875 0.7188 0.6875 0.7188 0.6250 0.7500 0.1250 0.7500 0.1875 0.7188 0.1875 0.7188 0.1250 0.7500 0.5625 0.7500 0.6250 0.7188 0.6250 0.7188 0.5625 0.7500 0.0625 0.7500 0.1250 0.7188 0.1250 0.7188 0.0625 0.7500 0.5000 0.7500 0.5625 0.7188 0.5625 0.7188 0.5000 0.7500 0.9375 0.7344 1.0000 0.7188 0.9375 0.7344 0.0000 0.7500 0.0625 0.7188 0.0625 0.7500 0.4375 0.7500 0.5000 0.7188 0.5000 0.7188 0.4375 0.7500 0.8750 0.7500 0.9375 0.7188 0.9375 0.7188 0.8750 0.7500 0.3750 0.7500 0.4375 0.7188 0.4375 0.7188 0.3750 0.7500 0.8125 0.7500 0.8750 0.7188 0.8750 0.7188 0.8125 0.7500 0.3125 0.7500 0.3750 0.7188 0.3750 0.7188 0.3125 0.7500 0.7500 0.7500 0.8125 0.7188 0.8125 0.7188 0.7500 0.7500 0.2500 0.7500 0.3125 0.7188 0.3125 0.7188 0.2500 0.7500 0.6875 0.7500 0.7500 0.7188 0.7500 0.7188 0.6875 0.7188 0.2500 0.7188 0.3125 0.6875 0.3125 0.6875 0.2500 0.7188 0.6875 0.7188 0.7500 0.6875 0.7500 0.6875 0.6875 0.7188 0.1875 0.7188 0.2500 0.6875 0.2500 0.6875 0.1875 0.7188 0.6250 0.7188 0.6875 0.6875 0.6875 0.6875 0.6250 0.7188 0.1250 0.7188 0.1875 0.6875 0.1875 0.6875 0.1250 0.7188 0.5625 0.7188 0.6250 0.6875 0.6250 0.6875 0.5625 0.7188 0.0625 0.7188 0.1250 0.6875 0.1250 0.6875 0.0625 0.7188 0.5000 0.7188 0.5625 0.6875 0.5625 0.6875 0.5000 0.7188 0.9375 0.7031 1.0000 0.6875 0.9375 0.7031 0.0000 0.7188 0.0625 0.6875 0.0625 0.7188 0.4375 0.7188 0.5000 0.6875 0.5000 0.6875 0.4375 0.7188 0.8750 0.7188 0.9375 0.6875 0.9375 0.6875 0.8750 0.7188 0.3750 0.7188 0.4375 0.6875 0.4375 0.6875 0.3750 0.7188 0.8125 0.7188 0.8750 0.6875 0.8750 0.6875 0.8125 0.7188 0.3125 0.7188 0.3750 0.6875 0.3750 0.6875 0.3125 0.7188 0.7500 0.7188 0.8125 0.6875 0.8125 0.6875 0.7500 0.6875 0.9375 0.6719 1.0000 0.6562 0.9375 0.6719 0.0000 0.6875 0.0625 0.6562 0.0625 0.6875 0.4375 0.6875 0.5000 0.6562 0.5000 0.6562 0.4375 0.6875 0.8750 0.6875 0.9375 0.6562 0.9375 0.6562 0.8750 0.6875 0.3750 0.6875 0.4375 0.6562 0.4375 0.6562 0.3750 0.6875 0.8125 0.6875 0.8750 0.6562 0.8750 0.6562 0.8125 0.6875 0.3125 0.6875 0.3750 0.6562 0.3750 0.6562 0.3125 0.6875 0.7500 0.6875 0.8125 0.6562 0.8125 0.6562 0.7500 0.6875 0.2500 0.6875 0.3125 0.6562 0.3125 0.6562 0.2500 0.6875 0.6875 0.6875 0.7500 0.6562 0.7500 0.6562 0.6875 0.6875 0.1875 0.6875 0.2500 0.6562 0.2500 0.6562 0.1875 0.6875 0.6250 0.6875 0.6875 0.6562 0.6875 0.6562 0.6250 0.6875 0.1250 0.6875 0.1875 0.6562 0.1875 0.6562 0.1250 0.6875 0.5625 0.6875 0.6250 0.6562 0.6250 0.6562 0.5625 0.6875 0.0625 0.6875 0.1250 0.6562 0.1250 0.6562 0.0625 0.6875 0.5000 0.6875 0.5625 0.6562 0.5625 0.6562 0.5000 0.6562 0.6875 0.6562 0.7500 0.6250 0.7500 0.6250 0.6875 0.6562 0.1875 0.6562 0.2500 0.6250 0.2500 0.6250 0.1875 0.6562 0.6250 0.6562 0.6875 0.6250 0.6875 0.6250 0.6250 0.6562 0.1250 0.6562 0.1875 0.6250 0.1875 0.6250 0.1250 0.6562 0.5625 0.6562 0.6250 0.6250 0.6250 0.6250 0.5625 0.6562 0.0625 0.6562 0.1250 0.6250 0.1250 0.6250 0.0625 0.6562 0.5000 0.6562 0.5625 0.6250 0.5625 0.6250 0.5000 0.6562 0.9375 0.6406 1.0000 0.6250 0.9375 0.6406 0.0000 0.6562 0.0625 0.6250 0.0625 0.6562 0.4375 0.6562 0.5000 0.6250 0.5000 0.6250 0.4375 0.6562 0.8750 0.6562 0.9375 0.6250 0.9375 0.6250 0.8750 0.6562 0.3750 0.6562 0.4375 0.6250 0.4375 0.6250 0.3750 0.6562 0.8125 0.6562 0.8750 0.6250 0.8750 0.6250 0.8125 0.6562 0.3125 0.6562 0.3750 0.6250 0.3750 0.6250 0.3125 0.6562 0.7500 0.6562 0.8125 0.6250 0.8125 0.6250 0.7500 0.6562 0.2500 0.6562 0.3125 0.6250 0.3125 0.6250 0.2500 0.6250 0.4375 0.6250 0.5000 0.5938 0.5000 0.5938 0.4375 0.6250 0.8750 0.6250 0.9375 0.5938 0.9375 0.5938 0.8750 0.6250 0.3750 0.6250 0.4375 0.5938 0.4375 0.5938 0.3750 0.6250 0.8125 0.6250 0.8750 0.5938 0.8750 0.5938 0.8125 0.6250 0.3125 0.6250 0.3750 0.5938 0.3750 0.5938 0.3125 0.6250 0.7500 0.6250 0.8125 0.5938 0.8125 0.5938 0.7500 0.6250 0.2500 0.6250 0.3125 0.5938 0.3125 0.5938 0.2500 0.6250 0.6875 0.6250 0.7500 0.5938 0.7500 0.5938 0.6875 0.6250 0.1875 0.6250 0.2500 0.5938 0.2500 0.5938 0.1875 0.6250 0.6250 0.6250 0.6875 0.5938 0.6875 0.5938 0.6250 0.6250 0.1250 0.6250 0.1875 0.5938 0.1875 0.5938 0.1250 0.6250 0.5625 0.6250 0.6250 0.5938 0.6250 0.5938 0.5625 0.6250 0.0625 0.6250 0.1250 0.5938 0.1250 0.5938 0.0625 0.6250 0.5000 0.6250 0.5625 0.5938 0.5625 0.5938 0.5000 0.6250 0.9375 0.6094 1.0000 0.5938 0.9375 0.6094 0.0000 0.6250 0.0625 0.5938 0.0625 0.5938 0.1875 0.5938 0.2500 0.5625 0.2500 0.5625 0.1875 0.5938 0.6250 0.5938 0.6875 0.5625 0.6875 0.5625 0.6250 0.5938 0.1250 0.5938 0.1875 0.5625 0.1875 0.5625 0.1250 0.5938 0.5625 0.5938 0.6250 0.5625 0.6250 0.5625 0.5625 0.5938 0.0625 0.5938 0.1250 0.5625 0.1250 0.5625 0.0625 0.5938 0.5000 0.5938 0.5625 0.5625 0.5625 0.5625 0.5000 0.5938 0.9375 0.5781 1.0000 0.5625 0.9375 0.5781 0.0000 0.5938 0.0625 0.5625 0.0625 0.5938 0.4375 0.5938 0.5000 0.5625 0.5000 0.5625 0.4375 0.5938 0.8750 0.5938 0.9375 0.5625 0.9375 0.5625 0.8750 0.5938 0.3750 0.5938 0.4375 0.5625 0.4375 0.5625 0.3750 0.5938 0.8125 0.5938 0.8750 0.5625 0.8750 0.5625 0.8125 0.5938 0.3125 0.5938 0.3750 0.5625 0.3750 0.5625 0.3125 0.5938 0.7500 0.5938 0.8125 0.5625 0.8125 0.5625 0.7500 0.5938 0.2500 0.5938 0.3125 0.5625 0.3125 0.5625 0.2500 0.5938 0.6875 0.5938 0.7500 0.5625 0.7500 0.5625 0.6875 0.5625 0.3750 0.5625 0.4375 0.5312 0.4375 0.5312 0.3750 0.5625 0.8125 0.5625 0.8750 0.5312 0.8750 0.5312 0.8125 0.5625 0.3125 0.5625 0.3750 0.5312 0.3750 0.5312 0.3125 0.5625 0.7500 0.5625 0.8125 0.5312 0.8125 0.5312 0.7500 0.5625 0.2500 0.5625 0.3125 0.5312 0.3125 0.5312 0.2500 0.5625 0.6875 0.5625 0.7500 0.5312 0.7500 0.5312 0.6875 0.5625 0.1875 0.5625 0.2500 0.5312 0.2500 0.5312 0.1875 0.5625 0.6250 0.5625 0.6875 0.5312 0.6875 0.5312 0.6250 0.5625 0.1250 0.5625 0.1875 0.5312 0.1875 0.5312 0.1250 0.5625 0.5625 0.5625 0.6250 0.5312 0.6250 0.5312 0.5625 0.5625 0.0625 0.5625 0.1250 0.5312 0.1250 0.5312 0.0625 0.5625 0.5000 0.5625 0.5625 0.5312 0.5625 0.5312 0.5000 0.5625 0.9375 0.5469 1.0000 0.5312 0.9375 0.5469 0.0000 0.5625 0.0625 0.5312 0.0625 0.5625 0.4375 0.5625 0.5000 0.5312 0.5000 0.5312 0.4375 0.5625 0.8750 0.5625 0.9375 0.5312 0.9375 0.5312 0.8750 0.5312 0.1250 0.5312 0.1875 0.5000 0.1875 0.5000 0.1250 0.5312 0.5625 0.5312 0.6250 0.5000 0.6250 0.5000 0.5625 0.5312 0.0625 0.5312 0.1250 0.5000 0.1250 0.5000 0.0625 0.5312 0.5000 0.5312 0.5625 0.5000 0.5625 0.5000 0.5000 0.5312 0.9375 0.5156 1.0000 0.5000 0.9375 0.5156 0.0000 0.5312 0.0625 0.5000 0.0625 0.5312 0.4375 0.5312 0.5000 0.5000 0.5000 0.5000 0.4375 0.5312 0.8750 0.5312 0.9375 0.5000 0.9375 0.5000 0.8750 0.5312 0.3750 0.5312 0.4375 0.5000 0.4375 0.5000 0.3750 0.5312 0.8125 0.5312 0.8750 0.5000 0.8750 0.5000 0.8125 0.5312 0.3125 0.5312 0.3750 0.5000 0.3750 0.5000 0.3125 0.5312 0.7500 0.5312 0.8125 0.5000 0.8125 0.5000 0.7500 0.5312 0.2500 0.5312 0.3125 0.5000 0.3125 0.5000 0.2500 0.5312 0.6875 0.5312 0.7500 0.5000 0.7500 0.5000 0.6875 0.5312 0.1875 0.5312 0.2500 0.5000 0.2500 0.5000 0.1875 0.5312 0.6250 0.5312 0.6875 0.5000 0.6875 0.5000 0.6250 0.5000 0.8125 0.5000 0.8750 0.4688 0.8750 0.4688 0.8125 0.5000 0.3125 0.5000 0.3750 0.4688 0.3750 0.4687 0.3125 0.5000 0.7500 0.5000 0.8125 0.4688 0.8125 0.4688 0.7500 0.5000 0.2500 0.5000 0.3125 0.4687 0.3125 0.4688 0.2500 0.5000 0.6875 0.5000 0.7500 0.4688 0.7500 0.4687 0.6875 0.5000 0.1875 0.5000 0.2500 0.4688 0.2500 0.4688 0.1875 0.5000 0.6250 0.5000 0.6875 0.4687 0.6875 0.4688 0.6250 0.5000 0.1250 0.5000 0.1875 0.4688 0.1875 0.4688 0.1250 0.5000 0.5625 0.5000 0.6250 0.4688 0.6250 0.4688 0.5625 0.5000 0.0625 0.5000 0.1250 0.4688 0.1250 0.4688 0.0625 0.5000 0.5000 0.5000 0.5625 0.4688 0.5625 0.4687 0.5000 0.5000 0.9375 0.4844 1.0000 0.4688 0.9375 0.4844 0.0000 0.5000 0.0625 0.4688 0.0625 0.5000 0.4375 0.5000 0.5000 0.4687 0.5000 0.4688 0.4375 0.5000 0.8750 0.5000 0.9375 0.4688 0.9375 0.4688 0.8750 0.5000 0.3750 0.5000 0.4375 0.4688 0.4375 0.4688 0.3750 0.4688 0.5625 0.4688 0.6250 0.4375 0.6250 0.4375 0.5625 0.4688 0.0625 0.4688 0.1250 0.4375 0.1250 0.4375 0.0625 0.4687 0.5000 0.4688 0.5625 0.4375 0.5625 0.4375 0.5000 0.4688 0.9375 0.4531 1.0000 0.4375 0.9375 0.4531 0.0000 0.4688 0.0625 0.4375 0.0625 0.4688 0.4375 0.4687 0.5000 0.4375 0.5000 0.4375 0.4375 0.4688 0.8750 0.4688 0.9375 0.4375 0.9375 0.4375 0.8750 0.4688 0.3750 0.4688 0.4375 0.4375 0.4375 0.4375 0.3750 0.4688 0.8125 0.4688 0.8750 0.4375 0.8750 0.4375 0.8125 0.4687 0.3125 0.4688 0.3750 0.4375 0.3750 0.4375 0.3125 0.4688 0.7500 0.4688 0.8125 0.4375 0.8125 0.4375 0.7500 0.4688 0.2500 0.4687 0.3125 0.4375 0.3125 0.4375 0.2500 0.4687 0.6875 0.4688 0.7500 0.4375 0.7500 0.4375 0.6875 0.4688 0.1875 0.4688 0.2500 0.4375 0.2500 0.4375 0.1875 0.4688 0.6250 0.4687 0.6875 0.4375 0.6875 0.4375 0.6250 0.4688 0.1250 0.4688 0.1875 0.4375 0.1875 0.4375 0.1250 0.4375 0.3125 0.4375 0.3750 0.4062 0.3750 0.4062 0.3125 0.4375 0.7500 0.4375 0.8125 0.4062 0.8125 0.4062 0.7500 0.4375 0.2500 0.4375 0.3125 0.4062 0.3125 0.4062 0.2500 0.4375 0.6875 0.4375 0.7500 0.4062 0.7500 0.4062 0.6875 0.4375 0.1875 0.4375 0.2500 0.4062 0.2500 0.4062 0.1875 0.4375 0.6250 0.4375 0.6875 0.4062 0.6875 0.4062 0.6250 0.4375 0.1250 0.4375 0.1875 0.4062 0.1875 0.4062 0.1250 0.4375 0.5625 0.4375 0.6250 0.4062 0.6250 0.4062 0.5625 0.4375 0.0625 0.4375 0.1250 0.4062 0.1250 0.4062 0.0625 0.4375 0.5000 0.4375 0.5625 0.4062 0.5625 0.4062 0.5000 0.4375 0.9375 0.4219 1.0000 0.4062 0.9375 0.4219 0.0000 0.4375 0.0625 0.4062 0.0625 0.4375 0.4375 0.4375 0.5000 0.4062 0.5000 0.4062 0.4375 0.4375 0.8750 0.4375 0.9375 0.4062 0.9375 0.4062 0.8750 0.4375 0.3750 0.4375 0.4375 0.4062 0.4375 0.4062 0.3750 0.4375 0.8125 0.4375 0.8750 0.4062 0.8750 0.4062 0.8125 0.4062 0.0625 0.4062 0.1250 0.3750 0.1250 0.3750 0.0625 0.4062 0.5000 0.4062 0.5625 0.3750 0.5625 0.3750 0.5000 0.4062 0.9375 0.3906 1.0000 0.3750 0.9375 0.3906 0.0000 0.4062 0.0625 0.3750 0.0625 0.4062 0.4375 0.4062 0.5000 0.3750 0.5000 0.3750 0.4375 0.4062 0.8750 0.4062 0.9375 0.3750 0.9375 0.3750 0.8750 0.4062 0.3750 0.4062 0.4375 0.3750 0.4375 0.3750 0.3750 0.4062 0.8125 0.4062 0.8750 0.3750 0.8750 0.3750 0.8125 0.4062 0.3125 0.4062 0.3750 0.3750 0.3750 0.3750 0.3125 0.4062 0.7500 0.4062 0.8125 0.3750 0.8125 0.3750 0.7500 0.4062 0.2500 0.4062 0.3125 0.3750 0.3125 0.3750 0.2500 0.4062 0.6875 0.4062 0.7500 0.3750 0.7500 0.3750 0.6875 0.4062 0.1875 0.4062 0.2500 0.3750 0.2500 0.3750 0.1875 0.4062 0.6250 0.4062 0.6875 0.3750 0.6875 0.3750 0.6250 0.4062 0.1250 0.4062 0.1875 0.3750 0.1875 0.3750 0.1250 0.4062 0.5625 0.4062 0.6250 0.3750 0.6250 0.3750 0.5625 0.3750 0.7500 0.3750 0.8125 0.3438 0.8125 0.3438 0.7500 0.3750 0.2500 0.3750 0.3125 0.3438 0.3125 0.3438 0.2500 0.3750 0.6875 0.3750 0.7500 0.3438 0.7500 0.3438 0.6875 0.3750 0.1875 0.3750 0.2500 0.3438 0.2500 0.3438 0.1875 0.3750 0.6250 0.3750 0.6875 0.3438 0.6875 0.3438 0.6250 0.3750 0.1250 0.3750 0.1875 0.3438 0.1875 0.3438 0.1250 0.3750 0.5625 0.3750 0.6250 0.3438 0.6250 0.3438 0.5625 0.3750 0.0625 0.3750 0.1250 0.3438 0.1250 0.3438 0.0625 0.3750 0.5000 0.3750 0.5625 0.3438 0.5625 0.3437 0.5000 0.3750 0.9375 0.3594 1.0000 0.3438 0.9375 0.3594 0.0000 0.3750 0.0625 0.3438 0.0625 0.3750 0.4375 0.3750 0.5000 0.3437 0.5000 0.3438 0.4375 0.3750 0.8750 0.3750 0.9375 0.3438 0.9375 0.3438 0.8750 0.3750 0.3750 0.3750 0.4375 0.3438 0.4375 0.3438 0.3750 0.3750 0.8125 0.3750 0.8750 0.3438 0.8750 0.3438 0.8125 0.3750 0.3125 0.3750 0.3750 0.3438 0.3750 0.3438 0.3125 0.3437 0.5000 0.3438 0.5625 0.3125 0.5625 0.3125 0.5000 0.3438 0.9375 0.3281 1.0000 0.3125 0.9375 0.3281 0.0000 0.3438 0.0625 0.3125 0.0625 0.3438 0.4375 0.3437 0.5000 0.3125 0.5000 0.3125 0.4375 0.3438 0.8750 0.3438 0.9375 0.3125 0.9375 0.3125 0.8750 0.3438 0.3750 0.3438 0.4375 0.3125 0.4375 0.3125 0.3750 0.3438 0.8125 0.3438 0.8750 0.3125 0.8750 0.3125 0.8125 0.3438 0.3125 0.3438 0.3750 0.3125 0.3750 0.3125 0.3125 0.3438 0.7500 0.3438 0.8125 0.3125 0.8125 0.3125 0.7500 0.3438 0.2500 0.3438 0.3125 0.3125 0.3125 0.3125 0.2500 0.3438 0.6875 0.3438 0.7500 0.3125 0.7500 0.3125 0.6875 0.3438 0.1875 0.3438 0.2500 0.3125 0.2500 0.3125 0.1875 0.3438 0.6250 0.3438 0.6875 0.3125 0.6875 0.3125 0.6250 0.3438 0.1250 0.3438 0.1875 0.3125 0.1875 0.3125 0.1250 0.3438 0.5625 0.3438 0.6250 0.3125 0.6250 0.3125 0.5625 0.3438 0.0625 0.3438 0.1250 0.3125 0.1250 0.3125 0.0625 0.3125 0.2500 0.3125 0.3125 0.2812 0.3125 0.2812 0.2500 0.3125 0.6875 0.3125 0.7500 0.2812 0.7500 0.2812 0.6875 0.3125 0.1875 0.3125 0.2500 0.2812 0.2500 0.2812 0.1875 0.3125 0.6250 0.3125 0.6875 0.2812 0.6875 0.2812 0.6250 0.3125 0.1250 0.3125 0.1875 0.2812 0.1875 0.2812 0.1250 0.3125 0.5625 0.3125 0.6250 0.2812 0.6250 0.2812 0.5625 0.3125 0.0625 0.3125 0.1250 0.2812 0.1250 0.2812 0.0625 0.3125 0.5000 0.3125 0.5625 0.2812 0.5625 0.2812 0.5000 0.3125 0.9375 0.2969 1.0000 0.2812 0.9375 0.2969 0.0000 0.3125 0.0625 0.2812 0.0625 0.3125 0.4375 0.3125 0.5000 0.2812 0.5000 0.2812 0.4375 0.3125 0.8750 0.3125 0.9375 0.2812 0.9375 0.2812 0.8750 0.3125 0.3750 0.3125 0.4375 0.2812 0.4375 0.2812 0.3750 0.3125 0.8125 0.3125 0.8750 0.2812 0.8750 0.2812 0.8125 0.3125 0.3125 0.3125 0.3750 0.2812 0.3750 0.2812 0.3125 0.3125 0.7500 0.3125 0.8125 0.2812 0.8125 0.2812 0.7500 0.2656 0.0000 0.2812 0.0625 0.2500 0.0625 0.2812 0.4375 0.2812 0.5000 0.2500 0.5000 0.2500 0.4375 0.2812 0.8750 0.2812 0.9375 0.2500 0.9375 0.2500 0.8750 0.2812 0.3750 0.2812 0.4375 0.2500 0.4375 0.2500 0.3750 0.2812 0.8125 0.2812 0.8750 0.2500 0.8750 0.2500 0.8125 0.2812 0.3125 0.2812 0.3750 0.2500 0.3750 0.2500 0.3125 0.2812 0.7500 0.2812 0.8125 0.2500 0.8125 0.2500 0.7500 0.2812 0.2500 0.2812 0.3125 0.2500 0.3125 0.2500 0.2500 0.2812 0.6875 0.2812 0.7500 0.2500 0.7500 0.2500 0.6875 0.2812 0.1875 0.2812 0.2500 0.2500 0.2500 0.2500 0.1875 0.2812 0.6250 0.2812 0.6875 0.2500 0.6875 0.2500 0.6250 0.2812 0.1250 0.2812 0.1875 0.2500 0.1875 0.2500 0.1250 0.2812 0.5625 0.2812 0.6250 0.2500 0.6250 0.2500 0.5625 0.2812 0.0625 0.2812 0.1250 0.2500 0.1250 0.2500 0.0625 0.2812 0.5000 0.2812 0.5625 0.2500 0.5625 0.2500 0.5000 0.2812 0.9375 0.2656 1.0000 0.2500 0.9375 0.2500 0.1875 0.2500 0.2500 0.2188 0.2500 0.2188 0.1875 0.2500 0.6250 0.2500 0.6875 0.2188 0.6875 0.2188 0.6250 0.2500 0.1250 0.2500 0.1875 0.2188 0.1875 0.2188 0.1250 0.2500 0.5625 0.2500 0.6250 0.2188 0.6250 0.2188 0.5625 0.2500 0.0625 0.2500 0.1250 0.2188 0.1250 0.2188 0.0625 0.2500 0.5000 0.2500 0.5625 0.2188 0.5625 0.2187 0.5000 0.2500 0.9375 0.2344 1.0000 0.2188 0.9375 0.2344 0.0000 0.2500 0.0625 0.2188 0.0625 0.2500 0.4375 0.2500 0.5000 0.2187 0.5000 0.2188 0.4375 0.2500 0.8750 0.2500 0.9375 0.2188 0.9375 0.2188 0.8750 0.2500 0.3750 0.2500 0.4375 0.2188 0.4375 0.2188 0.3750 0.2500 0.8125 0.2500 0.8750 0.2188 0.8750 0.2188 0.8125 0.2500 0.3125 0.2500 0.3750 0.2188 0.3750 0.2188 0.3125 0.2500 0.7500 0.2500 0.8125 0.2188 0.8125 0.2188 0.7500 0.2500 0.2500 0.2500 0.3125 0.2188 0.3125 0.2188 0.2500 0.2500 0.6875 0.2500 0.7500 0.2188 0.7500 0.2188 0.6875 0.2188 0.8750 0.2188 0.9375 0.1875 0.9375 0.1875 0.8750 0.2188 0.3750 0.2188 0.4375 0.1875 0.4375 0.1875 0.3750 0.2188 0.8125 0.2188 0.8750 0.1875 0.8750 0.1875 0.8125 0.2188 0.3125 0.2188 0.3750 0.1875 0.3750 0.1875 0.3125 0.2188 0.7500 0.2188 0.8125 0.1875 0.8125 0.1875 0.7500 0.2188 0.2500 0.2188 0.3125 0.1875 0.3125 0.1875 0.2500 0.2188 0.6875 0.2188 0.7500 0.1875 0.7500 0.1875 0.6875 0.2188 0.1875 0.2188 0.2500 0.1875 0.2500 0.1875 0.1875 0.2188 0.6250 0.2188 0.6875 0.1875 0.6875 0.1875 0.6250 0.2188 0.1250 0.2188 0.1875 0.1875 0.1875 0.1875 0.1250 0.2188 0.5625 0.2188 0.6250 0.1875 0.6250 0.1875 0.5625 0.2188 0.0625 0.2188 0.1250 0.1875 0.1250 0.1875 0.0625 0.2187 0.5000 0.2188 0.5625 0.1875 0.5625 0.1875 0.5000 0.2188 0.9375 0.2031 1.0000 0.1875 0.9375 0.2031 0.0000 0.2188 0.0625 0.1875 0.0625 0.2188 0.4375 0.2187 0.5000 0.1875 0.5000 0.1875 0.4375 0.1875 0.6250 0.1875 0.6875 0.1562 0.6875 0.1563 0.6250 0.1875 0.1250 0.1875 0.1875 0.1562 0.1875 0.1562 0.1250 0.1875 0.5625 0.1875 0.6250 0.1563 0.6250 0.1562 0.5625 0.1875 0.0625 0.1875 0.1250 0.1562 0.1250 0.1563 0.0625 0.1875 0.5000 0.1875 0.5625 0.1562 0.5625 0.1562 0.5000 0.1875 0.9375 0.1719 1.0000 0.1563 0.9375 0.1719 0.0000 0.1875 0.0625 0.1563 0.0625 0.1875 0.4375 0.1875 0.5000 0.1562 0.5000 0.1562 0.4375 0.1875 0.8750 0.1875 0.9375 0.1563 0.9375 0.1562 0.8750 0.1875 0.3750 0.1875 0.4375 0.1562 0.4375 0.1563 0.3750 0.1875 0.8125 0.1875 0.8750 0.1562 0.8750 0.1562 0.8125 0.1875 0.3125 0.1875 0.3750 0.1563 0.3750 0.1562 0.3125 0.1875 0.7500 0.1875 0.8125 0.1562 0.8125 0.1562 0.7500 0.1875 0.2500 0.1875 0.3125 0.1562 0.3125 0.1562 0.2500 0.1875 0.6875 0.1875 0.7500 0.1562 0.7500 0.1562 0.6875 0.1875 0.1875 0.1875 0.2500 0.1562 0.2500 0.1562 0.1875 0.1563 0.3750 0.1562 0.4375 0.1250 0.4375 0.1250 0.3750 0.1562 0.8125 0.1562 0.8750 0.1250 0.8750 0.1250 0.8125 0.1562 0.3125 0.1563 0.3750 0.1250 0.3750 0.1250 0.3125 0.1562 0.7500 0.1562 0.8125 0.1250 0.8125 0.1250 0.7500 0.1562 0.2500 0.1562 0.3125 0.1250 0.3125 0.1250 0.2500 0.1562 0.6875 0.1562 0.7500 0.1250 0.7500 0.1250 0.6875 0.1562 0.1875 0.1562 0.2500 0.1250 0.2500 0.1250 0.1875 0.1563 0.6250 0.1562 0.6875 0.1250 0.6875 0.1250 0.6250 0.1562 0.1250 0.1562 0.1875 0.1250 0.1875 0.1250 0.1250 0.1562 0.5625 0.1563 0.6250 0.1250 0.6250 0.1250 0.5625 0.1563 0.0625 0.1562 0.1250 0.1250 0.1250 0.1250 0.0625 0.1562 0.5000 0.1562 0.5625 0.1250 0.5625 0.1250 0.5000 0.1563 0.9375 0.1406 1.0000 0.1250 0.9375 0.1406 0.0000 0.1563 0.0625 0.1250 0.0625 0.1562 0.4375 0.1562 0.5000 0.1250 0.5000 0.1250 0.4375 0.1562 0.8750 0.1563 0.9375 0.1250 0.9375 0.1250 0.8750 0.1250 0.1250 0.1250 0.1875 0.0937 0.1875 0.0938 0.1250 0.1250 0.5625 0.1250 0.6250 0.0938 0.6250 0.0937 0.5625 0.1250 0.0625 0.1250 0.1250 0.0938 0.1250 0.0938 0.0625 0.1250 0.5000 0.1250 0.5625 0.0937 0.5625 0.0937 0.5000 0.1250 0.9375 0.1094 1.0000 0.0938 0.9375 0.1094 0.0000 0.1250 0.0625 0.0938 0.0625 0.1250 0.4375 0.1250 0.5000 0.0937 0.5000 0.0937 0.4375 0.1250 0.8750 0.1250 0.9375 0.0938 0.9375 0.0938 0.8750 0.1250 0.3750 0.1250 0.4375 0.0937 0.4375 0.0938 0.3750 0.1250 0.8125 0.1250 0.8750 0.0938 0.8750 0.0937 0.8125 0.1250 0.3125 0.1250 0.3750 0.0938 0.3750 0.0938 0.3125 0.1250 0.7500 0.1250 0.8125 0.0937 0.8125 0.0938 0.7500 0.1250 0.2500 0.1250 0.3125 0.0938 0.3125 0.0938 0.2500 0.1250 0.6875 0.1250 0.7500 0.0938 0.7500 0.0938 0.6875 0.1250 0.1875 0.1250 0.2500 0.0938 0.2500 0.0937 0.1875 0.1250 0.6250 0.1250 0.6875 0.0938 0.6875 0.0938 0.6250 0.0937 0.8125 0.0938 0.8750 0.0625 0.8750 0.0625 0.8125 0.0938 0.3125 0.0938 0.3750 0.0625 0.3750 0.0625 0.3125 0.0938 0.7500 0.0937 0.8125 0.0625 0.8125 0.0625 0.7500 0.0938 0.2500 0.0938 0.3125 0.0625 0.3125 0.0625 0.2500 0.0938 0.6875 0.0938 0.7500 0.0625 0.7500 0.0625 0.6875 0.0937 0.1875 0.0938 0.2500 0.0625 0.2500 0.0625 0.1875 0.0938 0.6250 0.0938 0.6875 0.0625 0.6875 0.0625 0.6250 0.0938 0.1250 0.0937 0.1875 0.0625 0.1875 0.0625 0.1250 0.0937 0.5625 0.0938 0.6250 0.0625 0.6250 0.0625 0.5625 0.0938 0.0625 0.0938 0.1250 0.0625 0.1250 0.0625 0.0625 0.0937 0.5000 0.0937 0.5625 0.0625 0.5625 0.0625 0.5000 0.0938 0.9375 0.0781 1.0000 0.0625 0.9375 0.0781 0.0000 0.0938 0.0625 0.0625 0.0625 0.0937 0.4375 0.0937 0.5000 0.0625 0.5000 0.0625 0.4375 0.0938 0.8750 0.0938 0.9375 0.0625 0.9375 0.0625 0.8750 0.0938 0.3750 0.0937 0.4375 0.0625 0.4375 0.0625 0.3750 0.0625 0.5625 0.0625 0.6250 0.0312 0.6250 0.0312 0.5625 0.0625 0.0625 0.0625 0.1250 0.0312 0.1250 0.0312 0.0625 0.0625 0.5000 0.0625 0.5625 0.0312 0.5625 0.0312 0.5000 0.0625 0.9375 0.0469 1.0000 0.0312 0.9375 0.0469 0.0000 0.0625 0.0625 0.0312 0.0625 0.0625 0.4375 0.0625 0.5000 0.0312 0.5000 0.0312 0.4375 0.0625 0.8750 0.0625 0.9375 0.0312 0.9375 0.0312 0.8750 0.0625 0.3750 0.0625 0.4375 0.0312 0.4375 0.0312 0.3750 0.0625 0.8125 0.0625 0.8750 0.0312 0.8750 0.0312 0.8125 0.0625 0.3125 0.0625 0.3750 0.0312 0.3750 0.0312 0.3125 0.0625 0.7500 0.0625 0.8125 0.0312 0.8125 0.0312 0.7500 0.0625 0.2500 0.0625 0.3125 0.0312 0.3125 0.0312 0.2500 0.0625 0.6875 0.0625 0.7500 0.0312 0.7500 0.0312 0.6875 0.0625 0.1875 0.0625 0.2500 0.0312 0.2500 0.0312 0.1875 0.0625 0.6250 0.0625 0.6875 0.0312 0.6875 0.0312 0.6250 0.0625 0.1250 0.0625 0.1875 0.0312 0.1875 0.0312 0.1250 0.0312 0.3125 0.0312 0.3750 0.0000 0.3750 0.0000 0.3125 0.0312 0.7500 0.0312 0.8125 0.0000 0.8125 0.0000 0.7500 0.0312 0.2500 0.0312 0.3125 0.0000 0.3125 0.0000 0.2500 0.0312 0.6875 0.0312 0.7500 0.0000 0.7500 0.0000 0.6875 0.0312 0.1875 0.0312 0.2500 0.0000 0.2500 0.0000 0.1875 0.0312 0.6250 0.0312 0.6875 0.0000 0.6875 0.0000 0.6250 0.0312 0.1250 0.0312 0.1875 0.0000 0.1875 0.0000 0.1250 0.0312 0.5625 0.0312 0.6250 0.0000 0.6250 0.0000 0.5625 0.0312 0.0625 0.0312 0.1250 0.0000 0.1250 0.0000 0.0625 0.0312 0.5000 0.0312 0.5625 0.0000 0.5625 0.0000 0.5000 0.0312 0.9375 0.0156 1.0000 0.0000 0.9375 0.0156 0.0000 0.0312 0.0625 0.0000 0.0625 0.0312 0.4375 0.0312 0.5000 0.0000 0.5000 0.0000 0.4375 0.0312 0.8750 0.0312 0.9375 0.0000 0.9375 0.0000 0.8750 0.0312 0.3750 0.0312 0.4375 0.0000 0.4375 0.0000 0.3750 0.0312 0.8125 0.0312 0.8750 0.0000 0.8750 0.0000 0.8125 1.0000 0.0625 1.0000 0.1250 0.9687 0.1250 0.9688 0.0625 1.0000 0.5000 1.0000 0.5625 0.9687 0.5625 0.9687 0.5000 1.0000 0.9375 0.9844 1.0000 0.9688 0.9375 0.9844 0.0000 1.0000 0.0625 0.9688 0.0625 1.0000 0.4375 1.0000 0.5000 0.9687 0.5000 0.9687 0.4375 1.0000 0.8750 1.0000 0.9375 0.9688 0.9375 0.9687 0.8750 1.0000 0.3750 1.0000 0.4375 0.9687 0.4375 0.9688 0.3750 1.0000 0.8125 1.0000 0.8750 0.9687 0.8750 0.9687 0.8125 1.0000 0.3125 1.0000 0.3750 0.9688 0.3750 0.9687 0.3125 1.0000 0.7500 1.0000 0.8125 0.9687 0.8125 0.9688 0.7500 1.0000 0.2500 1.0000 0.3125 0.9687 0.3125 0.9688 0.2500 1.0000 0.6875 1.0000 0.7500 0.9688 0.7500 0.9687 0.6875 1.0000 0.1875 1.0000 0.2500 0.9688 0.2500 0.9687 0.1875 1.0000 0.6250 1.0000 0.6875 0.9687 0.6875 0.9688 0.6250 1.0000 0.1250 1.0000 0.1875 0.9687 0.1875 0.9687 0.1250 1.0000 0.5625 1.0000 0.6250 0.9688 0.6250 0.9687 0.5625 0.9688 0.2500 0.9687 0.3125 0.9375 0.3125 0.9375 0.2500 0.9687 0.6875 0.9688 0.7500 0.9375 0.7500 0.9375 0.6875 0.9687 0.1875 0.9688 0.2500 0.9375 0.2500 0.9375 0.1875 0.9688 0.6250 0.9687 0.6875 0.9375 0.6875 0.9375 0.6250 0.9687 0.1250 0.9687 0.1875 0.9375 0.1875 0.9375 0.1250 0.9687 0.5625 0.9688 0.6250 0.9375 0.6250 0.9375 0.5625 0.9688 0.0625 0.9687 0.1250 0.9375 0.1250 0.9375 0.0625 0.9687 0.5000 0.9687 0.5625 0.9375 0.5625 0.9375 0.5000 0.9688 0.9375 0.9531 1.0000 0.9375 0.9375 0.9531 0.0000 0.9688 0.0625 0.9375 0.0625 0.9687 0.4375 0.9687 0.5000 0.9375 0.5000 0.9375 0.4375 0.9687 0.8750 0.9688 0.9375 0.9375 0.9375 0.9375 0.8750 0.9688 0.3750 0.9687 0.4375 0.9375 0.4375 0.9375 0.3750 0.9687 0.8125 0.9687 0.8750 0.9375 0.8750 0.9375 0.8125 0.9687 0.3125 0.9688 0.3750 0.9375 0.3750 0.9375 0.3125 0.9688 0.7500 0.9687 0.8125 0.9375 0.8125 0.9375 0.7500 0.9375 0.9375 0.9219 1.0000 0.9062 0.9375 0.9219 0.0000 0.9375 0.0625 0.9062 0.0625 0.9375 0.4375 0.9375 0.5000 0.9062 0.5000 0.9062 0.4375 0.9375 0.8750 0.9375 0.9375 0.9062 0.9375 0.9062 0.8750 0.9375 0.3750 0.9375 0.4375 0.9062 0.4375 0.9062 0.3750 0.9375 0.8125 0.9375 0.8750 0.9062 0.8750 0.9062 0.8125 0.9375 0.3125 0.9375 0.3750 0.9062 0.3750 0.9062 0.3125 0.9375 0.7500 0.9375 0.8125 0.9062 0.8125 0.9062 0.7500 0.9375 0.2500 0.9375 0.3125 0.9062 0.3125 0.9062 0.2500 0.9375 0.6875 0.9375 0.7500 0.9062 0.7500 0.9062 0.6875 0.9375 0.1875 0.9375 0.2500 0.9062 0.2500 0.9062 0.1875 0.9375 0.6250 0.9375 0.6875 0.9062 0.6875 0.9062 0.6250 0.9375 0.1250 0.9375 0.1875 0.9062 0.1875 0.9062 0.1250 0.9375 0.5625 0.9375 0.6250 0.9062 0.6250 0.9062 0.5625 0.9375 0.0625 0.9375 0.1250 0.9062 0.1250 0.9062 0.0625 0.9375 0.5000 0.9375 0.5625 0.9062 0.5625 0.9062 0.5000 0.9062 0.6875 0.9062 0.7500 0.8750 0.7500 0.8750 0.6875 0.9062 0.1875 0.9062 0.2500 0.8750 0.2500 0.8750 0.1875 0.9062 0.6250 0.9062 0.6875 0.8750 0.6875 0.8750 0.6250 0.9062 0.1250 0.9062 0.1875 0.8750 0.1875 0.8750 0.1250 0.9062 0.5625 0.9062 0.6250 0.8750 0.6250 0.8750 0.5625 0.9062 0.0625 0.9062 0.1250 0.8750 0.1250 0.8750 0.0625 0.9062 0.5000 0.9062 0.5625 0.8750 0.5625 0.8750 0.5000 0.9062 0.9375 0.8906 1.0000 0.8750 0.9375 0.8906 0.0000 0.9062 0.0625 0.8750 0.0625 0.9062 0.4375 0.9062 0.5000 0.8750 0.5000 0.8750 0.4375 0.9062 0.8750 0.9062 0.9375 0.8750 0.9375 0.8750 0.8750 0.9062 0.3750 0.9062 0.4375 0.8750 0.4375 0.8750 0.3750 0.9062 0.8125 0.9062 0.8750 0.8750 0.8750 0.8750 0.8125 0.9062 0.3125 0.9062 0.3750 0.8750 0.3750 0.8750 0.3125 0.9062 0.7500 0.9062 0.8125 0.8750 0.8125 0.8750 0.7500 0.9062 0.2500 0.9062 0.3125 0.8750 0.3125 0.8750 0.2500 0.8750 0.4375 0.8750 0.5000 0.8437 0.5000 0.8437 0.4375 0.8750 0.8750 0.8750 0.9375 0.8438 0.9375 0.8438 0.8750 0.8750 0.3750 0.8750 0.4375 0.8437 0.4375 0.8438 0.3750 0.8750 0.8125 0.8750 0.8750 0.8438 0.8750 0.8437 0.8125 0.8750 0.3125 0.8750 0.3750 0.8438 0.3750 0.8437 0.3125 0.8750 0.7500 0.8750 0.8125 0.8437 0.8125 0.8438 0.7500 0.8750 0.2500 0.8750 0.3125 0.8437 0.3125 0.8438 0.2500 0.8750 0.6875 0.8750 0.7500 0.8438 0.7500 0.8437 0.6875 0.8750 0.1875 0.8750 0.2500 0.8438 0.2500 0.8437 0.1875 0.8750 0.6250 0.8750 0.6875 0.8437 0.6875 0.8438 0.6250 0.8750 0.1250 0.8750 0.1875 0.8437 0.1875 0.8438 0.1250 0.8750 0.5625 0.8750 0.6250 0.8438 0.6250 0.8437 0.5625 0.8750 0.0625 0.8750 0.1250 0.8438 0.1250 0.8438 0.0625 0.8750 0.5000 0.8750 0.5625 0.8437 0.5625 0.8437 0.5000 0.8750 0.9375 0.8594 1.0000 0.8438 0.9375 0.8594 0.0000 0.8750 0.0625 0.8438 0.0625 0.8437 0.1875 0.8438 0.2500 0.8125 0.2500 0.8125 0.1875 0.8438 0.6250 0.8437 0.6875 0.8125 0.6875 0.8125 0.6250 0.8438 0.1250 0.8437 0.1875 0.8125 0.1875 0.8125 0.1250 0.8437 0.5625 0.8438 0.6250 0.8125 0.6250 0.8125 0.5625 0.8438 0.0625 0.8438 0.1250 0.8125 0.1250 0.8125 0.0625 0.8437 0.5000 0.8437 0.5625 0.8125 0.5625 0.8125 0.5000 0.8438 0.9375 0.8281 1.0000 0.8125 0.9375 0.8281 0.0000 0.8438 0.0625 0.8125 0.0625 0.8437 0.4375 0.8437 0.5000 0.8125 0.5000 0.8125 0.4375 0.8438 0.8750 0.8438 0.9375 0.8125 0.9375 0.8125 0.8750 0.8438 0.3750 0.8437 0.4375 0.8125 0.4375 0.8125 0.3750 0.8437 0.8125 0.8438 0.8750 0.8125 0.8750 0.8125 0.8125 0.8437 0.3125 0.8438 0.3750 0.8125 0.3750 0.8125 0.3125 0.8438 0.7500 0.8437 0.8125 0.8125 0.8125 0.8125 0.7500 0.8438 0.2500 0.8437 0.3125 0.8125 0.3125 0.8125 0.2500 0.8437 0.6875 0.8438 0.7500 0.8125 0.7500 0.8125 0.6875 0.8125 0.8750 0.8125 0.9375 0.7812 0.9375 0.7812 0.8750 0.8125 0.3750 0.8125 0.4375 0.7812 0.4375 0.7812 0.3750 0.8125 0.8125 0.8125 0.8750 0.7812 0.8750 0.7812 0.8125 0.8125 0.3125 0.8125 0.3750 0.7812 0.3750 0.7812 0.3125 0.8125 0.7500 0.8125 0.8125 0.7812 0.8125 0.7812 0.7500 0.8125 0.2500 0.8125 0.3125 0.7812 0.3125 0.7812 0.2500 0.8125 0.6875 0.8125 0.7500 0.7812 0.7500 0.7812 0.6875 0.8125 0.1875 0.8125 0.2500 0.7812 0.2500 0.7812 0.1875 0.8125 0.6250 0.8125 0.6875 0.7812 0.6875 0.7812 0.6250 0.8125 0.1250 0.8125 0.1875 0.7812 0.1875 0.7812 0.1250 0.8125 0.5625 0.8125 0.6250 0.7812 0.6250 0.7812 0.5625 0.8125 0.0625 0.8125 0.1250 0.7812 0.1250 0.7812 0.0625 0.8125 0.5000 0.8125 0.5625 0.7812 0.5625 0.7812 0.5000 0.8125 0.9375 0.7969 1.0000 0.7812 0.9375 0.7969 0.0000 0.8125 0.0625 0.7812 0.0625 0.8125 0.4375 0.8125 0.5000 0.7812 0.5000 0.7812 0.4375 0.7812 0.6250 0.7812 0.6875 0.7500 0.6875 0.7500 0.6250 0.7812 0.1250 0.7812 0.1875 0.7500 0.1875 0.7500 0.1250 0.7812 0.5625 0.7812 0.6250 0.7500 0.6250 0.7500 0.5625 0.7812 0.0625 0.7812 0.1250 0.7500 0.1250 0.7500 0.0625 0.7812 0.5000 0.7812 0.5625 0.7500 0.5625 0.7500 0.5000 0.7812 0.9375 0.7656 1.0000 0.7500 0.9375 0.7656 0.0000 0.7812 0.0625 0.7500 0.0625 0.7812 0.4375 0.7812 0.5000 0.7500 0.5000 0.7500 0.4375 0.7812 0.8750 0.7812 0.9375 0.7500 0.9375 0.7500 0.8750 0.7812 0.3750 0.7812 0.4375 0.7500 0.4375 0.7500 0.3750 0.7812 0.8125 0.7812 0.8750 0.7500 0.8750 0.7500 0.8125 0.7812 0.3125 0.7812 0.3750 0.7500 0.3750 0.7500 0.3125 0.7812 0.7500 0.7812 0.8125 0.7500 0.8125 0.7500 0.7500 0.7812 0.2500 0.7812 0.3125 0.7500 0.3125 0.7500 0.2500 0.7812 0.6875 0.7812 0.7500 0.7500 0.7500 0.7500 0.6875 0.7812 0.1875 0.7812 0.2500 0.7500 0.2500 0.7500 0.1875 " />
						</IndexedFaceSet>
					</Shape>
				</Group>
			</Transform>
		</Transform>
		<Transform DEF="Sphere_003_TRANSFORM"
		           translation="-0.333927 1.223531 2.843227"
		           scale="0.135923 0.135923 0.135923"
		           rotation="-1.000000 0.000000 0.000000 1.570796"
		           >
			<Transform DEF="Sphere_003_ifs_TRANSFORM"
			           translation="0.000000 0.000000 0.000000"
			           scale="1.000000 1.000000 1.000000"
			           rotation="0.000000 1.000000 0.000000 0.000000"
			           >
				<Group DEF="group_ME_Sphere_004">
					<Shape>
						<Appearance>
							<Material USE="MA_Material_005" />
						</Appearance>
						<IndexedFaceSet solid="false"
						                texCoordIndex="0 1 2 3 -1 4 5 6 7 -1 8 9 10 11 -1 12 13 14 15 -1 16 17 18 19 -1 20 21 22 23 -1 24 25 26 -1 27 28 29 -1 30 31 32 33 -1 34 35 36 37 -1 38 39 40 41 -1 42 43 44 45 -1 46 47 48 49 -1 50 51 52 53 -1 54 55 56 57 -1 58 59 60 61 -1 62 63 64 65 -1 66 67 68 69 -1 70 71 72 73 -1 74 75 76 77 -1 78 79 80 81 -1 82 83 84 85 -1 86 87 88 89 -1 90 91 92 93 -1 94 95 96 -1 97 98 99 -1 100 101 102 103 -1 104 105 106 107 -1 108 109 110 111 -1 112 113 114 115 -1 116 117 118 119 -1 120 121 122 123 -1 124 125 126 -1 127 128 129 -1 130 131 132 133 -1 134 135 136 137 -1 138 139 140 141 -1 142 143 144 145 -1 146 147 148 149 -1 150 151 152 153 -1 154 155 156 157 -1 158 159 160 161 -1 162 163 164 165 -1 166 167 168 169 -1 170 171 172 173 -1 174 175 176 177 -1 178 179 180 181 -1 182 183 184 185 -1 186 187 188 189 -1 190 191 192 193 -1 194 195 196 197 -1 198 199 200 201 -1 202 203 204 205 -1 206 207 208 209 -1 210 211 212 213 -1 214 215 216 -1 217 218 219 -1 220 221 222 223 -1 224 225 226 227 -1 228 229 230 231 -1 232 233 234 235 -1 236 237 238 239 -1 240 241 242 243 -1 244 245 246 247 -1 248 249 250 251 -1 252 253 254 255 -1 256 257 258 259 -1 260 261 262 263 -1 264 265 266 267 -1 268 269 270 271 -1 272 273 274 275 -1 276 277 278 279 -1 280 281 282 283 -1 284 285 286 287 -1 288 289 290 291 -1 292 293 294 295 -1 296 297 298 299 -1 300 301 302 303 -1 304 305 306 -1 307 308 309 -1 310 311 312 313 -1 314 315 316 317 -1 318 319 320 321 -1 322 323 324 325 -1 326 327 328 329 -1 330 331 332 333 -1 334 335 336 -1 337 338 339 -1 340 341 342 343 -1 344 345 346 347 -1 348 349 350 351 -1 352 353 354 355 -1 356 357 358 359 -1 360 361 362 363 -1 364 365 366 367 -1 368 369 370 371 -1 372 373 374 375 -1 376 377 378 379 -1 380 381 382 383 -1 384 385 386 387 -1 388 389 390 391 -1 392 393 394 395 -1 396 397 398 399 -1 400 401 402 403 -1 404 405 406 407 -1 408 409 410 411 -1 412 413 414 415 -1 416 417 418 419 -1 420 421 422 -1 423 424 425 -1 426 427 428 429 -1 430 431 432 433 -1 434 435 436 437 -1 438 439 440 441 -1 442 443 444 445 -1 446 447 448 449 -1 450 451 452 -1 453 454 455 -1 456 457 458 459 -1 460 461 462 463 -1 464 465 466 467 -1 468 469 470 471 -1 472 473 474 475 -1 476 477 478 479 -1 480 481 482 483 -1 484 485 486 487 -1 488 489 490 491 -1 492 493 494 495 -1 496 497 498 499 -1 500 501 502 503 -1 504 505 506 507 -1 508 509 510 511 -1 512 513 514 515 -1 516 517 518 519 -1 520 521 522 523 -1 524 525 526 527 -1 528 529 530 531 -1 532 533 534 535 -1 536 537 538 539 -1 540 541 542 -1 543 544 545 -1 546 547 548 549 -1 550 551 552 553 -1 554 555 556 557 -1 558 559 560 561 -1 562 563 564 565 -1 566 567 568 569 -1 570 571 572 -1 573 574 575 -1 576 577 578 579 -1 580 581 582 583 -1 584 585 586 587 -1 588 589 590 591 -1 592 593 594 595 -1 596 597 598 599 -1 600 601 602 603 -1 604 605 606 607 -1 608 609 610 611 -1 612 613 614 615 -1 616 617 618 619 -1 620 621 622 623 -1 624 625 626 627 -1 628 629 630 631 -1 632 633 634 635 -1 636 637 638 639 -1 640 641 642 643 -1 644 645 646 647 -1 648 649 650 651 -1 652 653 654 655 -1 656 657 658 659 -1 660 661 662 -1 663 664 665 -1 666 667 668 669 -1 670 671 672 673 -1 674 675 676 677 -1 678 679 680 681 -1 682 683 684 685 -1 686 687 688 689 -1 690 691 692 -1 693 694 695 -1 696 697 698 699 -1 700 701 702 703 -1 704 705 706 707 -1 708 709 710 711 -1 712 713 714 715 -1 716 717 718 719 -1 720 721 722 723 -1 724 725 726 727 -1 728 729 730 731 -1 732 733 734 735 -1 736 737 738 739 -1 740 741 742 743 -1 744 745 746 747 -1 748 749 750 751 -1 752 753 754 755 -1 756 757 758 759 -1 760 761 762 763 -1 764 765 766 767 -1 768 769 770 771 -1 772 773 774 775 -1 776 777 778 779 -1 780 781 782 -1 783 784 785 -1 786 787 788 789 -1 790 791 792 793 -1 794 795 796 797 -1 798 799 800 801 -1 802 803 804 805 -1 806 807 808 809 -1 810 811 812 -1 813 814 815 -1 816 817 818 819 -1 820 821 822 823 -1 824 825 826 827 -1 828 829 830 831 -1 832 833 834 835 -1 836 837 838 839 -1 840 841 842 843 -1 844 845 846 847 -1 848 849 850 851 -1 852 853 854 855 -1 856 857 858 859 -1 860 861 862 863 -1 864 865 866 867 -1 868 869 870 871 -1 872 873 874 875 -1 876 877 878 879 -1 880 881 882 883 -1 884 885 886 887 -1 888 889 890 891 -1 892 893 894 895 -1 896 897 898 899 -1 900 901 902 -1 903 904 905 -1 906 907 908 909 -1 910 911 912 913 -1 914 915 916 917 -1 918 919 920 921 -1 922 923 924 925 -1 926 927 928 929 -1 930 931 932 -1 933 934 935 936 -1 937 938 939 940 -1 941 942 943 944 -1 945 946 947 948 -1 949 950 951 952 -1 953 954 955 956 -1 957 958 959 960 -1 961 962 963 964 -1 965 966 967 968 -1 969 970 971 972 -1 973 974 975 976 -1 977 978 979 980 -1 981 982 983 984 -1 985 986 987 988 -1 989 990 991 -1 992 993 994 995 -1 996 997 998 999 -1 1000 1001 1002 1003 -1 1004 1005 1006 1007 -1 1008 1009 1010 1011 -1 1012 1013 1014 1015 -1 1016 1017 1018 -1 1019 1020 1021 -1 1022 1023 1024 1025 -1 1026 1027 1028 1029 -1 1030 1031 1032 1033 -1 1034 1035 1036 1037 -1 1038 1039 1040 1041 -1 1042 1043 1044 1045 -1 1046 1047 1048 1049 -1 1050 1051 1052 1053 -1 1054 1055 1056 1057 -1 1058 1059 1060 1061 -1 1062 1063 1064 1065 -1 1066 1067 1068 1069 -1 1070 1071 1072 1073 -1 1074 1075 1076 1077 -1 1078 1079 1080 1081 -1 1082 1083 1084 1085 -1 1086 1087 1088 1089 -1 1090 1091 1092 1093 -1 1094 1095 1096 1097 -1 1098 1099 1100 1101 -1 1102 1103 1104 1105 -1 1106 1107 1108 -1 1109 1110 1111 -1 1112 1113 1114 1115 -1 1116 1117 1118 1119 -1 1120 1121 1122 1123 -1 1124 1125 1126 1127 -1 1128 1129 1130 1131 -1 1132 1133 1134 1135 -1 1136 1137 1138 -1 1139 1140 1141 -1 1142 1143 1144 1145 -1 1146 1147 1148 1149 -1 1150 1151 1152 1153 -1 1154 1155 1156 1157 -1 1158 1159 1160 1161 -1 1162 1163 1164 1165 -1 1166 1167 1168 1169 -1 1170 1171 1172 1173 -1 1174 1175 1176 1177 -1 1178 1179 1180 1181 -1 1182 1183 1184 1185 -1 1186 1187 1188 1189 -1 1190 1191 1192 1193 -1 1194 1195 1196 1197 -1 1198 1199 1200 1201 -1 1202 1203 1204 1205 -1 1206 1207 1208 1209 -1 1210 1211 1212 1213 -1 1214 1215 1216 1217 -1 1218 1219 1220 1221 -1 1222 1223 1224 1225 -1 1226 1227 1228 -1 1229 1230 1231 -1 1232 1233 1234 1235 -1 1236 1237 1238 1239 -1 1240 1241 1242 1243 -1 1244 1245 1246 1247 -1 1248 1249 1250 1251 -1 1252 1253 1254 1255 -1 1256 1257 1258 -1 1259 1260 1261 -1 1262 1263 1264 1265 -1 1266 1267 1268 1269 -1 1270 1271 1272 1273 -1 1274 1275 1276 1277 -1 1278 1279 1280 1281 -1 1282 1283 1284 1285 -1 1286 1287 1288 1289 -1 1290 1291 1292 1293 -1 1294 1295 1296 1297 -1 1298 1299 1300 1301 -1 1302 1303 1304 1305 -1 1306 1307 1308 1309 -1 1310 1311 1312 1313 -1 1314 1315 1316 1317 -1 1318 1319 1320 1321 -1 1322 1323 1324 1325 -1 1326 1327 1328 1329 -1 1330 1331 1332 1333 -1 1334 1335 1336 1337 -1 1338 1339 1340 1341 -1 1342 1343 1344 1345 -1 1346 1347 1348 -1 1349 1350 1351 -1 1352 1353 1354 1355 -1 1356 1357 1358 1359 -1 1360 1361 1362 1363 -1 1364 1365 1366 1367 -1 1368 1369 1370 1371 -1 1372 1373 1374 1375 -1 1376 1377 1378 -1 1379 1380 1381 -1 1382 1383 1384 1385 -1 1386 1387 1388 1389 -1 1390 1391 1392 1393 -1 1394 1395 1396 1397 -1 1398 1399 1400 1401 -1 1402 1403 1404 1405 -1 1406 1407 1408 1409 -1 1410 1411 1412 1413 -1 1414 1415 1416 1417 -1 1418 1419 1420 1421 -1 1422 1423 1424 1425 -1 1426 1427 1428 1429 -1 1430 1431 1432 1433 -1 1434 1435 1436 1437 -1 1438 1439 1440 1441 -1 1442 1443 1444 1445 -1 1446 1447 1448 1449 -1 1450 1451 1452 1453 -1 1454 1455 1456 1457 -1 1458 1459 1460 1461 -1 1462 1463 1464 1465 -1 1466 1467 1468 -1 1469 1470 1471 -1 1472 1473 1474 1475 -1 1476 1477 1478 1479 -1 1480 1481 1482 1483 -1 1484 1485 1486 1487 -1 1488 1489 1490 1491 -1 1492 1493 1494 1495 -1 1496 1497 1498 -1 1499 1500 1501 -1 1502 1503 1504 1505 -1 1506 1507 1508 1509 -1 1510 1511 1512 1513 -1 1514 1515 1516 1517 -1 1518 1519 1520 1521 -1 1522 1523 1524 1525 -1 1526 1527 1528 1529 -1 1530 1531 1532 1533 -1 1534 1535 1536 1537 -1 1538 1539 1540 1541 -1 1542 1543 1544 1545 -1 1546 1547 1548 1549 -1 1550 1551 1552 1553 -1 1554 1555 1556 1557 -1 1558 1559 1560 1561 -1 1562 1563 1564 1565 -1 1566 1567 1568 1569 -1 1570 1571 1572 1573 -1 1574 1575 1576 1577 -1 1578 1579 1580 1581 -1 1582 1583 1584 -1 1585 1586 1587 -1 1588 1589 1590 1591 -1 1592 1593 1594 1595 -1 1596 1597 1598 1599 -1 1600 1601 1602 1603 -1 1604 1605 1606 1607 -1 1608 1609 1610 1611 -1 1612 1613 1614 -1 1615 1616 1617 -1 1618 1619 1620 1621 -1 1622 1623 1624 1625 -1 1626 1627 1628 1629 -1 1630 1631 1632 1633 -1 1634 1635 1636 1637 -1 1638 1639 1640 1641 -1 1642 1643 1644 1645 -1 1646 1647 1648 1649 -1 1650 1651 1652 1653 -1 1654 1655 1656 1657 -1 1658 1659 1660 1661 -1 1662 1663 1664 1665 -1 1666 1667 1668 1669 -1 1670 1671 1672 1673 -1 1674 1675 1676 1677 -1 1678 1679 1680 1681 -1 1682 1683 1684 1685 -1 1686 1687 1688 1689 -1 1690 1691 1692 1693 -1 1694 1695 1696 1697 -1 1698 1699 1700 1701 -1 1702 1703 1704 -1 1705 1706 1707 -1 1708 1709 1710 1711 -1 1712 1713 1714 1715 -1 1716 1717 1718 1719 -1 1720 1721 1722 1723 -1 1724 1725 1726 1727 -1 1728 1729 1730 1731 -1 1732 1733 1734 1735 -1 1736 1737 1738 1739 -1 1740 1741 1742 1743 -1 1744 1745 1746 1747 -1 1748 1749 1750 1751 -1 1752 1753 1754 1755 -1 1756 1757 1758 1759 -1 1760 1761 1762 1763 -1 1764 1765 1766 1767 -1 1768 1769 1770 1771 -1 1772 1773 1774 1775 -1 1776 1777 1778 1779 -1 1780 1781 1782 1783 -1 1784 1785 1786 1787 -1 1788 1789 1790 1791 -1 1792 1793 1794 -1 1795 1796 1797 -1 1798 1799 1800 1801 -1 1802 1803 1804 1805 -1 1806 1807 1808 1809 -1 1810 1811 1812 1813 -1 1814 1815 1816 1817 -1 1818 1819 1820 1821 -1 1822 1823 1824 -1 1825 1826 1827 -1 1828 1829 1830 1831 -1 1832 1833 1834 1835 -1 1836 1837 1838 1839 -1 1840 1841 1842 1843 -1 1844 1845 1846 1847 -1 1848 1849 1850 1851 -1 1852 1853 1854 1855 -1 1856 1857 1858 1859 -1 1860 1861 1862 1863 -1 1864 1865 1866 1867 -1 1868 1869 1870 1871 -1 1872 1873 1874 1875 -1 1876 1877 1878 1879 -1 1880 1881 1882 1883 -1 1884 1885 1886 1887 -1 1888 1889 1890 1891 -1 1892 1893 1894 1895 -1 1896 1897 1898 1899 -1 1900 1901 1902 1903 -1 1904 1905 1906 1907 -1 1908 1909 1910 1911 -1 1912 1913 1914 -1 1915 1916 1917 -1 1918 1919 1920 1921 -1 1922 1923 1924 1925 -1 1926 1927 1928 1929 -1 1930 1931 1932 1933 -1 1934 1935 1936 1937 -1 1938 1939 1940 1941 -1 1942 1943 1944 -1 1945 1946 1947 -1 1948 1949 1950 1951 -1 1952 1953 1954 1955 -1 1956 1957 1958 1959 -1 1960 1961 1962 1963 -1 1964 1965 1966 1967 -1 1968 1969 1970 1971 -1 1972 1973 1974 1975 -1 1976 1977 1978 1979 -1 1980 1981 1982 1983 -1 "
						                coordIndex="479 478 17 18 -1 476 1 10 11 -1 480 479 18 19 -1 2 476 11 12 -1 481 480 19 20 -1 3 2 12 13 -1 473 81 6 -1 307 481 20 -1 4 3 13 14 -1 474 473 6 7 -1 477 4 14 15 -1 0 474 7 8 -1 5 477 15 16 -1 475 0 8 9 -1 478 5 16 17 -1 1 475 9 10 -1 17 16 31 32 -1 10 9 24 25 -1 18 17 32 33 -1 11 10 25 26 -1 19 18 33 34 -1 12 11 26 27 -1 20 19 34 35 -1 13 12 27 28 -1 6 81 21 -1 307 20 35 -1 14 13 28 29 -1 7 6 21 22 -1 15 14 29 30 -1 8 7 22 23 -1 16 15 30 31 -1 9 8 23 24 -1 21 81 36 -1 307 35 50 -1 29 28 43 44 -1 22 21 36 37 -1 30 29 44 45 -1 23 22 37 38 -1 31 30 45 46 -1 24 23 38 39 -1 32 31 46 47 -1 25 24 39 40 -1 33 32 47 48 -1 26 25 40 41 -1 34 33 48 49 -1 27 26 41 42 -1 35 34 49 50 -1 28 27 42 43 -1 40 39 54 55 -1 48 47 62 63 -1 41 40 55 56 -1 49 48 63 64 -1 42 41 56 57 -1 50 49 64 65 -1 43 42 57 58 -1 36 81 51 -1 307 50 65 -1 44 43 58 59 -1 37 36 51 52 -1 45 44 59 60 -1 38 37 52 53 -1 46 45 60 61 -1 39 38 53 54 -1 47 46 61 62 -1 59 58 73 74 -1 52 51 66 67 -1 60 59 74 75 -1 53 52 67 68 -1 61 60 75 76 -1 54 53 68 69 -1 62 61 76 77 -1 55 54 69 70 -1 63 62 77 78 -1 56 55 70 71 -1 64 63 78 79 -1 57 56 71 72 -1 65 64 79 80 -1 58 57 72 73 -1 51 81 66 -1 307 65 80 -1 78 77 93 94 -1 71 70 86 87 -1 79 78 94 95 -1 72 71 87 88 -1 80 79 95 96 -1 73 72 88 89 -1 66 81 82 -1 307 80 96 -1 74 73 89 90 -1 67 66 82 83 -1 75 74 90 91 -1 68 67 83 84 -1 76 75 91 92 -1 69 68 84 85 -1 77 76 92 93 -1 70 69 85 86 -1 91 90 105 106 -1 84 83 98 99 -1 92 91 106 107 -1 85 84 99 100 -1 93 92 107 108 -1 86 85 100 101 -1 94 93 108 109 -1 87 86 101 102 -1 95 94 109 110 -1 88 87 102 103 -1 96 95 110 111 -1 89 88 103 104 -1 82 81 97 -1 307 96 111 -1 90 89 104 105 -1 83 82 97 98 -1 110 109 124 125 -1 103 102 117 118 -1 111 110 125 126 -1 104 103 118 119 -1 97 81 112 -1 307 111 126 -1 105 104 119 120 -1 98 97 112 113 -1 106 105 120 121 -1 99 98 113 114 -1 107 106 121 122 -1 100 99 114 115 -1 108 107 122 123 -1 101 100 115 116 -1 109 108 123 124 -1 102 101 116 117 -1 114 113 128 129 -1 122 121 136 137 -1 115 114 129 130 -1 123 122 137 138 -1 116 115 130 131 -1 124 123 138 139 -1 117 116 131 132 -1 125 124 139 140 -1 118 117 132 133 -1 126 125 140 141 -1 119 118 133 134 -1 112 81 127 -1 307 126 141 -1 120 119 134 135 -1 113 112 127 128 -1 121 120 135 136 -1 133 132 147 148 -1 141 140 155 156 -1 134 133 148 149 -1 127 81 142 -1 307 141 156 -1 135 134 149 150 -1 128 127 142 143 -1 136 135 150 151 -1 129 128 143 144 -1 137 136 151 152 -1 130 129 144 145 -1 138 137 152 153 -1 131 130 145 146 -1 139 138 153 154 -1 132 131 146 147 -1 140 139 154 155 -1 152 151 166 167 -1 145 144 159 160 -1 153 152 167 168 -1 146 145 160 161 -1 154 153 168 169 -1 147 146 161 162 -1 155 154 169 170 -1 148 147 162 163 -1 156 155 170 171 -1 149 148 163 164 -1 142 81 157 -1 307 156 171 -1 150 149 164 165 -1 143 142 157 158 -1 151 150 165 166 -1 144 143 158 159 -1 171 170 185 186 -1 164 163 178 179 -1 157 81 172 -1 307 171 186 -1 165 164 179 180 -1 158 157 172 173 -1 166 165 180 181 -1 159 158 173 174 -1 167 166 181 182 -1 160 159 174 175 -1 168 167 182 183 -1 161 160 175 176 -1 169 168 183 184 -1 162 161 176 177 -1 170 169 184 185 -1 163 162 177 178 -1 175 174 189 190 -1 183 182 197 198 -1 176 175 190 191 -1 184 183 198 199 -1 177 176 191 192 -1 185 184 199 200 -1 178 177 192 193 -1 186 185 200 201 -1 179 178 193 194 -1 172 81 187 -1 307 186 201 -1 180 179 194 195 -1 173 172 187 188 -1 181 180 195 196 -1 174 173 188 189 -1 182 181 196 197 -1 194 193 208 209 -1 187 81 202 -1 307 201 216 -1 195 194 209 210 -1 188 187 202 203 -1 196 195 210 211 -1 189 188 203 204 -1 197 196 211 212 -1 190 189 204 205 -1 198 197 212 213 -1 191 190 205 206 -1 199 198 213 214 -1 192 191 206 207 -1 200 199 214 215 -1 193 192 207 208 -1 201 200 215 216 -1 213 212 227 228 -1 206 205 220 221 -1 214 213 228 229 -1 207 206 221 222 -1 215 214 229 230 -1 208 207 222 223 -1 216 215 230 231 -1 209 208 223 224 -1 202 81 217 -1 307 216 231 -1 210 209 224 225 -1 203 202 217 218 -1 211 210 225 226 -1 204 203 218 219 -1 212 211 226 227 -1 205 204 219 220 -1 307 231 246 -1 225 224 239 240 -1 218 217 232 233 -1 226 225 240 241 -1 219 218 233 234 -1 227 226 241 242 -1 220 219 234 235 -1 228 227 242 243 -1 221 220 235 236 -1 229 228 243 244 -1 222 221 236 237 -1 230 229 244 245 -1 223 222 237 238 -1 231 230 245 246 -1 224 223 238 239 -1 217 81 232 -1 244 243 258 259 -1 237 236 251 252 -1 245 244 259 260 -1 238 237 252 253 -1 246 245 260 261 -1 239 238 253 254 -1 232 81 247 -1 307 246 261 -1 240 239 254 255 -1 233 232 247 248 -1 241 240 255 256 -1 234 233 248 249 -1 242 241 256 257 -1 235 234 249 250 -1 243 242 257 258 -1 236 235 250 251 -1 248 247 262 263 -1 256 255 270 271 -1 249 248 263 264 -1 257 256 271 272 -1 250 249 264 265 -1 258 257 272 273 -1 251 250 265 266 -1 259 258 273 274 -1 252 251 266 267 -1 260 259 274 275 -1 253 252 267 268 -1 261 260 275 276 -1 254 253 268 269 -1 247 81 262 -1 307 261 276 -1 255 254 269 270 -1 267 266 281 282 -1 275 274 289 290 -1 268 267 282 283 -1 276 275 290 291 -1 269 268 283 284 -1 262 81 277 -1 307 276 291 -1 270 269 284 285 -1 263 262 277 278 -1 271 270 285 286 -1 264 263 278 279 -1 272 271 286 287 -1 265 264 279 280 -1 273 272 287 288 -1 266 265 280 281 -1 274 273 288 289 -1 286 285 300 301 -1 279 278 293 294 -1 287 286 301 302 -1 280 279 294 295 -1 288 287 302 303 -1 281 280 295 296 -1 289 288 303 304 -1 282 281 296 297 -1 290 289 304 305 -1 283 282 297 298 -1 291 290 305 306 -1 284 283 298 299 -1 277 81 292 -1 307 291 306 -1 285 284 299 300 -1 278 277 292 293 -1 305 304 320 321 -1 298 297 313 314 -1 306 305 321 322 -1 299 298 314 315 -1 292 81 308 -1 307 306 322 -1 300 299 315 316 -1 293 292 308 309 -1 301 300 316 317 -1 294 293 309 310 -1 302 301 317 318 -1 295 294 310 311 -1 303 302 318 319 -1 296 295 311 312 -1 304 303 319 320 -1 297 296 312 313 -1 310 309 324 325 -1 318 317 332 333 -1 311 310 325 326 -1 319 318 333 334 -1 312 311 326 327 -1 320 319 334 335 -1 313 312 327 328 -1 321 320 335 336 -1 314 313 328 329 -1 322 321 336 337 -1 315 314 329 330 -1 308 81 323 -1 307 322 337 -1 316 315 330 331 -1 309 308 323 324 -1 317 316 331 332 -1 329 328 343 344 -1 337 336 351 352 -1 330 329 344 345 -1 323 81 338 -1 307 337 352 -1 331 330 345 346 -1 324 323 338 339 -1 332 331 346 347 -1 325 324 339 340 -1 333 332 347 348 -1 326 325 340 341 -1 334 333 348 349 -1 327 326 341 342 -1 335 334 349 350 -1 328 327 342 343 -1 336 335 350 351 -1 348 347 362 363 -1 341 340 355 356 -1 349 348 363 364 -1 342 341 356 357 -1 350 349 364 365 -1 343 342 357 358 -1 351 350 365 366 -1 344 343 358 359 -1 352 351 366 367 -1 345 344 359 360 -1 338 81 353 -1 307 352 367 -1 346 345 360 361 -1 339 338 353 354 -1 347 346 361 362 -1 340 339 354 355 -1 367 366 381 382 -1 360 359 374 375 -1 353 81 368 -1 307 367 382 -1 361 360 375 376 -1 354 353 368 369 -1 362 361 376 377 -1 355 354 369 370 -1 363 362 377 378 -1 356 355 370 371 -1 364 363 378 379 -1 357 356 371 372 -1 365 364 379 380 -1 358 357 372 373 -1 366 365 380 381 -1 359 358 373 374 -1 379 378 393 394 -1 372 371 386 387 -1 380 379 394 395 -1 373 372 387 388 -1 381 380 395 396 -1 374 373 388 389 -1 382 381 396 397 -1 375 374 389 390 -1 368 81 383 -1 307 382 397 -1 376 375 390 391 -1 369 368 383 384 -1 377 376 391 392 -1 370 369 384 385 -1 378 377 392 393 -1 371 370 385 386 -1 383 81 398 -1 307 397 412 -1 391 390 405 406 -1 384 383 398 399 -1 392 391 406 407 -1 385 384 399 400 -1 393 392 407 408 -1 386 385 400 401 -1 394 393 408 409 -1 387 386 401 402 -1 395 394 409 410 -1 388 387 402 403 -1 396 395 410 411 -1 389 388 403 404 -1 397 396 411 412 -1 390 389 404 405 -1 402 401 416 417 -1 410 409 424 425 -1 403 402 417 418 -1 411 410 425 426 -1 404 403 418 419 -1 412 411 426 427 -1 405 404 419 420 -1 398 81 413 -1 307 412 427 -1 406 405 420 421 -1 399 398 413 414 -1 407 406 421 422 -1 400 399 414 415 -1 408 407 422 423 -1 401 400 415 416 -1 409 408 423 424 -1 421 420 435 436 -1 414 413 428 429 -1 422 421 436 437 -1 415 414 429 430 -1 423 422 437 438 -1 416 415 430 431 -1 424 423 438 439 -1 417 416 431 432 -1 425 424 439 440 -1 418 417 432 433 -1 426 425 440 441 -1 419 418 433 434 -1 427 426 441 442 -1 420 419 434 435 -1 413 81 428 -1 307 427 442 -1 440 439 454 455 -1 433 432 447 448 -1 441 440 455 456 -1 434 433 448 449 -1 442 441 456 457 -1 435 434 449 450 -1 428 81 443 -1 307 442 457 -1 436 435 450 451 -1 429 428 443 444 -1 437 436 451 452 -1 430 429 444 445 -1 438 437 452 453 -1 431 430 445 446 -1 439 438 453 454 -1 432 431 446 447 -1 444 443 458 459 -1 452 451 466 467 -1 445 444 459 460 -1 453 452 467 468 -1 446 445 460 461 -1 454 453 468 469 -1 447 446 461 462 -1 455 454 469 470 -1 448 447 462 463 -1 456 455 470 471 -1 449 448 463 464 -1 457 456 471 472 -1 450 449 464 465 -1 443 81 458 -1 307 457 472 -1 451 450 465 466 -1 463 462 1 476 -1 471 470 479 480 -1 464 463 476 2 -1 472 471 480 481 -1 465 464 2 3 -1 458 81 473 -1 307 472 481 -1 466 465 3 4 -1 459 458 473 474 -1 467 466 4 477 -1 460 459 474 0 -1 468 467 477 5 -1 461 460 0 475 -1 469 468 5 478 -1 462 461 475 1 -1 470 469 478 479 -1 "
						                >
							<Coordinate DEF="coords_ME_Sphere_004"
							            point="0.000000 0.555570 0.831470 0.000000 0.831470 0.555570 0.000000 0.980785 0.195090 0.000000 1.000000 0.000000 0.000000 0.980785 -0.195090 0.000000 0.831470 -0.555570 0.038060 0.191342 0.980785 0.074658 0.375330 0.923880 0.108386 0.544895 0.831470 0.137950 0.693520 0.707107 0.162212 0.815493 0.555570 0.180240 0.906127 0.382683 0.191342 0.961940 0.195090 0.195090 0.980785 0.000000 0.191342 0.961940 -0.195090 0.180240 0.906127 -0.382683 0.162212 0.815493 -0.555570 0.137950 0.693520 -0.707107 0.108386 0.544895 -0.831470 0.074658 0.375330 -0.923880 0.038060 0.191342 -0.980785 0.074658 0.180240 0.980785 0.146447 0.353553 0.923880 0.212608 0.513280 0.831470 0.270598 0.653281 0.707107 0.318190 0.768178 0.555570 0.353553 0.853553 0.382683 0.375330 0.906127 0.195090 0.382683 0.923879 0.000000 0.375330 0.906127 -0.195090 0.353553 0.853553 -0.382683 0.318190 0.768178 -0.555570 0.270598 0.653281 -0.707107 0.212608 0.513280 -0.831470 0.146447 0.353553 -0.923880 0.074658 0.180240 -0.980785 0.108386 0.162212 0.980785 0.212608 0.318190 0.923880 0.308658 0.461940 0.831470 0.392847 0.587938 0.707107 0.461940 0.691342 0.555570 0.513280 0.768178 0.382683 0.544895 0.815493 0.195090 0.555570 0.831469 0.000000 0.544895 0.815493 -0.195090 0.513280 0.768178 -0.382683 0.461940 0.691342 -0.555570 0.392847 0.587938 -0.707107 0.308658 0.461940 -0.831470 0.212608 0.318190 -0.923880 0.108386 0.162212 -0.980785 0.137950 0.137950 0.980785 0.270598 0.270598 0.923880 0.392847 0.392847 0.831470 0.500000 0.500000 0.707107 0.587938 0.587938 0.555570 0.653281 0.653281 0.382683 0.693520 0.693520 0.195090 0.707107 0.707107 0.000000 0.693520 0.693520 -0.195090 0.653281 0.653281 -0.382683 0.587938 0.587938 -0.555570 0.500000 0.500000 -0.707107 0.392847 0.392847 -0.831470 0.270598 0.270598 -0.923880 0.137950 0.137950 -0.980785 0.162212 0.108386 0.980785 0.318190 0.212608 0.923880 0.461940 0.308658 0.831470 0.587938 0.392847 0.707107 0.691342 0.461940 0.555570 0.768178 0.513280 0.382683 0.815493 0.544895 0.195090 0.831470 0.555570 0.000000 0.815493 0.544895 -0.195090 0.768178 0.513280 -0.382683 0.691342 0.461940 -0.555570 0.587938 0.392847 -0.707107 0.461940 0.308658 -0.831470 0.318190 0.212608 -0.923880 0.162212 0.108386 -0.980785 0.000000 0.000000 1.000000 0.180240 0.074658 0.980785 0.353553 0.146447 0.923880 0.513280 0.212607 0.831470 0.653281 0.270598 0.707107 0.768178 0.318190 0.555570 0.853553 0.353553 0.382683 0.906127 0.375330 0.195090 0.923879 0.382683 0.000000 0.906127 0.375330 -0.195090 0.853553 0.353553 -0.382683 0.768178 0.318190 -0.555570 0.653281 0.270598 -0.707107 0.513280 0.212607 -0.831470 0.353553 0.146447 -0.923880 0.180240 0.074658 -0.980785 0.191342 0.038060 0.980785 0.375330 0.074658 0.923880 0.544895 0.108386 0.831470 0.693520 0.137950 0.707107 0.815493 0.162212 0.555570 0.906127 0.180240 0.382683 0.961940 0.191342 0.195090 0.980785 0.195090 0.000000 0.961940 0.191342 -0.195090 0.906127 0.180240 -0.382683 0.815493 0.162212 -0.555570 0.693520 0.137950 -0.707107 0.544895 0.108386 -0.831470 0.375330 0.074658 -0.923880 0.191342 0.038060 -0.980785 0.195090 -0.000000 0.980785 0.382683 -0.000000 0.923880 0.555570 -0.000000 0.831470 0.707107 0.000000 0.707107 0.831469 -0.000000 0.555570 0.923879 0.000000 0.382683 0.980785 -0.000000 0.195090 1.000000 -0.000000 0.000000 0.980785 -0.000000 -0.195090 0.923879 0.000000 -0.382683 0.831469 -0.000000 -0.555570 0.707107 0.000000 -0.707107 0.555570 -0.000000 -0.831470 0.382683 -0.000000 -0.923880 0.195090 -0.000000 -0.980785 0.191342 -0.038060 0.980785 0.375330 -0.074658 0.923880 0.544895 -0.108386 0.831470 0.693520 -0.137950 0.707107 0.815493 -0.162212 0.555570 0.906127 -0.180240 0.382683 0.961940 -0.191342 0.195090 0.980785 -0.195090 0.000000 0.961940 -0.191342 -0.195090 0.906127 -0.180240 -0.382683 0.815493 -0.162212 -0.555570 0.693520 -0.137950 -0.707107 0.544895 -0.108386 -0.831470 0.375330 -0.074658 -0.923880 0.191342 -0.038060 -0.980785 0.180240 -0.074658 0.980785 0.353553 -0.146447 0.923880 0.513280 -0.212608 0.831470 0.653281 -0.270598 0.707107 0.768178 -0.318190 0.555570 0.853553 -0.353553 0.382683 0.906127 -0.375330 0.195090 0.923879 -0.382683 0.000000 0.906127 -0.375330 -0.195090 0.853553 -0.353553 -0.382683 0.768178 -0.318190 -0.555570 0.653281 -0.270598 -0.707107 0.513280 -0.212608 -0.831470 0.353553 -0.146447 -0.923880 0.180240 -0.074658 -0.980785 0.162212 -0.108386 0.980785 0.318190 -0.212608 0.923880 0.461940 -0.308658 0.831470 0.587938 -0.392847 0.707107 0.691341 -0.461940 0.555570 0.768178 -0.513280 0.382683 0.815493 -0.544895 0.195090 0.831469 -0.555570 0.000000 0.815493 -0.544895 -0.195090 0.768178 -0.513280 -0.382683 0.691341 -0.461940 -0.555570 0.587938 -0.392847 -0.707107 0.461940 -0.308658 -0.831470 0.318190 -0.212608 -0.923880 0.162212 -0.108386 -0.980785 0.137950 -0.137950 0.980785 0.270598 -0.270598 0.923880 0.392847 -0.392847 0.831470 0.500000 -0.500000 0.707107 0.587938 -0.587938 0.555570 0.653281 -0.653281 0.382683 0.693520 -0.693520 0.195090 0.707106 -0.707107 0.000000 0.693520 -0.693520 -0.195090 0.653281 -0.653281 -0.382683 0.587938 -0.587938 -0.555570 0.500000 -0.500000 -0.707107 0.392847 -0.392847 -0.831470 0.270598 -0.270598 -0.923880 0.137950 -0.137950 -0.980785 0.108386 -0.162212 0.980785 0.212607 -0.318190 0.923880 0.308658 -0.461940 0.831470 0.392847 -0.587938 0.707107 0.461940 -0.691342 0.555570 0.513280 -0.768178 0.382683 0.544895 -0.815493 0.195090 0.555570 -0.831469 0.000000 0.544895 -0.815493 -0.195090 0.513280 -0.768178 -0.382683 0.461940 -0.691342 -0.555570 0.392847 -0.587938 -0.707107 0.308658 -0.461940 -0.831470 0.212607 -0.318190 -0.923880 0.108386 -0.162212 -0.980785 0.074658 -0.180240 0.980785 0.146447 -0.353553 0.923880 0.212607 -0.513280 0.831470 0.270598 -0.653281 0.707107 0.318189 -0.768178 0.555570 0.353553 -0.853553 0.382683 0.375330 -0.906127 0.195090 0.382683 -0.923879 0.000000 0.375330 -0.906127 -0.195090 0.353553 -0.853553 -0.382683 0.318189 -0.768178 -0.555570 0.270598 -0.653281 -0.707107 0.212607 -0.513280 -0.831470 0.146447 -0.353553 -0.923880 0.074658 -0.180240 -0.980785 0.038060 -0.191342 0.980785 0.074658 -0.375330 0.923880 0.108386 -0.544895 0.831470 0.137950 -0.693520 0.707107 0.162212 -0.815493 0.555570 0.180240 -0.906127 0.382683 0.191342 -0.961939 0.195090 0.195090 -0.980785 0.000000 0.191342 -0.961939 -0.195090 0.180240 -0.906127 -0.382683 0.162212 -0.815493 -0.555570 0.137950 -0.693520 -0.707107 0.108386 -0.544895 -0.831470 0.074658 -0.375330 -0.923880 0.038060 -0.191342 -0.980785 -0.000000 -0.195090 0.980785 -0.000000 -0.382683 0.923880 -0.000000 -0.555570 0.831470 -0.000000 -0.707107 0.707107 -0.000000 -0.831469 0.555570 0.000000 -0.923879 0.382683 -0.000000 -0.980785 0.195090 -0.000000 -0.999999 0.000000 -0.000000 -0.980785 -0.195090 0.000000 -0.923879 -0.382683 -0.000000 -0.831469 -0.555570 -0.000000 -0.707107 -0.707107 -0.000000 -0.555570 -0.831470 -0.000000 -0.382683 -0.923880 -0.000000 -0.195090 -0.980785 -0.038060 -0.191342 0.980785 -0.074658 -0.375330 0.923880 -0.108386 -0.544895 0.831470 -0.137950 -0.693520 0.707107 -0.162212 -0.815493 0.555570 -0.180240 -0.906127 0.382683 -0.191342 -0.961939 0.195090 -0.195091 -0.980785 0.000000 -0.191342 -0.961939 -0.195090 -0.180240 -0.906127 -0.382683 -0.162212 -0.815493 -0.555570 -0.137950 -0.693520 -0.707107 -0.108386 -0.544895 -0.831470 -0.074658 -0.375330 -0.923880 -0.038060 -0.191342 -0.980785 -0.074658 -0.180240 0.980785 -0.146447 -0.353553 0.923880 -0.212608 -0.513280 0.831470 -0.270598 -0.653281 0.707107 -0.318190 -0.768177 0.555570 -0.353553 -0.853553 0.382683 -0.375330 -0.906127 0.195090 -0.382683 -0.923879 0.000000 -0.375330 -0.906127 -0.195090 -0.353553 -0.853553 -0.382683 -0.318190 -0.768177 -0.555570 -0.270598 -0.653281 -0.707107 -0.212608 -0.513280 -0.831470 -0.146447 -0.353553 -0.923880 -0.074658 -0.180240 -0.980785 -0.108386 -0.162212 0.980785 -0.212608 -0.318190 0.923880 -0.308658 -0.461939 0.831470 -0.392847 -0.587938 0.707107 -0.461940 -0.691341 0.555570 -0.513280 -0.768178 0.382683 -0.544895 -0.815493 0.195090 -0.555570 -0.831469 0.000000 -0.544895 -0.815493 -0.195090 -0.513280 -0.768178 -0.382683 -0.461940 -0.691341 -0.555570 -0.392847 -0.587938 -0.707107 -0.308658 -0.461939 -0.831470 -0.212608 -0.318190 -0.923880 -0.108386 -0.162212 -0.980785 -0.137950 -0.137950 0.980785 -0.270598 -0.270598 0.923880 -0.392847 -0.392847 0.831470 -0.500000 -0.500000 0.707107 -0.587938 -0.587937 0.555570 -0.653281 -0.653281 0.382683 -0.693520 -0.693520 0.195090 -0.707106 -0.707106 0.000000 -0.693520 -0.693520 -0.195090 -0.653281 -0.653281 -0.382683 -0.587938 -0.587937 -0.555570 -0.500000 -0.500000 -0.707107 -0.392847 -0.392847 -0.831470 -0.270598 -0.270598 -0.923880 -0.137950 -0.137950 -0.980785 0.000000 0.000000 -1.000000 -0.162212 -0.108386 0.980785 -0.318190 -0.212607 0.923880 -0.461940 -0.308658 0.831470 -0.587938 -0.392847 0.707107 -0.691341 -0.461939 0.555570 -0.768177 -0.513280 0.382683 -0.815493 -0.544895 0.195090 -0.831469 -0.555569 0.000000 -0.815493 -0.544895 -0.195090 -0.768177 -0.513280 -0.382683 -0.691341 -0.461939 -0.555570 -0.587938 -0.392847 -0.707107 -0.461940 -0.308658 -0.831470 -0.318190 -0.212607 -0.923880 -0.162212 -0.108386 -0.980785 -0.180240 -0.074658 0.980785 -0.353553 -0.146447 0.923880 -0.513280 -0.212607 0.831470 -0.653281 -0.270598 0.707107 -0.768177 -0.318189 0.555570 -0.853553 -0.353553 0.382683 -0.906127 -0.375330 0.195090 -0.923879 -0.382683 0.000000 -0.906127 -0.375330 -0.195090 -0.853553 -0.353553 -0.382683 -0.768177 -0.318189 -0.555570 -0.653281 -0.270598 -0.707107 -0.513280 -0.212607 -0.831470 -0.353553 -0.146447 -0.923880 -0.180240 -0.074658 -0.980785 -0.191342 -0.038060 0.980785 -0.375330 -0.074658 0.923880 -0.544895 -0.108386 0.831470 -0.693520 -0.137950 0.707107 -0.815493 -0.162211 0.555570 -0.906127 -0.180240 0.382683 -0.961939 -0.191341 0.195090 -0.980784 -0.195090 0.000000 -0.961939 -0.191341 -0.195090 -0.906127 -0.180240 -0.382683 -0.815493 -0.162211 -0.555570 -0.693520 -0.137950 -0.707107 -0.544895 -0.108386 -0.831470 -0.375330 -0.074658 -0.923880 -0.191342 -0.038060 -0.980785 -0.195090 0.000000 0.980785 -0.382683 0.000000 0.923880 -0.555570 0.000000 0.831470 -0.707107 0.000000 0.707107 -0.831469 0.000000 0.555570 -0.923879 0.000000 0.382683 -0.980785 0.000000 0.195090 -0.999999 0.000000 0.000000 -0.980785 0.000000 -0.195090 -0.923879 0.000000 -0.382683 -0.831469 0.000000 -0.555570 -0.707107 0.000000 -0.707107 -0.555570 0.000000 -0.831470 -0.382683 0.000000 -0.923880 -0.195090 0.000000 -0.980785 -0.191342 0.038060 0.980785 -0.375330 0.074658 0.923880 -0.544895 0.108386 0.831470 -0.693520 0.137950 0.707107 -0.815493 0.162212 0.555570 -0.906127 0.180240 0.382683 -0.961939 0.191342 0.195090 -0.980784 0.195091 0.000000 -0.961939 0.191342 -0.195090 -0.906127 0.180240 -0.382683 -0.815493 0.162212 -0.555570 -0.693520 0.137950 -0.707107 -0.544895 0.108386 -0.831470 -0.375330 0.074658 -0.923880 -0.191342 0.038060 -0.980785 -0.180240 0.074658 0.980785 -0.353553 0.146447 0.923880 -0.513279 0.212607 0.831470 -0.653281 0.270598 0.707107 -0.768177 0.318190 0.555570 -0.853553 0.353553 0.382683 -0.906127 0.375330 0.195090 -0.923878 0.382683 0.000000 -0.906127 0.375330 -0.195090 -0.853553 0.353553 -0.382683 -0.768177 0.318190 -0.555570 -0.653281 0.270598 -0.707107 -0.513279 0.212607 -0.831470 -0.353553 0.146447 -0.923880 -0.180240 0.074658 -0.980785 -0.162212 0.108386 0.980785 -0.318189 0.212607 0.923880 -0.461939 0.308658 0.831470 -0.587938 0.392847 0.707107 -0.691341 0.461940 0.555570 -0.768177 0.513280 0.382683 -0.815493 0.544895 0.195090 -0.831468 0.555570 0.000000 -0.815493 0.544895 -0.195090 -0.768177 0.513280 -0.382683 -0.691341 0.461940 -0.555570 -0.587938 0.392847 -0.707107 -0.461939 0.308658 -0.831470 -0.318189 0.212607 -0.923880 -0.162212 0.108386 -0.980785 -0.137950 0.137950 0.980785 -0.270598 0.270598 0.923880 -0.392847 0.392847 0.831470 -0.500000 0.500000 0.707107 -0.587937 0.587938 0.555570 -0.653281 0.653281 0.382683 -0.693519 0.693520 0.195090 -0.707106 0.707106 0.000000 -0.693519 0.693520 -0.195090 -0.653281 0.653281 -0.382683 -0.587937 0.587938 -0.555570 -0.500000 0.500000 -0.707107 -0.392847 0.392847 -0.831470 -0.270598 0.270598 -0.923880 -0.137950 0.137950 -0.980785 -0.108386 0.162212 0.980785 -0.212607 0.318190 0.923880 -0.308658 0.461939 0.831470 -0.392847 0.587938 0.707107 -0.461939 0.691341 0.555570 -0.513280 0.768177 0.382683 -0.544895 0.815493 0.195090 -0.555569 0.831469 0.000000 -0.544895 0.815493 -0.195090 -0.513280 0.768177 -0.382683 -0.461939 0.691341 -0.555570 -0.392847 0.587938 -0.707107 -0.308658 0.461939 -0.831470 -0.212607 0.318190 -0.923880 -0.108386 0.162212 -0.980785 -0.074658 0.180240 0.980785 -0.146446 0.353553 0.923880 -0.212607 0.513279 0.831470 -0.270598 0.653281 0.707107 -0.318189 0.768177 0.555570 -0.353553 0.853553 0.382683 -0.375330 0.906127 0.195090 -0.382683 0.923879 0.000000 -0.375330 0.906127 -0.195090 -0.353553 0.853553 -0.382683 -0.318189 0.768177 -0.555570 -0.270598 0.653281 -0.707107 -0.212607 0.513279 -0.831470 -0.146446 0.353553 -0.923880 -0.074658 0.180240 -0.980785 -0.038060 0.191342 0.980785 -0.074658 0.375330 0.923880 -0.108386 0.544895 0.831470 -0.137950 0.693520 0.707107 -0.162211 0.815493 0.555570 -0.180240 0.906127 0.382683 -0.191341 0.961939 0.195090 -0.195090 0.980784 0.000000 -0.191341 0.961939 -0.195090 -0.180240 0.906127 -0.382683 -0.162211 0.815493 -0.555570 -0.137950 0.693520 -0.707107 -0.108386 0.544895 -0.831470 -0.074658 0.375330 -0.923880 -0.038060 0.191342 -0.980785 0.000000 0.195090 0.980785 0.000000 0.382683 0.923880 0.000000 0.707107 0.707107 0.000000 0.923879 0.382683 0.000000 0.923879 -0.382683 0.000000 0.707107 -0.707107 0.000000 0.555570 -0.831470 0.000000 0.382683 -0.923880 0.000000 0.195090 -0.980785 "
							            />
							<TextureCoordinate point="0.7500 0.1875 0.7500 0.2500 0.7188 0.2500 0.7188 0.1875 0.7500 0.6250 0.7500 0.6875 0.7188 0.6875 0.7188 0.6250 0.7500 0.1250 0.7500 0.1875 0.7188 0.1875 0.7188 0.1250 0.7500 0.5625 0.7500 0.6250 0.7188 0.6250 0.7188 0.5625 0.7500 0.0625 0.7500 0.1250 0.7188 0.1250 0.7188 0.0625 0.7500 0.5000 0.7500 0.5625 0.7188 0.5625 0.7188 0.5000 0.7500 0.9375 0.7344 1.0000 0.7188 0.9375 0.7344 0.0000 0.7500 0.0625 0.7188 0.0625 0.7500 0.4375 0.7500 0.5000 0.7188 0.5000 0.7188 0.4375 0.7500 0.8750 0.7500 0.9375 0.7188 0.9375 0.7188 0.8750 0.7500 0.3750 0.7500 0.4375 0.7188 0.4375 0.7188 0.3750 0.7500 0.8125 0.7500 0.8750 0.7188 0.8750 0.7188 0.8125 0.7500 0.3125 0.7500 0.3750 0.7188 0.3750 0.7188 0.3125 0.7500 0.7500 0.7500 0.8125 0.7188 0.8125 0.7188 0.7500 0.7500 0.2500 0.7500 0.3125 0.7188 0.3125 0.7188 0.2500 0.7500 0.6875 0.7500 0.7500 0.7188 0.7500 0.7188 0.6875 0.7188 0.2500 0.7188 0.3125 0.6875 0.3125 0.6875 0.2500 0.7188 0.6875 0.7188 0.7500 0.6875 0.7500 0.6875 0.6875 0.7188 0.1875 0.7188 0.2500 0.6875 0.2500 0.6875 0.1875 0.7188 0.6250 0.7188 0.6875 0.6875 0.6875 0.6875 0.6250 0.7188 0.1250 0.7188 0.1875 0.6875 0.1875 0.6875 0.1250 0.7188 0.5625 0.7188 0.6250 0.6875 0.6250 0.6875 0.5625 0.7188 0.0625 0.7188 0.1250 0.6875 0.1250 0.6875 0.0625 0.7188 0.5000 0.7188 0.5625 0.6875 0.5625 0.6875 0.5000 0.7188 0.9375 0.7031 1.0000 0.6875 0.9375 0.7031 0.0000 0.7188 0.0625 0.6875 0.0625 0.7188 0.4375 0.7188 0.5000 0.6875 0.5000 0.6875 0.4375 0.7188 0.8750 0.7188 0.9375 0.6875 0.9375 0.6875 0.8750 0.7188 0.3750 0.7188 0.4375 0.6875 0.4375 0.6875 0.3750 0.7188 0.8125 0.7188 0.8750 0.6875 0.8750 0.6875 0.8125 0.7188 0.3125 0.7188 0.3750 0.6875 0.3750 0.6875 0.3125 0.7188 0.7500 0.7188 0.8125 0.6875 0.8125 0.6875 0.7500 0.6875 0.9375 0.6719 1.0000 0.6562 0.9375 0.6719 0.0000 0.6875 0.0625 0.6562 0.0625 0.6875 0.4375 0.6875 0.5000 0.6562 0.5000 0.6562 0.4375 0.6875 0.8750 0.6875 0.9375 0.6562 0.9375 0.6562 0.8750 0.6875 0.3750 0.6875 0.4375 0.6562 0.4375 0.6562 0.3750 0.6875 0.8125 0.6875 0.8750 0.6562 0.8750 0.6562 0.8125 0.6875 0.3125 0.6875 0.3750 0.6562 0.3750 0.6562 0.3125 0.6875 0.7500 0.6875 0.8125 0.6562 0.8125 0.6562 0.7500 0.6875 0.2500 0.6875 0.3125 0.6562 0.3125 0.6562 0.2500 0.6875 0.6875 0.6875 0.7500 0.6562 0.7500 0.6562 0.6875 0.6875 0.1875 0.6875 0.2500 0.6562 0.2500 0.6562 0.1875 0.6875 0.6250 0.6875 0.6875 0.6562 0.6875 0.6562 0.6250 0.6875 0.1250 0.6875 0.1875 0.6562 0.1875 0.6562 0.1250 0.6875 0.5625 0.6875 0.6250 0.6562 0.6250 0.6562 0.5625 0.6875 0.0625 0.6875 0.1250 0.6562 0.1250 0.6562 0.0625 0.6875 0.5000 0.6875 0.5625 0.6562 0.5625 0.6562 0.5000 0.6562 0.6875 0.6562 0.7500 0.6250 0.7500 0.6250 0.6875 0.6562 0.1875 0.6562 0.2500 0.6250 0.2500 0.6250 0.1875 0.6562 0.6250 0.6562 0.6875 0.6250 0.6875 0.6250 0.6250 0.6562 0.1250 0.6562 0.1875 0.6250 0.1875 0.6250 0.1250 0.6562 0.5625 0.6562 0.6250 0.6250 0.6250 0.6250 0.5625 0.6562 0.0625 0.6562 0.1250 0.6250 0.1250 0.6250 0.0625 0.6562 0.5000 0.6562 0.5625 0.6250 0.5625 0.6250 0.5000 0.6562 0.9375 0.6406 1.0000 0.6250 0.9375 0.6406 0.0000 0.6562 0.0625 0.6250 0.0625 0.6562 0.4375 0.6562 0.5000 0.6250 0.5000 0.6250 0.4375 0.6562 0.8750 0.6562 0.9375 0.6250 0.9375 0.6250 0.8750 0.6562 0.3750 0.6562 0.4375 0.6250 0.4375 0.6250 0.3750 0.6562 0.8125 0.6562 0.8750 0.6250 0.8750 0.6250 0.8125 0.6562 0.3125 0.6562 0.3750 0.6250 0.3750 0.6250 0.3125 0.6562 0.7500 0.6562 0.8125 0.6250 0.8125 0.6250 0.7500 0.6562 0.2500 0.6562 0.3125 0.6250 0.3125 0.6250 0.2500 0.6250 0.4375 0.6250 0.5000 0.5938 0.5000 0.5938 0.4375 0.6250 0.8750 0.6250 0.9375 0.5938 0.9375 0.5938 0.8750 0.6250 0.3750 0.6250 0.4375 0.5938 0.4375 0.5938 0.3750 0.6250 0.8125 0.6250 0.8750 0.5938 0.8750 0.5938 0.8125 0.6250 0.3125 0.6250 0.3750 0.5938 0.3750 0.5938 0.3125 0.6250 0.7500 0.6250 0.8125 0.5938 0.8125 0.5938 0.7500 0.6250 0.2500 0.6250 0.3125 0.5938 0.3125 0.5938 0.2500 0.6250 0.6875 0.6250 0.7500 0.5938 0.7500 0.5938 0.6875 0.6250 0.1875 0.6250 0.2500 0.5938 0.2500 0.5938 0.1875 0.6250 0.6250 0.6250 0.6875 0.5938 0.6875 0.5938 0.6250 0.6250 0.1250 0.6250 0.1875 0.5938 0.1875 0.5938 0.1250 0.6250 0.5625 0.6250 0.6250 0.5938 0.6250 0.5938 0.5625 0.6250 0.0625 0.6250 0.1250 0.5938 0.1250 0.5938 0.0625 0.6250 0.5000 0.6250 0.5625 0.5938 0.5625 0.5938 0.5000 0.6250 0.9375 0.6094 1.0000 0.5938 0.9375 0.6094 0.0000 0.6250 0.0625 0.5938 0.0625 0.5938 0.1875 0.5938 0.2500 0.5625 0.2500 0.5625 0.1875 0.5938 0.6250 0.5938 0.6875 0.5625 0.6875 0.5625 0.6250 0.5938 0.1250 0.5938 0.1875 0.5625 0.1875 0.5625 0.1250 0.5938 0.5625 0.5938 0.6250 0.5625 0.6250 0.5625 0.5625 0.5938 0.0625 0.5938 0.1250 0.5625 0.1250 0.5625 0.0625 0.5938 0.5000 0.5938 0.5625 0.5625 0.5625 0.5625 0.5000 0.5938 0.9375 0.5781 1.0000 0.5625 0.9375 0.5781 0.0000 0.5938 0.0625 0.5625 0.0625 0.5938 0.4375 0.5938 0.5000 0.5625 0.5000 0.5625 0.4375 0.5938 0.8750 0.5938 0.9375 0.5625 0.9375 0.5625 0.8750 0.5938 0.3750 0.5938 0.4375 0.5625 0.4375 0.5625 0.3750 0.5938 0.8125 0.5938 0.8750 0.5625 0.8750 0.5625 0.8125 0.5938 0.3125 0.5938 0.3750 0.5625 0.3750 0.5625 0.3125 0.5938 0.7500 0.5938 0.8125 0.5625 0.8125 0.5625 0.7500 0.5938 0.2500 0.5938 0.3125 0.5625 0.3125 0.5625 0.2500 0.5938 0.6875 0.5938 0.7500 0.5625 0.7500 0.5625 0.6875 0.5625 0.3750 0.5625 0.4375 0.5312 0.4375 0.5312 0.3750 0.5625 0.8125 0.5625 0.8750 0.5312 0.8750 0.5312 0.8125 0.5625 0.3125 0.5625 0.3750 0.5312 0.3750 0.5312 0.3125 0.5625 0.7500 0.5625 0.8125 0.5312 0.8125 0.5312 0.7500 0.5625 0.2500 0.5625 0.3125 0.5312 0.3125 0.5312 0.2500 0.5625 0.6875 0.5625 0.7500 0.5312 0.7500 0.5312 0.6875 0.5625 0.1875 0.5625 0.2500 0.5312 0.2500 0.5312 0.1875 0.5625 0.6250 0.5625 0.6875 0.5312 0.6875 0.5312 0.6250 0.5625 0.1250 0.5625 0.1875 0.5312 0.1875 0.5312 0.1250 0.5625 0.5625 0.5625 0.6250 0.5312 0.6250 0.5312 0.5625 0.5625 0.0625 0.5625 0.1250 0.5312 0.1250 0.5312 0.0625 0.5625 0.5000 0.5625 0.5625 0.5312 0.5625 0.5312 0.5000 0.5625 0.9375 0.5469 1.0000 0.5312 0.9375 0.5469 0.0000 0.5625 0.0625 0.5312 0.0625 0.5625 0.4375 0.5625 0.5000 0.5312 0.5000 0.5312 0.4375 0.5625 0.8750 0.5625 0.9375 0.5312 0.9375 0.5312 0.8750 0.5312 0.1250 0.5312 0.1875 0.5000 0.1875 0.5000 0.1250 0.5312 0.5625 0.5312 0.6250 0.5000 0.6250 0.5000 0.5625 0.5312 0.0625 0.5312 0.1250 0.5000 0.1250 0.5000 0.0625 0.5312 0.5000 0.5312 0.5625 0.5000 0.5625 0.5000 0.5000 0.5312 0.9375 0.5156 1.0000 0.5000 0.9375 0.5156 0.0000 0.5312 0.0625 0.5000 0.0625 0.5312 0.4375 0.5312 0.5000 0.5000 0.5000 0.5000 0.4375 0.5312 0.8750 0.5312 0.9375 0.5000 0.9375 0.5000 0.8750 0.5312 0.3750 0.5312 0.4375 0.5000 0.4375 0.5000 0.3750 0.5312 0.8125 0.5312 0.8750 0.5000 0.8750 0.5000 0.8125 0.5312 0.3125 0.5312 0.3750 0.5000 0.3750 0.5000 0.3125 0.5312 0.7500 0.5312 0.8125 0.5000 0.8125 0.5000 0.7500 0.5312 0.2500 0.5312 0.3125 0.5000 0.3125 0.5000 0.2500 0.5312 0.6875 0.5312 0.7500 0.5000 0.7500 0.5000 0.6875 0.5312 0.1875 0.5312 0.2500 0.5000 0.2500 0.5000 0.1875 0.5312 0.6250 0.5312 0.6875 0.5000 0.6875 0.5000 0.6250 0.5000 0.8125 0.5000 0.8750 0.4688 0.8750 0.4688 0.8125 0.5000 0.3125 0.5000 0.3750 0.4688 0.3750 0.4687 0.3125 0.5000 0.7500 0.5000 0.8125 0.4688 0.8125 0.4688 0.7500 0.5000 0.2500 0.5000 0.3125 0.4687 0.3125 0.4688 0.2500 0.5000 0.6875 0.5000 0.7500 0.4688 0.7500 0.4687 0.6875 0.5000 0.1875 0.5000 0.2500 0.4688 0.2500 0.4688 0.1875 0.5000 0.6250 0.5000 0.6875 0.4687 0.6875 0.4688 0.6250 0.5000 0.1250 0.5000 0.1875 0.4688 0.1875 0.4688 0.1250 0.5000 0.5625 0.5000 0.6250 0.4688 0.6250 0.4688 0.5625 0.5000 0.0625 0.5000 0.1250 0.4688 0.1250 0.4688 0.0625 0.5000 0.5000 0.5000 0.5625 0.4688 0.5625 0.4687 0.5000 0.5000 0.9375 0.4844 1.0000 0.4688 0.9375 0.4844 0.0000 0.5000 0.0625 0.4688 0.0625 0.5000 0.4375 0.5000 0.5000 0.4687 0.5000 0.4688 0.4375 0.5000 0.8750 0.5000 0.9375 0.4688 0.9375 0.4688 0.8750 0.5000 0.3750 0.5000 0.4375 0.4688 0.4375 0.4688 0.3750 0.4688 0.5625 0.4688 0.6250 0.4375 0.6250 0.4375 0.5625 0.4688 0.0625 0.4688 0.1250 0.4375 0.1250 0.4375 0.0625 0.4687 0.5000 0.4688 0.5625 0.4375 0.5625 0.4375 0.5000 0.4688 0.9375 0.4531 1.0000 0.4375 0.9375 0.4531 0.0000 0.4688 0.0625 0.4375 0.0625 0.4688 0.4375 0.4687 0.5000 0.4375 0.5000 0.4375 0.4375 0.4688 0.8750 0.4688 0.9375 0.4375 0.9375 0.4375 0.8750 0.4688 0.3750 0.4688 0.4375 0.4375 0.4375 0.4375 0.3750 0.4688 0.8125 0.4688 0.8750 0.4375 0.8750 0.4375 0.8125 0.4687 0.3125 0.4688 0.3750 0.4375 0.3750 0.4375 0.3125 0.4688 0.7500 0.4688 0.8125 0.4375 0.8125 0.4375 0.7500 0.4688 0.2500 0.4687 0.3125 0.4375 0.3125 0.4375 0.2500 0.4687 0.6875 0.4688 0.7500 0.4375 0.7500 0.4375 0.6875 0.4688 0.1875 0.4688 0.2500 0.4375 0.2500 0.4375 0.1875 0.4688 0.6250 0.4687 0.6875 0.4375 0.6875 0.4375 0.6250 0.4688 0.1250 0.4688 0.1875 0.4375 0.1875 0.4375 0.1250 0.4375 0.3125 0.4375 0.3750 0.4062 0.3750 0.4062 0.3125 0.4375 0.7500 0.4375 0.8125 0.4062 0.8125 0.4062 0.7500 0.4375 0.2500 0.4375 0.3125 0.4062 0.3125 0.4062 0.2500 0.4375 0.6875 0.4375 0.7500 0.4062 0.7500 0.4062 0.6875 0.4375 0.1875 0.4375 0.2500 0.4062 0.2500 0.4062 0.1875 0.4375 0.6250 0.4375 0.6875 0.4062 0.6875 0.4062 0.6250 0.4375 0.1250 0.4375 0.1875 0.4062 0.1875 0.4062 0.1250 0.4375 0.5625 0.4375 0.6250 0.4062 0.6250 0.4062 0.5625 0.4375 0.0625 0.4375 0.1250 0.4062 0.1250 0.4062 0.0625 0.4375 0.5000 0.4375 0.5625 0.4062 0.5625 0.4062 0.5000 0.4375 0.9375 0.4219 1.0000 0.4062 0.9375 0.4219 0.0000 0.4375 0.0625 0.4062 0.0625 0.4375 0.4375 0.4375 0.5000 0.4062 0.5000 0.4062 0.4375 0.4375 0.8750 0.4375 0.9375 0.4062 0.9375 0.4062 0.8750 0.4375 0.3750 0.4375 0.4375 0.4062 0.4375 0.4062 0.3750 0.4375 0.8125 0.4375 0.8750 0.4062 0.8750 0.4062 0.8125 0.4062 0.0625 0.4062 0.1250 0.3750 0.1250 0.3750 0.0625 0.4062 0.5000 0.4062 0.5625 0.3750 0.5625 0.3750 0.5000 0.4062 0.9375 0.3906 1.0000 0.3750 0.9375 0.3906 0.0000 0.4062 0.0625 0.3750 0.0625 0.4062 0.4375 0.4062 0.5000 0.3750 0.5000 0.3750 0.4375 0.4062 0.8750 0.4062 0.9375 0.3750 0.9375 0.3750 0.8750 0.4062 0.3750 0.4062 0.4375 0.3750 0.4375 0.3750 0.3750 0.4062 0.8125 0.4062 0.8750 0.3750 0.8750 0.3750 0.8125 0.4062 0.3125 0.4062 0.3750 0.3750 0.3750 0.3750 0.3125 0.4062 0.7500 0.4062 0.8125 0.3750 0.8125 0.3750 0.7500 0.4062 0.2500 0.4062 0.3125 0.3750 0.3125 0.3750 0.2500 0.4062 0.6875 0.4062 0.7500 0.3750 0.7500 0.3750 0.6875 0.4062 0.1875 0.4062 0.2500 0.3750 0.2500 0.3750 0.1875 0.4062 0.6250 0.4062 0.6875 0.3750 0.6875 0.3750 0.6250 0.4062 0.1250 0.4062 0.1875 0.3750 0.1875 0.3750 0.1250 0.4062 0.5625 0.4062 0.6250 0.3750 0.6250 0.3750 0.5625 0.3750 0.7500 0.3750 0.8125 0.3438 0.8125 0.3438 0.7500 0.3750 0.2500 0.3750 0.3125 0.3438 0.3125 0.3438 0.2500 0.3750 0.6875 0.3750 0.7500 0.3438 0.7500 0.3438 0.6875 0.3750 0.1875 0.3750 0.2500 0.3438 0.2500 0.3438 0.1875 0.3750 0.6250 0.3750 0.6875 0.3438 0.6875 0.3438 0.6250 0.3750 0.1250 0.3750 0.1875 0.3438 0.1875 0.3438 0.1250 0.3750 0.5625 0.3750 0.6250 0.3438 0.6250 0.3438 0.5625 0.3750 0.0625 0.3750 0.1250 0.3438 0.1250 0.3438 0.0625 0.3750 0.5000 0.3750 0.5625 0.3438 0.5625 0.3437 0.5000 0.3750 0.9375 0.3594 1.0000 0.3438 0.9375 0.3594 0.0000 0.3750 0.0625 0.3438 0.0625 0.3750 0.4375 0.3750 0.5000 0.3437 0.5000 0.3438 0.4375 0.3750 0.8750 0.3750 0.9375 0.3438 0.9375 0.3438 0.8750 0.3750 0.3750 0.3750 0.4375 0.3438 0.4375 0.3438 0.3750 0.3750 0.8125 0.3750 0.8750 0.3438 0.8750 0.3438 0.8125 0.3750 0.3125 0.3750 0.3750 0.3438 0.3750 0.3438 0.3125 0.3437 0.5000 0.3438 0.5625 0.3125 0.5625 0.3125 0.5000 0.3438 0.9375 0.3281 1.0000 0.3125 0.9375 0.3281 0.0000 0.3438 0.0625 0.3125 0.0625 0.3438 0.4375 0.3437 0.5000 0.3125 0.5000 0.3125 0.4375 0.3438 0.8750 0.3438 0.9375 0.3125 0.9375 0.3125 0.8750 0.3438 0.3750 0.3438 0.4375 0.3125 0.4375 0.3125 0.3750 0.3438 0.8125 0.3438 0.8750 0.3125 0.8750 0.3125 0.8125 0.3438 0.3125 0.3438 0.3750 0.3125 0.3750 0.3125 0.3125 0.3438 0.7500 0.3438 0.8125 0.3125 0.8125 0.3125 0.7500 0.3438 0.2500 0.3438 0.3125 0.3125 0.3125 0.3125 0.2500 0.3438 0.6875 0.3438 0.7500 0.3125 0.7500 0.3125 0.6875 0.3438 0.1875 0.3438 0.2500 0.3125 0.2500 0.3125 0.1875 0.3438 0.6250 0.3438 0.6875 0.3125 0.6875 0.3125 0.6250 0.3438 0.1250 0.3438 0.1875 0.3125 0.1875 0.3125 0.1250 0.3438 0.5625 0.3438 0.6250 0.3125 0.6250 0.3125 0.5625 0.3438 0.0625 0.3438 0.1250 0.3125 0.1250 0.3125 0.0625 0.3125 0.2500 0.3125 0.3125 0.2812 0.3125 0.2812 0.2500 0.3125 0.6875 0.3125 0.7500 0.2812 0.7500 0.2812 0.6875 0.3125 0.1875 0.3125 0.2500 0.2812 0.2500 0.2812 0.1875 0.3125 0.6250 0.3125 0.6875 0.2812 0.6875 0.2812 0.6250 0.3125 0.1250 0.3125 0.1875 0.2812 0.1875 0.2812 0.1250 0.3125 0.5625 0.3125 0.6250 0.2812 0.6250 0.2812 0.5625 0.3125 0.0625 0.3125 0.1250 0.2812 0.1250 0.2812 0.0625 0.3125 0.5000 0.3125 0.5625 0.2812 0.5625 0.2812 0.5000 0.3125 0.9375 0.2969 1.0000 0.2812 0.9375 0.2969 0.0000 0.3125 0.0625 0.2812 0.0625 0.3125 0.4375 0.3125 0.5000 0.2812 0.5000 0.2812 0.4375 0.3125 0.8750 0.3125 0.9375 0.2812 0.9375 0.2812 0.8750 0.3125 0.3750 0.3125 0.4375 0.2812 0.4375 0.2812 0.3750 0.3125 0.8125 0.3125 0.8750 0.2812 0.8750 0.2812 0.8125 0.3125 0.3125 0.3125 0.3750 0.2812 0.3750 0.2812 0.3125 0.3125 0.7500 0.3125 0.8125 0.2812 0.8125 0.2812 0.7500 0.2656 0.0000 0.2812 0.0625 0.2500 0.0625 0.2812 0.4375 0.2812 0.5000 0.2500 0.5000 0.2500 0.4375 0.2812 0.8750 0.2812 0.9375 0.2500 0.9375 0.2500 0.8750 0.2812 0.3750 0.2812 0.4375 0.2500 0.4375 0.2500 0.3750 0.2812 0.8125 0.2812 0.8750 0.2500 0.8750 0.2500 0.8125 0.2812 0.3125 0.2812 0.3750 0.2500 0.3750 0.2500 0.3125 0.2812 0.7500 0.2812 0.8125 0.2500 0.8125 0.2500 0.7500 0.2812 0.2500 0.2812 0.3125 0.2500 0.3125 0.2500 0.2500 0.2812 0.6875 0.2812 0.7500 0.2500 0.7500 0.2500 0.6875 0.2812 0.1875 0.2812 0.2500 0.2500 0.2500 0.2500 0.1875 0.2812 0.6250 0.2812 0.6875 0.2500 0.6875 0.2500 0.6250 0.2812 0.1250 0.2812 0.1875 0.2500 0.1875 0.2500 0.1250 0.2812 0.5625 0.2812 0.6250 0.2500 0.6250 0.2500 0.5625 0.2812 0.0625 0.2812 0.1250 0.2500 0.1250 0.2500 0.0625 0.2812 0.5000 0.2812 0.5625 0.2500 0.5625 0.2500 0.5000 0.2812 0.9375 0.2656 1.0000 0.2500 0.9375 0.2500 0.1875 0.2500 0.2500 0.2188 0.2500 0.2188 0.1875 0.2500 0.6250 0.2500 0.6875 0.2188 0.6875 0.2188 0.6250 0.2500 0.1250 0.2500 0.1875 0.2188 0.1875 0.2188 0.1250 0.2500 0.5625 0.2500 0.6250 0.2188 0.6250 0.2188 0.5625 0.2500 0.0625 0.2500 0.1250 0.2188 0.1250 0.2188 0.0625 0.2500 0.5000 0.2500 0.5625 0.2188 0.5625 0.2187 0.5000 0.2500 0.9375 0.2344 1.0000 0.2188 0.9375 0.2344 0.0000 0.2500 0.0625 0.2188 0.0625 0.2500 0.4375 0.2500 0.5000 0.2187 0.5000 0.2188 0.4375 0.2500 0.8750 0.2500 0.9375 0.2188 0.9375 0.2188 0.8750 0.2500 0.3750 0.2500 0.4375 0.2188 0.4375 0.2188 0.3750 0.2500 0.8125 0.2500 0.8750 0.2188 0.8750 0.2188 0.8125 0.2500 0.3125 0.2500 0.3750 0.2188 0.3750 0.2188 0.3125 0.2500 0.7500 0.2500 0.8125 0.2188 0.8125 0.2188 0.7500 0.2500 0.2500 0.2500 0.3125 0.2188 0.3125 0.2188 0.2500 0.2500 0.6875 0.2500 0.7500 0.2188 0.7500 0.2188 0.6875 0.2188 0.8750 0.2188 0.9375 0.1875 0.9375 0.1875 0.8750 0.2188 0.3750 0.2188 0.4375 0.1875 0.4375 0.1875 0.3750 0.2188 0.8125 0.2188 0.8750 0.1875 0.8750 0.1875 0.8125 0.2188 0.3125 0.2188 0.3750 0.1875 0.3750 0.1875 0.3125 0.2188 0.7500 0.2188 0.8125 0.1875 0.8125 0.1875 0.7500 0.2188 0.2500 0.2188 0.3125 0.1875 0.3125 0.1875 0.2500 0.2188 0.6875 0.2188 0.7500 0.1875 0.7500 0.1875 0.6875 0.2188 0.1875 0.2188 0.2500 0.1875 0.2500 0.1875 0.1875 0.2188 0.6250 0.2188 0.6875 0.1875 0.6875 0.1875 0.6250 0.2188 0.1250 0.2188 0.1875 0.1875 0.1875 0.1875 0.1250 0.2188 0.5625 0.2188 0.6250 0.1875 0.6250 0.1875 0.5625 0.2188 0.0625 0.2188 0.1250 0.1875 0.1250 0.1875 0.0625 0.2187 0.5000 0.2188 0.5625 0.1875 0.5625 0.1875 0.5000 0.2188 0.9375 0.2031 1.0000 0.1875 0.9375 0.2031 0.0000 0.2188 0.0625 0.1875 0.0625 0.2188 0.4375 0.2187 0.5000 0.1875 0.5000 0.1875 0.4375 0.1875 0.6250 0.1875 0.6875 0.1562 0.6875 0.1563 0.6250 0.1875 0.1250 0.1875 0.1875 0.1562 0.1875 0.1562 0.1250 0.1875 0.5625 0.1875 0.6250 0.1563 0.6250 0.1562 0.5625 0.1875 0.0625 0.1875 0.1250 0.1562 0.1250 0.1563 0.0625 0.1875 0.5000 0.1875 0.5625 0.1562 0.5625 0.1562 0.5000 0.1875 0.9375 0.1719 1.0000 0.1563 0.9375 0.1719 0.0000 0.1875 0.0625 0.1563 0.0625 0.1875 0.4375 0.1875 0.5000 0.1562 0.5000 0.1562 0.4375 0.1875 0.8750 0.1875 0.9375 0.1563 0.9375 0.1562 0.8750 0.1875 0.3750 0.1875 0.4375 0.1562 0.4375 0.1563 0.3750 0.1875 0.8125 0.1875 0.8750 0.1562 0.8750 0.1562 0.8125 0.1875 0.3125 0.1875 0.3750 0.1563 0.3750 0.1562 0.3125 0.1875 0.7500 0.1875 0.8125 0.1562 0.8125 0.1562 0.7500 0.1875 0.2500 0.1875 0.3125 0.1562 0.3125 0.1562 0.2500 0.1875 0.6875 0.1875 0.7500 0.1562 0.7500 0.1562 0.6875 0.1875 0.1875 0.1875 0.2500 0.1562 0.2500 0.1562 0.1875 0.1563 0.3750 0.1562 0.4375 0.1250 0.4375 0.1250 0.3750 0.1562 0.8125 0.1562 0.8750 0.1250 0.8750 0.1250 0.8125 0.1562 0.3125 0.1563 0.3750 0.1250 0.3750 0.1250 0.3125 0.1562 0.7500 0.1562 0.8125 0.1250 0.8125 0.1250 0.7500 0.1562 0.2500 0.1562 0.3125 0.1250 0.3125 0.1250 0.2500 0.1562 0.6875 0.1562 0.7500 0.1250 0.7500 0.1250 0.6875 0.1562 0.1875 0.1562 0.2500 0.1250 0.2500 0.1250 0.1875 0.1563 0.6250 0.1562 0.6875 0.1250 0.6875 0.1250 0.6250 0.1562 0.1250 0.1562 0.1875 0.1250 0.1875 0.1250 0.1250 0.1562 0.5625 0.1563 0.6250 0.1250 0.6250 0.1250 0.5625 0.1563 0.0625 0.1562 0.1250 0.1250 0.1250 0.1250 0.0625 0.1562 0.5000 0.1562 0.5625 0.1250 0.5625 0.1250 0.5000 0.1563 0.9375 0.1406 1.0000 0.1250 0.9375 0.1406 0.0000 0.1563 0.0625 0.1250 0.0625 0.1562 0.4375 0.1562 0.5000 0.1250 0.5000 0.1250 0.4375 0.1562 0.8750 0.1563 0.9375 0.1250 0.9375 0.1250 0.8750 0.1250 0.1250 0.1250 0.1875 0.0937 0.1875 0.0938 0.1250 0.1250 0.5625 0.1250 0.6250 0.0938 0.6250 0.0937 0.5625 0.1250 0.0625 0.1250 0.1250 0.0938 0.1250 0.0938 0.0625 0.1250 0.5000 0.1250 0.5625 0.0937 0.5625 0.0937 0.5000 0.1250 0.9375 0.1094 1.0000 0.0938 0.9375 0.1094 0.0000 0.1250 0.0625 0.0938 0.0625 0.1250 0.4375 0.1250 0.5000 0.0937 0.5000 0.0937 0.4375 0.1250 0.8750 0.1250 0.9375 0.0938 0.9375 0.0938 0.8750 0.1250 0.3750 0.1250 0.4375 0.0937 0.4375 0.0938 0.3750 0.1250 0.8125 0.1250 0.8750 0.0938 0.8750 0.0937 0.8125 0.1250 0.3125 0.1250 0.3750 0.0938 0.3750 0.0938 0.3125 0.1250 0.7500 0.1250 0.8125 0.0937 0.8125 0.0938 0.7500 0.1250 0.2500 0.1250 0.3125 0.0938 0.3125 0.0938 0.2500 0.1250 0.6875 0.1250 0.7500 0.0938 0.7500 0.0938 0.6875 0.1250 0.1875 0.1250 0.2500 0.0938 0.2500 0.0937 0.1875 0.1250 0.6250 0.1250 0.6875 0.0938 0.6875 0.0938 0.6250 0.0937 0.8125 0.0938 0.8750 0.0625 0.8750 0.0625 0.8125 0.0938 0.3125 0.0938 0.3750 0.0625 0.3750 0.0625 0.3125 0.0938 0.7500 0.0937 0.8125 0.0625 0.8125 0.0625 0.7500 0.0938 0.2500 0.0938 0.3125 0.0625 0.3125 0.0625 0.2500 0.0938 0.6875 0.0938 0.7500 0.0625 0.7500 0.0625 0.6875 0.0937 0.1875 0.0938 0.2500 0.0625 0.2500 0.0625 0.1875 0.0938 0.6250 0.0938 0.6875 0.0625 0.6875 0.0625 0.6250 0.0938 0.1250 0.0937 0.1875 0.0625 0.1875 0.0625 0.1250 0.0937 0.5625 0.0938 0.6250 0.0625 0.6250 0.0625 0.5625 0.0938 0.0625 0.0938 0.1250 0.0625 0.1250 0.0625 0.0625 0.0937 0.5000 0.0937 0.5625 0.0625 0.5625 0.0625 0.5000 0.0938 0.9375 0.0781 1.0000 0.0625 0.9375 0.0781 0.0000 0.0938 0.0625 0.0625 0.0625 0.0937 0.4375 0.0937 0.5000 0.0625 0.5000 0.0625 0.4375 0.0938 0.8750 0.0938 0.9375 0.0625 0.9375 0.0625 0.8750 0.0938 0.3750 0.0937 0.4375 0.0625 0.4375 0.0625 0.3750 0.0625 0.5625 0.0625 0.6250 0.0312 0.6250 0.0312 0.5625 0.0625 0.0625 0.0625 0.1250 0.0312 0.1250 0.0312 0.0625 0.0625 0.5000 0.0625 0.5625 0.0312 0.5625 0.0312 0.5000 0.0625 0.9375 0.0469 1.0000 0.0312 0.9375 0.0469 0.0000 0.0625 0.0625 0.0312 0.0625 0.0625 0.4375 0.0625 0.5000 0.0312 0.5000 0.0312 0.4375 0.0625 0.8750 0.0625 0.9375 0.0312 0.9375 0.0312 0.8750 0.0625 0.3750 0.0625 0.4375 0.0312 0.4375 0.0312 0.3750 0.0625 0.8125 0.0625 0.8750 0.0312 0.8750 0.0312 0.8125 0.0625 0.3125 0.0625 0.3750 0.0312 0.3750 0.0312 0.3125 0.0625 0.7500 0.0625 0.8125 0.0312 0.8125 0.0312 0.7500 0.0625 0.2500 0.0625 0.3125 0.0312 0.3125 0.0312 0.2500 0.0625 0.6875 0.0625 0.7500 0.0312 0.7500 0.0312 0.6875 0.0625 0.1875 0.0625 0.2500 0.0312 0.2500 0.0312 0.1875 0.0625 0.6250 0.0625 0.6875 0.0312 0.6875 0.0312 0.6250 0.0625 0.1250 0.0625 0.1875 0.0312 0.1875 0.0312 0.1250 0.0312 0.3125 0.0312 0.3750 0.0000 0.3750 0.0000 0.3125 0.0312 0.7500 0.0312 0.8125 0.0000 0.8125 0.0000 0.7500 0.0312 0.2500 0.0312 0.3125 0.0000 0.3125 0.0000 0.2500 0.0312 0.6875 0.0312 0.7500 0.0000 0.7500 0.0000 0.6875 0.0312 0.1875 0.0312 0.2500 0.0000 0.2500 0.0000 0.1875 0.0312 0.6250 0.0312 0.6875 0.0000 0.6875 0.0000 0.6250 0.0312 0.1250 0.0312 0.1875 0.0000 0.1875 0.0000 0.1250 0.0312 0.5625 0.0312 0.6250 0.0000 0.6250 0.0000 0.5625 0.0312 0.0625 0.0312 0.1250 0.0000 0.1250 0.0000 0.0625 0.0312 0.5000 0.0312 0.5625 0.0000 0.5625 0.0000 0.5000 0.0312 0.9375 0.0156 1.0000 0.0000 0.9375 0.0156 0.0000 0.0312 0.0625 0.0000 0.0625 0.0312 0.4375 0.0312 0.5000 0.0000 0.5000 0.0000 0.4375 0.0312 0.8750 0.0312 0.9375 0.0000 0.9375 0.0000 0.8750 0.0312 0.3750 0.0312 0.4375 0.0000 0.4375 0.0000 0.3750 0.0312 0.8125 0.0312 0.8750 0.0000 0.8750 0.0000 0.8125 1.0000 0.0625 1.0000 0.1250 0.9687 0.1250 0.9688 0.0625 1.0000 0.5000 1.0000 0.5625 0.9687 0.5625 0.9687 0.5000 1.0000 0.9375 0.9844 1.0000 0.9688 0.9375 0.9844 0.0000 1.0000 0.0625 0.9688 0.0625 1.0000 0.4375 1.0000 0.5000 0.9687 0.5000 0.9687 0.4375 1.0000 0.8750 1.0000 0.9375 0.9688 0.9375 0.9687 0.8750 1.0000 0.3750 1.0000 0.4375 0.9687 0.4375 0.9688 0.3750 1.0000 0.8125 1.0000 0.8750 0.9687 0.8750 0.9687 0.8125 1.0000 0.3125 1.0000 0.3750 0.9688 0.3750 0.9687 0.3125 1.0000 0.7500 1.0000 0.8125 0.9687 0.8125 0.9688 0.7500 1.0000 0.2500 1.0000 0.3125 0.9687 0.3125 0.9688 0.2500 1.0000 0.6875 1.0000 0.7500 0.9688 0.7500 0.9687 0.6875 1.0000 0.1875 1.0000 0.2500 0.9688 0.2500 0.9687 0.1875 1.0000 0.6250 1.0000 0.6875 0.9687 0.6875 0.9688 0.6250 1.0000 0.1250 1.0000 0.1875 0.9687 0.1875 0.9687 0.1250 1.0000 0.5625 1.0000 0.6250 0.9688 0.6250 0.9687 0.5625 0.9688 0.2500 0.9687 0.3125 0.9375 0.3125 0.9375 0.2500 0.9687 0.6875 0.9688 0.7500 0.9375 0.7500 0.9375 0.6875 0.9687 0.1875 0.9688 0.2500 0.9375 0.2500 0.9375 0.1875 0.9688 0.6250 0.9687 0.6875 0.9375 0.6875 0.9375 0.6250 0.9687 0.1250 0.9687 0.1875 0.9375 0.1875 0.9375 0.1250 0.9687 0.5625 0.9688 0.6250 0.9375 0.6250 0.9375 0.5625 0.9688 0.0625 0.9687 0.1250 0.9375 0.1250 0.9375 0.0625 0.9687 0.5000 0.9687 0.5625 0.9375 0.5625 0.9375 0.5000 0.9688 0.9375 0.9531 1.0000 0.9375 0.9375 0.9531 0.0000 0.9688 0.0625 0.9375 0.0625 0.9687 0.4375 0.9687 0.5000 0.9375 0.5000 0.9375 0.4375 0.9687 0.8750 0.9688 0.9375 0.9375 0.9375 0.9375 0.8750 0.9688 0.3750 0.9687 0.4375 0.9375 0.4375 0.9375 0.3750 0.9687 0.8125 0.9687 0.8750 0.9375 0.8750 0.9375 0.8125 0.9687 0.3125 0.9688 0.3750 0.9375 0.3750 0.9375 0.3125 0.9688 0.7500 0.9687 0.8125 0.9375 0.8125 0.9375 0.7500 0.9375 0.9375 0.9219 1.0000 0.9062 0.9375 0.9219 0.0000 0.9375 0.0625 0.9062 0.0625 0.9375 0.4375 0.9375 0.5000 0.9062 0.5000 0.9062 0.4375 0.9375 0.8750 0.9375 0.9375 0.9062 0.9375 0.9062 0.8750 0.9375 0.3750 0.9375 0.4375 0.9062 0.4375 0.9062 0.3750 0.9375 0.8125 0.9375 0.8750 0.9062 0.8750 0.9062 0.8125 0.9375 0.3125 0.9375 0.3750 0.9062 0.3750 0.9062 0.3125 0.9375 0.7500 0.9375 0.8125 0.9062 0.8125 0.9062 0.7500 0.9375 0.2500 0.9375 0.3125 0.9062 0.3125 0.9062 0.2500 0.9375 0.6875 0.9375 0.7500 0.9062 0.7500 0.9062 0.6875 0.9375 0.1875 0.9375 0.2500 0.9062 0.2500 0.9062 0.1875 0.9375 0.6250 0.9375 0.6875 0.9062 0.6875 0.9062 0.6250 0.9375 0.1250 0.9375 0.1875 0.9062 0.1875 0.9062 0.1250 0.9375 0.5625 0.9375 0.6250 0.9062 0.6250 0.9062 0.5625 0.9375 0.0625 0.9375 0.1250 0.9062 0.1250 0.9062 0.0625 0.9375 0.5000 0.9375 0.5625 0.9062 0.5625 0.9062 0.5000 0.9062 0.6875 0.9062 0.7500 0.8750 0.7500 0.8750 0.6875 0.9062 0.1875 0.9062 0.2500 0.8750 0.2500 0.8750 0.1875 0.9062 0.6250 0.9062 0.6875 0.8750 0.6875 0.8750 0.6250 0.9062 0.1250 0.9062 0.1875 0.8750 0.1875 0.8750 0.1250 0.9062 0.5625 0.9062 0.6250 0.8750 0.6250 0.8750 0.5625 0.9062 0.0625 0.9062 0.1250 0.8750 0.1250 0.8750 0.0625 0.9062 0.5000 0.9062 0.5625 0.8750 0.5625 0.8750 0.5000 0.9062 0.9375 0.8906 1.0000 0.8750 0.9375 0.8906 0.0000 0.9062 0.0625 0.8750 0.0625 0.9062 0.4375 0.9062 0.5000 0.8750 0.5000 0.8750 0.4375 0.9062 0.8750 0.9062 0.9375 0.8750 0.9375 0.8750 0.8750 0.9062 0.3750 0.9062 0.4375 0.8750 0.4375 0.8750 0.3750 0.9062 0.8125 0.9062 0.8750 0.8750 0.8750 0.8750 0.8125 0.9062 0.3125 0.9062 0.3750 0.8750 0.3750 0.8750 0.3125 0.9062 0.7500 0.9062 0.8125 0.8750 0.8125 0.8750 0.7500 0.9062 0.2500 0.9062 0.3125 0.8750 0.3125 0.8750 0.2500 0.8750 0.4375 0.8750 0.5000 0.8437 0.5000 0.8437 0.4375 0.8750 0.8750 0.8750 0.9375 0.8438 0.9375 0.8438 0.8750 0.8750 0.3750 0.8750 0.4375 0.8437 0.4375 0.8438 0.3750 0.8750 0.8125 0.8750 0.8750 0.8438 0.8750 0.8437 0.8125 0.8750 0.3125 0.8750 0.3750 0.8438 0.3750 0.8437 0.3125 0.8750 0.7500 0.8750 0.8125 0.8437 0.8125 0.8438 0.7500 0.8750 0.2500 0.8750 0.3125 0.8437 0.3125 0.8438 0.2500 0.8750 0.6875 0.8750 0.7500 0.8438 0.7500 0.8437 0.6875 0.8750 0.1875 0.8750 0.2500 0.8438 0.2500 0.8437 0.1875 0.8750 0.6250 0.8750 0.6875 0.8437 0.6875 0.8438 0.6250 0.8750 0.1250 0.8750 0.1875 0.8437 0.1875 0.8438 0.1250 0.8750 0.5625 0.8750 0.6250 0.8438 0.6250 0.8437 0.5625 0.8750 0.0625 0.8750 0.1250 0.8438 0.1250 0.8438 0.0625 0.8750 0.5000 0.8750 0.5625 0.8437 0.5625 0.8437 0.5000 0.8750 0.9375 0.8594 1.0000 0.8438 0.9375 0.8594 0.0000 0.8750 0.0625 0.8438 0.0625 0.8437 0.1875 0.8438 0.2500 0.8125 0.2500 0.8125 0.1875 0.8438 0.6250 0.8437 0.6875 0.8125 0.6875 0.8125 0.6250 0.8438 0.1250 0.8437 0.1875 0.8125 0.1875 0.8125 0.1250 0.8437 0.5625 0.8438 0.6250 0.8125 0.6250 0.8125 0.5625 0.8438 0.0625 0.8438 0.1250 0.8125 0.1250 0.8125 0.0625 0.8437 0.5000 0.8437 0.5625 0.8125 0.5625 0.8125 0.5000 0.8438 0.9375 0.8281 1.0000 0.8125 0.9375 0.8281 0.0000 0.8438 0.0625 0.8125 0.0625 0.8437 0.4375 0.8437 0.5000 0.8125 0.5000 0.8125 0.4375 0.8438 0.8750 0.8438 0.9375 0.8125 0.9375 0.8125 0.8750 0.8438 0.3750 0.8437 0.4375 0.8125 0.4375 0.8125 0.3750 0.8437 0.8125 0.8438 0.8750 0.8125 0.8750 0.8125 0.8125 0.8437 0.3125 0.8438 0.3750 0.8125 0.3750 0.8125 0.3125 0.8438 0.7500 0.8437 0.8125 0.8125 0.8125 0.8125 0.7500 0.8438 0.2500 0.8437 0.3125 0.8125 0.3125 0.8125 0.2500 0.8437 0.6875 0.8438 0.7500 0.8125 0.7500 0.8125 0.6875 0.8125 0.8750 0.8125 0.9375 0.7812 0.9375 0.7812 0.8750 0.8125 0.3750 0.8125 0.4375 0.7812 0.4375 0.7812 0.3750 0.8125 0.8125 0.8125 0.8750 0.7812 0.8750 0.7812 0.8125 0.8125 0.3125 0.8125 0.3750 0.7812 0.3750 0.7812 0.3125 0.8125 0.7500 0.8125 0.8125 0.7812 0.8125 0.7812 0.7500 0.8125 0.2500 0.8125 0.3125 0.7812 0.3125 0.7812 0.2500 0.8125 0.6875 0.8125 0.7500 0.7812 0.7500 0.7812 0.6875 0.8125 0.1875 0.8125 0.2500 0.7812 0.2500 0.7812 0.1875 0.8125 0.6250 0.8125 0.6875 0.7812 0.6875 0.7812 0.6250 0.8125 0.1250 0.8125 0.1875 0.7812 0.1875 0.7812 0.1250 0.8125 0.5625 0.8125 0.6250 0.7812 0.6250 0.7812 0.5625 0.8125 0.0625 0.8125 0.1250 0.7812 0.1250 0.7812 0.0625 0.8125 0.5000 0.8125 0.5625 0.7812 0.5625 0.7812 0.5000 0.8125 0.9375 0.7969 1.0000 0.7812 0.9375 0.7969 0.0000 0.8125 0.0625 0.7812 0.0625 0.8125 0.4375 0.8125 0.5000 0.7812 0.5000 0.7812 0.4375 0.7812 0.6250 0.7812 0.6875 0.7500 0.6875 0.7500 0.6250 0.7812 0.1250 0.7812 0.1875 0.7500 0.1875 0.7500 0.1250 0.7812 0.5625 0.7812 0.6250 0.7500 0.6250 0.7500 0.5625 0.7812 0.0625 0.7812 0.1250 0.7500 0.1250 0.7500 0.0625 0.7812 0.5000 0.7812 0.5625 0.7500 0.5625 0.7500 0.5000 0.7812 0.9375 0.7656 1.0000 0.7500 0.9375 0.7656 0.0000 0.7812 0.0625 0.7500 0.0625 0.7812 0.4375 0.7812 0.5000 0.7500 0.5000 0.7500 0.4375 0.7812 0.8750 0.7812 0.9375 0.7500 0.9375 0.7500 0.8750 0.7812 0.3750 0.7812 0.4375 0.7500 0.4375 0.7500 0.3750 0.7812 0.8125 0.7812 0.8750 0.7500 0.8750 0.7500 0.8125 0.7812 0.3125 0.7812 0.3750 0.7500 0.3750 0.7500 0.3125 0.7812 0.7500 0.7812 0.8125 0.7500 0.8125 0.7500 0.7500 0.7812 0.2500 0.7812 0.3125 0.7500 0.3125 0.7500 0.2500 0.7812 0.6875 0.7812 0.7500 0.7500 0.7500 0.7500 0.6875 0.7812 0.1875 0.7812 0.2500 0.7500 0.2500 0.7500 0.1875 " />
						</IndexedFaceSet>
					</Shape>
				</Group>
			</Transform>
		</Transform>
	</Scene>
</X3D>