<?xml version="1.0" encoding="UTF-8"?>
<!DOCTYPE X3D PUBLIC "ISO//Web3D//DTD X3D 3.0//EN" "http://www.web3d.org/specifications/x3d-3.0.dtd">
<X3D version="3.0" profile="Immersive" xmlns:xsd="http://www.w3.org/2001/XMLSchema-instance" xsd:noNamespaceSchemaLocation="http://www.web3d.org/specifications/x3d-3.0.xsd">
	<head>
		<meta name="filename" content="mountains.x3d" />
		<meta name="generator" content="Blender 4.2.3 LTS" />
	</head>
	<Scene>
		<NavigationInfo headlight="true"
		                visibilityLimit="0.0"
		                type='"EXAMINE", "ANY"'
		                avatarSize="0.25, 1.75, 0.75"
		                />
		<Background DEF="WO_World"
		            groundColor="0.051 0.051 0.051"
		            skyColor="0.051 0.051 0.051"
		            />
		<Transform DEF="Shape_IndexedFaceSet_TRANSFORM"
		           translation="-1.843185 -9.019474 -0.028583"
		           scale="12.191662 12.191662 16.131817"
		           rotation="-1.000000 0.000000 0.000000 1.570796"
		           >
			<Transform DEF="Shape_IndexedFaceSet_ifs_TRANSFORM"
			           translation="0.000000 0.000000 -0.000000"
			           scale="1.000000 1.000000 1.000000"
			           rotation="0.000000 0.000000 0.000000 0.000000"
			           >
				<Group DEF="group_ME_Shape_IndexedFaceSet">
					<Shape>
						<Appearance>
							<Material DEF="MA_MA_MA_MA_Material_001"
							          diffuseColor="0.225 0.225 0.225"
							          specularColor="0.401 0.401 0.401"
							          emissiveColor="0.000 0.000 0.000"
							          ambientIntensity="0.000"
							          shininess="0.500"
							          transparency="0.0"
							          />
						</Appearance>
						<IndexedFaceSet solid="false"
						                texCoordIndex="0 1 2 -1 3 4 5 -1 6 7 8 -1 9 10 11 -1 12 13 14 -1 15 16 17 -1 18 19 20 -1 21 22 23 -1 24 25 26 -1 27 28 29 -1 30 31 32 -1 33 34 35 -1 36 37 38 -1 39 40 41 -1 42 43 44 -1 45 46 47 -1 48 49 50 -1 51 52 53 -1 54 55 56 -1 57 58 59 -1 60 61 62 -1 63 64 65 -1 66 67 68 -1 69 70 71 -1 72 73 74 -1 75 76 77 -1 78 79 80 -1 81 82 83 -1 84 85 86 -1 87 88 89 -1 90 91 92 93 94 95 96 97 98 99 100 101 102 103 104 105 106 107 108 109 110 111 112 113 114 115 116 117 118 119 120 121 -1 122 123 124 -1 125 126 127 -1 "
						                coordIndex="0 32 1 -1 1 32 2 -1 2 32 3 -1 3 32 4 -1 4 32 5 -1 5 32 6 -1 6 32 7 -1 7 32 8 -1 8 32 9 -1 9 32 10 -1 10 32 11 -1 11 32 12 -1 12 32 13 -1 13 32 14 -1 14 32 15 -1 15 32 16 -1 16 32 17 -1 17 32 18 -1 18 32 19 -1 19 32 20 -1 20 32 21 -1 21 32 22 -1 22 32 23 -1 23 32 24 -1 24 32 25 -1 25 32 26 -1 26 32 27 -1 27 32 28 -1 28 32 29 -1 29 32 30 -1 0 1 2 3 4 5 6 7 8 9 10 11 12 13 14 15 16 17 18 19 20 21 22 23 24 25 26 27 28 29 30 31 -1 30 32 31 -1 31 32 0 -1 "
						                >
							<Coordinate DEF="coords_ME_Shape_IndexedFaceSet"
							            point="0.000000 1.000000 -1.000000 0.195090 0.980785 -1.000000 0.382683 0.923880 -1.000000 0.555570 0.831470 -1.000000 0.707107 0.707107 -1.000000 0.831470 0.555570 -1.000000 0.923880 0.382683 -1.000000 0.980785 0.195090 -1.000000 1.000000 0.000000 -1.000000 0.980785 -0.195090 -1.000000 0.923880 -0.382683 -1.000000 0.831470 -0.555570 -1.000000 0.707107 -0.707107 -1.000000 0.555570 -0.831470 -1.000000 0.382683 -0.923880 -1.000000 0.195090 -0.980785 -1.000000 0.000000 -1.000000 -1.000000 -0.195090 -0.980785 -1.000000 -0.382683 -0.923880 -1.000000 -0.555570 -0.831470 -1.000000 -0.707107 -0.707107 -1.000000 -0.831470 -0.555570 -1.000000 -0.923880 -0.382683 -1.000000 -0.980785 -0.195090 -1.000000 -1.000000 0.000000 -1.000000 -0.980785 0.195090 -1.000000 -0.923880 0.382683 -1.000000 -0.831470 0.555570 -1.000000 -0.707107 0.707107 -1.000000 -0.555570 0.831470 -1.000000 -0.382683 0.923880 -1.000000 -0.195090 0.980785 -1.000000 0.000000 0.000000 1.000000 "
							            />
							<TextureCoordinate point="0.2500 0.4900 0.2500 0.2500 0.2968 0.4854 0.2968 0.4854 0.2500 0.2500 0.3418 0.4717 0.3418 0.4717 0.2500 0.2500 0.3833 0.4496 0.3833 0.4496 0.2500 0.2500 0.4197 0.4197 0.4197 0.4197 0.2500 0.2500 0.4496 0.3833 0.4496 0.3833 0.2500 0.2500 0.4717 0.3418 0.4717 0.3418 0.2500 0.2500 0.4854 0.2968 0.4854 0.2968 0.2500 0.2500 0.4900 0.2500 0.4900 0.2500 0.2500 0.2500 0.4854 0.2032 0.4854 0.2032 0.2500 0.2500 0.4717 0.1582 0.4717 0.1582 0.2500 0.2500 0.4496 0.1167 0.4496 0.1167 0.2500 0.2500 0.4197 0.0803 0.4197 0.0803 0.2500 0.2500 0.3833 0.0504 0.3833 0.0504 0.2500 0.2500 0.3418 0.0283 0.3418 0.0283 0.2500 0.2500 0.2968 0.0146 0.2968 0.0146 0.2500 0.2500 0.2500 0.0100 0.2500 0.0100 0.2500 0.2500 0.2032 0.0146 0.2032 0.0146 0.2500 0.2500 0.1582 0.0283 0.1582 0.0283 0.2500 0.2500 0.1167 0.0504 0.1167 0.0504 0.2500 0.2500 0.0803 0.0803 0.0803 0.0803 0.2500 0.2500 0.0504 0.1167 0.0504 0.1167 0.2500 0.2500 0.0283 0.1582 0.0283 0.1582 0.2500 0.2500 0.0146 0.2032 0.0146 0.2032 0.2500 0.2500 0.0100 0.2500 0.0100 0.2500 0.2500 0.2500 0.0146 0.2968 0.0146 0.2968 0.2500 0.2500 0.0283 0.3418 0.0283 0.3418 0.2500 0.2500 0.0504 0.3833 0.0504 0.3833 0.2500 0.2500 0.0803 0.4197 0.0803 0.4197 0.2500 0.2500 0.1167 0.4496 0.1167 0.4496 0.2500 0.2500 0.1582 0.4717 0.7500 0.4900 0.7968 0.4854 0.8418 0.4717 0.8833 0.4496 0.9197 0.4197 0.9496 0.3833 0.9717 0.3418 0.9854 0.2968 0.9900 0.2500 0.9854 0.2032 0.9717 0.1582 0.9496 0.1167 0.9197 0.0803 0.8833 0.0504 0.8418 0.0283 0.7968 0.0146 0.7500 0.0100 0.7032 0.0146 0.6582 0.0283 0.6167 0.0504 0.5803 0.0803 0.5504 0.1167 0.5283 0.1582 0.5146 0.2032 0.5100 0.2500 0.5146 0.2968 0.5283 0.3418 0.5504 0.3833 0.5803 0.4197 0.6167 0.4496 0.6582 0.4717 0.7032 0.4854 0.1582 0.4717 0.2500 0.2500 0.2032 0.4854 0.2032 0.4854 0.2500 0.2500 0.2500 0.4900 " />
						</IndexedFaceSet>
					</Shape>
				</Group>
			</Transform>
		</Transform>
		<Transform DEF="Shape_IndexedFaceSet_001_TRANSFORM"
		           translation="-1.917500 -0.027492 -32.470516"
		           scale="21.345579 21.345579 25.515034"
		           rotation="-1.000000 0.000000 0.000000 1.570796"
		           >
			<Transform DEF="Shape_IndexedFaceSet_001_ifs_TRANSFORM"
			           translation="0.000000 -0.000000 0.000000"
			           scale="1.000000 1.000000 1.000000"
			           rotation="0.000000 1.000000 0.000000 0.000000"
			           >
				<Group DEF="group_ME_Shape_IndexedFaceSet_001">
					<Shape>
						<Appearance>
							<Material USE="MA_MA_MA_MA_Material_001" />
						</Appearance>
						<IndexedFaceSet solid="false"
						                texCoordIndex="0 1 2 -1 3 4 5 -1 6 7 8 -1 9 10 11 -1 12 13 14 -1 15 16 17 -1 18 19 20 -1 21 22 23 -1 24 25 26 -1 27 28 29 -1 30 31 32 -1 33 34 35 -1 36 37 38 -1 39 40 41 -1 42 43 44 -1 45 46 47 -1 48 49 50 -1 51 52 53 -1 54 55 56 -1 57 58 59 -1 60 61 62 -1 63 64 65 -1 66 67 68 -1 69 70 71 -1 72 73 74 -1 75 76 77 -1 78 79 80 -1 81 82 83 -1 84 85 86 -1 87 88 89 -1 90 91 92 93 94 95 96 97 98 99 100 101 102 103 104 105 106 107 108 109 110 111 112 113 114 115 116 117 118 119 120 121 -1 122 123 124 -1 125 126 127 -1 "
						                coordIndex="0 32 1 -1 1 32 2 -1 2 32 3 -1 3 32 4 -1 4 32 5 -1 5 32 6 -1 6 32 7 -1 7 32 8 -1 8 32 9 -1 9 32 10 -1 10 32 11 -1 11 32 12 -1 12 32 13 -1 13 32 14 -1 14 32 15 -1 15 32 16 -1 16 32 17 -1 17 32 18 -1 18 32 19 -1 19 32 20 -1 20 32 21 -1 21 32 22 -1 22 32 23 -1 23 32 24 -1 24 32 25 -1 25 32 26 -1 26 32 27 -1 27 32 28 -1 28 32 29 -1 29 32 30 -1 0 1 2 3 4 5 6 7 8 9 10 11 12 13 14 15 16 17 18 19 20 21 22 23 24 25 26 27 28 29 30 31 -1 30 32 31 -1 31 32 0 -1 "
						                >
							<Coordinate DEF="coords_ME_Shape_IndexedFaceSet_001"
							            point="0.000000 1.000000 -1.000000 0.195090 0.980785 -1.000000 0.382683 0.923880 -1.000000 0.555570 0.831470 -1.000000 0.707107 0.707107 -1.000000 0.831470 0.555570 -1.000000 0.923880 0.382683 -1.000000 0.980785 0.195090 -1.000000 1.000000 0.000000 -1.000000 0.980785 -0.195090 -1.000000 0.923880 -0.382683 -1.000000 0.831470 -0.555570 -1.000000 0.707107 -0.707107 -1.000000 0.555570 -0.831470 -1.000000 0.382683 -0.923880 -1.000000 0.195090 -0.980785 -1.000000 0.000000 -1.000000 -1.000000 -0.195090 -0.980785 -1.000000 -0.382683 -0.923880 -1.000000 -0.555570 -0.831470 -1.000000 -0.707107 -0.707107 -1.000000 -0.831470 -0.555570 -1.000000 -0.923880 -0.382683 -1.000000 -0.980785 -0.195090 -1.000000 -1.000000 0.000000 -1.000000 -0.980785 0.195090 -1.000000 -0.923880 0.382683 -1.000000 -0.831470 0.555570 -1.000000 -0.707107 0.707107 -1.000000 -0.555570 0.831470 -1.000000 -0.382683 0.923880 -1.000000 -0.195090 0.980785 -1.000000 0.000000 0.000000 1.000000 "
							            />
							<TextureCoordinate point="0.2500 0.4900 0.2500 0.2500 0.2968 0.4854 0.2968 0.4854 0.2500 0.2500 0.3418 0.4717 0.3418 0.4717 0.2500 0.2500 0.3833 0.4496 0.3833 0.4496 0.2500 0.2500 0.4197 0.4197 0.4197 0.4197 0.2500 0.2500 0.4496 0.3833 0.4496 0.3833 0.2500 0.2500 0.4717 0.3418 0.4717 0.3418 0.2500 0.2500 0.4854 0.2968 0.4854 0.2968 0.2500 0.2500 0.4900 0.2500 0.4900 0.2500 0.2500 0.2500 0.4854 0.2032 0.4854 0.2032 0.2500 0.2500 0.4717 0.1582 0.4717 0.1582 0.2500 0.2500 0.4496 0.1167 0.4496 0.1167 0.2500 0.2500 0.4197 0.0803 0.4197 0.0803 0.2500 0.2500 0.3833 0.0504 0.3833 0.0504 0.2500 0.2500 0.3418 0.0283 0.3418 0.0283 0.2500 0.2500 0.2968 0.0146 0.2968 0.0146 0.2500 0.2500 0.2500 0.0100 0.2500 0.0100 0.2500 0.2500 0.2032 0.0146 0.2032 0.0146 0.2500 0.2500 0.1582 0.0283 0.1582 0.0283 0.2500 0.2500 0.1167 0.0504 0.1167 0.0504 0.2500 0.2500 0.0803 0.0803 0.0803 0.0803 0.2500 0.2500 0.0504 0.1167 0.0504 0.1167 0.2500 0.2500 0.0283 0.1582 0.0283 0.1582 0.2500 0.2500 0.0146 0.2032 0.0146 0.2032 0.2500 0.2500 0.0100 0.2500 0.0100 0.2500 0.2500 0.2500 0.0146 0.2968 0.0146 0.2968 0.2500 0.2500 0.0283 0.3418 0.0283 0.3418 0.2500 0.2500 0.0504 0.3833 0.0504 0.3833 0.2500 0.2500 0.0803 0.4197 0.0803 0.4197 0.2500 0.2500 0.1167 0.4496 0.1167 0.4496 0.2500 0.2500 0.1582 0.4717 0.7500 0.4900 0.7968 0.4854 0.8418 0.4717 0.8833 0.4496 0.9197 0.4197 0.9496 0.3833 0.9717 0.3418 0.9854 0.2968 0.9900 0.2500 0.9854 0.2032 0.9717 0.1582 0.9496 0.1167 0.9197 0.0803 0.8833 0.0504 0.8418 0.0283 0.7968 0.0146 0.7500 0.0100 0.7032 0.0146 0.6582 0.0283 0.6167 0.0504 0.5803 0.0803 0.5504 0.1167 0.5283 0.1582 0.5146 0.2032 0.5100 0.2500 0.5146 0.2968 0.5283 0.3418 0.5504 0.3833 0.5803 0.4197 0.6167 0.4496 0.6582 0.4717 0.7032 0.4854 0.1582 0.4717 0.2500 0.2500 0.2032 0.4854 0.2032 0.4854 0.2500 0.2500 0.2500 0.4900 " />
						</IndexedFaceSet>
					</Shape>
				</Group>
			</Transform>
		</Transform>
		<Transform DEF="Shape_IndexedFaceSet_002_TRANSFORM"
		           translation="-20.016121 -5.143755 -65.931015"
		           scale="17.963114 17.963114 20.758966"
		           rotation="-1.000000 0.000000 0.000000 1.570796"
		           >
			<Transform DEF="Shape_IndexedFaceSet_002_ifs_TRANSFORM"
			           translation="0.000000 0.000000 -0.000000"
			           scale="1.000000 1.000000 1.000000"
			           rotation="0.000000 0.000000 0.000000 0.000000"
			           >
				<Group DEF="group_ME_Shape_IndexedFaceSet_002">
					<Shape>
						<Appearance>
							<Material USE="MA_MA_MA_MA_Material_001" />
						</Appearance>
						<IndexedFaceSet solid="false"
						                texCoordIndex="0 1 2 -1 3 4 5 -1 6 7 8 -1 9 10 11 -1 12 13 14 -1 15 16 17 -1 18 19 20 -1 21 22 23 -1 24 25 26 -1 27 28 29 -1 30 31 32 -1 33 34 35 -1 36 37 38 -1 39 40 41 -1 42 43 44 -1 45 46 47 -1 48 49 50 -1 51 52 53 -1 54 55 56 -1 57 58 59 -1 60 61 62 -1 63 64 65 -1 66 67 68 -1 69 70 71 -1 72 73 74 -1 75 76 77 -1 78 79 80 -1 81 82 83 -1 84 85 86 -1 87 88 89 -1 90 91 92 93 94 95 96 97 98 99 100 101 102 103 104 105 106 107 108 109 110 111 112 113 114 115 116 117 118 119 120 121 -1 122 123 124 -1 125 126 127 -1 "
						                coordIndex="0 32 1 -1 1 32 2 -1 2 32 3 -1 3 32 4 -1 4 32 5 -1 5 32 6 -1 6 32 7 -1 7 32 8 -1 8 32 9 -1 9 32 10 -1 10 32 11 -1 11 32 12 -1 12 32 13 -1 13 32 14 -1 14 32 15 -1 15 32 16 -1 16 32 17 -1 17 32 18 -1 18 32 19 -1 19 32 20 -1 20 32 21 -1 21 32 22 -1 22 32 23 -1 23 32 24 -1 24 32 25 -1 25 32 26 -1 26 32 27 -1 27 32 28 -1 28 32 29 -1 29 32 30 -1 0 1 2 3 4 5 6 7 8 9 10 11 12 13 14 15 16 17 18 19 20 21 22 23 24 25 26 27 28 29 30 31 -1 30 32 31 -1 31 32 0 -1 "
						                >
							<Coordinate DEF="coords_ME_Shape_IndexedFaceSet_002"
							            point="0.000000 1.000000 -1.000000 0.195090 0.980785 -1.000000 0.382683 0.923880 -1.000000 0.555570 0.831470 -1.000000 0.707107 0.707107 -1.000000 0.831470 0.555570 -1.000000 0.923880 0.382683 -1.000000 0.980785 0.195090 -1.000000 1.000000 0.000000 -1.000000 0.980785 -0.195090 -1.000000 0.923880 -0.382683 -1.000000 0.831470 -0.555570 -1.000000 0.707107 -0.707107 -1.000000 0.555570 -0.831470 -1.000000 0.382683 -0.923880 -1.000000 0.195090 -0.980785 -1.000000 0.000000 -1.000000 -1.000000 -0.195090 -0.980785 -1.000000 -0.382683 -0.923880 -1.000000 -0.555570 -0.831470 -1.000000 -0.707107 -0.707107 -1.000000 -0.831470 -0.555570 -1.000000 -0.923880 -0.382683 -1.000000 -0.980785 -0.195090 -1.000000 -1.000000 0.000000 -1.000000 -0.980785 0.195090 -1.000000 -0.923880 0.382683 -1.000000 -0.831470 0.555570 -1.000000 -0.707107 0.707107 -1.000000 -0.555570 0.831470 -1.000000 -0.382683 0.923880 -1.000000 -0.195090 0.980785 -1.000000 0.000000 0.000000 1.000000 "
							            />
							<TextureCoordinate point="0.2500 0.4900 0.2500 0.2500 0.2968 0.4854 0.2968 0.4854 0.2500 0.2500 0.3418 0.4717 0.3418 0.4717 0.2500 0.2500 0.3833 0.4496 0.3833 0.4496 0.2500 0.2500 0.4197 0.4197 0.4197 0.4197 0.2500 0.2500 0.4496 0.3833 0.4496 0.3833 0.2500 0.2500 0.4717 0.3418 0.4717 0.3418 0.2500 0.2500 0.4854 0.2968 0.4854 0.2968 0.2500 0.2500 0.4900 0.2500 0.4900 0.2500 0.2500 0.2500 0.4854 0.2032 0.4854 0.2032 0.2500 0.2500 0.4717 0.1582 0.4717 0.1582 0.2500 0.2500 0.4496 0.1167 0.4496 0.1167 0.2500 0.2500 0.4197 0.0803 0.4197 0.0803 0.2500 0.2500 0.3833 0.0504 0.3833 0.0504 0.2500 0.2500 0.3418 0.0283 0.3418 0.0283 0.2500 0.2500 0.2968 0.0146 0.2968 0.0146 0.2500 0.2500 0.2500 0.0100 0.2500 0.0100 0.2500 0.2500 0.2032 0.0146 0.2032 0.0146 0.2500 0.2500 0.1582 0.0283 0.1582 0.0283 0.2500 0.2500 0.1167 0.0504 0.1167 0.0504 0.2500 0.2500 0.0803 0.0803 0.0803 0.0803 0.2500 0.2500 0.0504 0.1167 0.0504 0.1167 0.2500 0.2500 0.0283 0.1582 0.0283 0.1582 0.2500 0.2500 0.0146 0.2032 0.0146 0.2032 0.2500 0.2500 0.0100 0.2500 0.0100 0.2500 0.2500 0.2500 0.0146 0.2968 0.0146 0.2968 0.2500 0.2500 0.0283 0.3418 0.0283 0.3418 0.2500 0.2500 0.0504 0.3833 0.0504 0.3833 0.2500 0.2500 0.0803 0.4197 0.0803 0.4197 0.2500 0.2500 0.1167 0.4496 0.1167 0.4496 0.2500 0.2500 0.1582 0.4717 0.7500 0.4900 0.7968 0.4854 0.8418 0.4717 0.8833 0.4496 0.9197 0.4197 0.9496 0.3833 0.9717 0.3418 0.9854 0.2968 0.9900 0.2500 0.9854 0.2032 0.9717 0.1582 0.9496 0.1167 0.9197 0.0803 0.8833 0.0504 0.8418 0.0283 0.7968 0.0146 0.7500 0.0100 0.7032 0.0146 0.6582 0.0283 0.6167 0.0504 0.5803 0.0803 0.5504 0.1167 0.5283 0.1582 0.5146 0.2032 0.5100 0.2500 0.5146 0.2968 0.5283 0.3418 0.5504 0.3833 0.5803 0.4197 0.6167 0.4496 0.6582 0.4717 0.7032 0.4854 0.1582 0.4717 0.2500 0.2500 0.2032 0.4854 0.2032 0.4854 0.2500 0.2500 0.2500 0.4900 " />
						</IndexedFaceSet>
					</Shape>
				</Group>
			</Transform>
		</Transform>
		<Transform DEF="Shape_IndexedFaceSet_003_TRANSFORM"
		           translation="-13.898294 2.113780 -108.776093"
		           scale="25.603350 25.603350 28.188238"
		           rotation="-1.000000 0.000000 0.000000 1.570796"
		           >
			<Transform DEF="Shape_IndexedFaceSet_003_ifs_TRANSFORM"
			           translation="0.000000 0.000000 -0.000000"
			           scale="1.000000 1.000000 1.000000"
			           rotation="-0.000000 0.000000 0.000000 0.000000"
			           >
				<Group DEF="group_ME_Shape_IndexedFaceSet_003">
					<Shape>
						<Appearance>
							<Material USE="MA_MA_MA_MA_Material_001" />
						</Appearance>
						<IndexedFaceSet solid="false"
						                texCoordIndex="0 1 2 -1 3 4 5 -1 6 7 8 -1 9 10 11 -1 12 13 14 -1 15 16 17 -1 18 19 20 -1 21 22 23 -1 24 25 26 -1 27 28 29 -1 30 31 32 -1 33 34 35 -1 36 37 38 -1 39 40 41 -1 42 43 44 -1 45 46 47 -1 48 49 50 -1 51 52 53 -1 54 55 56 -1 57 58 59 -1 60 61 62 -1 63 64 65 -1 66 67 68 -1 69 70 71 -1 72 73 74 -1 75 76 77 -1 78 79 80 -1 81 82 83 -1 84 85 86 -1 87 88 89 -1 90 91 92 93 94 95 96 97 98 99 100 101 102 103 104 105 106 107 108 109 110 111 112 113 114 115 116 117 118 119 120 121 -1 122 123 124 -1 125 126 127 -1 "
						                coordIndex="0 32 1 -1 1 32 2 -1 2 32 3 -1 3 32 4 -1 4 32 5 -1 5 32 6 -1 6 32 7 -1 7 32 8 -1 8 32 9 -1 9 32 10 -1 10 32 11 -1 11 32 12 -1 12 32 13 -1 13 32 14 -1 14 32 15 -1 15 32 16 -1 16 32 17 -1 17 32 18 -1 18 32 19 -1 19 32 20 -1 20 32 21 -1 21 32 22 -1 22 32 23 -1 23 32 24 -1 24 32 25 -1 25 32 26 -1 26 32 27 -1 27 32 28 -1 28 32 29 -1 29 32 30 -1 0 1 2 3 4 5 6 7 8 9 10 11 12 13 14 15 16 17 18 19 20 21 22 23 24 25 26 27 28 29 30 31 -1 30 32 31 -1 31 32 0 -1 "
						                >
							<Coordinate DEF="coords_ME_Shape_IndexedFaceSet_003"
							            point="0.000000 1.000000 -1.000000 0.195090 0.980785 -1.000000 0.382683 0.923880 -1.000000 0.555570 0.831470 -1.000000 0.707107 0.707107 -1.000000 0.831470 0.555570 -1.000000 0.923880 0.382683 -1.000000 0.980785 0.195090 -1.000000 1.000000 0.000000 -1.000000 0.980785 -0.195090 -1.000000 0.923880 -0.382683 -1.000000 0.831470 -0.555570 -1.000000 0.707107 -0.707107 -1.000000 0.555570 -0.831470 -1.000000 0.382683 -0.923880 -1.000000 0.195090 -0.980785 -1.000000 0.000000 -1.000000 -1.000000 -0.195090 -0.980785 -1.000000 -0.382683 -0.923880 -1.000000 -0.555570 -0.831470 -1.000000 -0.707107 -0.707107 -1.000000 -0.831470 -0.555570 -1.000000 -0.923880 -0.382683 -1.000000 -0.980785 -0.195090 -1.000000 -1.000000 0.000000 -1.000000 -0.980785 0.195090 -1.000000 -0.923880 0.382683 -1.000000 -0.831470 0.555570 -1.000000 -0.707107 0.707107 -1.000000 -0.555570 0.831470 -1.000000 -0.382683 0.923880 -1.000000 -0.195090 0.980785 -1.000000 0.000000 0.000000 1.000000 "
							            />
							<TextureCoordinate point="0.2500 0.4900 0.2500 0.2500 0.2968 0.4854 0.2968 0.4854 0.2500 0.2500 0.3418 0.4717 0.3418 0.4717 0.2500 0.2500 0.3833 0.4496 0.3833 0.4496 0.2500 0.2500 0.4197 0.4197 0.4197 0.4197 0.2500 0.2500 0.4496 0.3833 0.4496 0.3833 0.2500 0.2500 0.4717 0.3418 0.4717 0.3418 0.2500 0.2500 0.4854 0.2968 0.4854 0.2968 0.2500 0.2500 0.4900 0.2500 0.4900 0.2500 0.2500 0.2500 0.4854 0.2032 0.4854 0.2032 0.2500 0.2500 0.4717 0.1582 0.4717 0.1582 0.2500 0.2500 0.4496 0.1167 0.4496 0.1167 0.2500 0.2500 0.4197 0.0803 0.4197 0.0803 0.2500 0.2500 0.3833 0.0504 0.3833 0.0504 0.2500 0.2500 0.3418 0.0283 0.3418 0.0283 0.2500 0.2500 0.2968 0.0146 0.2968 0.0146 0.2500 0.2500 0.2500 0.0100 0.2500 0.0100 0.2500 0.2500 0.2032 0.0146 0.2032 0.0146 0.2500 0.2500 0.1582 0.0283 0.1582 0.0283 0.2500 0.2500 0.1167 0.0504 0.1167 0.0504 0.2500 0.2500 0.0803 0.0803 0.0803 0.0803 0.2500 0.2500 0.0504 0.1167 0.0504 0.1167 0.2500 0.2500 0.0283 0.1582 0.0283 0.1582 0.2500 0.2500 0.0146 0.2032 0.0146 0.2032 0.2500 0.2500 0.0100 0.2500 0.0100 0.2500 0.2500 0.2500 0.0146 0.2968 0.0146 0.2968 0.2500 0.2500 0.0283 0.3418 0.0283 0.3418 0.2500 0.2500 0.0504 0.3833 0.0504 0.3833 0.2500 0.2500 0.0803 0.4197 0.0803 0.4197 0.2500 0.2500 0.1167 0.4496 0.1167 0.4496 0.2500 0.2500 0.1582 0.4717 0.7500 0.4900 0.7968 0.4854 0.8418 0.4717 0.8833 0.4496 0.9197 0.4197 0.9496 0.3833 0.9717 0.3418 0.9854 0.2968 0.9900 0.2500 0.9854 0.2032 0.9717 0.1582 0.9496 0.1167 0.9197 0.0803 0.8833 0.0504 0.8418 0.0283 0.7968 0.0146 0.7500 0.0100 0.7032 0.0146 0.6582 0.0283 0.6167 0.0504 0.5803 0.0803 0.5504 0.1167 0.5283 0.1582 0.5146 0.2032 0.5100 0.2500 0.5146 0.2968 0.5283 0.3418 0.5504 0.3833 0.5803 0.4197 0.6167 0.4496 0.6582 0.4717 0.7032 0.4854 0.1582 0.4717 0.2500 0.2500 0.2032 0.4854 0.2032 0.4854 0.2500 0.2500 0.2500 0.4900 " />
						</IndexedFaceSet>
					</Shape>
				</Group>
			</Transform>
		</Transform>
		<Transform DEF="Shape_IndexedFaceSet_004_TRANSFORM"
		           translation="-24.395958 -2.385894 -154.729034"
		           scale="21.345579 21.345579 23.976524"
		           rotation="-1.000000 0.000000 0.000000 1.570796"
		           >
			<Transform DEF="Shape_IndexedFaceSet_004_ifs_TRANSFORM"
			           translation="0.000000 0.000000 -0.000000"
			           scale="1.000000 1.000000 1.000000"
			           rotation="0.000000 1.000000 0.000000 0.000000"
			           >
				<Group DEF="group_ME_Shape_IndexedFaceSet_004">
					<Shape>
						<Appearance>
							<Material USE="MA_MA_MA_MA_Material_001" />
						</Appearance>
						<IndexedFaceSet solid="false"
						                texCoordIndex="0 1 2 -1 3 4 5 -1 6 7 8 -1 9 10 11 -1 12 13 14 -1 15 16 17 -1 18 19 20 -1 21 22 23 -1 24 25 26 -1 27 28 29 -1 30 31 32 -1 33 34 35 -1 36 37 38 -1 39 40 41 -1 42 43 44 -1 45 46 47 -1 48 49 50 -1 51 52 53 -1 54 55 56 -1 57 58 59 -1 60 61 62 -1 63 64 65 -1 66 67 68 -1 69 70 71 -1 72 73 74 -1 75 76 77 -1 78 79 80 -1 81 82 83 -1 84 85 86 -1 87 88 89 -1 90 91 92 93 94 95 96 97 98 99 100 101 102 103 104 105 106 107 108 109 110 111 112 113 114 115 116 117 118 119 120 121 -1 122 123 124 -1 125 126 127 -1 "
						                coordIndex="0 32 1 -1 1 32 2 -1 2 32 3 -1 3 32 4 -1 4 32 5 -1 5 32 6 -1 6 32 7 -1 7 32 8 -1 8 32 9 -1 9 32 10 -1 10 32 11 -1 11 32 12 -1 12 32 13 -1 13 32 14 -1 14 32 15 -1 15 32 16 -1 16 32 17 -1 17 32 18 -1 18 32 19 -1 19 32 20 -1 20 32 21 -1 21 32 22 -1 22 32 23 -1 23 32 24 -1 24 32 25 -1 25 32 26 -1 26 32 27 -1 27 32 28 -1 28 32 29 -1 29 32 30 -1 0 1 2 3 4 5 6 7 8 9 10 11 12 13 14 15 16 17 18 19 20 21 22 23 24 25 26 27 28 29 30 31 -1 30 32 31 -1 31 32 0 -1 "
						                >
							<Coordinate DEF="coords_ME_Shape_IndexedFaceSet_004"
							            point="0.000000 1.000000 -1.000000 0.195090 0.980785 -1.000000 0.382683 0.923880 -1.000000 0.555570 0.831470 -1.000000 0.707107 0.707107 -1.000000 0.831470 0.555570 -1.000000 0.923880 0.382683 -1.000000 0.980785 0.195090 -1.000000 1.000000 0.000000 -1.000000 0.980785 -0.195090 -1.000000 0.923880 -0.382683 -1.000000 0.831470 -0.555570 -1.000000 0.707107 -0.707107 -1.000000 0.555570 -0.831470 -1.000000 0.382683 -0.923880 -1.000000 0.195090 -0.980785 -1.000000 0.000000 -1.000000 -1.000000 -0.195090 -0.980785 -1.000000 -0.382683 -0.923880 -1.000000 -0.555570 -0.831470 -1.000000 -0.707107 -0.707107 -1.000000 -0.831470 -0.555570 -1.000000 -0.923880 -0.382683 -1.000000 -0.980785 -0.195090 -1.000000 -1.000000 0.000000 -1.000000 -0.980785 0.195090 -1.000000 -0.923880 0.382683 -1.000000 -0.831470 0.555570 -1.000000 -0.707107 0.707107 -1.000000 -0.555570 0.831470 -1.000000 -0.382683 0.923880 -1.000000 -0.195090 0.980785 -1.000000 0.000000 0.000000 1.000000 "
							            />
							<TextureCoordinate point="0.2500 0.4900 0.2500 0.2500 0.2968 0.4854 0.2968 0.4854 0.2500 0.2500 0.3418 0.4717 0.3418 0.4717 0.2500 0.2500 0.3833 0.4496 0.3833 0.4496 0.2500 0.2500 0.4197 0.4197 0.4197 0.4197 0.2500 0.2500 0.4496 0.3833 0.4496 0.3833 0.2500 0.2500 0.4717 0.3418 0.4717 0.3418 0.2500 0.2500 0.4854 0.2968 0.4854 0.2968 0.2500 0.2500 0.4900 0.2500 0.4900 0.2500 0.2500 0.2500 0.4854 0.2032 0.4854 0.2032 0.2500 0.2500 0.4717 0.1582 0.4717 0.1582 0.2500 0.2500 0.4496 0.1167 0.4496 0.1167 0.2500 0.2500 0.4197 0.0803 0.4197 0.0803 0.2500 0.2500 0.3833 0.0504 0.3833 0.0504 0.2500 0.2500 0.3418 0.0283 0.3418 0.0283 0.2500 0.2500 0.2968 0.0146 0.2968 0.0146 0.2500 0.2500 0.2500 0.0100 0.2500 0.0100 0.2500 0.2500 0.2032 0.0146 0.2032 0.0146 0.2500 0.2500 0.1582 0.0283 0.1582 0.0283 0.2500 0.2500 0.1167 0.0504 0.1167 0.0504 0.2500 0.2500 0.0803 0.0803 0.0803 0.0803 0.2500 0.2500 0.0504 0.1167 0.0504 0.1167 0.2500 0.2500 0.0283 0.1582 0.0283 0.1582 0.2500 0.2500 0.0146 0.2032 0.0146 0.2032 0.2500 0.2500 0.0100 0.2500 0.0100 0.2500 0.2500 0.2500 0.0146 0.2968 0.0146 0.2968 0.2500 0.2500 0.0283 0.3418 0.0283 0.3418 0.2500 0.2500 0.0504 0.3833 0.0504 0.3833 0.2500 0.2500 0.0803 0.4197 0.0803 0.4197 0.2500 0.2500 0.1167 0.4496 0.1167 0.4496 0.2500 0.2500 0.1582 0.4717 0.7500 0.4900 0.7968 0.4854 0.8418 0.4717 0.8833 0.4496 0.9197 0.4197 0.9496 0.3833 0.9717 0.3418 0.9854 0.2968 0.9900 0.2500 0.9854 0.2032 0.9717 0.1582 0.9496 0.1167 0.9197 0.0803 0.8833 0.0504 0.8418 0.0283 0.7968 0.0146 0.7500 0.0100 0.7032 0.0146 0.6582 0.0283 0.6167 0.0504 0.5803 0.0803 0.5504 0.1167 0.5283 0.1582 0.5146 0.2032 0.5100 0.2500 0.5146 0.2968 0.5283 0.3418 0.5504 0.3833 0.5803 0.4197 0.6167 0.4496 0.6582 0.4717 0.7032 0.4854 0.1582 0.4717 0.2500 0.2500 0.2032 0.4854 0.2032 0.4854 0.2500 0.2500 0.2500 0.4900 " />
						</IndexedFaceSet>
					</Shape>
				</Group>
			</Transform>
		</Transform>
		<Transform DEF="Shape_IndexedFaceSet_005_TRANSFORM"
		           translation="-38.868027 -1.777889 -243.502213"
		           scale="15.385674 15.385674 25.096891"
		           rotation="-1.000000 0.000000 0.000000 1.570796"
		           >
			<Transform DEF="Shape_IndexedFaceSet_005_ifs_TRANSFORM"
			           translation="0.000000 0.000001 -0.000000"
			           scale="1.000000 1.000000 1.000000"
			           rotation="0.000000 0.000000 0.000000 0.000000"
			           >
				<Group DEF="group_ME_Shape_IndexedFaceSet_005">
					<Shape>
						<Appearance>
							<Material USE="MA_MA_MA_MA_Material_001" />
						</Appearance>
						<IndexedFaceSet solid="false"
						                texCoordIndex="0 1 2 -1 3 4 5 -1 6 7 8 -1 9 10 11 -1 12 13 14 -1 15 16 17 -1 18 19 20 -1 21 22 23 -1 24 25 26 -1 27 28 29 -1 30 31 32 -1 33 34 35 -1 36 37 38 -1 39 40 41 -1 42 43 44 -1 45 46 47 -1 48 49 50 -1 51 52 53 -1 54 55 56 -1 57 58 59 -1 60 61 62 -1 63 64 65 -1 66 67 68 -1 69 70 71 -1 72 73 74 -1 75 76 77 -1 78 79 80 -1 81 82 83 -1 84 85 86 -1 87 88 89 -1 90 91 92 93 94 95 96 97 98 99 100 101 102 103 104 105 106 107 108 109 110 111 112 113 114 115 116 117 118 119 120 121 -1 122 123 124 -1 125 126 127 -1 "
						                coordIndex="0 32 1 -1 1 32 2 -1 2 32 3 -1 3 32 4 -1 4 32 5 -1 5 32 6 -1 6 32 7 -1 7 32 8 -1 8 32 9 -1 9 32 10 -1 10 32 11 -1 11 32 12 -1 12 32 13 -1 13 32 14 -1 14 32 15 -1 15 32 16 -1 16 32 17 -1 17 32 18 -1 18 32 19 -1 19 32 20 -1 20 32 21 -1 21 32 22 -1 22 32 23 -1 23 32 24 -1 24 32 25 -1 25 32 26 -1 26 32 27 -1 27 32 28 -1 28 32 29 -1 29 32 30 -1 0 1 2 3 4 5 6 7 8 9 10 11 12 13 14 15 16 17 18 19 20 21 22 23 24 25 26 27 28 29 30 31 -1 30 32 31 -1 31 32 0 -1 "
						                >
							<Coordinate DEF="coords_ME_Shape_IndexedFaceSet_005"
							            point="0.000000 1.000000 -1.000000 0.195090 0.980785 -1.000000 0.382683 0.923880 -1.000000 0.555570 0.831470 -1.000000 0.707107 0.707107 -1.000000 0.831470 0.555570 -1.000000 0.923880 0.382683 -1.000000 0.980785 0.195090 -1.000000 1.000000 0.000000 -1.000000 0.980785 -0.195090 -1.000000 0.923880 -0.382683 -1.000000 0.831470 -0.555570 -1.000000 0.707107 -0.707107 -1.000000 0.555570 -0.831470 -1.000000 0.382683 -0.923880 -1.000000 0.195090 -0.980785 -1.000000 0.000000 -1.000000 -1.000000 -0.195090 -0.980785 -1.000000 -0.382683 -0.923880 -1.000000 -0.555570 -0.831470 -1.000000 -0.707107 -0.707107 -1.000000 -0.831470 -0.555570 -1.000000 -0.923880 -0.382683 -1.000000 -0.980785 -0.195090 -1.000000 -1.000000 0.000000 -1.000000 -0.980785 0.195090 -1.000000 -0.923880 0.382683 -1.000000 -0.831470 0.555570 -1.000000 -0.707107 0.707107 -1.000000 -0.555570 0.831470 -1.000000 -0.382683 0.923880 -1.000000 -0.195090 0.980785 -1.000000 0.000000 0.000000 1.000000 "
							            />
							<TextureCoordinate point="0.2500 0.4900 0.2500 0.2500 0.2968 0.4854 0.2968 0.4854 0.2500 0.2500 0.3418 0.4717 0.3418 0.4717 0.2500 0.2500 0.3833 0.4496 0.3833 0.4496 0.2500 0.2500 0.4197 0.4197 0.4197 0.4197 0.2500 0.2500 0.4496 0.3833 0.4496 0.3833 0.2500 0.2500 0.4717 0.3418 0.4717 0.3418 0.2500 0.2500 0.4854 0.2968 0.4854 0.2968 0.2500 0.2500 0.4900 0.2500 0.4900 0.2500 0.2500 0.2500 0.4854 0.2032 0.4854 0.2032 0.2500 0.2500 0.4717 0.1582 0.4717 0.1582 0.2500 0.2500 0.4496 0.1167 0.4496 0.1167 0.2500 0.2500 0.4197 0.0803 0.4197 0.0803 0.2500 0.2500 0.3833 0.0504 0.3833 0.0504 0.2500 0.2500 0.3418 0.0283 0.3418 0.0283 0.2500 0.2500 0.2968 0.0146 0.2968 0.0146 0.2500 0.2500 0.2500 0.0100 0.2500 0.0100 0.2500 0.2500 0.2032 0.0146 0.2032 0.0146 0.2500 0.2500 0.1582 0.0283 0.1582 0.0283 0.2500 0.2500 0.1167 0.0504 0.1167 0.0504 0.2500 0.2500 0.0803 0.0803 0.0803 0.0803 0.2500 0.2500 0.0504 0.1167 0.0504 0.1167 0.2500 0.2500 0.0283 0.1582 0.0283 0.1582 0.2500 0.2500 0.0146 0.2032 0.0146 0.2032 0.2500 0.2500 0.0100 0.2500 0.0100 0.2500 0.2500 0.2500 0.0146 0.2968 0.0146 0.2968 0.2500 0.2500 0.0283 0.3418 0.0283 0.3418 0.2500 0.2500 0.0504 0.3833 0.0504 0.3833 0.2500 0.2500 0.0803 0.4197 0.0803 0.4197 0.2500 0.2500 0.1167 0.4496 0.1167 0.4496 0.2500 0.2500 0.1582 0.4717 0.7500 0.4900 0.7968 0.4854 0.8418 0.4717 0.8833 0.4496 0.9197 0.4197 0.9496 0.3833 0.9717 0.3418 0.9854 0.2968 0.9900 0.2500 0.9854 0.2032 0.9717 0.1582 0.9496 0.1167 0.9197 0.0803 0.8833 0.0504 0.8418 0.0283 0.7968 0.0146 0.7500 0.0100 0.7032 0.0146 0.6582 0.0283 0.6167 0.0504 0.5803 0.0803 0.5504 0.1167 0.5283 0.1582 0.5146 0.2032 0.5100 0.2500 0.5146 0.2968 0.5283 0.3418 0.5504 0.3833 0.5803 0.4197 0.6167 0.4496 0.6582 0.4717 0.7032 0.4854 0.1582 0.4717 0.2500 0.2500 0.2032 0.4854 0.2032 0.4854 0.2500 0.2500 0.2500 0.4900 " />
						</IndexedFaceSet>
					</Shape>
				</Group>
			</Transform>
		</Transform>
		<Transform DEF="Shape_IndexedFaceSet_006_TRANSFORM"
		           translation="-13.898294 3.200732 36.875427"
		           scale="25.603350 25.603350 28.188238"
		           rotation="-1.000000 0.000000 0.000000 1.570796"
		           >
			<Transform DEF="Shape_IndexedFaceSet_006_ifs_TRANSFORM"
			           translation="0.000000 0.000000 -0.000000"
			           scale="1.000000 1.000000 1.000000"
			           rotation="-0.000000 0.000000 0.000000 0.000000"
			           >
				<Group DEF="group_ME_Shape_IndexedFaceSet_006">
					<Shape>
						<Appearance>
							<Material USE="MA_MA_MA_MA_Material_001" />
						</Appearance>
						<IndexedFaceSet solid="false"
						                texCoordIndex="0 1 2 -1 3 4 5 -1 6 7 8 -1 9 10 11 -1 12 13 14 -1 15 16 17 -1 18 19 20 -1 21 22 23 -1 24 25 26 -1 27 28 29 -1 30 31 32 -1 33 34 35 -1 36 37 38 -1 39 40 41 -1 42 43 44 -1 45 46 47 -1 48 49 50 -1 51 52 53 -1 54 55 56 -1 57 58 59 -1 60 61 62 -1 63 64 65 -1 66 67 68 -1 69 70 71 -1 72 73 74 -1 75 76 77 -1 78 79 80 -1 81 82 83 -1 84 85 86 -1 87 88 89 -1 90 91 92 93 94 95 96 97 98 99 100 101 102 103 104 105 106 107 108 109 110 111 112 113 114 115 116 117 118 119 120 121 -1 122 123 124 -1 125 126 127 -1 "
						                coordIndex="0 32 1 -1 1 32 2 -1 2 32 3 -1 3 32 4 -1 4 32 5 -1 5 32 6 -1 6 32 7 -1 7 32 8 -1 8 32 9 -1 9 32 10 -1 10 32 11 -1 11 32 12 -1 12 32 13 -1 13 32 14 -1 14 32 15 -1 15 32 16 -1 16 32 17 -1 17 32 18 -1 18 32 19 -1 19 32 20 -1 20 32 21 -1 21 32 22 -1 22 32 23 -1 23 32 24 -1 24 32 25 -1 25 32 26 -1 26 32 27 -1 27 32 28 -1 28 32 29 -1 29 32 30 -1 0 1 2 3 4 5 6 7 8 9 10 11 12 13 14 15 16 17 18 19 20 21 22 23 24 25 26 27 28 29 30 31 -1 30 32 31 -1 31 32 0 -1 "
						                >
							<Coordinate DEF="coords_ME_Shape_IndexedFaceSet_006"
							            point="0.000000 1.000000 -1.000000 0.195090 0.980785 -1.000000 0.382683 0.923880 -1.000000 0.555570 0.831470 -1.000000 0.707107 0.707107 -1.000000 0.831470 0.555570 -1.000000 0.923880 0.382683 -1.000000 0.980785 0.195090 -1.000000 1.000000 0.000000 -1.000000 0.980785 -0.195090 -1.000000 0.923880 -0.382683 -1.000000 0.831470 -0.555570 -1.000000 0.707107 -0.707107 -1.000000 0.555570 -0.831470 -1.000000 0.382683 -0.923880 -1.000000 0.195090 -0.980785 -1.000000 0.000000 -1.000000 -1.000000 -0.195090 -0.980785 -1.000000 -0.382683 -0.923880 -1.000000 -0.555570 -0.831470 -1.000000 -0.707107 -0.707107 -1.000000 -0.831470 -0.555570 -1.000000 -0.923880 -0.382683 -1.000000 -0.980785 -0.195090 -1.000000 -1.000000 0.000000 -1.000000 -0.980785 0.195090 -1.000000 -0.923880 0.382683 -1.000000 -0.831470 0.555570 -1.000000 -0.707107 0.707107 -1.000000 -0.555570 0.831470 -1.000000 -0.382683 0.923880 -1.000000 -0.195090 0.980785 -1.000000 0.000000 0.000000 1.000000 "
							            />
							<TextureCoordinate point="0.2500 0.4900 0.2500 0.2500 0.2968 0.4854 0.2968 0.4854 0.2500 0.2500 0.3418 0.4717 0.3418 0.4717 0.2500 0.2500 0.3833 0.4496 0.3833 0.4496 0.2500 0.2500 0.4197 0.4197 0.4197 0.4197 0.2500 0.2500 0.4496 0.3833 0.4496 0.3833 0.2500 0.2500 0.4717 0.3418 0.4717 0.3418 0.2500 0.2500 0.4854 0.2968 0.4854 0.2968 0.2500 0.2500 0.4900 0.2500 0.4900 0.2500 0.2500 0.2500 0.4854 0.2032 0.4854 0.2032 0.2500 0.2500 0.4717 0.1582 0.4717 0.1582 0.2500 0.2500 0.4496 0.1167 0.4496 0.1167 0.2500 0.2500 0.4197 0.0803 0.4197 0.0803 0.2500 0.2500 0.3833 0.0504 0.3833 0.0504 0.2500 0.2500 0.3418 0.0283 0.3418 0.0283 0.2500 0.2500 0.2968 0.0146 0.2968 0.0146 0.2500 0.2500 0.2500 0.0100 0.2500 0.0100 0.2500 0.2500 0.2032 0.0146 0.2032 0.0146 0.2500 0.2500 0.1582 0.0283 0.1582 0.0283 0.2500 0.2500 0.1167 0.0504 0.1167 0.0504 0.2500 0.2500 0.0803 0.0803 0.0803 0.0803 0.2500 0.2500 0.0504 0.1167 0.0504 0.1167 0.2500 0.2500 0.0283 0.1582 0.0283 0.1582 0.2500 0.2500 0.0146 0.2032 0.0146 0.2032 0.2500 0.2500 0.0100 0.2500 0.0100 0.2500 0.2500 0.2500 0.0146 0.2968 0.0146 0.2968 0.2500 0.2500 0.0283 0.3418 0.0283 0.3418 0.2500 0.2500 0.0504 0.3833 0.0504 0.3833 0.2500 0.2500 0.0803 0.4197 0.0803 0.4197 0.2500 0.2500 0.1167 0.4496 0.1167 0.4496 0.2500 0.2500 0.1582 0.4717 0.7500 0.4900 0.7968 0.4854 0.8418 0.4717 0.8833 0.4496 0.9197 0.4197 0.9496 0.3833 0.9717 0.3418 0.9854 0.2968 0.9900 0.2500 0.9854 0.2032 0.9717 0.1582 0.9496 0.1167 0.9197 0.0803 0.8833 0.0504 0.8418 0.0283 0.7968 0.0146 0.7500 0.0100 0.7032 0.0146 0.6582 0.0283 0.6167 0.0504 0.5803 0.0803 0.5504 0.1167 0.5283 0.1582 0.5146 0.2032 0.5100 0.2500 0.5146 0.2968 0.5283 0.3418 0.5504 0.3833 0.5803 0.4197 0.6167 0.4496 0.6582 0.4717 0.7032 0.4854 0.1582 0.4717 0.2500 0.2500 0.2032 0.4854 0.2032 0.4854 0.2500 0.2500 0.2500 0.4900 " />
						</IndexedFaceSet>
					</Shape>
				</Group>
			</Transform>
		</Transform>
		<Transform DEF="Shape_IndexedFaceSet_007_TRANSFORM"
		           translation="-38.538055 3.857960 -0.537472"
		           scale="25.603350 25.603350 28.188238"
		           rotation="-1.000000 0.000000 0.000000 1.570796"
		           >
			<Transform DEF="Shape_IndexedFaceSet_007_ifs_TRANSFORM"
			           translation="-0.000000 0.000000 0.000000"
			           scale="1.000000 1.000000 1.000000"
			           rotation="-0.000000 0.000000 0.000000 0.000000"
			           >
				<Group DEF="group_ME_Shape_IndexedFaceSet_007">
					<Shape>
						<Appearance>
							<Material USE="MA_MA_MA_MA_Material_001" />
						</Appearance>
						<IndexedFaceSet solid="false"
						                texCoordIndex="0 1 2 -1 3 4 5 -1 6 7 8 -1 9 10 11 -1 12 13 14 -1 15 16 17 -1 18 19 20 -1 21 22 23 -1 24 25 26 -1 27 28 29 -1 30 31 32 -1 33 34 35 -1 36 37 38 -1 39 40 41 -1 42 43 44 -1 45 46 47 -1 48 49 50 -1 51 52 53 -1 54 55 56 -1 57 58 59 -1 60 61 62 -1 63 64 65 -1 66 67 68 -1 69 70 71 -1 72 73 74 -1 75 76 77 -1 78 79 80 -1 81 82 83 -1 84 85 86 -1 87 88 89 -1 90 91 92 93 94 95 96 97 98 99 100 101 102 103 104 105 106 107 108 109 110 111 112 113 114 115 116 117 118 119 120 121 -1 122 123 124 -1 125 126 127 -1 "
						                coordIndex="0 32 1 -1 1 32 2 -1 2 32 3 -1 3 32 4 -1 4 32 5 -1 5 32 6 -1 6 32 7 -1 7 32 8 -1 8 32 9 -1 9 32 10 -1 10 32 11 -1 11 32 12 -1 12 32 13 -1 13 32 14 -1 14 32 15 -1 15 32 16 -1 16 32 17 -1 17 32 18 -1 18 32 19 -1 19 32 20 -1 20 32 21 -1 21 32 22 -1 22 32 23 -1 23 32 24 -1 24 32 25 -1 25 32 26 -1 26 32 27 -1 27 32 28 -1 28 32 29 -1 29 32 30 -1 0 1 2 3 4 5 6 7 8 9 10 11 12 13 14 15 16 17 18 19 20 21 22 23 24 25 26 27 28 29 30 31 -1 30 32 31 -1 31 32 0 -1 "
						                >
							<Coordinate DEF="coords_ME_Shape_IndexedFaceSet_007"
							            point="0.000000 1.000000 -1.000000 0.195090 0.980785 -1.000000 0.382683 0.923880 -1.000000 0.555570 0.831470 -1.000000 0.707107 0.707107 -1.000000 0.831470 0.555570 -1.000000 0.923880 0.382683 -1.000000 0.980785 0.195090 -1.000000 1.000000 0.000000 -1.000000 0.980785 -0.195090 -1.000000 0.923880 -0.382683 -1.000000 0.831470 -0.555570 -1.000000 0.707107 -0.707107 -1.000000 0.555570 -0.831470 -1.000000 0.382683 -0.923880 -1.000000 0.195090 -0.980785 -1.000000 0.000000 -1.000000 -1.000000 -0.195090 -0.980785 -1.000000 -0.382683 -0.923880 -1.000000 -0.555570 -0.831470 -1.000000 -0.707107 -0.707107 -1.000000 -0.831470 -0.555570 -1.000000 -0.923880 -0.382683 -1.000000 -0.980785 -0.195090 -1.000000 -1.000000 0.000000 -1.000000 -0.980785 0.195090 -1.000000 -0.923880 0.382683 -1.000000 -0.831470 0.555570 -1.000000 -0.707107 0.707107 -1.000000 -0.555570 0.831470 -1.000000 -0.382683 0.923880 -1.000000 -0.195090 0.980785 -1.000000 0.000000 0.000000 1.000000 "
							            />
							<TextureCoordinate point="0.2500 0.4900 0.2500 0.2500 0.2968 0.4854 0.2968 0.4854 0.2500 0.2500 0.3418 0.4717 0.3418 0.4717 0.2500 0.2500 0.3833 0.4496 0.3833 0.4496 0.2500 0.2500 0.4197 0.4197 0.4197 0.4197 0.2500 0.2500 0.4496 0.3833 0.4496 0.3833 0.2500 0.2500 0.4717 0.3418 0.4717 0.3418 0.2500 0.2500 0.4854 0.2968 0.4854 0.2968 0.2500 0.2500 0.4900 0.2500 0.4900 0.2500 0.2500 0.2500 0.4854 0.2032 0.4854 0.2032 0.2500 0.2500 0.4717 0.1582 0.4717 0.1582 0.2500 0.2500 0.4496 0.1167 0.4496 0.1167 0.2500 0.2500 0.4197 0.0803 0.4197 0.0803 0.2500 0.2500 0.3833 0.0504 0.3833 0.0504 0.2500 0.2500 0.3418 0.0283 0.3418 0.0283 0.2500 0.2500 0.2968 0.0146 0.2968 0.0146 0.2500 0.2500 0.2500 0.0100 0.2500 0.0100 0.2500 0.2500 0.2032 0.0146 0.2032 0.0146 0.2500 0.2500 0.1582 0.0283 0.1582 0.0283 0.2500 0.2500 0.1167 0.0504 0.1167 0.0504 0.2500 0.2500 0.0803 0.0803 0.0803 0.0803 0.2500 0.2500 0.0504 0.1167 0.0504 0.1167 0.2500 0.2500 0.0283 0.1582 0.0283 0.1582 0.2500 0.2500 0.0146 0.2032 0.0146 0.2032 0.2500 0.2500 0.0100 0.2500 0.0100 0.2500 0.2500 0.2500 0.0146 0.2968 0.0146 0.2968 0.2500 0.2500 0.0283 0.3418 0.0283 0.3418 0.2500 0.2500 0.0504 0.3833 0.0504 0.3833 0.2500 0.2500 0.0803 0.4197 0.0803 0.4197 0.2500 0.2500 0.1167 0.4496 0.1167 0.4496 0.2500 0.2500 0.1582 0.4717 0.7500 0.4900 0.7968 0.4854 0.8418 0.4717 0.8833 0.4496 0.9197 0.4197 0.9496 0.3833 0.9717 0.3418 0.9854 0.2968 0.9900 0.2500 0.9854 0.2032 0.9717 0.1582 0.9496 0.1167 0.9197 0.0803 0.8833 0.0504 0.8418 0.0283 0.7968 0.0146 0.7500 0.0100 0.7032 0.0146 0.6582 0.0283 0.6167 0.0504 0.5803 0.0803 0.5504 0.1167 0.5283 0.1582 0.5146 0.2032 0.5100 0.2500 0.5146 0.2968 0.5283 0.3418 0.5504 0.3833 0.5803 0.4197 0.6167 0.4496 0.6582 0.4717 0.7032 0.4854 0.1582 0.4717 0.2500 0.2500 0.2032 0.4854 0.2032 0.4854 0.2500 0.2500 0.2500 0.4900 " />
						</IndexedFaceSet>
					</Shape>
				</Group>
			</Transform>
		</Transform>
		<Transform DEF="Shape_IndexedFaceSet_008_TRANSFORM"
		           translation="-55.340858 -4.206702 32.759491"
		           scale="19.065832 19.065832 20.990700"
		           rotation="-1.000000 0.000000 0.000000 1.570796"
		           >
			<Transform DEF="Shape_IndexedFaceSet_008_ifs_TRANSFORM"
			           translation="0.000000 -0.000000 -0.000000"
			           scale="1.000000 1.000000 1.000000"
			           rotation="0.000000 0.000000 0.000000 0.000000"
			           >
				<Group DEF="group_ME_Shape_IndexedFaceSet_008">
					<Shape>
						<Appearance>
							<Material USE="MA_MA_MA_MA_Material_001" />
						</Appearance>
						<IndexedFaceSet solid="false"
						                texCoordIndex="0 1 2 -1 3 4 5 -1 6 7 8 -1 9 10 11 -1 12 13 14 -1 15 16 17 -1 18 19 20 -1 21 22 23 -1 24 25 26 -1 27 28 29 -1 30 31 32 -1 33 34 35 -1 36 37 38 -1 39 40 41 -1 42 43 44 -1 45 46 47 -1 48 49 50 -1 51 52 53 -1 54 55 56 -1 57 58 59 -1 60 61 62 -1 63 64 65 -1 66 67 68 -1 69 70 71 -1 72 73 74 -1 75 76 77 -1 78 79 80 -1 81 82 83 -1 84 85 86 -1 87 88 89 -1 90 91 92 93 94 95 96 97 98 99 100 101 102 103 104 105 106 107 108 109 110 111 112 113 114 115 116 117 118 119 120 121 -1 122 123 124 -1 125 126 127 -1 "
						                coordIndex="0 32 1 -1 1 32 2 -1 2 32 3 -1 3 32 4 -1 4 32 5 -1 5 32 6 -1 6 32 7 -1 7 32 8 -1 8 32 9 -1 9 32 10 -1 10 32 11 -1 11 32 12 -1 12 32 13 -1 13 32 14 -1 14 32 15 -1 15 32 16 -1 16 32 17 -1 17 32 18 -1 18 32 19 -1 19 32 20 -1 20 32 21 -1 21 32 22 -1 22 32 23 -1 23 32 24 -1 24 32 25 -1 25 32 26 -1 26 32 27 -1 27 32 28 -1 28 32 29 -1 29 32 30 -1 0 1 2 3 4 5 6 7 8 9 10 11 12 13 14 15 16 17 18 19 20 21 22 23 24 25 26 27 28 29 30 31 -1 30 32 31 -1 31 32 0 -1 "
						                >
							<Coordinate DEF="coords_ME_Shape_IndexedFaceSet_008"
							            point="0.000000 1.000000 -1.000000 0.195090 0.980785 -1.000000 0.382683 0.923880 -1.000000 0.555570 0.831470 -1.000000 0.707107 0.707107 -1.000000 0.831470 0.555570 -1.000000 0.923880 0.382683 -1.000000 0.980785 0.195090 -1.000000 1.000000 0.000000 -1.000000 0.980785 -0.195090 -1.000000 0.923880 -0.382683 -1.000000 0.831470 -0.555570 -1.000000 0.707107 -0.707107 -1.000000 0.555570 -0.831470 -1.000000 0.382683 -0.923880 -1.000000 0.195090 -0.980785 -1.000000 0.000000 -1.000000 -1.000000 -0.195090 -0.980785 -1.000000 -0.382683 -0.923880 -1.000000 -0.555570 -0.831470 -1.000000 -0.707107 -0.707107 -1.000000 -0.831470 -0.555570 -1.000000 -0.923880 -0.382683 -1.000000 -0.980785 -0.195090 -1.000000 -1.000000 0.000000 -1.000000 -0.980785 0.195090 -1.000000 -0.923880 0.382683 -1.000000 -0.831470 0.555570 -1.000000 -0.707107 0.707107 -1.000000 -0.555570 0.831470 -1.000000 -0.382683 0.923880 -1.000000 -0.195090 0.980785 -1.000000 0.000000 0.000000 1.000000 "
							            />
							<TextureCoordinate point="0.2500 0.4900 0.2500 0.2500 0.2968 0.4854 0.2968 0.4854 0.2500 0.2500 0.3418 0.4717 0.3418 0.4717 0.2500 0.2500 0.3833 0.4496 0.3833 0.4496 0.2500 0.2500 0.4197 0.4197 0.4197 0.4197 0.2500 0.2500 0.4496 0.3833 0.4496 0.3833 0.2500 0.2500 0.4717 0.3418 0.4717 0.3418 0.2500 0.2500 0.4854 0.2968 0.4854 0.2968 0.2500 0.2500 0.4900 0.2500 0.4900 0.2500 0.2500 0.2500 0.4854 0.2032 0.4854 0.2032 0.2500 0.2500 0.4717 0.1582 0.4717 0.1582 0.2500 0.2500 0.4496 0.1167 0.4496 0.1167 0.2500 0.2500 0.4197 0.0803 0.4197 0.0803 0.2500 0.2500 0.3833 0.0504 0.3833 0.0504 0.2500 0.2500 0.3418 0.0283 0.3418 0.0283 0.2500 0.2500 0.2968 0.0146 0.2968 0.0146 0.2500 0.2500 0.2500 0.0100 0.2500 0.0100 0.2500 0.2500 0.2032 0.0146 0.2032 0.0146 0.2500 0.2500 0.1582 0.0283 0.1582 0.0283 0.2500 0.2500 0.1167 0.0504 0.1167 0.0504 0.2500 0.2500 0.0803 0.0803 0.0803 0.0803 0.2500 0.2500 0.0504 0.1167 0.0504 0.1167 0.2500 0.2500 0.0283 0.1582 0.0283 0.1582 0.2500 0.2500 0.0146 0.2032 0.0146 0.2032 0.2500 0.2500 0.0100 0.2500 0.0100 0.2500 0.2500 0.2500 0.0146 0.2968 0.0146 0.2968 0.2500 0.2500 0.0283 0.3418 0.0283 0.3418 0.2500 0.2500 0.0504 0.3833 0.0504 0.3833 0.2500 0.2500 0.0803 0.4197 0.0803 0.4197 0.2500 0.2500 0.1167 0.4496 0.1167 0.4496 0.2500 0.2500 0.1582 0.4717 0.7500 0.4900 0.7968 0.4854 0.8418 0.4717 0.8833 0.4496 0.9197 0.4197 0.9496 0.3833 0.9717 0.3418 0.9854 0.2968 0.9900 0.2500 0.9854 0.2032 0.9717 0.1582 0.9496 0.1167 0.9197 0.0803 0.8833 0.0504 0.8418 0.0283 0.7968 0.0146 0.7500 0.0100 0.7032 0.0146 0.6582 0.0283 0.6167 0.0504 0.5803 0.0803 0.5504 0.1167 0.5283 0.1582 0.5146 0.2032 0.5100 0.2500 0.5146 0.2968 0.5283 0.3418 0.5504 0.3833 0.5803 0.4197 0.6167 0.4496 0.6582 0.4717 0.7032 0.4854 0.1582 0.4717 0.2500 0.2500 0.2032 0.4854 0.2032 0.4854 0.2500 0.2500 0.2500 0.4900 " />
						</IndexedFaceSet>
					</Shape>
				</Group>
			</Transform>
		</Transform>
		<Transform DEF="Shape_IndexedFaceSet_009_TRANSFORM"
		           translation="-69.527000 -0.703430 -173.910538"
		           scale="25.603350 25.603350 28.188238"
		           rotation="-1.000000 0.000000 0.000000 1.570796"
		           >
			<Transform DEF="Shape_IndexedFaceSet_009_ifs_TRANSFORM"
			           translation="0.000000 0.000000 -0.000000"
			           scale="1.000000 1.000000 1.000000"
			           rotation="-0.000000 0.000000 0.000000 0.000000"
			           >
				<Group DEF="group_ME_Shape_IndexedFaceSet_009">
					<Shape>
						<Appearance>
							<Material USE="MA_MA_MA_MA_Material_001" />
						</Appearance>
						<IndexedFaceSet solid="false"
						                texCoordIndex="0 1 2 -1 3 4 5 -1 6 7 8 -1 9 10 11 -1 12 13 14 -1 15 16 17 -1 18 19 20 -1 21 22 23 -1 24 25 26 -1 27 28 29 -1 30 31 32 -1 33 34 35 -1 36 37 38 -1 39 40 41 -1 42 43 44 -1 45 46 47 -1 48 49 50 -1 51 52 53 -1 54 55 56 -1 57 58 59 -1 60 61 62 -1 63 64 65 -1 66 67 68 -1 69 70 71 -1 72 73 74 -1 75 76 77 -1 78 79 80 -1 81 82 83 -1 84 85 86 -1 87 88 89 -1 90 91 92 93 94 95 96 97 98 99 100 101 102 103 104 105 106 107 108 109 110 111 112 113 114 115 116 117 118 119 120 121 -1 122 123 124 -1 125 126 127 -1 "
						                coordIndex="0 32 1 -1 1 32 2 -1 2 32 3 -1 3 32 4 -1 4 32 5 -1 5 32 6 -1 6 32 7 -1 7 32 8 -1 8 32 9 -1 9 32 10 -1 10 32 11 -1 11 32 12 -1 12 32 13 -1 13 32 14 -1 14 32 15 -1 15 32 16 -1 16 32 17 -1 17 32 18 -1 18 32 19 -1 19 32 20 -1 20 32 21 -1 21 32 22 -1 22 32 23 -1 23 32 24 -1 24 32 25 -1 25 32 26 -1 26 32 27 -1 27 32 28 -1 28 32 29 -1 29 32 30 -1 0 1 2 3 4 5 6 7 8 9 10 11 12 13 14 15 16 17 18 19 20 21 22 23 24 25 26 27 28 29 30 31 -1 30 32 31 -1 31 32 0 -1 "
						                >
							<Coordinate DEF="coords_ME_Shape_IndexedFaceSet_009"
							            point="0.000000 1.000000 -1.000000 0.195090 0.980785 -1.000000 0.382683 0.923880 -1.000000 0.555570 0.831470 -1.000000 0.707107 0.707107 -1.000000 0.831470 0.555570 -1.000000 0.923880 0.382683 -1.000000 0.980785 0.195090 -1.000000 1.000000 0.000000 -1.000000 0.980785 -0.195090 -1.000000 0.923880 -0.382683 -1.000000 0.831470 -0.555570 -1.000000 0.707107 -0.707107 -1.000000 0.555570 -0.831470 -1.000000 0.382683 -0.923880 -1.000000 0.195090 -0.980785 -1.000000 0.000000 -1.000000 -1.000000 -0.195090 -0.980785 -1.000000 -0.382683 -0.923880 -1.000000 -0.555570 -0.831470 -1.000000 -0.707107 -0.707107 -1.000000 -0.831470 -0.555570 -1.000000 -0.923880 -0.382683 -1.000000 -0.980785 -0.195090 -1.000000 -1.000000 0.000000 -1.000000 -0.980785 0.195090 -1.000000 -0.923880 0.382683 -1.000000 -0.831470 0.555570 -1.000000 -0.707107 0.707107 -1.000000 -0.555570 0.831470 -1.000000 -0.382683 0.923880 -1.000000 -0.195090 0.980785 -1.000000 0.000000 0.000000 1.000000 "
							            />
							<TextureCoordinate point="0.2500 0.4900 0.2500 0.2500 0.2968 0.4854 0.2968 0.4854 0.2500 0.2500 0.3418 0.4717 0.3418 0.4717 0.2500 0.2500 0.3833 0.4496 0.3833 0.4496 0.2500 0.2500 0.4197 0.4197 0.4197 0.4197 0.2500 0.2500 0.4496 0.3833 0.4496 0.3833 0.2500 0.2500 0.4717 0.3418 0.4717 0.3418 0.2500 0.2500 0.4854 0.2968 0.4854 0.2968 0.2500 0.2500 0.4900 0.2500 0.4900 0.2500 0.2500 0.2500 0.4854 0.2032 0.4854 0.2032 0.2500 0.2500 0.4717 0.1582 0.4717 0.1582 0.2500 0.2500 0.4496 0.1167 0.4496 0.1167 0.2500 0.2500 0.4197 0.0803 0.4197 0.0803 0.2500 0.2500 0.3833 0.0504 0.3833 0.0504 0.2500 0.2500 0.3418 0.0283 0.3418 0.0283 0.2500 0.2500 0.2968 0.0146 0.2968 0.0146 0.2500 0.2500 0.2500 0.0100 0.2500 0.0100 0.2500 0.2500 0.2032 0.0146 0.2032 0.0146 0.2500 0.2500 0.1582 0.0283 0.1582 0.0283 0.2500 0.2500 0.1167 0.0504 0.1167 0.0504 0.2500 0.2500 0.0803 0.0803 0.0803 0.0803 0.2500 0.2500 0.0504 0.1167 0.0504 0.1167 0.2500 0.2500 0.0283 0.1582 0.0283 0.1582 0.2500 0.2500 0.0146 0.2032 0.0146 0.2032 0.2500 0.2500 0.0100 0.2500 0.0100 0.2500 0.2500 0.2500 0.0146 0.2968 0.0146 0.2968 0.2500 0.2500 0.0283 0.3418 0.0283 0.3418 0.2500 0.2500 0.0504 0.3833 0.0504 0.3833 0.2500 0.2500 0.0803 0.4197 0.0803 0.4197 0.2500 0.2500 0.1167 0.4496 0.1167 0.4496 0.2500 0.2500 0.1582 0.4717 0.7500 0.4900 0.7968 0.4854 0.8418 0.4717 0.8833 0.4496 0.9197 0.4197 0.9496 0.3833 0.9717 0.3418 0.9854 0.2968 0.9900 0.2500 0.9854 0.2032 0.9717 0.1582 0.9496 0.1167 0.9197 0.0803 0.8833 0.0504 0.8418 0.0283 0.7968 0.0146 0.7500 0.0100 0.7032 0.0146 0.6582 0.0283 0.6167 0.0504 0.5803 0.0803 0.5504 0.1167 0.5283 0.1582 0.5146 0.2032 0.5100 0.2500 0.5146 0.2968 0.5283 0.3418 0.5504 0.3833 0.5803 0.4197 0.6167 0.4496 0.6582 0.4717 0.7032 0.4854 0.1582 0.4717 0.2500 0.2500 0.2032 0.4854 0.2032 0.4854 0.2500 0.2500 0.2500 0.4900 " />
						</IndexedFaceSet>
					</Shape>
				</Group>
			</Transform>
		</Transform>
		<Transform DEF="Shape_IndexedFaceSet_010_TRANSFORM"
		           translation="-55.764244 2.484389 -48.407379"
		           scale="17.933174 19.391443 28.188238"
		           rotation="-1.000000 0.000000 0.000000 1.570796"
		           >
			<Transform DEF="Shape_IndexedFaceSet_010_ifs_TRANSFORM"
			           translation="0.000000 0.000000 0.000000"
			           scale="1.000000 1.000000 1.000000"
			           rotation="0.000000 0.000000 0.000000 0.000000"
			           >
				<Group DEF="group_ME_Shape_IndexedFaceSet_010">
					<Shape>
						<Appearance>
							<Material USE="MA_MA_MA_MA_Material_001" />
						</Appearance>
						<IndexedFaceSet solid="false"
						                texCoordIndex="0 1 2 -1 3 4 5 -1 6 7 8 -1 9 10 11 -1 12 13 14 -1 15 16 17 -1 18 19 20 -1 21 22 23 -1 24 25 26 -1 27 28 29 -1 30 31 32 -1 33 34 35 -1 36 37 38 -1 39 40 41 -1 42 43 44 -1 45 46 47 -1 48 49 50 -1 51 52 53 -1 54 55 56 -1 57 58 59 -1 60 61 62 -1 63 64 65 -1 66 67 68 -1 69 70 71 -1 72 73 74 -1 75 76 77 -1 78 79 80 -1 81 82 83 -1 84 85 86 -1 87 88 89 -1 90 91 92 93 94 95 96 97 98 99 100 101 102 103 104 105 106 107 108 109 110 111 112 113 114 115 116 117 118 119 120 121 -1 122 123 124 -1 125 126 127 -1 "
						                coordIndex="0 32 1 -1 1 32 2 -1 2 32 3 -1 3 32 4 -1 4 32 5 -1 5 32 6 -1 6 32 7 -1 7 32 8 -1 8 32 9 -1 9 32 10 -1 10 32 11 -1 11 32 12 -1 12 32 13 -1 13 32 14 -1 14 32 15 -1 15 32 16 -1 16 32 17 -1 17 32 18 -1 18 32 19 -1 19 32 20 -1 20 32 21 -1 21 32 22 -1 22 32 23 -1 23 32 24 -1 24 32 25 -1 25 32 26 -1 26 32 27 -1 27 32 28 -1 28 32 29 -1 29 32 30 -1 0 1 2 3 4 5 6 7 8 9 10 11 12 13 14 15 16 17 18 19 20 21 22 23 24 25 26 27 28 29 30 31 -1 30 32 31 -1 31 32 0 -1 "
						                >
							<Coordinate DEF="coords_ME_Shape_IndexedFaceSet_010"
							            point="0.000000 1.000000 -1.000000 0.195090 0.980785 -1.000000 0.382683 0.923880 -1.000000 0.555570 0.831470 -1.000000 0.707107 0.707107 -1.000000 0.831470 0.555570 -1.000000 0.923880 0.382683 -1.000000 0.980785 0.195090 -1.000000 1.000000 0.000000 -1.000000 0.980785 -0.195090 -1.000000 0.923880 -0.382683 -1.000000 0.831470 -0.555570 -1.000000 0.707107 -0.707107 -1.000000 0.555570 -0.831470 -1.000000 0.382683 -0.923880 -1.000000 0.195090 -0.980785 -1.000000 0.000000 -1.000000 -1.000000 -0.195090 -0.980785 -1.000000 -0.382683 -0.923880 -1.000000 -0.555570 -0.831470 -1.000000 -0.707107 -0.707107 -1.000000 -0.831470 -0.555570 -1.000000 -0.923880 -0.382683 -1.000000 -0.980785 -0.195090 -1.000000 -1.000000 0.000000 -1.000000 -0.980785 0.195090 -1.000000 -0.923880 0.382683 -1.000000 -0.831470 0.555570 -1.000000 -0.707107 0.707107 -1.000000 -0.555570 0.831470 -1.000000 -0.382683 0.923880 -1.000000 -0.195090 0.980785 -1.000000 0.000000 0.000000 1.000000 "
							            />
							<TextureCoordinate point="0.2500 0.4900 0.2500 0.2500 0.2968 0.4854 0.2968 0.4854 0.2500 0.2500 0.3418 0.4717 0.3418 0.4717 0.2500 0.2500 0.3833 0.4496 0.3833 0.4496 0.2500 0.2500 0.4197 0.4197 0.4197 0.4197 0.2500 0.2500 0.4496 0.3833 0.4496 0.3833 0.2500 0.2500 0.4717 0.3418 0.4717 0.3418 0.2500 0.2500 0.4854 0.2968 0.4854 0.2968 0.2500 0.2500 0.4900 0.2500 0.4900 0.2500 0.2500 0.2500 0.4854 0.2032 0.4854 0.2032 0.2500 0.2500 0.4717 0.1582 0.4717 0.1582 0.2500 0.2500 0.4496 0.1167 0.4496 0.1167 0.2500 0.2500 0.4197 0.0803 0.4197 0.0803 0.2500 0.2500 0.3833 0.0504 0.3833 0.0504 0.2500 0.2500 0.3418 0.0283 0.3418 0.0283 0.2500 0.2500 0.2968 0.0146 0.2968 0.0146 0.2500 0.2500 0.2500 0.0100 0.2500 0.0100 0.2500 0.2500 0.2032 0.0146 0.2032 0.0146 0.2500 0.2500 0.1582 0.0283 0.1582 0.0283 0.2500 0.2500 0.1167 0.0504 0.1167 0.0504 0.2500 0.2500 0.0803 0.0803 0.0803 0.0803 0.2500 0.2500 0.0504 0.1167 0.0504 0.1167 0.2500 0.2500 0.0283 0.1582 0.0283 0.1582 0.2500 0.2500 0.0146 0.2032 0.0146 0.2032 0.2500 0.2500 0.0100 0.2500 0.0100 0.2500 0.2500 0.2500 0.0146 0.2968 0.0146 0.2968 0.2500 0.2500 0.0283 0.3418 0.0283 0.3418 0.2500 0.2500 0.0504 0.3833 0.0504 0.3833 0.2500 0.2500 0.0803 0.4197 0.0803 0.4197 0.2500 0.2500 0.1167 0.4496 0.1167 0.4496 0.2500 0.2500 0.1582 0.4717 0.7500 0.4900 0.7968 0.4854 0.8418 0.4717 0.8833 0.4496 0.9197 0.4197 0.9496 0.3833 0.9717 0.3418 0.9854 0.2968 0.9900 0.2500 0.9854 0.2032 0.9717 0.1582 0.9496 0.1167 0.9197 0.0803 0.8833 0.0504 0.8418 0.0283 0.7968 0.0146 0.7500 0.0100 0.7032 0.0146 0.6582 0.0283 0.6167 0.0504 0.5803 0.0803 0.5504 0.1167 0.5283 0.1582 0.5146 0.2032 0.5100 0.2500 0.5146 0.2968 0.5283 0.3418 0.5504 0.3833 0.5803 0.4197 0.6167 0.4496 0.6582 0.4717 0.7032 0.4854 0.1582 0.4717 0.2500 0.2500 0.2032 0.4854 0.2032 0.4854 0.2500 0.2500 0.2500 0.4900 " />
						</IndexedFaceSet>
					</Shape>
				</Group>
			</Transform>
		</Transform>
		<Transform DEF="Shape_IndexedFaceSet_011_TRANSFORM"
		           translation="-38.490562 -1.746994 -82.971176"
		           scale="21.401773 21.401773 23.562475"
		           rotation="-1.000000 0.000000 0.000000 1.570796"
		           >
			<Transform DEF="Shape_IndexedFaceSet_011_ifs_TRANSFORM"
			           translation="0.000000 -0.000000 -0.000000"
			           scale="1.000000 1.000000 1.000000"
			           rotation="0.000000 0.000000 0.000000 0.000000"
			           >
				<Group DEF="group_ME_Shape_IndexedFaceSet_011">
					<Shape>
						<Appearance>
							<Material USE="MA_MA_MA_MA_Material_001" />
						</Appearance>
						<IndexedFaceSet solid="false"
						                texCoordIndex="0 1 2 -1 3 4 5 -1 6 7 8 -1 9 10 11 -1 12 13 14 -1 15 16 17 -1 18 19 20 -1 21 22 23 -1 24 25 26 -1 27 28 29 -1 30 31 32 -1 33 34 35 -1 36 37 38 -1 39 40 41 -1 42 43 44 -1 45 46 47 -1 48 49 50 -1 51 52 53 -1 54 55 56 -1 57 58 59 -1 60 61 62 -1 63 64 65 -1 66 67 68 -1 69 70 71 -1 72 73 74 -1 75 76 77 -1 78 79 80 -1 81 82 83 -1 84 85 86 -1 87 88 89 -1 90 91 92 93 94 95 96 97 98 99 100 101 102 103 104 105 106 107 108 109 110 111 112 113 114 115 116 117 118 119 120 121 -1 122 123 124 -1 125 126 127 -1 "
						                coordIndex="0 32 1 -1 1 32 2 -1 2 32 3 -1 3 32 4 -1 4 32 5 -1 5 32 6 -1 6 32 7 -1 7 32 8 -1 8 32 9 -1 9 32 10 -1 10 32 11 -1 11 32 12 -1 12 32 13 -1 13 32 14 -1 14 32 15 -1 15 32 16 -1 16 32 17 -1 17 32 18 -1 18 32 19 -1 19 32 20 -1 20 32 21 -1 21 32 22 -1 22 32 23 -1 23 32 24 -1 24 32 25 -1 25 32 26 -1 26 32 27 -1 27 32 28 -1 28 32 29 -1 29 32 30 -1 0 1 2 3 4 5 6 7 8 9 10 11 12 13 14 15 16 17 18 19 20 21 22 23 24 25 26 27 28 29 30 31 -1 30 32 31 -1 31 32 0 -1 "
						                >
							<Coordinate DEF="coords_ME_Shape_IndexedFaceSet_011"
							            point="0.000000 1.000000 -1.000000 0.195090 0.980785 -1.000000 0.382683 0.923880 -1.000000 0.555570 0.831470 -1.000000 0.707107 0.707107 -1.000000 0.831470 0.555570 -1.000000 0.923880 0.382683 -1.000000 0.980785 0.195090 -1.000000 1.000000 0.000000 -1.000000 0.980785 -0.195090 -1.000000 0.923880 -0.382683 -1.000000 0.831470 -0.555570 -1.000000 0.707107 -0.707107 -1.000000 0.555570 -0.831470 -1.000000 0.382683 -0.923880 -1.000000 0.195090 -0.980785 -1.000000 0.000000 -1.000000 -1.000000 -0.195090 -0.980785 -1.000000 -0.382683 -0.923880 -1.000000 -0.555570 -0.831470 -1.000000 -0.707107 -0.707107 -1.000000 -0.831470 -0.555570 -1.000000 -0.923880 -0.382683 -1.000000 -0.980785 -0.195090 -1.000000 -1.000000 0.000000 -1.000000 -0.980785 0.195090 -1.000000 -0.923880 0.382683 -1.000000 -0.831470 0.555570 -1.000000 -0.707107 0.707107 -1.000000 -0.555570 0.831470 -1.000000 -0.382683 0.923880 -1.000000 -0.195090 0.980785 -1.000000 0.000000 0.000000 1.000000 "
							            />
							<TextureCoordinate point="0.2500 0.4900 0.2500 0.2500 0.2968 0.4854 0.2968 0.4854 0.2500 0.2500 0.3418 0.4717 0.3418 0.4717 0.2500 0.2500 0.3833 0.4496 0.3833 0.4496 0.2500 0.2500 0.4197 0.4197 0.4197 0.4197 0.2500 0.2500 0.4496 0.3833 0.4496 0.3833 0.2500 0.2500 0.4717 0.3418 0.4717 0.3418 0.2500 0.2500 0.4854 0.2968 0.4854 0.2968 0.2500 0.2500 0.4900 0.2500 0.4900 0.2500 0.2500 0.2500 0.4854 0.2032 0.4854 0.2032 0.2500 0.2500 0.4717 0.1582 0.4717 0.1582 0.2500 0.2500 0.4496 0.1167 0.4496 0.1167 0.2500 0.2500 0.4197 0.0803 0.4197 0.0803 0.2500 0.2500 0.3833 0.0504 0.3833 0.0504 0.2500 0.2500 0.3418 0.0283 0.3418 0.0283 0.2500 0.2500 0.2968 0.0146 0.2968 0.0146 0.2500 0.2500 0.2500 0.0100 0.2500 0.0100 0.2500 0.2500 0.2032 0.0146 0.2032 0.0146 0.2500 0.2500 0.1582 0.0283 0.1582 0.0283 0.2500 0.2500 0.1167 0.0504 0.1167 0.0504 0.2500 0.2500 0.0803 0.0803 0.0803 0.0803 0.2500 0.2500 0.0504 0.1167 0.0504 0.1167 0.2500 0.2500 0.0283 0.1582 0.0283 0.1582 0.2500 0.2500 0.0146 0.2032 0.0146 0.2032 0.2500 0.2500 0.0100 0.2500 0.0100 0.2500 0.2500 0.2500 0.0146 0.2968 0.0146 0.2968 0.2500 0.2500 0.0283 0.3418 0.0283 0.3418 0.2500 0.2500 0.0504 0.3833 0.0504 0.3833 0.2500 0.2500 0.0803 0.4197 0.0803 0.4197 0.2500 0.2500 0.1167 0.4496 0.1167 0.4496 0.2500 0.2500 0.1582 0.4717 0.7500 0.4900 0.7968 0.4854 0.8418 0.4717 0.8833 0.4496 0.9197 0.4197 0.9496 0.3833 0.9717 0.3418 0.9854 0.2968 0.9900 0.2500 0.9854 0.2032 0.9717 0.1582 0.9496 0.1167 0.9197 0.0803 0.8833 0.0504 0.8418 0.0283 0.7968 0.0146 0.7500 0.0100 0.7032 0.0146 0.6582 0.0283 0.6167 0.0504 0.5803 0.0803 0.5504 0.1167 0.5283 0.1582 0.5146 0.2032 0.5100 0.2500 0.5146 0.2968 0.5283 0.3418 0.5504 0.3833 0.5803 0.4197 0.6167 0.4496 0.6582 0.4717 0.7032 0.4854 0.1582 0.4717 0.2500 0.2500 0.2032 0.4854 0.2032 0.4854 0.2500 0.2500 0.2500 0.4900 " />
						</IndexedFaceSet>
					</Shape>
				</Group>
			</Transform>
		</Transform>
		<Transform DEF="Shape_IndexedFaceSet_012_TRANSFORM"
		           translation="-59.266178 7.940963 -132.914581"
		           scale="25.603350 22.554020 35.394432"
		           rotation="-1.000000 0.000000 0.000000 1.570796"
		           >
			<Transform DEF="Shape_IndexedFaceSet_012_ifs_TRANSFORM"
			           translation="0.000000 0.000000 -0.000000"
			           scale="1.000000 1.000000 1.000000"
			           rotation="0.000000 1.000000 0.000000 0.000000"
			           >
				<Group DEF="group_ME_Shape_IndexedFaceSet_012">
					<Shape>
						<Appearance>
							<Material USE="MA_MA_MA_MA_Material_001" />
						</Appearance>
						<IndexedFaceSet solid="false"
						                texCoordIndex="0 1 2 -1 3 4 5 -1 6 7 8 -1 9 10 11 -1 12 13 14 -1 15 16 17 -1 18 19 20 -1 21 22 23 -1 24 25 26 -1 27 28 29 -1 30 31 32 -1 33 34 35 -1 36 37 38 -1 39 40 41 -1 42 43 44 -1 45 46 47 -1 48 49 50 -1 51 52 53 -1 54 55 56 -1 57 58 59 -1 60 61 62 -1 63 64 65 -1 66 67 68 -1 69 70 71 -1 72 73 74 -1 75 76 77 -1 78 79 80 -1 81 82 83 -1 84 85 86 -1 87 88 89 -1 90 91 92 93 94 95 96 97 98 99 100 101 102 103 104 105 106 107 108 109 110 111 112 113 114 115 116 117 118 119 120 121 -1 122 123 124 -1 125 126 127 -1 "
						                coordIndex="0 32 1 -1 1 32 2 -1 2 32 3 -1 3 32 4 -1 4 32 5 -1 5 32 6 -1 6 32 7 -1 7 32 8 -1 8 32 9 -1 9 32 10 -1 10 32 11 -1 11 32 12 -1 12 32 13 -1 13 32 14 -1 14 32 15 -1 15 32 16 -1 16 32 17 -1 17 32 18 -1 18 32 19 -1 19 32 20 -1 20 32 21 -1 21 32 22 -1 22 32 23 -1 23 32 24 -1 24 32 25 -1 25 32 26 -1 26 32 27 -1 27 32 28 -1 28 32 29 -1 29 32 30 -1 0 1 2 3 4 5 6 7 8 9 10 11 12 13 14 15 16 17 18 19 20 21 22 23 24 25 26 27 28 29 30 31 -1 30 32 31 -1 31 32 0 -1 "
						                >
							<Coordinate DEF="coords_ME_Shape_IndexedFaceSet_012"
							            point="0.000000 1.000000 -1.000000 0.195090 0.980785 -1.000000 0.382683 0.923880 -1.000000 0.555570 0.831470 -1.000000 0.707107 0.707107 -1.000000 0.831470 0.555570 -1.000000 0.923880 0.382683 -1.000000 0.980785 0.195090 -1.000000 1.000000 0.000000 -1.000000 0.980785 -0.195090 -1.000000 0.923880 -0.382683 -1.000000 0.831470 -0.555570 -1.000000 0.707107 -0.707107 -1.000000 0.555570 -0.831470 -1.000000 0.382683 -0.923880 -1.000000 0.195090 -0.980785 -1.000000 0.000000 -1.000000 -1.000000 -0.195090 -0.980785 -1.000000 -0.382683 -0.923880 -1.000000 -0.555570 -0.831470 -1.000000 -0.707107 -0.707107 -1.000000 -0.831470 -0.555570 -1.000000 -0.923880 -0.382683 -1.000000 -0.980785 -0.195090 -1.000000 -1.000000 0.000000 -1.000000 -0.980785 0.195090 -1.000000 -0.923880 0.382683 -1.000000 -0.831470 0.555570 -1.000000 -0.707107 0.707107 -1.000000 -0.555570 0.831470 -1.000000 -0.382683 0.923880 -1.000000 -0.195090 0.980785 -1.000000 0.000000 0.000000 1.000000 "
							            />
							<TextureCoordinate point="0.2500 0.4900 0.2500 0.2500 0.2968 0.4854 0.2968 0.4854 0.2500 0.2500 0.3418 0.4717 0.3418 0.4717 0.2500 0.2500 0.3833 0.4496 0.3833 0.4496 0.2500 0.2500 0.4197 0.4197 0.4197 0.4197 0.2500 0.2500 0.4496 0.3833 0.4496 0.3833 0.2500 0.2500 0.4717 0.3418 0.4717 0.3418 0.2500 0.2500 0.4854 0.2968 0.4854 0.2968 0.2500 0.2500 0.4900 0.2500 0.4900 0.2500 0.2500 0.2500 0.4854 0.2032 0.4854 0.2032 0.2500 0.2500 0.4717 0.1582 0.4717 0.1582 0.2500 0.2500 0.4496 0.1167 0.4496 0.1167 0.2500 0.2500 0.4197 0.0803 0.4197 0.0803 0.2500 0.2500 0.3833 0.0504 0.3833 0.0504 0.2500 0.2500 0.3418 0.0283 0.3418 0.0283 0.2500 0.2500 0.2968 0.0146 0.2968 0.0146 0.2500 0.2500 0.2500 0.0100 0.2500 0.0100 0.2500 0.2500 0.2032 0.0146 0.2032 0.0146 0.2500 0.2500 0.1582 0.0283 0.1582 0.0283 0.2500 0.2500 0.1167 0.0504 0.1167 0.0504 0.2500 0.2500 0.0803 0.0803 0.0803 0.0803 0.2500 0.2500 0.0504 0.1167 0.0504 0.1167 0.2500 0.2500 0.0283 0.1582 0.0283 0.1582 0.2500 0.2500 0.0146 0.2032 0.0146 0.2032 0.2500 0.2500 0.0100 0.2500 0.0100 0.2500 0.2500 0.2500 0.0146 0.2968 0.0146 0.2968 0.2500 0.2500 0.0283 0.3418 0.0283 0.3418 0.2500 0.2500 0.0504 0.3833 0.0504 0.3833 0.2500 0.2500 0.0803 0.4197 0.0803 0.4197 0.2500 0.2500 0.1167 0.4496 0.1167 0.4496 0.2500 0.2500 0.1582 0.4717 0.7500 0.4900 0.7968 0.4854 0.8418 0.4717 0.8833 0.4496 0.9197 0.4197 0.9496 0.3833 0.9717 0.3418 0.9854 0.2968 0.9900 0.2500 0.9854 0.2032 0.9717 0.1582 0.9496 0.1167 0.9197 0.0803 0.8833 0.0504 0.8418 0.0283 0.7968 0.0146 0.7500 0.0100 0.7032 0.0146 0.6582 0.0283 0.6167 0.0504 0.5803 0.0803 0.5504 0.1167 0.5283 0.1582 0.5146 0.2032 0.5100 0.2500 0.5146 0.2968 0.5283 0.3418 0.5504 0.3833 0.5803 0.4197 0.6167 0.4496 0.6582 0.4717 0.7032 0.4854 0.1582 0.4717 0.2500 0.2500 0.2032 0.4854 0.2032 0.4854 0.2500 0.2500 0.2500 0.4900 " />
						</IndexedFaceSet>
					</Shape>
				</Group>
			</Transform>
		</Transform>
		<Transform DEF="Shape_IndexedFaceSet_013_TRANSFORM"
		           translation="-82.790382 0.893910 -225.386612"
		           scale="20.271994 21.087782 30.836790"
		           rotation="-1.000000 0.000000 0.000000 1.570796"
		           >
			<Transform DEF="Shape_IndexedFaceSet_013_ifs_TRANSFORM"
			           translation="0.000000 0.000000 0.000000"
			           scale="1.000000 1.000000 1.000000"
			           rotation="0.000000 0.000000 0.000000 0.000000"
			           >
				<Group DEF="group_ME_Shape_IndexedFaceSet_013">
					<Shape>
						<Appearance>
							<Material USE="MA_MA_MA_MA_Material_001" />
						</Appearance>
						<IndexedFaceSet solid="false"
						                texCoordIndex="0 1 2 -1 3 4 5 -1 6 7 8 -1 9 10 11 -1 12 13 14 -1 15 16 17 -1 18 19 20 -1 21 22 23 -1 24 25 26 -1 27 28 29 -1 30 31 32 -1 33 34 35 -1 36 37 38 -1 39 40 41 -1 42 43 44 -1 45 46 47 -1 48 49 50 -1 51 52 53 -1 54 55 56 -1 57 58 59 -1 60 61 62 -1 63 64 65 -1 66 67 68 -1 69 70 71 -1 72 73 74 -1 75 76 77 -1 78 79 80 -1 81 82 83 -1 84 85 86 -1 87 88 89 -1 90 91 92 93 94 95 96 97 98 99 100 101 102 103 104 105 106 107 108 109 110 111 112 113 114 115 116 117 118 119 120 121 -1 122 123 124 -1 125 126 127 -1 "
						                coordIndex="0 32 1 -1 1 32 2 -1 2 32 3 -1 3 32 4 -1 4 32 5 -1 5 32 6 -1 6 32 7 -1 7 32 8 -1 8 32 9 -1 9 32 10 -1 10 32 11 -1 11 32 12 -1 12 32 13 -1 13 32 14 -1 14 32 15 -1 15 32 16 -1 16 32 17 -1 17 32 18 -1 18 32 19 -1 19 32 20 -1 20 32 21 -1 21 32 22 -1 22 32 23 -1 23 32 24 -1 24 32 25 -1 25 32 26 -1 26 32 27 -1 27 32 28 -1 28 32 29 -1 29 32 30 -1 0 1 2 3 4 5 6 7 8 9 10 11 12 13 14 15 16 17 18 19 20 21 22 23 24 25 26 27 28 29 30 31 -1 30 32 31 -1 31 32 0 -1 "
						                >
							<Coordinate DEF="coords_ME_Shape_IndexedFaceSet_013"
							            point="0.000000 1.000000 -1.000000 0.195090 0.980785 -1.000000 0.382683 0.923880 -1.000000 0.555570 0.831470 -1.000000 0.707107 0.707107 -1.000000 0.831470 0.555570 -1.000000 0.923880 0.382683 -1.000000 0.980785 0.195090 -1.000000 1.000000 0.000000 -1.000000 0.980785 -0.195090 -1.000000 0.923880 -0.382683 -1.000000 0.831470 -0.555570 -1.000000 0.707107 -0.707107 -1.000000 0.555570 -0.831470 -1.000000 0.382683 -0.923880 -1.000000 0.195090 -0.980785 -1.000000 0.000000 -1.000000 -1.000000 -0.195090 -0.980785 -1.000000 -0.382683 -0.923880 -1.000000 -0.555570 -0.831470 -1.000000 -0.707107 -0.707107 -1.000000 -0.831470 -0.555570 -1.000000 -0.923880 -0.382683 -1.000000 -0.980785 -0.195090 -1.000000 -1.000000 0.000000 -1.000000 -0.980785 0.195090 -1.000000 -0.923880 0.382683 -1.000000 -0.831470 0.555570 -1.000000 -0.707107 0.707107 -1.000000 -0.555570 0.831470 -1.000000 -0.382683 0.923880 -1.000000 -0.195090 0.980785 -1.000000 0.000000 0.000000 1.000000 "
							            />
							<TextureCoordinate point="0.2500 0.4900 0.2500 0.2500 0.2968 0.4854 0.2968 0.4854 0.2500 0.2500 0.3418 0.4717 0.3418 0.4717 0.2500 0.2500 0.3833 0.4496 0.3833 0.4496 0.2500 0.2500 0.4197 0.4197 0.4197 0.4197 0.2500 0.2500 0.4496 0.3833 0.4496 0.3833 0.2500 0.2500 0.4717 0.3418 0.4717 0.3418 0.2500 0.2500 0.4854 0.2968 0.4854 0.2968 0.2500 0.2500 0.4900 0.2500 0.4900 0.2500 0.2500 0.2500 0.4854 0.2032 0.4854 0.2032 0.2500 0.2500 0.4717 0.1582 0.4717 0.1582 0.2500 0.2500 0.4496 0.1167 0.4496 0.1167 0.2500 0.2500 0.4197 0.0803 0.4197 0.0803 0.2500 0.2500 0.3833 0.0504 0.3833 0.0504 0.2500 0.2500 0.3418 0.0283 0.3418 0.0283 0.2500 0.2500 0.2968 0.0146 0.2968 0.0146 0.2500 0.2500 0.2500 0.0100 0.2500 0.0100 0.2500 0.2500 0.2032 0.0146 0.2032 0.0146 0.2500 0.2500 0.1582 0.0283 0.1582 0.0283 0.2500 0.2500 0.1167 0.0504 0.1167 0.0504 0.2500 0.2500 0.0803 0.0803 0.0803 0.0803 0.2500 0.2500 0.0504 0.1167 0.0504 0.1167 0.2500 0.2500 0.0283 0.1582 0.0283 0.1582 0.2500 0.2500 0.0146 0.2032 0.0146 0.2032 0.2500 0.2500 0.0100 0.2500 0.0100 0.2500 0.2500 0.2500 0.0146 0.2968 0.0146 0.2968 0.2500 0.2500 0.0283 0.3418 0.0283 0.3418 0.2500 0.2500 0.0504 0.3833 0.0504 0.3833 0.2500 0.2500 0.0803 0.4197 0.0803 0.4197 0.2500 0.2500 0.1167 0.4496 0.1167 0.4496 0.2500 0.2500 0.1582 0.4717 0.7500 0.4900 0.7968 0.4854 0.8418 0.4717 0.8833 0.4496 0.9197 0.4197 0.9496 0.3833 0.9717 0.3418 0.9854 0.2968 0.9900 0.2500 0.9854 0.2032 0.9717 0.1582 0.9496 0.1167 0.9197 0.0803 0.8833 0.0504 0.8418 0.0283 0.7968 0.0146 0.7500 0.0100 0.7032 0.0146 0.6582 0.0283 0.6167 0.0504 0.5803 0.0803 0.5504 0.1167 0.5283 0.1582 0.5146 0.2032 0.5100 0.2500 0.5146 0.2968 0.5283 0.3418 0.5504 0.3833 0.5803 0.4197 0.6167 0.4496 0.6582 0.4717 0.7032 0.4854 0.1582 0.4717 0.2500 0.2500 0.2032 0.4854 0.2032 0.4854 0.2500 0.2500 0.2500 0.4900 " />
						</IndexedFaceSet>
					</Shape>
				</Group>
			</Transform>
		</Transform>
		<Transform DEF="Shape_IndexedFaceSet_014_TRANSFORM"
		           translation="-45.741684 -2.410296 -269.711670"
		           scale="19.299206 19.299206 25.639824"
		           rotation="-1.000000 0.000000 0.000000 1.570796"
		           >
			<Transform DEF="Shape_IndexedFaceSet_014_ifs_TRANSFORM"
			           translation="0.000000 -0.000000 -0.000000"
			           scale="1.000000 1.000000 1.000000"
			           rotation="-0.000000 0.000000 0.000000 0.000000"
			           >
				<Group DEF="group_ME_Shape_IndexedFaceSet_014">
					<Shape>
						<Appearance>
							<Material USE="MA_MA_MA_MA_Material_001" />
						</Appearance>
						<IndexedFaceSet solid="false"
						                texCoordIndex="0 1 2 -1 3 4 5 -1 6 7 8 -1 9 10 11 -1 12 13 14 -1 15 16 17 -1 18 19 20 -1 21 22 23 -1 24 25 26 -1 27 28 29 -1 30 31 32 -1 33 34 35 -1 36 37 38 -1 39 40 41 -1 42 43 44 -1 45 46 47 -1 48 49 50 -1 51 52 53 -1 54 55 56 -1 57 58 59 -1 60 61 62 -1 63 64 65 -1 66 67 68 -1 69 70 71 -1 72 73 74 -1 75 76 77 -1 78 79 80 -1 81 82 83 -1 84 85 86 -1 87 88 89 -1 90 91 92 93 94 95 96 97 98 99 100 101 102 103 104 105 106 107 108 109 110 111 112 113 114 115 116 117 118 119 120 121 -1 122 123 124 -1 125 126 127 -1 "
						                coordIndex="0 32 1 -1 1 32 2 -1 2 32 3 -1 3 32 4 -1 4 32 5 -1 5 32 6 -1 6 32 7 -1 7 32 8 -1 8 32 9 -1 9 32 10 -1 10 32 11 -1 11 32 12 -1 12 32 13 -1 13 32 14 -1 14 32 15 -1 15 32 16 -1 16 32 17 -1 17 32 18 -1 18 32 19 -1 19 32 20 -1 20 32 21 -1 21 32 22 -1 22 32 23 -1 23 32 24 -1 24 32 25 -1 25 32 26 -1 26 32 27 -1 27 32 28 -1 28 32 29 -1 29 32 30 -1 0 1 2 3 4 5 6 7 8 9 10 11 12 13 14 15 16 17 18 19 20 21 22 23 24 25 26 27 28 29 30 31 -1 30 32 31 -1 31 32 0 -1 "
						                >
							<Coordinate DEF="coords_ME_Shape_IndexedFaceSet_014"
							            point="0.000000 1.000000 -1.000000 0.195090 0.980785 -1.000000 0.382683 0.923880 -1.000000 0.555570 0.831470 -1.000000 0.707107 0.707107 -1.000000 0.831470 0.555570 -1.000000 0.923880 0.382683 -1.000000 0.980785 0.195090 -1.000000 1.000000 0.000000 -1.000000 0.980785 -0.195090 -1.000000 0.923880 -0.382683 -1.000000 0.831470 -0.555570 -1.000000 0.707107 -0.707107 -1.000000 0.555570 -0.831470 -1.000000 0.382683 -0.923880 -1.000000 0.195090 -0.980785 -1.000000 0.000000 -1.000000 -1.000000 -0.195090 -0.980785 -1.000000 -0.382683 -0.923880 -1.000000 -0.555570 -0.831470 -1.000000 -0.707107 -0.707107 -1.000000 -0.831470 -0.555570 -1.000000 -0.923880 -0.382683 -1.000000 -0.980785 -0.195090 -1.000000 -1.000000 0.000000 -1.000000 -0.980785 0.195090 -1.000000 -0.923880 0.382683 -1.000000 -0.831470 0.555570 -1.000000 -0.707107 0.707107 -1.000000 -0.555570 0.831470 -1.000000 -0.382683 0.923880 -1.000000 -0.195090 0.980785 -1.000000 0.000000 0.000000 1.000000 "
							            />
							<TextureCoordinate point="0.2500 0.4900 0.2500 0.2500 0.2968 0.4854 0.2968 0.4854 0.2500 0.2500 0.3418 0.4717 0.3418 0.4717 0.2500 0.2500 0.3833 0.4496 0.3833 0.4496 0.2500 0.2500 0.4197 0.4197 0.4197 0.4197 0.2500 0.2500 0.4496 0.3833 0.4496 0.3833 0.2500 0.2500 0.4717 0.3418 0.4717 0.3418 0.2500 0.2500 0.4854 0.2968 0.4854 0.2968 0.2500 0.2500 0.4900 0.2500 0.4900 0.2500 0.2500 0.2500 0.4854 0.2032 0.4854 0.2032 0.2500 0.2500 0.4717 0.1582 0.4717 0.1582 0.2500 0.2500 0.4496 0.1167 0.4496 0.1167 0.2500 0.2500 0.4197 0.0803 0.4197 0.0803 0.2500 0.2500 0.3833 0.0504 0.3833 0.0504 0.2500 0.2500 0.3418 0.0283 0.3418 0.0283 0.2500 0.2500 0.2968 0.0146 0.2968 0.0146 0.2500 0.2500 0.2500 0.0100 0.2500 0.0100 0.2500 0.2500 0.2032 0.0146 0.2032 0.0146 0.2500 0.2500 0.1582 0.0283 0.1582 0.0283 0.2500 0.2500 0.1167 0.0504 0.1167 0.0504 0.2500 0.2500 0.0803 0.0803 0.0803 0.0803 0.2500 0.2500 0.0504 0.1167 0.0504 0.1167 0.2500 0.2500 0.0283 0.1582 0.0283 0.1582 0.2500 0.2500 0.0146 0.2032 0.0146 0.2032 0.2500 0.2500 0.0100 0.2500 0.0100 0.2500 0.2500 0.2500 0.0146 0.2968 0.0146 0.2968 0.2500 0.2500 0.0283 0.3418 0.0283 0.3418 0.2500 0.2500 0.0504 0.3833 0.0504 0.3833 0.2500 0.2500 0.0803 0.4197 0.0803 0.4197 0.2500 0.2500 0.1167 0.4496 0.1167 0.4496 0.2500 0.2500 0.1582 0.4717 0.7500 0.4900 0.7968 0.4854 0.8418 0.4717 0.8833 0.4496 0.9197 0.4197 0.9496 0.3833 0.9717 0.3418 0.9854 0.2968 0.9900 0.2500 0.9854 0.2032 0.9717 0.1582 0.9496 0.1167 0.9197 0.0803 0.8833 0.0504 0.8418 0.0283 0.7968 0.0146 0.7500 0.0100 0.7032 0.0146 0.6582 0.0283 0.6167 0.0504 0.5803 0.0803 0.5504 0.1167 0.5283 0.1582 0.5146 0.2032 0.5100 0.2500 0.5146 0.2968 0.5283 0.3418 0.5504 0.3833 0.5803 0.4197 0.6167 0.4496 0.6582 0.4717 0.7032 0.4854 0.1582 0.4717 0.2500 0.2500 0.2032 0.4854 0.2032 0.4854 0.2500 0.2500 0.2500 0.4900 " />
						</IndexedFaceSet>
					</Shape>
				</Group>
			</Transform>
		</Transform>
		<Transform DEF="Shape_IndexedFaceSet_015_TRANSFORM"
		           translation="-75.121765 1.061050 -8.990366"
		           scale="25.603350 25.603350 28.188238"
		           rotation="-1.000000 0.000000 0.000000 1.570796"
		           >
			<Transform DEF="Shape_IndexedFaceSet_015_ifs_TRANSFORM"
			           translation="-0.000000 0.000000 -0.000000"
			           scale="1.000000 1.000000 1.000000"
			           rotation="-0.000000 0.000000 0.000000 0.000000"
			           >
				<Group DEF="group_ME_Shape_IndexedFaceSet_015">
					<Shape>
						<Appearance>
							<Material USE="MA_MA_MA_MA_Material_001" />
						</Appearance>
						<IndexedFaceSet solid="false"
						                texCoordIndex="0 1 2 -1 3 4 5 -1 6 7 8 -1 9 10 11 -1 12 13 14 -1 15 16 17 -1 18 19 20 -1 21 22 23 -1 24 25 26 -1 27 28 29 -1 30 31 32 -1 33 34 35 -1 36 37 38 -1 39 40 41 -1 42 43 44 -1 45 46 47 -1 48 49 50 -1 51 52 53 -1 54 55 56 -1 57 58 59 -1 60 61 62 -1 63 64 65 -1 66 67 68 -1 69 70 71 -1 72 73 74 -1 75 76 77 -1 78 79 80 -1 81 82 83 -1 84 85 86 -1 87 88 89 -1 90 91 92 93 94 95 96 97 98 99 100 101 102 103 104 105 106 107 108 109 110 111 112 113 114 115 116 117 118 119 120 121 -1 122 123 124 -1 125 126 127 -1 "
						                coordIndex="0 32 1 -1 1 32 2 -1 2 32 3 -1 3 32 4 -1 4 32 5 -1 5 32 6 -1 6 32 7 -1 7 32 8 -1 8 32 9 -1 9 32 10 -1 10 32 11 -1 11 32 12 -1 12 32 13 -1 13 32 14 -1 14 32 15 -1 15 32 16 -1 16 32 17 -1 17 32 18 -1 18 32 19 -1 19 32 20 -1 20 32 21 -1 21 32 22 -1 22 32 23 -1 23 32 24 -1 24 32 25 -1 25 32 26 -1 26 32 27 -1 27 32 28 -1 28 32 29 -1 29 32 30 -1 0 1 2 3 4 5 6 7 8 9 10 11 12 13 14 15 16 17 18 19 20 21 22 23 24 25 26 27 28 29 30 31 -1 30 32 31 -1 31 32 0 -1 "
						                >
							<Coordinate DEF="coords_ME_Shape_IndexedFaceSet_015"
							            point="0.000000 1.000000 -1.000000 0.195090 0.980785 -1.000000 0.382683 0.923880 -1.000000 0.555570 0.831470 -1.000000 0.707107 0.707107 -1.000000 0.831470 0.555570 -1.000000 0.923880 0.382683 -1.000000 0.980785 0.195090 -1.000000 1.000000 0.000000 -1.000000 0.980785 -0.195090 -1.000000 0.923880 -0.382683 -1.000000 0.831470 -0.555570 -1.000000 0.707107 -0.707107 -1.000000 0.555570 -0.831470 -1.000000 0.382683 -0.923880 -1.000000 0.195090 -0.980785 -1.000000 0.000000 -1.000000 -1.000000 -0.195090 -0.980785 -1.000000 -0.382683 -0.923880 -1.000000 -0.555570 -0.831470 -1.000000 -0.707107 -0.707107 -1.000000 -0.831470 -0.555570 -1.000000 -0.923880 -0.382683 -1.000000 -0.980785 -0.195090 -1.000000 -1.000000 0.000000 -1.000000 -0.980785 0.195090 -1.000000 -0.923880 0.382683 -1.000000 -0.831470 0.555570 -1.000000 -0.707107 0.707107 -1.000000 -0.555570 0.831470 -1.000000 -0.382683 0.923880 -1.000000 -0.195090 0.980785 -1.000000 0.000000 0.000000 1.000000 "
							            />
							<TextureCoordinate point="0.2500 0.4900 0.2500 0.2500 0.2968 0.4854 0.2968 0.4854 0.2500 0.2500 0.3418 0.4717 0.3418 0.4717 0.2500 0.2500 0.3833 0.4496 0.3833 0.4496 0.2500 0.2500 0.4197 0.4197 0.4197 0.4197 0.2500 0.2500 0.4496 0.3833 0.4496 0.3833 0.2500 0.2500 0.4717 0.3418 0.4717 0.3418 0.2500 0.2500 0.4854 0.2968 0.4854 0.2968 0.2500 0.2500 0.4900 0.2500 0.4900 0.2500 0.2500 0.2500 0.4854 0.2032 0.4854 0.2032 0.2500 0.2500 0.4717 0.1582 0.4717 0.1582 0.2500 0.2500 0.4496 0.1167 0.4496 0.1167 0.2500 0.2500 0.4197 0.0803 0.4197 0.0803 0.2500 0.2500 0.3833 0.0504 0.3833 0.0504 0.2500 0.2500 0.3418 0.0283 0.3418 0.0283 0.2500 0.2500 0.2968 0.0146 0.2968 0.0146 0.2500 0.2500 0.2500 0.0100 0.2500 0.0100 0.2500 0.2500 0.2032 0.0146 0.2032 0.0146 0.2500 0.2500 0.1582 0.0283 0.1582 0.0283 0.2500 0.2500 0.1167 0.0504 0.1167 0.0504 0.2500 0.2500 0.0803 0.0803 0.0803 0.0803 0.2500 0.2500 0.0504 0.1167 0.0504 0.1167 0.2500 0.2500 0.0283 0.1582 0.0283 0.1582 0.2500 0.2500 0.0146 0.2032 0.0146 0.2032 0.2500 0.2500 0.0100 0.2500 0.0100 0.2500 0.2500 0.2500 0.0146 0.2968 0.0146 0.2968 0.2500 0.2500 0.0283 0.3418 0.0283 0.3418 0.2500 0.2500 0.0504 0.3833 0.0504 0.3833 0.2500 0.2500 0.0803 0.4197 0.0803 0.4197 0.2500 0.2500 0.1167 0.4496 0.1167 0.4496 0.2500 0.2500 0.1582 0.4717 0.7500 0.4900 0.7968 0.4854 0.8418 0.4717 0.8833 0.4496 0.9197 0.4197 0.9496 0.3833 0.9717 0.3418 0.9854 0.2968 0.9900 0.2500 0.9854 0.2032 0.9717 0.1582 0.9496 0.1167 0.9197 0.0803 0.8833 0.0504 0.8418 0.0283 0.7968 0.0146 0.7500 0.0100 0.7032 0.0146 0.6582 0.0283 0.6167 0.0504 0.5803 0.0803 0.5504 0.1167 0.5283 0.1582 0.5146 0.2032 0.5100 0.2500 0.5146 0.2968 0.5283 0.3418 0.5504 0.3833 0.5803 0.4197 0.6167 0.4496 0.6582 0.4717 0.7032 0.4854 0.1582 0.4717 0.2500 0.2500 0.2032 0.4854 0.2032 0.4854 0.2500 0.2500 0.2500 0.4900 " />
						</IndexedFaceSet>
					</Shape>
				</Group>
			</Transform>
		</Transform>
		<Transform DEF="Shape_IndexedFaceSet_016_TRANSFORM"
		           translation="-73.492294 3.055996 -255.710739"
		           scale="20.271994 21.087782 30.836790"
		           rotation="-1.000000 0.000000 0.000000 1.570796"
		           >
			<Transform DEF="Shape_IndexedFaceSet_016_ifs_TRANSFORM"
			           translation="0.000000 0.000001 -0.000000"
			           scale="1.000000 1.000000 1.000000"
			           rotation="0.000000 0.000000 0.000000 0.000000"
			           >
				<Group DEF="group_ME_Shape_IndexedFaceSet_016">
					<Shape>
						<Appearance>
							<Material USE="MA_MA_MA_MA_Material_001" />
						</Appearance>
						<IndexedFaceSet solid="false"
						                texCoordIndex="0 1 2 -1 3 4 5 -1 6 7 8 -1 9 10 11 -1 12 13 14 -1 15 16 17 -1 18 19 20 -1 21 22 23 -1 24 25 26 -1 27 28 29 -1 30 31 32 -1 33 34 35 -1 36 37 38 -1 39 40 41 -1 42 43 44 -1 45 46 47 -1 48 49 50 -1 51 52 53 -1 54 55 56 -1 57 58 59 -1 60 61 62 -1 63 64 65 -1 66 67 68 -1 69 70 71 -1 72 73 74 -1 75 76 77 -1 78 79 80 -1 81 82 83 -1 84 85 86 -1 87 88 89 -1 90 91 92 93 94 95 96 97 98 99 100 101 102 103 104 105 106 107 108 109 110 111 112 113 114 115 116 117 118 119 120 121 -1 122 123 124 -1 125 126 127 -1 "
						                coordIndex="0 32 1 -1 1 32 2 -1 2 32 3 -1 3 32 4 -1 4 32 5 -1 5 32 6 -1 6 32 7 -1 7 32 8 -1 8 32 9 -1 9 32 10 -1 10 32 11 -1 11 32 12 -1 12 32 13 -1 13 32 14 -1 14 32 15 -1 15 32 16 -1 16 32 17 -1 17 32 18 -1 18 32 19 -1 19 32 20 -1 20 32 21 -1 21 32 22 -1 22 32 23 -1 23 32 24 -1 24 32 25 -1 25 32 26 -1 26 32 27 -1 27 32 28 -1 28 32 29 -1 29 32 30 -1 0 1 2 3 4 5 6 7 8 9 10 11 12 13 14 15 16 17 18 19 20 21 22 23 24 25 26 27 28 29 30 31 -1 30 32 31 -1 31 32 0 -1 "
						                >
							<Coordinate DEF="coords_ME_Shape_IndexedFaceSet_016"
							            point="0.000000 1.000000 -1.000000 0.195090 0.980785 -1.000000 0.382683 0.923880 -1.000000 0.555570 0.831470 -1.000000 0.707107 0.707107 -1.000000 0.831470 0.555570 -1.000000 0.923880 0.382683 -1.000000 0.980785 0.195090 -1.000000 1.000000 0.000000 -1.000000 0.980785 -0.195090 -1.000000 0.923880 -0.382683 -1.000000 0.831470 -0.555570 -1.000000 0.707107 -0.707107 -1.000000 0.555570 -0.831470 -1.000000 0.382683 -0.923880 -1.000000 0.195090 -0.980785 -1.000000 0.000000 -1.000000 -1.000000 -0.195090 -0.980785 -1.000000 -0.382683 -0.923880 -1.000000 -0.555570 -0.831470 -1.000000 -0.707107 -0.707107 -1.000000 -0.831470 -0.555570 -1.000000 -0.923880 -0.382683 -1.000000 -0.980785 -0.195090 -1.000000 -1.000000 0.000000 -1.000000 -0.980785 0.195090 -1.000000 -0.923880 0.382683 -1.000000 -0.831470 0.555570 -1.000000 -0.707107 0.707107 -1.000000 -0.555570 0.831470 -1.000000 -0.382683 0.923880 -1.000000 -0.195090 0.980785 -1.000000 0.000000 0.000000 1.000000 "
							            />
							<TextureCoordinate point="0.2500 0.4900 0.2500 0.2500 0.2968 0.4854 0.2968 0.4854 0.2500 0.2500 0.3418 0.4717 0.3418 0.4717 0.2500 0.2500 0.3833 0.4496 0.3833 0.4496 0.2500 0.2500 0.4197 0.4197 0.4197 0.4197 0.2500 0.2500 0.4496 0.3833 0.4496 0.3833 0.2500 0.2500 0.4717 0.3418 0.4717 0.3418 0.2500 0.2500 0.4854 0.2968 0.4854 0.2968 0.2500 0.2500 0.4900 0.2500 0.4900 0.2500 0.2500 0.2500 0.4854 0.2032 0.4854 0.2032 0.2500 0.2500 0.4717 0.1582 0.4717 0.1582 0.2500 0.2500 0.4496 0.1167 0.4496 0.1167 0.2500 0.2500 0.4197 0.0803 0.4197 0.0803 0.2500 0.2500 0.3833 0.0504 0.3833 0.0504 0.2500 0.2500 0.3418 0.0283 0.3418 0.0283 0.2500 0.2500 0.2968 0.0146 0.2968 0.0146 0.2500 0.2500 0.2500 0.0100 0.2500 0.0100 0.2500 0.2500 0.2032 0.0146 0.2032 0.0146 0.2500 0.2500 0.1582 0.0283 0.1582 0.0283 0.2500 0.2500 0.1167 0.0504 0.1167 0.0504 0.2500 0.2500 0.0803 0.0803 0.0803 0.0803 0.2500 0.2500 0.0504 0.1167 0.0504 0.1167 0.2500 0.2500 0.0283 0.1582 0.0283 0.1582 0.2500 0.2500 0.0146 0.2032 0.0146 0.2032 0.2500 0.2500 0.0100 0.2500 0.0100 0.2500 0.2500 0.2500 0.0146 0.2968 0.0146 0.2968 0.2500 0.2500 0.0283 0.3418 0.0283 0.3418 0.2500 0.2500 0.0504 0.3833 0.0504 0.3833 0.2500 0.2500 0.0803 0.4197 0.0803 0.4197 0.2500 0.2500 0.1167 0.4496 0.1167 0.4496 0.2500 0.2500 0.1582 0.4717 0.7500 0.4900 0.7968 0.4854 0.8418 0.4717 0.8833 0.4496 0.9197 0.4197 0.9496 0.3833 0.9717 0.3418 0.9854 0.2968 0.9900 0.2500 0.9854 0.2032 0.9717 0.1582 0.9496 0.1167 0.9197 0.0803 0.8833 0.0504 0.8418 0.0283 0.7968 0.0146 0.7500 0.0100 0.7032 0.0146 0.6582 0.0283 0.6167 0.0504 0.5803 0.0803 0.5504 0.1167 0.5283 0.1582 0.5146 0.2032 0.5100 0.2500 0.5146 0.2968 0.5283 0.3418 0.5504 0.3833 0.5803 0.4197 0.6167 0.4496 0.6582 0.4717 0.7032 0.4854 0.1582 0.4717 0.2500 0.2500 0.2032 0.4854 0.2032 0.4854 0.2500 0.2500 0.2500 0.4900 " />
						</IndexedFaceSet>
					</Shape>
				</Group>
			</Transform>
		</Transform>
		<Transform DEF="Shape_IndexedFaceSet_017_TRANSFORM"
		           translation="-38.811138 -1.416175 -209.008575"
		           scale="21.345579 21.345579 25.515034"
		           rotation="-1.000000 0.000000 0.000000 1.570796"
		           >
			<Transform DEF="Shape_IndexedFaceSet_017_ifs_TRANSFORM"
			           translation="0.000000 0.000001 0.000000"
			           scale="1.000000 1.000000 1.000000"
			           rotation="0.000000 1.000000 0.000000 0.000000"
			           >
				<Group DEF="group_ME_Shape_IndexedFaceSet_017">
					<Shape>
						<Appearance>
							<Material DEF="MA_MA_MA_MA_Material_001_001"
							          diffuseColor="0.225 0.225 0.225"
							          specularColor="0.401 0.401 0.401"
							          emissiveColor="0.000 0.000 0.000"
							          ambientIntensity="0.000"
							          shininess="0.500"
							          transparency="0.0"
							          />
						</Appearance>
						<IndexedFaceSet solid="false"
						                texCoordIndex="0 1 2 -1 3 4 5 -1 6 7 8 -1 9 10 11 -1 12 13 14 -1 15 16 17 -1 18 19 20 -1 21 22 23 -1 24 25 26 -1 27 28 29 -1 30 31 32 -1 33 34 35 -1 36 37 38 -1 39 40 41 -1 42 43 44 -1 45 46 47 -1 48 49 50 -1 51 52 53 -1 54 55 56 -1 57 58 59 -1 60 61 62 -1 63 64 65 -1 66 67 68 -1 69 70 71 -1 72 73 74 -1 75 76 77 -1 78 79 80 -1 81 82 83 -1 84 85 86 -1 87 88 89 -1 90 91 92 93 94 95 96 97 98 99 100 101 102 103 104 105 106 107 108 109 110 111 112 113 114 115 116 117 118 119 120 121 -1 122 123 124 -1 125 126 127 -1 "
						                coordIndex="0 32 1 -1 1 32 2 -1 2 32 3 -1 3 32 4 -1 4 32 5 -1 5 32 6 -1 6 32 7 -1 7 32 8 -1 8 32 9 -1 9 32 10 -1 10 32 11 -1 11 32 12 -1 12 32 13 -1 13 32 14 -1 14 32 15 -1 15 32 16 -1 16 32 17 -1 17 32 18 -1 18 32 19 -1 19 32 20 -1 20 32 21 -1 21 32 22 -1 22 32 23 -1 23 32 24 -1 24 32 25 -1 25 32 26 -1 26 32 27 -1 27 32 28 -1 28 32 29 -1 29 32 30 -1 0 1 2 3 4 5 6 7 8 9 10 11 12 13 14 15 16 17 18 19 20 21 22 23 24 25 26 27 28 29 30 31 -1 30 32 31 -1 31 32 0 -1 "
						                >
							<Coordinate DEF="coords_ME_Shape_IndexedFaceSet_017"
							            point="0.000000 1.000000 -1.000000 0.195090 0.980785 -1.000000 0.382683 0.923880 -1.000000 0.555570 0.831470 -1.000000 0.707107 0.707107 -1.000000 0.831470 0.555570 -1.000000 0.923880 0.382683 -1.000000 0.980785 0.195090 -1.000000 1.000000 0.000000 -1.000000 0.980785 -0.195090 -1.000000 0.923880 -0.382683 -1.000000 0.831470 -0.555570 -1.000000 0.707107 -0.707107 -1.000000 0.555570 -0.831470 -1.000000 0.382683 -0.923880 -1.000000 0.195090 -0.980785 -1.000000 0.000000 -1.000000 -1.000000 -0.195090 -0.980785 -1.000000 -0.382683 -0.923880 -1.000000 -0.555570 -0.831470 -1.000000 -0.707107 -0.707107 -1.000000 -0.831470 -0.555570 -1.000000 -0.923880 -0.382683 -1.000000 -0.980785 -0.195090 -1.000000 -1.000000 0.000000 -1.000000 -0.980785 0.195090 -1.000000 -0.923880 0.382683 -1.000000 -0.831470 0.555570 -1.000000 -0.707107 0.707107 -1.000000 -0.555570 0.831470 -1.000000 -0.382683 0.923880 -1.000000 -0.195090 0.980785 -1.000000 0.000000 0.000000 1.000000 "
							            />
							<TextureCoordinate point="0.2500 0.4900 0.2500 0.2500 0.2968 0.4854 0.2968 0.4854 0.2500 0.2500 0.3418 0.4717 0.3418 0.4717 0.2500 0.2500 0.3833 0.4496 0.3833 0.4496 0.2500 0.2500 0.4197 0.4197 0.4197 0.4197 0.2500 0.2500 0.4496 0.3833 0.4496 0.3833 0.2500 0.2500 0.4717 0.3418 0.4717 0.3418 0.2500 0.2500 0.4854 0.2968 0.4854 0.2968 0.2500 0.2500 0.4900 0.2500 0.4900 0.2500 0.2500 0.2500 0.4854 0.2032 0.4854 0.2032 0.2500 0.2500 0.4717 0.1582 0.4717 0.1582 0.2500 0.2500 0.4496 0.1167 0.4496 0.1167 0.2500 0.2500 0.4197 0.0803 0.4197 0.0803 0.2500 0.2500 0.3833 0.0504 0.3833 0.0504 0.2500 0.2500 0.3418 0.0283 0.3418 0.0283 0.2500 0.2500 0.2968 0.0146 0.2968 0.0146 0.2500 0.2500 0.2500 0.0100 0.2500 0.0100 0.2500 0.2500 0.2032 0.0146 0.2032 0.0146 0.2500 0.2500 0.1582 0.0283 0.1582 0.0283 0.2500 0.2500 0.1167 0.0504 0.1167 0.0504 0.2500 0.2500 0.0803 0.0803 0.0803 0.0803 0.2500 0.2500 0.0504 0.1167 0.0504 0.1167 0.2500 0.2500 0.0283 0.1582 0.0283 0.1582 0.2500 0.2500 0.0146 0.2032 0.0146 0.2032 0.2500 0.2500 0.0100 0.2500 0.0100 0.2500 0.2500 0.2500 0.0146 0.2968 0.0146 0.2968 0.2500 0.2500 0.0283 0.3418 0.0283 0.3418 0.2500 0.2500 0.0504 0.3833 0.0504 0.3833 0.2500 0.2500 0.0803 0.4197 0.0803 0.4197 0.2500 0.2500 0.1167 0.4496 0.1167 0.4496 0.2500 0.2500 0.1582 0.4717 0.7500 0.4900 0.7968 0.4854 0.8418 0.4717 0.8833 0.4496 0.9197 0.4197 0.9496 0.3833 0.9717 0.3418 0.9854 0.2968 0.9900 0.2500 0.9854 0.2032 0.9717 0.1582 0.9496 0.1167 0.9197 0.0803 0.8833 0.0504 0.8418 0.0283 0.7968 0.0146 0.7500 0.0100 0.7032 0.0146 0.6582 0.0283 0.6167 0.0504 0.5803 0.0803 0.5504 0.1167 0.5283 0.1582 0.5146 0.2032 0.5100 0.2500 0.5146 0.2968 0.5283 0.3418 0.5504 0.3833 0.5803 0.4197 0.6167 0.4496 0.6582 0.4717 0.7032 0.4854 0.1582 0.4717 0.2500 0.2500 0.2032 0.4854 0.2032 0.4854 0.2500 0.2500 0.2500 0.4900 " />
						</IndexedFaceSet>
					</Shape>
				</Group>
			</Transform>
		</Transform>
		<Transform DEF="Shape_IndexedFaceSet_018_TRANSFORM"
		           translation="205.424820 -14.205898 -209.176498"
		           scale="21.345579 21.345579 25.515034"
		           rotation="-1.000000 0.000000 0.000000 1.570796"
		           >
			<Transform DEF="Shape_IndexedFaceSet_018_ifs_TRANSFORM"
			           translation="0.000000 -0.000000 -0.000000"
			           scale="1.000000 1.000000 1.000000"
			           rotation="0.000000 1.000000 0.000000 0.000000"
			           >
				<Group DEF="group_ME_Shape_IndexedFaceSet_018">
					<Shape>
						<Appearance>
							<Material DEF="MA_MA_MA_MA_Material_001_001_001"
							          diffuseColor="0.225 0.225 0.225"
							          specularColor="0.401 0.401 0.401"
							          emissiveColor="0.000 0.000 0.000"
							          ambientIntensity="0.000"
							          shininess="0.500"
							          transparency="0.0"
							          />
						</Appearance>
						<IndexedFaceSet solid="false"
						                texCoordIndex="0 1 2 -1 3 4 5 -1 6 7 8 -1 9 10 11 -1 12 13 14 -1 15 16 17 -1 18 19 20 -1 21 22 23 -1 24 25 26 -1 27 28 29 -1 30 31 32 -1 33 34 35 -1 36 37 38 -1 39 40 41 -1 42 43 44 -1 45 46 47 -1 48 49 50 -1 51 52 53 -1 54 55 56 -1 57 58 59 -1 60 61 62 -1 63 64 65 -1 66 67 68 -1 69 70 71 -1 72 73 74 -1 75 76 77 -1 78 79 80 -1 81 82 83 -1 84 85 86 -1 87 88 89 -1 90 91 92 93 94 95 96 97 98 99 100 101 102 103 104 105 106 107 108 109 110 111 112 113 114 115 116 117 118 119 120 121 -1 122 123 124 -1 125 126 127 -1 "
						                coordIndex="0 32 1 -1 1 32 2 -1 2 32 3 -1 3 32 4 -1 4 32 5 -1 5 32 6 -1 6 32 7 -1 7 32 8 -1 8 32 9 -1 9 32 10 -1 10 32 11 -1 11 32 12 -1 12 32 13 -1 13 32 14 -1 14 32 15 -1 15 32 16 -1 16 32 17 -1 17 32 18 -1 18 32 19 -1 19 32 20 -1 20 32 21 -1 21 32 22 -1 22 32 23 -1 23 32 24 -1 24 32 25 -1 25 32 26 -1 26 32 27 -1 27 32 28 -1 28 32 29 -1 29 32 30 -1 0 1 2 3 4 5 6 7 8 9 10 11 12 13 14 15 16 17 18 19 20 21 22 23 24 25 26 27 28 29 30 31 -1 30 32 31 -1 31 32 0 -1 "
						                >
							<Coordinate DEF="coords_ME_Shape_IndexedFaceSet_018"
							            point="0.000000 1.000000 -1.000000 0.195090 0.980785 -1.000000 0.382683 0.923880 -1.000000 0.555570 0.831470 -1.000000 0.707107 0.707107 -1.000000 0.831470 0.555570 -1.000000 0.923880 0.382683 -1.000000 0.980785 0.195090 -1.000000 1.000000 0.000000 -1.000000 0.980785 -0.195090 -1.000000 0.923880 -0.382683 -1.000000 0.831470 -0.555570 -1.000000 0.707107 -0.707107 -1.000000 0.555570 -0.831470 -1.000000 0.382683 -0.923880 -1.000000 0.195090 -0.980785 -1.000000 0.000000 -1.000000 -1.000000 -0.195090 -0.980785 -1.000000 -0.382683 -0.923880 -1.000000 -0.555570 -0.831470 -1.000000 -0.707107 -0.707107 -1.000000 -0.831470 -0.555570 -1.000000 -0.923880 -0.382683 -1.000000 -0.980785 -0.195090 -1.000000 -1.000000 0.000000 -1.000000 -0.980785 0.195090 -1.000000 -0.923880 0.382683 -1.000000 -0.831470 0.555570 -1.000000 -0.707107 0.707107 -1.000000 -0.555570 0.831470 -1.000000 -0.382683 0.923880 -1.000000 -0.195090 0.980785 -1.000000 0.000000 0.000000 1.000000 "
							            />
							<TextureCoordinate point="0.2500 0.4900 0.2500 0.2500 0.2968 0.4854 0.2968 0.4854 0.2500 0.2500 0.3418 0.4717 0.3418 0.4717 0.2500 0.2500 0.3833 0.4496 0.3833 0.4496 0.2500 0.2500 0.4197 0.4197 0.4197 0.4197 0.2500 0.2500 0.4496 0.3833 0.4496 0.3833 0.2500 0.2500 0.4717 0.3418 0.4717 0.3418 0.2500 0.2500 0.4854 0.2968 0.4854 0.2968 0.2500 0.2500 0.4900 0.2500 0.4900 0.2500 0.2500 0.2500 0.4854 0.2032 0.4854 0.2032 0.2500 0.2500 0.4717 0.1582 0.4717 0.1582 0.2500 0.2500 0.4496 0.1167 0.4496 0.1167 0.2500 0.2500 0.4197 0.0803 0.4197 0.0803 0.2500 0.2500 0.3833 0.0504 0.3833 0.0504 0.2500 0.2500 0.3418 0.0283 0.3418 0.0283 0.2500 0.2500 0.2968 0.0146 0.2968 0.0146 0.2500 0.2500 0.2500 0.0100 0.2500 0.0100 0.2500 0.2500 0.2032 0.0146 0.2032 0.0146 0.2500 0.2500 0.1582 0.0283 0.1582 0.0283 0.2500 0.2500 0.1167 0.0504 0.1167 0.0504 0.2500 0.2500 0.0803 0.0803 0.0803 0.0803 0.2500 0.2500 0.0504 0.1167 0.0504 0.1167 0.2500 0.2500 0.0283 0.1582 0.0283 0.1582 0.2500 0.2500 0.0146 0.2032 0.0146 0.2032 0.2500 0.2500 0.0100 0.2500 0.0100 0.2500 0.2500 0.2500 0.0146 0.2968 0.0146 0.2968 0.2500 0.2500 0.0283 0.3418 0.0283 0.3418 0.2500 0.2500 0.0504 0.3833 0.0504 0.3833 0.2500 0.2500 0.0803 0.4197 0.0803 0.4197 0.2500 0.2500 0.1167 0.4496 0.1167 0.4496 0.2500 0.2500 0.1582 0.4717 0.7500 0.4900 0.7968 0.4854 0.8418 0.4717 0.8833 0.4496 0.9197 0.4197 0.9496 0.3833 0.9717 0.3418 0.9854 0.2968 0.9900 0.2500 0.9854 0.2032 0.9717 0.1582 0.9496 0.1167 0.9197 0.0803 0.8833 0.0504 0.8418 0.0283 0.7968 0.0146 0.7500 0.0100 0.7032 0.0146 0.6582 0.0283 0.6167 0.0504 0.5803 0.0803 0.5504 0.1167 0.5283 0.1582 0.5146 0.2032 0.5100 0.2500 0.5146 0.2968 0.5283 0.3418 0.5504 0.3833 0.5803 0.4197 0.6167 0.4496 0.6582 0.4717 0.7032 0.4854 0.1582 0.4717 0.2500 0.2500 0.2032 0.4854 0.2032 0.4854 0.2500 0.2500 0.2500 0.4900 " />
						</IndexedFaceSet>
					</Shape>
				</Group>
			</Transform>
		</Transform>
		<Transform DEF="Shape_IndexedFaceSet_019_TRANSFORM"
		           translation="170.743668 -9.733723 -255.878677"
		           scale="20.271994 21.087782 30.836790"
		           rotation="-1.000000 0.000000 0.000000 1.570796"
		           >
			<Transform DEF="Shape_IndexedFaceSet_019_ifs_TRANSFORM"
			           translation="0.000000 -0.000000 -0.000000"
			           scale="1.000000 1.000000 1.000000"
			           rotation="0.000000 0.000000 0.000000 0.000000"
			           >
				<Group DEF="group_ME_Shape_IndexedFaceSet_019">
					<Shape>
						<Appearance>
							<Material DEF="MA_MA_MA_MA_Material_001_001_002"
							          diffuseColor="0.225 0.225 0.225"
							          specularColor="0.401 0.401 0.401"
							          emissiveColor="0.000 0.000 0.000"
							          ambientIntensity="0.000"
							          shininess="0.500"
							          transparency="0.0"
							          />
						</Appearance>
						<IndexedFaceSet solid="false"
						                texCoordIndex="0 1 2 -1 3 4 5 -1 6 7 8 -1 9 10 11 -1 12 13 14 -1 15 16 17 -1 18 19 20 -1 21 22 23 -1 24 25 26 -1 27 28 29 -1 30 31 32 -1 33 34 35 -1 36 37 38 -1 39 40 41 -1 42 43 44 -1 45 46 47 -1 48 49 50 -1 51 52 53 -1 54 55 56 -1 57 58 59 -1 60 61 62 -1 63 64 65 -1 66 67 68 -1 69 70 71 -1 72 73 74 -1 75 76 77 -1 78 79 80 -1 81 82 83 -1 84 85 86 -1 87 88 89 -1 90 91 92 93 94 95 96 97 98 99 100 101 102 103 104 105 106 107 108 109 110 111 112 113 114 115 116 117 118 119 120 121 -1 122 123 124 -1 125 126 127 -1 "
						                coordIndex="0 32 1 -1 1 32 2 -1 2 32 3 -1 3 32 4 -1 4 32 5 -1 5 32 6 -1 6 32 7 -1 7 32 8 -1 8 32 9 -1 9 32 10 -1 10 32 11 -1 11 32 12 -1 12 32 13 -1 13 32 14 -1 14 32 15 -1 15 32 16 -1 16 32 17 -1 17 32 18 -1 18 32 19 -1 19 32 20 -1 20 32 21 -1 21 32 22 -1 22 32 23 -1 23 32 24 -1 24 32 25 -1 25 32 26 -1 26 32 27 -1 27 32 28 -1 28 32 29 -1 29 32 30 -1 0 1 2 3 4 5 6 7 8 9 10 11 12 13 14 15 16 17 18 19 20 21 22 23 24 25 26 27 28 29 30 31 -1 30 32 31 -1 31 32 0 -1 "
						                >
							<Coordinate DEF="coords_ME_Shape_IndexedFaceSet_019"
							            point="0.000000 1.000000 -1.000000 0.195090 0.980785 -1.000000 0.382683 0.923880 -1.000000 0.555570 0.831470 -1.000000 0.707107 0.707107 -1.000000 0.831470 0.555570 -1.000000 0.923880 0.382683 -1.000000 0.980785 0.195090 -1.000000 1.000000 0.000000 -1.000000 0.980785 -0.195090 -1.000000 0.923880 -0.382683 -1.000000 0.831470 -0.555570 -1.000000 0.707107 -0.707107 -1.000000 0.555570 -0.831470 -1.000000 0.382683 -0.923880 -1.000000 0.195090 -0.980785 -1.000000 0.000000 -1.000000 -1.000000 -0.195090 -0.980785 -1.000000 -0.382683 -0.923880 -1.000000 -0.555570 -0.831470 -1.000000 -0.707107 -0.707107 -1.000000 -0.831470 -0.555570 -1.000000 -0.923880 -0.382683 -1.000000 -0.980785 -0.195090 -1.000000 -1.000000 0.000000 -1.000000 -0.980785 0.195090 -1.000000 -0.923880 0.382683 -1.000000 -0.831470 0.555570 -1.000000 -0.707107 0.707107 -1.000000 -0.555570 0.831470 -1.000000 -0.382683 0.923880 -1.000000 -0.195090 0.980785 -1.000000 0.000000 0.000000 1.000000 "
							            />
							<TextureCoordinate point="0.2500 0.4900 0.2500 0.2500 0.2968 0.4854 0.2968 0.4854 0.2500 0.2500 0.3418 0.4717 0.3418 0.4717 0.2500 0.2500 0.3833 0.4496 0.3833 0.4496 0.2500 0.2500 0.4197 0.4197 0.4197 0.4197 0.2500 0.2500 0.4496 0.3833 0.4496 0.3833 0.2500 0.2500 0.4717 0.3418 0.4717 0.3418 0.2500 0.2500 0.4854 0.2968 0.4854 0.2968 0.2500 0.2500 0.4900 0.2500 0.4900 0.2500 0.2500 0.2500 0.4854 0.2032 0.4854 0.2032 0.2500 0.2500 0.4717 0.1582 0.4717 0.1582 0.2500 0.2500 0.4496 0.1167 0.4496 0.1167 0.2500 0.2500 0.4197 0.0803 0.4197 0.0803 0.2500 0.2500 0.3833 0.0504 0.3833 0.0504 0.2500 0.2500 0.3418 0.0283 0.3418 0.0283 0.2500 0.2500 0.2968 0.0146 0.2968 0.0146 0.2500 0.2500 0.2500 0.0100 0.2500 0.0100 0.2500 0.2500 0.2032 0.0146 0.2032 0.0146 0.2500 0.2500 0.1582 0.0283 0.1582 0.0283 0.2500 0.2500 0.1167 0.0504 0.1167 0.0504 0.2500 0.2500 0.0803 0.0803 0.0803 0.0803 0.2500 0.2500 0.0504 0.1167 0.0504 0.1167 0.2500 0.2500 0.0283 0.1582 0.0283 0.1582 0.2500 0.2500 0.0146 0.2032 0.0146 0.2032 0.2500 0.2500 0.0100 0.2500 0.0100 0.2500 0.2500 0.2500 0.0146 0.2968 0.0146 0.2968 0.2500 0.2500 0.0283 0.3418 0.0283 0.3418 0.2500 0.2500 0.0504 0.3833 0.0504 0.3833 0.2500 0.2500 0.0803 0.4197 0.0803 0.4197 0.2500 0.2500 0.1167 0.4496 0.1167 0.4496 0.2500 0.2500 0.1582 0.4717 0.7500 0.4900 0.7968 0.4854 0.8418 0.4717 0.8833 0.4496 0.9197 0.4197 0.9496 0.3833 0.9717 0.3418 0.9854 0.2968 0.9900 0.2500 0.9854 0.2032 0.9717 0.1582 0.9496 0.1167 0.9197 0.0803 0.8833 0.0504 0.8418 0.0283 0.7968 0.0146 0.7500 0.0100 0.7032 0.0146 0.6582 0.0283 0.6167 0.0504 0.5803 0.0803 0.5504 0.1167 0.5283 0.1582 0.5146 0.2032 0.5100 0.2500 0.5146 0.2968 0.5283 0.3418 0.5504 0.3833 0.5803 0.4197 0.6167 0.4496 0.6582 0.4717 0.7032 0.4854 0.1582 0.4717 0.2500 0.2500 0.2032 0.4854 0.2032 0.4854 0.2500 0.2500 0.2500 0.4900 " />
						</IndexedFaceSet>
					</Shape>
				</Group>
			</Transform>
		</Transform>
		<Transform DEF="Shape_IndexedFaceSet_020_TRANSFORM"
		           translation="169.114197 -11.728672 -9.158280"
		           scale="25.603350 25.603350 28.188238"
		           rotation="-1.000000 0.000000 0.000000 1.570796"
		           >
			<Transform DEF="Shape_IndexedFaceSet_020_ifs_TRANSFORM"
			           translation="0.000000 0.000000 0.000000"
			           scale="1.000000 1.000000 1.000000"
			           rotation="-0.000000 0.000000 0.000000 0.000000"
			           >
				<Group DEF="group_ME_Shape_IndexedFaceSet_020">
					<Shape>
						<Appearance>
							<Material USE="MA_MA_MA_MA_Material_001_001_002" />
						</Appearance>
						<IndexedFaceSet solid="false"
						                texCoordIndex="0 1 2 -1 3 4 5 -1 6 7 8 -1 9 10 11 -1 12 13 14 -1 15 16 17 -1 18 19 20 -1 21 22 23 -1 24 25 26 -1 27 28 29 -1 30 31 32 -1 33 34 35 -1 36 37 38 -1 39 40 41 -1 42 43 44 -1 45 46 47 -1 48 49 50 -1 51 52 53 -1 54 55 56 -1 57 58 59 -1 60 61 62 -1 63 64 65 -1 66 67 68 -1 69 70 71 -1 72 73 74 -1 75 76 77 -1 78 79 80 -1 81 82 83 -1 84 85 86 -1 87 88 89 -1 90 91 92 93 94 95 96 97 98 99 100 101 102 103 104 105 106 107 108 109 110 111 112 113 114 115 116 117 118 119 120 121 -1 122 123 124 -1 125 126 127 -1 "
						                coordIndex="0 32 1 -1 1 32 2 -1 2 32 3 -1 3 32 4 -1 4 32 5 -1 5 32 6 -1 6 32 7 -1 7 32 8 -1 8 32 9 -1 9 32 10 -1 10 32 11 -1 11 32 12 -1 12 32 13 -1 13 32 14 -1 14 32 15 -1 15 32 16 -1 16 32 17 -1 17 32 18 -1 18 32 19 -1 19 32 20 -1 20 32 21 -1 21 32 22 -1 22 32 23 -1 23 32 24 -1 24 32 25 -1 25 32 26 -1 26 32 27 -1 27 32 28 -1 28 32 29 -1 29 32 30 -1 0 1 2 3 4 5 6 7 8 9 10 11 12 13 14 15 16 17 18 19 20 21 22 23 24 25 26 27 28 29 30 31 -1 30 32 31 -1 31 32 0 -1 "
						                >
							<Coordinate DEF="coords_ME_Shape_IndexedFaceSet_020"
							            point="0.000000 1.000000 -1.000000 0.195090 0.980785 -1.000000 0.382683 0.923880 -1.000000 0.555570 0.831470 -1.000000 0.707107 0.707107 -1.000000 0.831470 0.555570 -1.000000 0.923880 0.382683 -1.000000 0.980785 0.195090 -1.000000 1.000000 0.000000 -1.000000 0.980785 -0.195090 -1.000000 0.923880 -0.382683 -1.000000 0.831470 -0.555570 -1.000000 0.707107 -0.707107 -1.000000 0.555570 -0.831470 -1.000000 0.382683 -0.923880 -1.000000 0.195090 -0.980785 -1.000000 0.000000 -1.000000 -1.000000 -0.195090 -0.980785 -1.000000 -0.382683 -0.923880 -1.000000 -0.555570 -0.831470 -1.000000 -0.707107 -0.707107 -1.000000 -0.831470 -0.555570 -1.000000 -0.923880 -0.382683 -1.000000 -0.980785 -0.195090 -1.000000 -1.000000 0.000000 -1.000000 -0.980785 0.195090 -1.000000 -0.923880 0.382683 -1.000000 -0.831470 0.555570 -1.000000 -0.707107 0.707107 -1.000000 -0.555570 0.831470 -1.000000 -0.382683 0.923880 -1.000000 -0.195090 0.980785 -1.000000 0.000000 0.000000 1.000000 "
							            />
							<TextureCoordinate point="0.2500 0.4900 0.2500 0.2500 0.2968 0.4854 0.2968 0.4854 0.2500 0.2500 0.3418 0.4717 0.3418 0.4717 0.2500 0.2500 0.3833 0.4496 0.3833 0.4496 0.2500 0.2500 0.4197 0.4197 0.4197 0.4197 0.2500 0.2500 0.4496 0.3833 0.4496 0.3833 0.2500 0.2500 0.4717 0.3418 0.4717 0.3418 0.2500 0.2500 0.4854 0.2968 0.4854 0.2968 0.2500 0.2500 0.4900 0.2500 0.4900 0.2500 0.2500 0.2500 0.4854 0.2032 0.4854 0.2032 0.2500 0.2500 0.4717 0.1582 0.4717 0.1582 0.2500 0.2500 0.4496 0.1167 0.4496 0.1167 0.2500 0.2500 0.4197 0.0803 0.4197 0.0803 0.2500 0.2500 0.3833 0.0504 0.3833 0.0504 0.2500 0.2500 0.3418 0.0283 0.3418 0.0283 0.2500 0.2500 0.2968 0.0146 0.2968 0.0146 0.2500 0.2500 0.2500 0.0100 0.2500 0.0100 0.2500 0.2500 0.2032 0.0146 0.2032 0.0146 0.2500 0.2500 0.1582 0.0283 0.1582 0.0283 0.2500 0.2500 0.1167 0.0504 0.1167 0.0504 0.2500 0.2500 0.0803 0.0803 0.0803 0.0803 0.2500 0.2500 0.0504 0.1167 0.0504 0.1167 0.2500 0.2500 0.0283 0.1582 0.0283 0.1582 0.2500 0.2500 0.0146 0.2032 0.0146 0.2032 0.2500 0.2500 0.0100 0.2500 0.0100 0.2500 0.2500 0.2500 0.0146 0.2968 0.0146 0.2968 0.2500 0.2500 0.0283 0.3418 0.0283 0.3418 0.2500 0.2500 0.0504 0.3833 0.0504 0.3833 0.2500 0.2500 0.0803 0.4197 0.0803 0.4197 0.2500 0.2500 0.1167 0.4496 0.1167 0.4496 0.2500 0.2500 0.1582 0.4717 0.7500 0.4900 0.7968 0.4854 0.8418 0.4717 0.8833 0.4496 0.9197 0.4197 0.9496 0.3833 0.9717 0.3418 0.9854 0.2968 0.9900 0.2500 0.9854 0.2032 0.9717 0.1582 0.9496 0.1167 0.9197 0.0803 0.8833 0.0504 0.8418 0.0283 0.7968 0.0146 0.7500 0.0100 0.7032 0.0146 0.6582 0.0283 0.6167 0.0504 0.5803 0.0803 0.5504 0.1167 0.5283 0.1582 0.5146 0.2032 0.5100 0.2500 0.5146 0.2968 0.5283 0.3418 0.5504 0.3833 0.5803 0.4197 0.6167 0.4496 0.6582 0.4717 0.7032 0.4854 0.1582 0.4717 0.2500 0.2500 0.2032 0.4854 0.2032 0.4854 0.2500 0.2500 0.2500 0.4900 " />
						</IndexedFaceSet>
					</Shape>
				</Group>
			</Transform>
		</Transform>
		<Transform DEF="Shape_IndexedFaceSet_021_TRANSFORM"
		           translation="198.494278 -15.200016 -269.879608"
		           scale="19.299206 19.299206 25.639824"
		           rotation="-1.000000 0.000000 0.000000 1.570796"
		           >
			<Transform DEF="Shape_IndexedFaceSet_021_ifs_TRANSFORM"
			           translation="0.000000 -0.000000 -0.000000"
			           scale="1.000000 1.000000 1.000000"
			           rotation="-0.000000 0.000000 0.000000 0.000000"
			           >
				<Group DEF="group_ME_Shape_IndexedFaceSet_021">
					<Shape>
						<Appearance>
							<Material USE="MA_MA_MA_MA_Material_001_001_002" />
						</Appearance>
						<IndexedFaceSet solid="false"
						                texCoordIndex="0 1 2 -1 3 4 5 -1 6 7 8 -1 9 10 11 -1 12 13 14 -1 15 16 17 -1 18 19 20 -1 21 22 23 -1 24 25 26 -1 27 28 29 -1 30 31 32 -1 33 34 35 -1 36 37 38 -1 39 40 41 -1 42 43 44 -1 45 46 47 -1 48 49 50 -1 51 52 53 -1 54 55 56 -1 57 58 59 -1 60 61 62 -1 63 64 65 -1 66 67 68 -1 69 70 71 -1 72 73 74 -1 75 76 77 -1 78 79 80 -1 81 82 83 -1 84 85 86 -1 87 88 89 -1 90 91 92 93 94 95 96 97 98 99 100 101 102 103 104 105 106 107 108 109 110 111 112 113 114 115 116 117 118 119 120 121 -1 122 123 124 -1 125 126 127 -1 "
						                coordIndex="0 32 1 -1 1 32 2 -1 2 32 3 -1 3 32 4 -1 4 32 5 -1 5 32 6 -1 6 32 7 -1 7 32 8 -1 8 32 9 -1 9 32 10 -1 10 32 11 -1 11 32 12 -1 12 32 13 -1 13 32 14 -1 14 32 15 -1 15 32 16 -1 16 32 17 -1 17 32 18 -1 18 32 19 -1 19 32 20 -1 20 32 21 -1 21 32 22 -1 22 32 23 -1 23 32 24 -1 24 32 25 -1 25 32 26 -1 26 32 27 -1 27 32 28 -1 28 32 29 -1 29 32 30 -1 0 1 2 3 4 5 6 7 8 9 10 11 12 13 14 15 16 17 18 19 20 21 22 23 24 25 26 27 28 29 30 31 -1 30 32 31 -1 31 32 0 -1 "
						                >
							<Coordinate DEF="coords_ME_Shape_IndexedFaceSet_021"
							            point="0.000000 1.000000 -1.000000 0.195090 0.980785 -1.000000 0.382683 0.923880 -1.000000 0.555570 0.831470 -1.000000 0.707107 0.707107 -1.000000 0.831470 0.555570 -1.000000 0.923880 0.382683 -1.000000 0.980785 0.195090 -1.000000 1.000000 0.000000 -1.000000 0.980785 -0.195090 -1.000000 0.923880 -0.382683 -1.000000 0.831470 -0.555570 -1.000000 0.707107 -0.707107 -1.000000 0.555570 -0.831470 -1.000000 0.382683 -0.923880 -1.000000 0.195090 -0.980785 -1.000000 0.000000 -1.000000 -1.000000 -0.195090 -0.980785 -1.000000 -0.382683 -0.923880 -1.000000 -0.555570 -0.831470 -1.000000 -0.707107 -0.707107 -1.000000 -0.831470 -0.555570 -1.000000 -0.923880 -0.382683 -1.000000 -0.980785 -0.195090 -1.000000 -1.000000 0.000000 -1.000000 -0.980785 0.195090 -1.000000 -0.923880 0.382683 -1.000000 -0.831470 0.555570 -1.000000 -0.707107 0.707107 -1.000000 -0.555570 0.831470 -1.000000 -0.382683 0.923880 -1.000000 -0.195090 0.980785 -1.000000 0.000000 0.000000 1.000000 "
							            />
							<TextureCoordinate point="0.2500 0.4900 0.2500 0.2500 0.2968 0.4854 0.2968 0.4854 0.2500 0.2500 0.3418 0.4717 0.3418 0.4717 0.2500 0.2500 0.3833 0.4496 0.3833 0.4496 0.2500 0.2500 0.4197 0.4197 0.4197 0.4197 0.2500 0.2500 0.4496 0.3833 0.4496 0.3833 0.2500 0.2500 0.4717 0.3418 0.4717 0.3418 0.2500 0.2500 0.4854 0.2968 0.4854 0.2968 0.2500 0.2500 0.4900 0.2500 0.4900 0.2500 0.2500 0.2500 0.4854 0.2032 0.4854 0.2032 0.2500 0.2500 0.4717 0.1582 0.4717 0.1582 0.2500 0.2500 0.4496 0.1167 0.4496 0.1167 0.2500 0.2500 0.4197 0.0803 0.4197 0.0803 0.2500 0.2500 0.3833 0.0504 0.3833 0.0504 0.2500 0.2500 0.3418 0.0283 0.3418 0.0283 0.2500 0.2500 0.2968 0.0146 0.2968 0.0146 0.2500 0.2500 0.2500 0.0100 0.2500 0.0100 0.2500 0.2500 0.2032 0.0146 0.2032 0.0146 0.2500 0.2500 0.1582 0.0283 0.1582 0.0283 0.2500 0.2500 0.1167 0.0504 0.1167 0.0504 0.2500 0.2500 0.0803 0.0803 0.0803 0.0803 0.2500 0.2500 0.0504 0.1167 0.0504 0.1167 0.2500 0.2500 0.0283 0.1582 0.0283 0.1582 0.2500 0.2500 0.0146 0.2032 0.0146 0.2032 0.2500 0.2500 0.0100 0.2500 0.0100 0.2500 0.2500 0.2500 0.0146 0.2968 0.0146 0.2968 0.2500 0.2500 0.0283 0.3418 0.0283 0.3418 0.2500 0.2500 0.0504 0.3833 0.0504 0.3833 0.2500 0.2500 0.0803 0.4197 0.0803 0.4197 0.2500 0.2500 0.1167 0.4496 0.1167 0.4496 0.2500 0.2500 0.1582 0.4717 0.7500 0.4900 0.7968 0.4854 0.8418 0.4717 0.8833 0.4496 0.9197 0.4197 0.9496 0.3833 0.9717 0.3418 0.9854 0.2968 0.9900 0.2500 0.9854 0.2032 0.9717 0.1582 0.9496 0.1167 0.9197 0.0803 0.8833 0.0504 0.8418 0.0283 0.7968 0.0146 0.7500 0.0100 0.7032 0.0146 0.6582 0.0283 0.6167 0.0504 0.5803 0.0803 0.5504 0.1167 0.5283 0.1582 0.5146 0.2032 0.5100 0.2500 0.5146 0.2968 0.5283 0.3418 0.5504 0.3833 0.5803 0.4197 0.6167 0.4496 0.6582 0.4717 0.7032 0.4854 0.1582 0.4717 0.2500 0.2500 0.2032 0.4854 0.2032 0.4854 0.2500 0.2500 0.2500 0.4900 " />
						</IndexedFaceSet>
					</Shape>
				</Group>
			</Transform>
		</Transform>
		<Transform DEF="Shape_IndexedFaceSet_022_TRANSFORM"
		           translation="161.445572 -11.895809 -225.554550"
		           scale="20.271994 21.087782 30.836790"
		           rotation="-1.000000 0.000000 0.000000 1.570796"
		           >
			<Transform DEF="Shape_IndexedFaceSet_022_ifs_TRANSFORM"
			           translation="-0.000000 -0.000000 0.000000"
			           scale="1.000000 1.000000 1.000000"
			           rotation="0.000000 0.000000 0.000000 0.000000"
			           >
				<Group DEF="group_ME_Shape_IndexedFaceSet_022">
					<Shape>
						<Appearance>
							<Material USE="MA_MA_MA_MA_Material_001_001_002" />
						</Appearance>
						<IndexedFaceSet solid="false"
						                texCoordIndex="0 1 2 -1 3 4 5 -1 6 7 8 -1 9 10 11 -1 12 13 14 -1 15 16 17 -1 18 19 20 -1 21 22 23 -1 24 25 26 -1 27 28 29 -1 30 31 32 -1 33 34 35 -1 36 37 38 -1 39 40 41 -1 42 43 44 -1 45 46 47 -1 48 49 50 -1 51 52 53 -1 54 55 56 -1 57 58 59 -1 60 61 62 -1 63 64 65 -1 66 67 68 -1 69 70 71 -1 72 73 74 -1 75 76 77 -1 78 79 80 -1 81 82 83 -1 84 85 86 -1 87 88 89 -1 90 91 92 93 94 95 96 97 98 99 100 101 102 103 104 105 106 107 108 109 110 111 112 113 114 115 116 117 118 119 120 121 -1 122 123 124 -1 125 126 127 -1 "
						                coordIndex="0 32 1 -1 1 32 2 -1 2 32 3 -1 3 32 4 -1 4 32 5 -1 5 32 6 -1 6 32 7 -1 7 32 8 -1 8 32 9 -1 9 32 10 -1 10 32 11 -1 11 32 12 -1 12 32 13 -1 13 32 14 -1 14 32 15 -1 15 32 16 -1 16 32 17 -1 17 32 18 -1 18 32 19 -1 19 32 20 -1 20 32 21 -1 21 32 22 -1 22 32 23 -1 23 32 24 -1 24 32 25 -1 25 32 26 -1 26 32 27 -1 27 32 28 -1 28 32 29 -1 29 32 30 -1 0 1 2 3 4 5 6 7 8 9 10 11 12 13 14 15 16 17 18 19 20 21 22 23 24 25 26 27 28 29 30 31 -1 30 32 31 -1 31 32 0 -1 "
						                >
							<Coordinate DEF="coords_ME_Shape_IndexedFaceSet_022"
							            point="0.000000 1.000000 -1.000000 0.195090 0.980785 -1.000000 0.382683 0.923880 -1.000000 0.555570 0.831470 -1.000000 0.707107 0.707107 -1.000000 0.831470 0.555570 -1.000000 0.923880 0.382683 -1.000000 0.980785 0.195090 -1.000000 1.000000 0.000000 -1.000000 0.980785 -0.195090 -1.000000 0.923880 -0.382683 -1.000000 0.831470 -0.555570 -1.000000 0.707107 -0.707107 -1.000000 0.555570 -0.831470 -1.000000 0.382683 -0.923880 -1.000000 0.195090 -0.980785 -1.000000 0.000000 -1.000000 -1.000000 -0.195090 -0.980785 -1.000000 -0.382683 -0.923880 -1.000000 -0.555570 -0.831470 -1.000000 -0.707107 -0.707107 -1.000000 -0.831470 -0.555570 -1.000000 -0.923880 -0.382683 -1.000000 -0.980785 -0.195090 -1.000000 -1.000000 0.000000 -1.000000 -0.980785 0.195090 -1.000000 -0.923880 0.382683 -1.000000 -0.831470 0.555570 -1.000000 -0.707107 0.707107 -1.000000 -0.555570 0.831470 -1.000000 -0.382683 0.923880 -1.000000 -0.195090 0.980785 -1.000000 0.000000 0.000000 1.000000 "
							            />
							<TextureCoordinate point="0.2500 0.4900 0.2500 0.2500 0.2968 0.4854 0.2968 0.4854 0.2500 0.2500 0.3418 0.4717 0.3418 0.4717 0.2500 0.2500 0.3833 0.4496 0.3833 0.4496 0.2500 0.2500 0.4197 0.4197 0.4197 0.4197 0.2500 0.2500 0.4496 0.3833 0.4496 0.3833 0.2500 0.2500 0.4717 0.3418 0.4717 0.3418 0.2500 0.2500 0.4854 0.2968 0.4854 0.2968 0.2500 0.2500 0.4900 0.2500 0.4900 0.2500 0.2500 0.2500 0.4854 0.2032 0.4854 0.2032 0.2500 0.2500 0.4717 0.1582 0.4717 0.1582 0.2500 0.2500 0.4496 0.1167 0.4496 0.1167 0.2500 0.2500 0.4197 0.0803 0.4197 0.0803 0.2500 0.2500 0.3833 0.0504 0.3833 0.0504 0.2500 0.2500 0.3418 0.0283 0.3418 0.0283 0.2500 0.2500 0.2968 0.0146 0.2968 0.0146 0.2500 0.2500 0.2500 0.0100 0.2500 0.0100 0.2500 0.2500 0.2032 0.0146 0.2032 0.0146 0.2500 0.2500 0.1582 0.0283 0.1582 0.0283 0.2500 0.2500 0.1167 0.0504 0.1167 0.0504 0.2500 0.2500 0.0803 0.0803 0.0803 0.0803 0.2500 0.2500 0.0504 0.1167 0.0504 0.1167 0.2500 0.2500 0.0283 0.1582 0.0283 0.1582 0.2500 0.2500 0.0146 0.2032 0.0146 0.2032 0.2500 0.2500 0.0100 0.2500 0.0100 0.2500 0.2500 0.2500 0.0146 0.2968 0.0146 0.2968 0.2500 0.2500 0.0283 0.3418 0.0283 0.3418 0.2500 0.2500 0.0504 0.3833 0.0504 0.3833 0.2500 0.2500 0.0803 0.4197 0.0803 0.4197 0.2500 0.2500 0.1167 0.4496 0.1167 0.4496 0.2500 0.2500 0.1582 0.4717 0.7500 0.4900 0.7968 0.4854 0.8418 0.4717 0.8833 0.4496 0.9197 0.4197 0.9496 0.3833 0.9717 0.3418 0.9854 0.2968 0.9900 0.2500 0.9854 0.2032 0.9717 0.1582 0.9496 0.1167 0.9197 0.0803 0.8833 0.0504 0.8418 0.0283 0.7968 0.0146 0.7500 0.0100 0.7032 0.0146 0.6582 0.0283 0.6167 0.0504 0.5803 0.0803 0.5504 0.1167 0.5283 0.1582 0.5146 0.2032 0.5100 0.2500 0.5146 0.2968 0.5283 0.3418 0.5504 0.3833 0.5803 0.4197 0.6167 0.4496 0.6582 0.4717 0.7032 0.4854 0.1582 0.4717 0.2500 0.2500 0.2032 0.4854 0.2032 0.4854 0.2500 0.2500 0.2500 0.4900 " />
						</IndexedFaceSet>
					</Shape>
				</Group>
			</Transform>
		</Transform>
		<Transform DEF="Shape_IndexedFaceSet_023_TRANSFORM"
		           translation="184.969772 -4.848759 -133.082504"
		           scale="25.603350 22.554020 35.394432"
		           rotation="-1.000000 0.000000 0.000000 1.570796"
		           >
			<Transform DEF="Shape_IndexedFaceSet_023_ifs_TRANSFORM"
			           translation="0.000000 -0.000000 0.000000"
			           scale="1.000000 1.000000 1.000000"
			           rotation="0.000000 1.000000 0.000000 0.000000"
			           >
				<Group DEF="group_ME_Shape_IndexedFaceSet_023">
					<Shape>
						<Appearance>
							<Material USE="MA_MA_MA_MA_Material_001_001_002" />
						</Appearance>
						<IndexedFaceSet solid="false"
						                texCoordIndex="0 1 2 -1 3 4 5 -1 6 7 8 -1 9 10 11 -1 12 13 14 -1 15 16 17 -1 18 19 20 -1 21 22 23 -1 24 25 26 -1 27 28 29 -1 30 31 32 -1 33 34 35 -1 36 37 38 -1 39 40 41 -1 42 43 44 -1 45 46 47 -1 48 49 50 -1 51 52 53 -1 54 55 56 -1 57 58 59 -1 60 61 62 -1 63 64 65 -1 66 67 68 -1 69 70 71 -1 72 73 74 -1 75 76 77 -1 78 79 80 -1 81 82 83 -1 84 85 86 -1 87 88 89 -1 90 91 92 93 94 95 96 97 98 99 100 101 102 103 104 105 106 107 108 109 110 111 112 113 114 115 116 117 118 119 120 121 -1 122 123 124 -1 125 126 127 -1 "
						                coordIndex="0 32 1 -1 1 32 2 -1 2 32 3 -1 3 32 4 -1 4 32 5 -1 5 32 6 -1 6 32 7 -1 7 32 8 -1 8 32 9 -1 9 32 10 -1 10 32 11 -1 11 32 12 -1 12 32 13 -1 13 32 14 -1 14 32 15 -1 15 32 16 -1 16 32 17 -1 17 32 18 -1 18 32 19 -1 19 32 20 -1 20 32 21 -1 21 32 22 -1 22 32 23 -1 23 32 24 -1 24 32 25 -1 25 32 26 -1 26 32 27 -1 27 32 28 -1 28 32 29 -1 29 32 30 -1 0 1 2 3 4 5 6 7 8 9 10 11 12 13 14 15 16 17 18 19 20 21 22 23 24 25 26 27 28 29 30 31 -1 30 32 31 -1 31 32 0 -1 "
						                >
							<Coordinate DEF="coords_ME_Shape_IndexedFaceSet_023"
							            point="0.000000 1.000000 -1.000000 0.195090 0.980785 -1.000000 0.382683 0.923880 -1.000000 0.555570 0.831470 -1.000000 0.707107 0.707107 -1.000000 0.831470 0.555570 -1.000000 0.923880 0.382683 -1.000000 0.980785 0.195090 -1.000000 1.000000 0.000000 -1.000000 0.980785 -0.195090 -1.000000 0.923880 -0.382683 -1.000000 0.831470 -0.555570 -1.000000 0.707107 -0.707107 -1.000000 0.555570 -0.831470 -1.000000 0.382683 -0.923880 -1.000000 0.195090 -0.980785 -1.000000 0.000000 -1.000000 -1.000000 -0.195090 -0.980785 -1.000000 -0.382683 -0.923880 -1.000000 -0.555570 -0.831470 -1.000000 -0.707107 -0.707107 -1.000000 -0.831470 -0.555570 -1.000000 -0.923880 -0.382683 -1.000000 -0.980785 -0.195090 -1.000000 -1.000000 0.000000 -1.000000 -0.980785 0.195090 -1.000000 -0.923880 0.382683 -1.000000 -0.831470 0.555570 -1.000000 -0.707107 0.707107 -1.000000 -0.555570 0.831470 -1.000000 -0.382683 0.923880 -1.000000 -0.195090 0.980785 -1.000000 0.000000 0.000000 1.000000 "
							            />
							<TextureCoordinate point="0.2500 0.4900 0.2500 0.2500 0.2968 0.4854 0.2968 0.4854 0.2500 0.2500 0.3418 0.4717 0.3418 0.4717 0.2500 0.2500 0.3833 0.4496 0.3833 0.4496 0.2500 0.2500 0.4197 0.4197 0.4197 0.4197 0.2500 0.2500 0.4496 0.3833 0.4496 0.3833 0.2500 0.2500 0.4717 0.3418 0.4717 0.3418 0.2500 0.2500 0.4854 0.2968 0.4854 0.2968 0.2500 0.2500 0.4900 0.2500 0.4900 0.2500 0.2500 0.2500 0.4854 0.2032 0.4854 0.2032 0.2500 0.2500 0.4717 0.1582 0.4717 0.1582 0.2500 0.2500 0.4496 0.1167 0.4496 0.1167 0.2500 0.2500 0.4197 0.0803 0.4197 0.0803 0.2500 0.2500 0.3833 0.0504 0.3833 0.0504 0.2500 0.2500 0.3418 0.0283 0.3418 0.0283 0.2500 0.2500 0.2968 0.0146 0.2968 0.0146 0.2500 0.2500 0.2500 0.0100 0.2500 0.0100 0.2500 0.2500 0.2032 0.0146 0.2032 0.0146 0.2500 0.2500 0.1582 0.0283 0.1582 0.0283 0.2500 0.2500 0.1167 0.0504 0.1167 0.0504 0.2500 0.2500 0.0803 0.0803 0.0803 0.0803 0.2500 0.2500 0.0504 0.1167 0.0504 0.1167 0.2500 0.2500 0.0283 0.1582 0.0283 0.1582 0.2500 0.2500 0.0146 0.2032 0.0146 0.2032 0.2500 0.2500 0.0100 0.2500 0.0100 0.2500 0.2500 0.2500 0.0146 0.2968 0.0146 0.2968 0.2500 0.2500 0.0283 0.3418 0.0283 0.3418 0.2500 0.2500 0.0504 0.3833 0.0504 0.3833 0.2500 0.2500 0.0803 0.4197 0.0803 0.4197 0.2500 0.2500 0.1167 0.4496 0.1167 0.4496 0.2500 0.2500 0.1582 0.4717 0.7500 0.4900 0.7968 0.4854 0.8418 0.4717 0.8833 0.4496 0.9197 0.4197 0.9496 0.3833 0.9717 0.3418 0.9854 0.2968 0.9900 0.2500 0.9854 0.2032 0.9717 0.1582 0.9496 0.1167 0.9197 0.0803 0.8833 0.0504 0.8418 0.0283 0.7968 0.0146 0.7500 0.0100 0.7032 0.0146 0.6582 0.0283 0.6167 0.0504 0.5803 0.0803 0.5504 0.1167 0.5283 0.1582 0.5146 0.2032 0.5100 0.2500 0.5146 0.2968 0.5283 0.3418 0.5504 0.3833 0.5803 0.4197 0.6167 0.4496 0.6582 0.4717 0.7032 0.4854 0.1582 0.4717 0.2500 0.2500 0.2032 0.4854 0.2032 0.4854 0.2500 0.2500 0.2500 0.4900 " />
						</IndexedFaceSet>
					</Shape>
				</Group>
			</Transform>
		</Transform>
		<Transform DEF="Shape_IndexedFaceSet_024_TRANSFORM"
		           translation="205.745392 -14.536716 -83.139084"
		           scale="21.401773 21.401773 23.562475"
		           rotation="-1.000000 0.000000 0.000000 1.570796"
		           >
			<Transform DEF="Shape_IndexedFaceSet_024_ifs_TRANSFORM"
			           translation="0.000000 -0.000000 -0.000000"
			           scale="1.000000 1.000000 1.000000"
			           rotation="0.000000 0.000000 0.000000 0.000000"
			           >
				<Group DEF="group_ME_Shape_IndexedFaceSet_024">
					<Shape>
						<Appearance>
							<Material USE="MA_MA_MA_MA_Material_001_001_002" />
						</Appearance>
						<IndexedFaceSet solid="false"
						                texCoordIndex="0 1 2 -1 3 4 5 -1 6 7 8 -1 9 10 11 -1 12 13 14 -1 15 16 17 -1 18 19 20 -1 21 22 23 -1 24 25 26 -1 27 28 29 -1 30 31 32 -1 33 34 35 -1 36 37 38 -1 39 40 41 -1 42 43 44 -1 45 46 47 -1 48 49 50 -1 51 52 53 -1 54 55 56 -1 57 58 59 -1 60 61 62 -1 63 64 65 -1 66 67 68 -1 69 70 71 -1 72 73 74 -1 75 76 77 -1 78 79 80 -1 81 82 83 -1 84 85 86 -1 87 88 89 -1 90 91 92 93 94 95 96 97 98 99 100 101 102 103 104 105 106 107 108 109 110 111 112 113 114 115 116 117 118 119 120 121 -1 122 123 124 -1 125 126 127 -1 "
						                coordIndex="0 32 1 -1 1 32 2 -1 2 32 3 -1 3 32 4 -1 4 32 5 -1 5 32 6 -1 6 32 7 -1 7 32 8 -1 8 32 9 -1 9 32 10 -1 10 32 11 -1 11 32 12 -1 12 32 13 -1 13 32 14 -1 14 32 15 -1 15 32 16 -1 16 32 17 -1 17 32 18 -1 18 32 19 -1 19 32 20 -1 20 32 21 -1 21 32 22 -1 22 32 23 -1 23 32 24 -1 24 32 25 -1 25 32 26 -1 26 32 27 -1 27 32 28 -1 28 32 29 -1 29 32 30 -1 0 1 2 3 4 5 6 7 8 9 10 11 12 13 14 15 16 17 18 19 20 21 22 23 24 25 26 27 28 29 30 31 -1 30 32 31 -1 31 32 0 -1 "
						                >
							<Coordinate DEF="coords_ME_Shape_IndexedFaceSet_024"
							            point="0.000000 1.000000 -1.000000 0.195090 0.980785 -1.000000 0.382683 0.923880 -1.000000 0.555570 0.831470 -1.000000 0.707107 0.707107 -1.000000 0.831470 0.555570 -1.000000 0.923880 0.382683 -1.000000 0.980785 0.195090 -1.000000 1.000000 0.000000 -1.000000 0.980785 -0.195090 -1.000000 0.923880 -0.382683 -1.000000 0.831470 -0.555570 -1.000000 0.707107 -0.707107 -1.000000 0.555570 -0.831470 -1.000000 0.382683 -0.923880 -1.000000 0.195090 -0.980785 -1.000000 0.000000 -1.000000 -1.000000 -0.195090 -0.980785 -1.000000 -0.382683 -0.923880 -1.000000 -0.555570 -0.831470 -1.000000 -0.707107 -0.707107 -1.000000 -0.831470 -0.555570 -1.000000 -0.923880 -0.382683 -1.000000 -0.980785 -0.195090 -1.000000 -1.000000 0.000000 -1.000000 -0.980785 0.195090 -1.000000 -0.923880 0.382683 -1.000000 -0.831470 0.555570 -1.000000 -0.707107 0.707107 -1.000000 -0.555570 0.831470 -1.000000 -0.382683 0.923880 -1.000000 -0.195090 0.980785 -1.000000 0.000000 0.000000 1.000000 "
							            />
							<TextureCoordinate point="0.2500 0.4900 0.2500 0.2500 0.2968 0.4854 0.2968 0.4854 0.2500 0.2500 0.3418 0.4717 0.3418 0.4717 0.2500 0.2500 0.3833 0.4496 0.3833 0.4496 0.2500 0.2500 0.4197 0.4197 0.4197 0.4197 0.2500 0.2500 0.4496 0.3833 0.4496 0.3833 0.2500 0.2500 0.4717 0.3418 0.4717 0.3418 0.2500 0.2500 0.4854 0.2968 0.4854 0.2968 0.2500 0.2500 0.4900 0.2500 0.4900 0.2500 0.2500 0.2500 0.4854 0.2032 0.4854 0.2032 0.2500 0.2500 0.4717 0.1582 0.4717 0.1582 0.2500 0.2500 0.4496 0.1167 0.4496 0.1167 0.2500 0.2500 0.4197 0.0803 0.4197 0.0803 0.2500 0.2500 0.3833 0.0504 0.3833 0.0504 0.2500 0.2500 0.3418 0.0283 0.3418 0.0283 0.2500 0.2500 0.2968 0.0146 0.2968 0.0146 0.2500 0.2500 0.2500 0.0100 0.2500 0.0100 0.2500 0.2500 0.2032 0.0146 0.2032 0.0146 0.2500 0.2500 0.1582 0.0283 0.1582 0.0283 0.2500 0.2500 0.1167 0.0504 0.1167 0.0504 0.2500 0.2500 0.0803 0.0803 0.0803 0.0803 0.2500 0.2500 0.0504 0.1167 0.0504 0.1167 0.2500 0.2500 0.0283 0.1582 0.0283 0.1582 0.2500 0.2500 0.0146 0.2032 0.0146 0.2032 0.2500 0.2500 0.0100 0.2500 0.0100 0.2500 0.2500 0.2500 0.0146 0.2968 0.0146 0.2968 0.2500 0.2500 0.0283 0.3418 0.0283 0.3418 0.2500 0.2500 0.0504 0.3833 0.0504 0.3833 0.2500 0.2500 0.0803 0.4197 0.0803 0.4197 0.2500 0.2500 0.1167 0.4496 0.1167 0.4496 0.2500 0.2500 0.1582 0.4717 0.7500 0.4900 0.7968 0.4854 0.8418 0.4717 0.8833 0.4496 0.9197 0.4197 0.9496 0.3833 0.9717 0.3418 0.9854 0.2968 0.9900 0.2500 0.9854 0.2032 0.9717 0.1582 0.9496 0.1167 0.9197 0.0803 0.8833 0.0504 0.8418 0.0283 0.7968 0.0146 0.7500 0.0100 0.7032 0.0146 0.6582 0.0283 0.6167 0.0504 0.5803 0.0803 0.5504 0.1167 0.5283 0.1582 0.5146 0.2032 0.5100 0.2500 0.5146 0.2968 0.5283 0.3418 0.5504 0.3833 0.5803 0.4197 0.6167 0.4496 0.6582 0.4717 0.7032 0.4854 0.1582 0.4717 0.2500 0.2500 0.2032 0.4854 0.2032 0.4854 0.2500 0.2500 0.2500 0.4900 " />
						</IndexedFaceSet>
					</Shape>
				</Group>
			</Transform>
		</Transform>
		<Transform DEF="Shape_IndexedFaceSet_025_TRANSFORM"
		           translation="188.471710 -10.305332 -48.575291"
		           scale="17.933174 19.391443 28.188238"
		           rotation="-1.000000 0.000000 0.000000 1.570796"
		           >
			<Transform DEF="Shape_IndexedFaceSet_025_ifs_TRANSFORM"
			           translation="-0.000001 0.000000 0.000000"
			           scale="1.000000 1.000000 1.000000"
			           rotation="0.000000 0.000000 0.000000 0.000000"
			           >
				<Group DEF="group_ME_Shape_IndexedFaceSet_025">
					<Shape>
						<Appearance>
							<Material USE="MA_MA_MA_MA_Material_001_001_002" />
						</Appearance>
						<IndexedFaceSet solid="false"
						                texCoordIndex="0 1 2 -1 3 4 5 -1 6 7 8 -1 9 10 11 -1 12 13 14 -1 15 16 17 -1 18 19 20 -1 21 22 23 -1 24 25 26 -1 27 28 29 -1 30 31 32 -1 33 34 35 -1 36 37 38 -1 39 40 41 -1 42 43 44 -1 45 46 47 -1 48 49 50 -1 51 52 53 -1 54 55 56 -1 57 58 59 -1 60 61 62 -1 63 64 65 -1 66 67 68 -1 69 70 71 -1 72 73 74 -1 75 76 77 -1 78 79 80 -1 81 82 83 -1 84 85 86 -1 87 88 89 -1 90 91 92 93 94 95 96 97 98 99 100 101 102 103 104 105 106 107 108 109 110 111 112 113 114 115 116 117 118 119 120 121 -1 122 123 124 -1 125 126 127 -1 "
						                coordIndex="0 32 1 -1 1 32 2 -1 2 32 3 -1 3 32 4 -1 4 32 5 -1 5 32 6 -1 6 32 7 -1 7 32 8 -1 8 32 9 -1 9 32 10 -1 10 32 11 -1 11 32 12 -1 12 32 13 -1 13 32 14 -1 14 32 15 -1 15 32 16 -1 16 32 17 -1 17 32 18 -1 18 32 19 -1 19 32 20 -1 20 32 21 -1 21 32 22 -1 22 32 23 -1 23 32 24 -1 24 32 25 -1 25 32 26 -1 26 32 27 -1 27 32 28 -1 28 32 29 -1 29 32 30 -1 0 1 2 3 4 5 6 7 8 9 10 11 12 13 14 15 16 17 18 19 20 21 22 23 24 25 26 27 28 29 30 31 -1 30 32 31 -1 31 32 0 -1 "
						                >
							<Coordinate DEF="coords_ME_Shape_IndexedFaceSet_025"
							            point="0.000000 1.000000 -1.000000 0.195090 0.980785 -1.000000 0.382683 0.923880 -1.000000 0.555570 0.831470 -1.000000 0.707107 0.707107 -1.000000 0.831470 0.555570 -1.000000 0.923880 0.382683 -1.000000 0.980785 0.195090 -1.000000 1.000000 0.000000 -1.000000 0.980785 -0.195090 -1.000000 0.923880 -0.382683 -1.000000 0.831470 -0.555570 -1.000000 0.707107 -0.707107 -1.000000 0.555570 -0.831470 -1.000000 0.382683 -0.923880 -1.000000 0.195090 -0.980785 -1.000000 0.000000 -1.000000 -1.000000 -0.195090 -0.980785 -1.000000 -0.382683 -0.923880 -1.000000 -0.555570 -0.831470 -1.000000 -0.707107 -0.707107 -1.000000 -0.831470 -0.555570 -1.000000 -0.923880 -0.382683 -1.000000 -0.980785 -0.195090 -1.000000 -1.000000 0.000000 -1.000000 -0.980785 0.195090 -1.000000 -0.923880 0.382683 -1.000000 -0.831470 0.555570 -1.000000 -0.707107 0.707107 -1.000000 -0.555570 0.831470 -1.000000 -0.382683 0.923880 -1.000000 -0.195090 0.980785 -1.000000 0.000000 0.000000 1.000000 "
							            />
							<TextureCoordinate point="0.2500 0.4900 0.2500 0.2500 0.2968 0.4854 0.2968 0.4854 0.2500 0.2500 0.3418 0.4717 0.3418 0.4717 0.2500 0.2500 0.3833 0.4496 0.3833 0.4496 0.2500 0.2500 0.4197 0.4197 0.4197 0.4197 0.2500 0.2500 0.4496 0.3833 0.4496 0.3833 0.2500 0.2500 0.4717 0.3418 0.4717 0.3418 0.2500 0.2500 0.4854 0.2968 0.4854 0.2968 0.2500 0.2500 0.4900 0.2500 0.4900 0.2500 0.2500 0.2500 0.4854 0.2032 0.4854 0.2032 0.2500 0.2500 0.4717 0.1582 0.4717 0.1582 0.2500 0.2500 0.4496 0.1167 0.4496 0.1167 0.2500 0.2500 0.4197 0.0803 0.4197 0.0803 0.2500 0.2500 0.3833 0.0504 0.3833 0.0504 0.2500 0.2500 0.3418 0.0283 0.3418 0.0283 0.2500 0.2500 0.2968 0.0146 0.2968 0.0146 0.2500 0.2500 0.2500 0.0100 0.2500 0.0100 0.2500 0.2500 0.2032 0.0146 0.2032 0.0146 0.2500 0.2500 0.1582 0.0283 0.1582 0.0283 0.2500 0.2500 0.1167 0.0504 0.1167 0.0504 0.2500 0.2500 0.0803 0.0803 0.0803 0.0803 0.2500 0.2500 0.0504 0.1167 0.0504 0.1167 0.2500 0.2500 0.0283 0.1582 0.0283 0.1582 0.2500 0.2500 0.0146 0.2032 0.0146 0.2032 0.2500 0.2500 0.0100 0.2500 0.0100 0.2500 0.2500 0.2500 0.0146 0.2968 0.0146 0.2968 0.2500 0.2500 0.0283 0.3418 0.0283 0.3418 0.2500 0.2500 0.0504 0.3833 0.0504 0.3833 0.2500 0.2500 0.0803 0.4197 0.0803 0.4197 0.2500 0.2500 0.1167 0.4496 0.1167 0.4496 0.2500 0.2500 0.1582 0.4717 0.7500 0.4900 0.7968 0.4854 0.8418 0.4717 0.8833 0.4496 0.9197 0.4197 0.9496 0.3833 0.9717 0.3418 0.9854 0.2968 0.9900 0.2500 0.9854 0.2032 0.9717 0.1582 0.9496 0.1167 0.9197 0.0803 0.8833 0.0504 0.8418 0.0283 0.7968 0.0146 0.7500 0.0100 0.7032 0.0146 0.6582 0.0283 0.6167 0.0504 0.5803 0.0803 0.5504 0.1167 0.5283 0.1582 0.5146 0.2032 0.5100 0.2500 0.5146 0.2968 0.5283 0.3418 0.5504 0.3833 0.5803 0.4197 0.6167 0.4496 0.6582 0.4717 0.7032 0.4854 0.1582 0.4717 0.2500 0.2500 0.2032 0.4854 0.2032 0.4854 0.2500 0.2500 0.2500 0.4900 " />
						</IndexedFaceSet>
					</Shape>
				</Group>
			</Transform>
		</Transform>
		<Transform DEF="Shape_IndexedFaceSet_026_TRANSFORM"
		           translation="174.708954 -13.493153 -174.078476"
		           scale="25.603350 25.603350 28.188238"
		           rotation="-1.000000 0.000000 0.000000 1.570796"
		           >
			<Transform DEF="Shape_IndexedFaceSet_026_ifs_TRANSFORM"
			           translation="0.000000 0.000000 0.000000"
			           scale="1.000000 1.000000 1.000000"
			           rotation="-0.000000 0.000000 0.000000 0.000000"
			           >
				<Group DEF="group_ME_Shape_IndexedFaceSet_026">
					<Shape>
						<Appearance>
							<Material USE="MA_MA_MA_MA_Material_001_001_002" />
						</Appearance>
						<IndexedFaceSet solid="false"
						                texCoordIndex="0 1 2 -1 3 4 5 -1 6 7 8 -1 9 10 11 -1 12 13 14 -1 15 16 17 -1 18 19 20 -1 21 22 23 -1 24 25 26 -1 27 28 29 -1 30 31 32 -1 33 34 35 -1 36 37 38 -1 39 40 41 -1 42 43 44 -1 45 46 47 -1 48 49 50 -1 51 52 53 -1 54 55 56 -1 57 58 59 -1 60 61 62 -1 63 64 65 -1 66 67 68 -1 69 70 71 -1 72 73 74 -1 75 76 77 -1 78 79 80 -1 81 82 83 -1 84 85 86 -1 87 88 89 -1 90 91 92 93 94 95 96 97 98 99 100 101 102 103 104 105 106 107 108 109 110 111 112 113 114 115 116 117 118 119 120 121 -1 122 123 124 -1 125 126 127 -1 "
						                coordIndex="0 32 1 -1 1 32 2 -1 2 32 3 -1 3 32 4 -1 4 32 5 -1 5 32 6 -1 6 32 7 -1 7 32 8 -1 8 32 9 -1 9 32 10 -1 10 32 11 -1 11 32 12 -1 12 32 13 -1 13 32 14 -1 14 32 15 -1 15 32 16 -1 16 32 17 -1 17 32 18 -1 18 32 19 -1 19 32 20 -1 20 32 21 -1 21 32 22 -1 22 32 23 -1 23 32 24 -1 24 32 25 -1 25 32 26 -1 26 32 27 -1 27 32 28 -1 28 32 29 -1 29 32 30 -1 0 1 2 3 4 5 6 7 8 9 10 11 12 13 14 15 16 17 18 19 20 21 22 23 24 25 26 27 28 29 30 31 -1 30 32 31 -1 31 32 0 -1 "
						                >
							<Coordinate DEF="coords_ME_Shape_IndexedFaceSet_026"
							            point="0.000000 1.000000 -1.000000 0.195090 0.980785 -1.000000 0.382683 0.923880 -1.000000 0.555570 0.831470 -1.000000 0.707107 0.707107 -1.000000 0.831470 0.555570 -1.000000 0.923880 0.382683 -1.000000 0.980785 0.195090 -1.000000 1.000000 0.000000 -1.000000 0.980785 -0.195090 -1.000000 0.923880 -0.382683 -1.000000 0.831470 -0.555570 -1.000000 0.707107 -0.707107 -1.000000 0.555570 -0.831470 -1.000000 0.382683 -0.923880 -1.000000 0.195090 -0.980785 -1.000000 0.000000 -1.000000 -1.000000 -0.195090 -0.980785 -1.000000 -0.382683 -0.923880 -1.000000 -0.555570 -0.831470 -1.000000 -0.707107 -0.707107 -1.000000 -0.831470 -0.555570 -1.000000 -0.923880 -0.382683 -1.000000 -0.980785 -0.195090 -1.000000 -1.000000 0.000000 -1.000000 -0.980785 0.195090 -1.000000 -0.923880 0.382683 -1.000000 -0.831470 0.555570 -1.000000 -0.707107 0.707107 -1.000000 -0.555570 0.831470 -1.000000 -0.382683 0.923880 -1.000000 -0.195090 0.980785 -1.000000 0.000000 0.000000 1.000000 "
							            />
							<TextureCoordinate point="0.2500 0.4900 0.2500 0.2500 0.2968 0.4854 0.2968 0.4854 0.2500 0.2500 0.3418 0.4717 0.3418 0.4717 0.2500 0.2500 0.3833 0.4496 0.3833 0.4496 0.2500 0.2500 0.4197 0.4197 0.4197 0.4197 0.2500 0.2500 0.4496 0.3833 0.4496 0.3833 0.2500 0.2500 0.4717 0.3418 0.4717 0.3418 0.2500 0.2500 0.4854 0.2968 0.4854 0.2968 0.2500 0.2500 0.4900 0.2500 0.4900 0.2500 0.2500 0.2500 0.4854 0.2032 0.4854 0.2032 0.2500 0.2500 0.4717 0.1582 0.4717 0.1582 0.2500 0.2500 0.4496 0.1167 0.4496 0.1167 0.2500 0.2500 0.4197 0.0803 0.4197 0.0803 0.2500 0.2500 0.3833 0.0504 0.3833 0.0504 0.2500 0.2500 0.3418 0.0283 0.3418 0.0283 0.2500 0.2500 0.2968 0.0146 0.2968 0.0146 0.2500 0.2500 0.2500 0.0100 0.2500 0.0100 0.2500 0.2500 0.2032 0.0146 0.2032 0.0146 0.2500 0.2500 0.1582 0.0283 0.1582 0.0283 0.2500 0.2500 0.1167 0.0504 0.1167 0.0504 0.2500 0.2500 0.0803 0.0803 0.0803 0.0803 0.2500 0.2500 0.0504 0.1167 0.0504 0.1167 0.2500 0.2500 0.0283 0.1582 0.0283 0.1582 0.2500 0.2500 0.0146 0.2032 0.0146 0.2032 0.2500 0.2500 0.0100 0.2500 0.0100 0.2500 0.2500 0.2500 0.0146 0.2968 0.0146 0.2968 0.2500 0.2500 0.0283 0.3418 0.0283 0.3418 0.2500 0.2500 0.0504 0.3833 0.0504 0.3833 0.2500 0.2500 0.0803 0.4197 0.0803 0.4197 0.2500 0.2500 0.1167 0.4496 0.1167 0.4496 0.2500 0.2500 0.1582 0.4717 0.7500 0.4900 0.7968 0.4854 0.8418 0.4717 0.8833 0.4496 0.9197 0.4197 0.9496 0.3833 0.9717 0.3418 0.9854 0.2968 0.9900 0.2500 0.9854 0.2032 0.9717 0.1582 0.9496 0.1167 0.9197 0.0803 0.8833 0.0504 0.8418 0.0283 0.7968 0.0146 0.7500 0.0100 0.7032 0.0146 0.6582 0.0283 0.6167 0.0504 0.5803 0.0803 0.5504 0.1167 0.5283 0.1582 0.5146 0.2032 0.5100 0.2500 0.5146 0.2968 0.5283 0.3418 0.5504 0.3833 0.5803 0.4197 0.6167 0.4496 0.6582 0.4717 0.7032 0.4854 0.1582 0.4717 0.2500 0.2500 0.2032 0.4854 0.2032 0.4854 0.2500 0.2500 0.2500 0.4900 " />
						</IndexedFaceSet>
					</Shape>
				</Group>
			</Transform>
		</Transform>
		<Transform DEF="Shape_IndexedFaceSet_027_TRANSFORM"
		           translation="188.895096 -16.996426 32.591579"
		           scale="19.065832 19.065832 20.990700"
		           rotation="-1.000000 0.000000 0.000000 1.570796"
		           >
			<Transform DEF="Shape_IndexedFaceSet_027_ifs_TRANSFORM"
			           translation="0.000001 -0.000000 -0.000000"
			           scale="1.000000 1.000000 1.000000"
			           rotation="0.000000 0.000000 0.000000 0.000000"
			           >
				<Group DEF="group_ME_Shape_IndexedFaceSet_027">
					<Shape>
						<Appearance>
							<Material USE="MA_MA_MA_MA_Material_001_001_002" />
						</Appearance>
						<IndexedFaceSet solid="false"
						                texCoordIndex="0 1 2 -1 3 4 5 -1 6 7 8 -1 9 10 11 -1 12 13 14 -1 15 16 17 -1 18 19 20 -1 21 22 23 -1 24 25 26 -1 27 28 29 -1 30 31 32 -1 33 34 35 -1 36 37 38 -1 39 40 41 -1 42 43 44 -1 45 46 47 -1 48 49 50 -1 51 52 53 -1 54 55 56 -1 57 58 59 -1 60 61 62 -1 63 64 65 -1 66 67 68 -1 69 70 71 -1 72 73 74 -1 75 76 77 -1 78 79 80 -1 81 82 83 -1 84 85 86 -1 87 88 89 -1 90 91 92 93 94 95 96 97 98 99 100 101 102 103 104 105 106 107 108 109 110 111 112 113 114 115 116 117 118 119 120 121 -1 122 123 124 -1 125 126 127 -1 "
						                coordIndex="0 32 1 -1 1 32 2 -1 2 32 3 -1 3 32 4 -1 4 32 5 -1 5 32 6 -1 6 32 7 -1 7 32 8 -1 8 32 9 -1 9 32 10 -1 10 32 11 -1 11 32 12 -1 12 32 13 -1 13 32 14 -1 14 32 15 -1 15 32 16 -1 16 32 17 -1 17 32 18 -1 18 32 19 -1 19 32 20 -1 20 32 21 -1 21 32 22 -1 22 32 23 -1 23 32 24 -1 24 32 25 -1 25 32 26 -1 26 32 27 -1 27 32 28 -1 28 32 29 -1 29 32 30 -1 0 1 2 3 4 5 6 7 8 9 10 11 12 13 14 15 16 17 18 19 20 21 22 23 24 25 26 27 28 29 30 31 -1 30 32 31 -1 31 32 0 -1 "
						                >
							<Coordinate DEF="coords_ME_Shape_IndexedFaceSet_027"
							            point="0.000000 1.000000 -1.000000 0.195090 0.980785 -1.000000 0.382683 0.923880 -1.000000 0.555570 0.831470 -1.000000 0.707107 0.707107 -1.000000 0.831470 0.555570 -1.000000 0.923880 0.382683 -1.000000 0.980785 0.195090 -1.000000 1.000000 0.000000 -1.000000 0.980785 -0.195090 -1.000000 0.923880 -0.382683 -1.000000 0.831470 -0.555570 -1.000000 0.707107 -0.707107 -1.000000 0.555570 -0.831470 -1.000000 0.382683 -0.923880 -1.000000 0.195090 -0.980785 -1.000000 0.000000 -1.000000 -1.000000 -0.195090 -0.980785 -1.000000 -0.382683 -0.923880 -1.000000 -0.555570 -0.831470 -1.000000 -0.707107 -0.707107 -1.000000 -0.831470 -0.555570 -1.000000 -0.923880 -0.382683 -1.000000 -0.980785 -0.195090 -1.000000 -1.000000 0.000000 -1.000000 -0.980785 0.195090 -1.000000 -0.923880 0.382683 -1.000000 -0.831470 0.555570 -1.000000 -0.707107 0.707107 -1.000000 -0.555570 0.831470 -1.000000 -0.382683 0.923880 -1.000000 -0.195090 0.980785 -1.000000 0.000000 0.000000 1.000000 "
							            />
							<TextureCoordinate point="0.2500 0.4900 0.2500 0.2500 0.2968 0.4854 0.2968 0.4854 0.2500 0.2500 0.3418 0.4717 0.3418 0.4717 0.2500 0.2500 0.3833 0.4496 0.3833 0.4496 0.2500 0.2500 0.4197 0.4197 0.4197 0.4197 0.2500 0.2500 0.4496 0.3833 0.4496 0.3833 0.2500 0.2500 0.4717 0.3418 0.4717 0.3418 0.2500 0.2500 0.4854 0.2968 0.4854 0.2968 0.2500 0.2500 0.4900 0.2500 0.4900 0.2500 0.2500 0.2500 0.4854 0.2032 0.4854 0.2032 0.2500 0.2500 0.4717 0.1582 0.4717 0.1582 0.2500 0.2500 0.4496 0.1167 0.4496 0.1167 0.2500 0.2500 0.4197 0.0803 0.4197 0.0803 0.2500 0.2500 0.3833 0.0504 0.3833 0.0504 0.2500 0.2500 0.3418 0.0283 0.3418 0.0283 0.2500 0.2500 0.2968 0.0146 0.2968 0.0146 0.2500 0.2500 0.2500 0.0100 0.2500 0.0100 0.2500 0.2500 0.2032 0.0146 0.2032 0.0146 0.2500 0.2500 0.1582 0.0283 0.1582 0.0283 0.2500 0.2500 0.1167 0.0504 0.1167 0.0504 0.2500 0.2500 0.0803 0.0803 0.0803 0.0803 0.2500 0.2500 0.0504 0.1167 0.0504 0.1167 0.2500 0.2500 0.0283 0.1582 0.0283 0.1582 0.2500 0.2500 0.0146 0.2032 0.0146 0.2032 0.2500 0.2500 0.0100 0.2500 0.0100 0.2500 0.2500 0.2500 0.0146 0.2968 0.0146 0.2968 0.2500 0.2500 0.0283 0.3418 0.0283 0.3418 0.2500 0.2500 0.0504 0.3833 0.0504 0.3833 0.2500 0.2500 0.0803 0.4197 0.0803 0.4197 0.2500 0.2500 0.1167 0.4496 0.1167 0.4496 0.2500 0.2500 0.1582 0.4717 0.7500 0.4900 0.7968 0.4854 0.8418 0.4717 0.8833 0.4496 0.9197 0.4197 0.9496 0.3833 0.9717 0.3418 0.9854 0.2968 0.9900 0.2500 0.9854 0.2032 0.9717 0.1582 0.9496 0.1167 0.9197 0.0803 0.8833 0.0504 0.8418 0.0283 0.7968 0.0146 0.7500 0.0100 0.7032 0.0146 0.6582 0.0283 0.6167 0.0504 0.5803 0.0803 0.5504 0.1167 0.5283 0.1582 0.5146 0.2032 0.5100 0.2500 0.5146 0.2968 0.5283 0.3418 0.5504 0.3833 0.5803 0.4197 0.6167 0.4496 0.6582 0.4717 0.7032 0.4854 0.1582 0.4717 0.2500 0.2500 0.2032 0.4854 0.2032 0.4854 0.2500 0.2500 0.2500 0.4900 " />
						</IndexedFaceSet>
					</Shape>
				</Group>
			</Transform>
		</Transform>
		<Transform DEF="Shape_IndexedFaceSet_028_TRANSFORM"
		           translation="205.697891 -8.931759 -0.705386"
		           scale="25.603350 25.603350 28.188238"
		           rotation="-1.000000 0.000000 0.000000 1.570796"
		           >
			<Transform DEF="Shape_IndexedFaceSet_028_ifs_TRANSFORM"
			           translation="0.000000 -0.000000 0.000000"
			           scale="1.000000 1.000000 1.000000"
			           rotation="-0.000000 0.000000 0.000000 0.000000"
			           >
				<Group DEF="group_ME_Shape_IndexedFaceSet_028">
					<Shape>
						<Appearance>
							<Material USE="MA_MA_MA_MA_Material_001_001_002" />
						</Appearance>
						<IndexedFaceSet solid="false"
						                texCoordIndex="0 1 2 -1 3 4 5 -1 6 7 8 -1 9 10 11 -1 12 13 14 -1 15 16 17 -1 18 19 20 -1 21 22 23 -1 24 25 26 -1 27 28 29 -1 30 31 32 -1 33 34 35 -1 36 37 38 -1 39 40 41 -1 42 43 44 -1 45 46 47 -1 48 49 50 -1 51 52 53 -1 54 55 56 -1 57 58 59 -1 60 61 62 -1 63 64 65 -1 66 67 68 -1 69 70 71 -1 72 73 74 -1 75 76 77 -1 78 79 80 -1 81 82 83 -1 84 85 86 -1 87 88 89 -1 90 91 92 93 94 95 96 97 98 99 100 101 102 103 104 105 106 107 108 109 110 111 112 113 114 115 116 117 118 119 120 121 -1 122 123 124 -1 125 126 127 -1 "
						                coordIndex="0 32 1 -1 1 32 2 -1 2 32 3 -1 3 32 4 -1 4 32 5 -1 5 32 6 -1 6 32 7 -1 7 32 8 -1 8 32 9 -1 9 32 10 -1 10 32 11 -1 11 32 12 -1 12 32 13 -1 13 32 14 -1 14 32 15 -1 15 32 16 -1 16 32 17 -1 17 32 18 -1 18 32 19 -1 19 32 20 -1 20 32 21 -1 21 32 22 -1 22 32 23 -1 23 32 24 -1 24 32 25 -1 25 32 26 -1 26 32 27 -1 27 32 28 -1 28 32 29 -1 29 32 30 -1 0 1 2 3 4 5 6 7 8 9 10 11 12 13 14 15 16 17 18 19 20 21 22 23 24 25 26 27 28 29 30 31 -1 30 32 31 -1 31 32 0 -1 "
						                >
							<Coordinate DEF="coords_ME_Shape_IndexedFaceSet_028"
							            point="0.000000 1.000000 -1.000000 0.195090 0.980785 -1.000000 0.382683 0.923880 -1.000000 0.555570 0.831470 -1.000000 0.707107 0.707107 -1.000000 0.831470 0.555570 -1.000000 0.923880 0.382683 -1.000000 0.980785 0.195090 -1.000000 1.000000 0.000000 -1.000000 0.980785 -0.195090 -1.000000 0.923880 -0.382683 -1.000000 0.831470 -0.555570 -1.000000 0.707107 -0.707107 -1.000000 0.555570 -0.831470 -1.000000 0.382683 -0.923880 -1.000000 0.195090 -0.980785 -1.000000 0.000000 -1.000000 -1.000000 -0.195090 -0.980785 -1.000000 -0.382683 -0.923880 -1.000000 -0.555570 -0.831470 -1.000000 -0.707107 -0.707107 -1.000000 -0.831470 -0.555570 -1.000000 -0.923880 -0.382683 -1.000000 -0.980785 -0.195090 -1.000000 -1.000000 0.000000 -1.000000 -0.980785 0.195090 -1.000000 -0.923880 0.382683 -1.000000 -0.831470 0.555570 -1.000000 -0.707107 0.707107 -1.000000 -0.555570 0.831470 -1.000000 -0.382683 0.923880 -1.000000 -0.195090 0.980785 -1.000000 0.000000 0.000000 1.000000 "
							            />
							<TextureCoordinate point="0.2500 0.4900 0.2500 0.2500 0.2968 0.4854 0.2968 0.4854 0.2500 0.2500 0.3418 0.4717 0.3418 0.4717 0.2500 0.2500 0.3833 0.4496 0.3833 0.4496 0.2500 0.2500 0.4197 0.4197 0.4197 0.4197 0.2500 0.2500 0.4496 0.3833 0.4496 0.3833 0.2500 0.2500 0.4717 0.3418 0.4717 0.3418 0.2500 0.2500 0.4854 0.2968 0.4854 0.2968 0.2500 0.2500 0.4900 0.2500 0.4900 0.2500 0.2500 0.2500 0.4854 0.2032 0.4854 0.2032 0.2500 0.2500 0.4717 0.1582 0.4717 0.1582 0.2500 0.2500 0.4496 0.1167 0.4496 0.1167 0.2500 0.2500 0.4197 0.0803 0.4197 0.0803 0.2500 0.2500 0.3833 0.0504 0.3833 0.0504 0.2500 0.2500 0.3418 0.0283 0.3418 0.0283 0.2500 0.2500 0.2968 0.0146 0.2968 0.0146 0.2500 0.2500 0.2500 0.0100 0.2500 0.0100 0.2500 0.2500 0.2032 0.0146 0.2032 0.0146 0.2500 0.2500 0.1582 0.0283 0.1582 0.0283 0.2500 0.2500 0.1167 0.0504 0.1167 0.0504 0.2500 0.2500 0.0803 0.0803 0.0803 0.0803 0.2500 0.2500 0.0504 0.1167 0.0504 0.1167 0.2500 0.2500 0.0283 0.1582 0.0283 0.1582 0.2500 0.2500 0.0146 0.2032 0.0146 0.2032 0.2500 0.2500 0.0100 0.2500 0.0100 0.2500 0.2500 0.2500 0.0146 0.2968 0.0146 0.2968 0.2500 0.2500 0.0283 0.3418 0.0283 0.3418 0.2500 0.2500 0.0504 0.3833 0.0504 0.3833 0.2500 0.2500 0.0803 0.4197 0.0803 0.4197 0.2500 0.2500 0.1167 0.4496 0.1167 0.4496 0.2500 0.2500 0.1582 0.4717 0.7500 0.4900 0.7968 0.4854 0.8418 0.4717 0.8833 0.4496 0.9197 0.4197 0.9496 0.3833 0.9717 0.3418 0.9854 0.2968 0.9900 0.2500 0.9854 0.2032 0.9717 0.1582 0.9496 0.1167 0.9197 0.0803 0.8833 0.0504 0.8418 0.0283 0.7968 0.0146 0.7500 0.0100 0.7032 0.0146 0.6582 0.0283 0.6167 0.0504 0.5803 0.0803 0.5504 0.1167 0.5283 0.1582 0.5146 0.2032 0.5100 0.2500 0.5146 0.2968 0.5283 0.3418 0.5504 0.3833 0.5803 0.4197 0.6167 0.4496 0.6582 0.4717 0.7032 0.4854 0.1582 0.4717 0.2500 0.2500 0.2032 0.4854 0.2032 0.4854 0.2500 0.2500 0.2500 0.4900 " />
						</IndexedFaceSet>
					</Shape>
				</Group>
			</Transform>
		</Transform>
		<Transform DEF="Shape_IndexedFaceSet_029_TRANSFORM"
		           translation="230.337662 -9.588993 36.707516"
		           scale="25.603350 25.603350 28.188238"
		           rotation="-1.000000 0.000000 0.000000 1.570796"
		           >
			<Transform DEF="Shape_IndexedFaceSet_029_ifs_TRANSFORM"
			           translation="0.000000 -0.000000 0.000000"
			           scale="1.000000 1.000000 1.000000"
			           rotation="-0.000000 0.000000 0.000000 0.000000"
			           >
				<Group DEF="group_ME_Shape_IndexedFaceSet_029">
					<Shape>
						<Appearance>
							<Material USE="MA_MA_MA_MA_Material_001_001_002" />
						</Appearance>
						<IndexedFaceSet solid="false"
						                texCoordIndex="0 1 2 -1 3 4 5 -1 6 7 8 -1 9 10 11 -1 12 13 14 -1 15 16 17 -1 18 19 20 -1 21 22 23 -1 24 25 26 -1 27 28 29 -1 30 31 32 -1 33 34 35 -1 36 37 38 -1 39 40 41 -1 42 43 44 -1 45 46 47 -1 48 49 50 -1 51 52 53 -1 54 55 56 -1 57 58 59 -1 60 61 62 -1 63 64 65 -1 66 67 68 -1 69 70 71 -1 72 73 74 -1 75 76 77 -1 78 79 80 -1 81 82 83 -1 84 85 86 -1 87 88 89 -1 90 91 92 93 94 95 96 97 98 99 100 101 102 103 104 105 106 107 108 109 110 111 112 113 114 115 116 117 118 119 120 121 -1 122 123 124 -1 125 126 127 -1 "
						                coordIndex="0 32 1 -1 1 32 2 -1 2 32 3 -1 3 32 4 -1 4 32 5 -1 5 32 6 -1 6 32 7 -1 7 32 8 -1 8 32 9 -1 9 32 10 -1 10 32 11 -1 11 32 12 -1 12 32 13 -1 13 32 14 -1 14 32 15 -1 15 32 16 -1 16 32 17 -1 17 32 18 -1 18 32 19 -1 19 32 20 -1 20 32 21 -1 21 32 22 -1 22 32 23 -1 23 32 24 -1 24 32 25 -1 25 32 26 -1 26 32 27 -1 27 32 28 -1 28 32 29 -1 29 32 30 -1 0 1 2 3 4 5 6 7 8 9 10 11 12 13 14 15 16 17 18 19 20 21 22 23 24 25 26 27 28 29 30 31 -1 30 32 31 -1 31 32 0 -1 "
						                >
							<Coordinate DEF="coords_ME_Shape_IndexedFaceSet_029"
							            point="0.000000 1.000000 -1.000000 0.195090 0.980785 -1.000000 0.382683 0.923880 -1.000000 0.555570 0.831470 -1.000000 0.707107 0.707107 -1.000000 0.831470 0.555570 -1.000000 0.923880 0.382683 -1.000000 0.980785 0.195090 -1.000000 1.000000 0.000000 -1.000000 0.980785 -0.195090 -1.000000 0.923880 -0.382683 -1.000000 0.831470 -0.555570 -1.000000 0.707107 -0.707107 -1.000000 0.555570 -0.831470 -1.000000 0.382683 -0.923880 -1.000000 0.195090 -0.980785 -1.000000 0.000000 -1.000000 -1.000000 -0.195090 -0.980785 -1.000000 -0.382683 -0.923880 -1.000000 -0.555570 -0.831470 -1.000000 -0.707107 -0.707107 -1.000000 -0.831470 -0.555570 -1.000000 -0.923880 -0.382683 -1.000000 -0.980785 -0.195090 -1.000000 -1.000000 0.000000 -1.000000 -0.980785 0.195090 -1.000000 -0.923880 0.382683 -1.000000 -0.831470 0.555570 -1.000000 -0.707107 0.707107 -1.000000 -0.555570 0.831470 -1.000000 -0.382683 0.923880 -1.000000 -0.195090 0.980785 -1.000000 0.000000 0.000000 1.000000 "
							            />
							<TextureCoordinate point="0.2500 0.4900 0.2500 0.2500 0.2968 0.4854 0.2968 0.4854 0.2500 0.2500 0.3418 0.4717 0.3418 0.4717 0.2500 0.2500 0.3833 0.4496 0.3833 0.4496 0.2500 0.2500 0.4197 0.4197 0.4197 0.4197 0.2500 0.2500 0.4496 0.3833 0.4496 0.3833 0.2500 0.2500 0.4717 0.3418 0.4717 0.3418 0.2500 0.2500 0.4854 0.2968 0.4854 0.2968 0.2500 0.2500 0.4900 0.2500 0.4900 0.2500 0.2500 0.2500 0.4854 0.2032 0.4854 0.2032 0.2500 0.2500 0.4717 0.1582 0.4717 0.1582 0.2500 0.2500 0.4496 0.1167 0.4496 0.1167 0.2500 0.2500 0.4197 0.0803 0.4197 0.0803 0.2500 0.2500 0.3833 0.0504 0.3833 0.0504 0.2500 0.2500 0.3418 0.0283 0.3418 0.0283 0.2500 0.2500 0.2968 0.0146 0.2968 0.0146 0.2500 0.2500 0.2500 0.0100 0.2500 0.0100 0.2500 0.2500 0.2032 0.0146 0.2032 0.0146 0.2500 0.2500 0.1582 0.0283 0.1582 0.0283 0.2500 0.2500 0.1167 0.0504 0.1167 0.0504 0.2500 0.2500 0.0803 0.0803 0.0803 0.0803 0.2500 0.2500 0.0504 0.1167 0.0504 0.1167 0.2500 0.2500 0.0283 0.1582 0.0283 0.1582 0.2500 0.2500 0.0146 0.2032 0.0146 0.2032 0.2500 0.2500 0.0100 0.2500 0.0100 0.2500 0.2500 0.2500 0.0146 0.2968 0.0146 0.2968 0.2500 0.2500 0.0283 0.3418 0.0283 0.3418 0.2500 0.2500 0.0504 0.3833 0.0504 0.3833 0.2500 0.2500 0.0803 0.4197 0.0803 0.4197 0.2500 0.2500 0.1167 0.4496 0.1167 0.4496 0.2500 0.2500 0.1582 0.4717 0.7500 0.4900 0.7968 0.4854 0.8418 0.4717 0.8833 0.4496 0.9197 0.4197 0.9496 0.3833 0.9717 0.3418 0.9854 0.2968 0.9900 0.2500 0.9854 0.2032 0.9717 0.1582 0.9496 0.1167 0.9197 0.0803 0.8833 0.0504 0.8418 0.0283 0.7968 0.0146 0.7500 0.0100 0.7032 0.0146 0.6582 0.0283 0.6167 0.0504 0.5803 0.0803 0.5504 0.1167 0.5283 0.1582 0.5146 0.2032 0.5100 0.2500 0.5146 0.2968 0.5283 0.3418 0.5504 0.3833 0.5803 0.4197 0.6167 0.4496 0.6582 0.4717 0.7032 0.4854 0.1582 0.4717 0.2500 0.2500 0.2032 0.4854 0.2032 0.4854 0.2500 0.2500 0.2500 0.4900 " />
						</IndexedFaceSet>
					</Shape>
				</Group>
			</Transform>
		</Transform>
		<Transform DEF="Shape_IndexedFaceSet_030_TRANSFORM"
		           translation="205.367935 -14.567608 -243.670151"
		           scale="15.385674 15.385674 25.096891"
		           rotation="-1.000000 0.000000 0.000000 1.570796"
		           >
			<Transform DEF="Shape_IndexedFaceSet_030_ifs_TRANSFORM"
			           translation="0.000002 -0.000000 0.000000"
			           scale="1.000000 1.000000 1.000000"
			           rotation="0.000000 0.000000 0.000000 0.000000"
			           >
				<Group DEF="group_ME_Shape_IndexedFaceSet_030">
					<Shape>
						<Appearance>
							<Material USE="MA_MA_MA_MA_Material_001_001_002" />
						</Appearance>
						<IndexedFaceSet solid="false"
						                texCoordIndex="0 1 2 -1 3 4 5 -1 6 7 8 -1 9 10 11 -1 12 13 14 -1 15 16 17 -1 18 19 20 -1 21 22 23 -1 24 25 26 -1 27 28 29 -1 30 31 32 -1 33 34 35 -1 36 37 38 -1 39 40 41 -1 42 43 44 -1 45 46 47 -1 48 49 50 -1 51 52 53 -1 54 55 56 -1 57 58 59 -1 60 61 62 -1 63 64 65 -1 66 67 68 -1 69 70 71 -1 72 73 74 -1 75 76 77 -1 78 79 80 -1 81 82 83 -1 84 85 86 -1 87 88 89 -1 90 91 92 93 94 95 96 97 98 99 100 101 102 103 104 105 106 107 108 109 110 111 112 113 114 115 116 117 118 119 120 121 -1 122 123 124 -1 125 126 127 -1 "
						                coordIndex="0 32 1 -1 1 32 2 -1 2 32 3 -1 3 32 4 -1 4 32 5 -1 5 32 6 -1 6 32 7 -1 7 32 8 -1 8 32 9 -1 9 32 10 -1 10 32 11 -1 11 32 12 -1 12 32 13 -1 13 32 14 -1 14 32 15 -1 15 32 16 -1 16 32 17 -1 17 32 18 -1 18 32 19 -1 19 32 20 -1 20 32 21 -1 21 32 22 -1 22 32 23 -1 23 32 24 -1 24 32 25 -1 25 32 26 -1 26 32 27 -1 27 32 28 -1 28 32 29 -1 29 32 30 -1 0 1 2 3 4 5 6 7 8 9 10 11 12 13 14 15 16 17 18 19 20 21 22 23 24 25 26 27 28 29 30 31 -1 30 32 31 -1 31 32 0 -1 "
						                >
							<Coordinate DEF="coords_ME_Shape_IndexedFaceSet_030"
							            point="0.000000 1.000000 -1.000000 0.195090 0.980785 -1.000000 0.382683 0.923880 -1.000000 0.555570 0.831470 -1.000000 0.707107 0.707107 -1.000000 0.831470 0.555570 -1.000000 0.923880 0.382683 -1.000000 0.980785 0.195090 -1.000000 1.000000 0.000000 -1.000000 0.980785 -0.195090 -1.000000 0.923880 -0.382683 -1.000000 0.831470 -0.555570 -1.000000 0.707107 -0.707107 -1.000000 0.555570 -0.831470 -1.000000 0.382683 -0.923880 -1.000000 0.195090 -0.980785 -1.000000 0.000000 -1.000000 -1.000000 -0.195090 -0.980785 -1.000000 -0.382683 -0.923880 -1.000000 -0.555570 -0.831470 -1.000000 -0.707107 -0.707107 -1.000000 -0.831470 -0.555570 -1.000000 -0.923880 -0.382683 -1.000000 -0.980785 -0.195090 -1.000000 -1.000000 0.000000 -1.000000 -0.980785 0.195090 -1.000000 -0.923880 0.382683 -1.000000 -0.831470 0.555570 -1.000000 -0.707107 0.707107 -1.000000 -0.555570 0.831470 -1.000000 -0.382683 0.923880 -1.000000 -0.195090 0.980785 -1.000000 0.000000 0.000000 1.000000 "
							            />
							<TextureCoordinate point="0.2500 0.4900 0.2500 0.2500 0.2968 0.4854 0.2968 0.4854 0.2500 0.2500 0.3418 0.4717 0.3418 0.4717 0.2500 0.2500 0.3833 0.4496 0.3833 0.4496 0.2500 0.2500 0.4197 0.4197 0.4197 0.4197 0.2500 0.2500 0.4496 0.3833 0.4496 0.3833 0.2500 0.2500 0.4717 0.3418 0.4717 0.3418 0.2500 0.2500 0.4854 0.2968 0.4854 0.2968 0.2500 0.2500 0.4900 0.2500 0.4900 0.2500 0.2500 0.2500 0.4854 0.2032 0.4854 0.2032 0.2500 0.2500 0.4717 0.1582 0.4717 0.1582 0.2500 0.2500 0.4496 0.1167 0.4496 0.1167 0.2500 0.2500 0.4197 0.0803 0.4197 0.0803 0.2500 0.2500 0.3833 0.0504 0.3833 0.0504 0.2500 0.2500 0.3418 0.0283 0.3418 0.0283 0.2500 0.2500 0.2968 0.0146 0.2968 0.0146 0.2500 0.2500 0.2500 0.0100 0.2500 0.0100 0.2500 0.2500 0.2032 0.0146 0.2032 0.0146 0.2500 0.2500 0.1582 0.0283 0.1582 0.0283 0.2500 0.2500 0.1167 0.0504 0.1167 0.0504 0.2500 0.2500 0.0803 0.0803 0.0803 0.0803 0.2500 0.2500 0.0504 0.1167 0.0504 0.1167 0.2500 0.2500 0.0283 0.1582 0.0283 0.1582 0.2500 0.2500 0.0146 0.2032 0.0146 0.2032 0.2500 0.2500 0.0100 0.2500 0.0100 0.2500 0.2500 0.2500 0.0146 0.2968 0.0146 0.2968 0.2500 0.2500 0.0283 0.3418 0.0283 0.3418 0.2500 0.2500 0.0504 0.3833 0.0504 0.3833 0.2500 0.2500 0.0803 0.4197 0.0803 0.4197 0.2500 0.2500 0.1167 0.4496 0.1167 0.4496 0.2500 0.2500 0.1582 0.4717 0.7500 0.4900 0.7968 0.4854 0.8418 0.4717 0.8833 0.4496 0.9197 0.4197 0.9496 0.3833 0.9717 0.3418 0.9854 0.2968 0.9900 0.2500 0.9854 0.2032 0.9717 0.1582 0.9496 0.1167 0.9197 0.0803 0.8833 0.0504 0.8418 0.0283 0.7968 0.0146 0.7500 0.0100 0.7032 0.0146 0.6582 0.0283 0.6167 0.0504 0.5803 0.0803 0.5504 0.1167 0.5283 0.1582 0.5146 0.2032 0.5100 0.2500 0.5146 0.2968 0.5283 0.3418 0.5504 0.3833 0.5803 0.4197 0.6167 0.4496 0.6582 0.4717 0.7032 0.4854 0.1582 0.4717 0.2500 0.2500 0.2032 0.4854 0.2032 0.4854 0.2500 0.2500 0.2500 0.4900 " />
						</IndexedFaceSet>
					</Shape>
				</Group>
			</Transform>
		</Transform>
		<Transform DEF="Shape_IndexedFaceSet_031_TRANSFORM"
		           translation="219.839996 -15.175617 -154.896957"
		           scale="21.345579 21.345579 23.976524"
		           rotation="-1.000000 0.000000 0.000000 1.570796"
		           >
			<Transform DEF="Shape_IndexedFaceSet_031_ifs_TRANSFORM"
			           translation="0.000000 -0.000000 0.000000"
			           scale="1.000000 1.000000 1.000000"
			           rotation="0.000000 1.000000 0.000000 0.000000"
			           >
				<Group DEF="group_ME_Shape_IndexedFaceSet_031">
					<Shape>
						<Appearance>
							<Material USE="MA_MA_MA_MA_Material_001_001_002" />
						</Appearance>
						<IndexedFaceSet solid="false"
						                texCoordIndex="0 1 2 -1 3 4 5 -1 6 7 8 -1 9 10 11 -1 12 13 14 -1 15 16 17 -1 18 19 20 -1 21 22 23 -1 24 25 26 -1 27 28 29 -1 30 31 32 -1 33 34 35 -1 36 37 38 -1 39 40 41 -1 42 43 44 -1 45 46 47 -1 48 49 50 -1 51 52 53 -1 54 55 56 -1 57 58 59 -1 60 61 62 -1 63 64 65 -1 66 67 68 -1 69 70 71 -1 72 73 74 -1 75 76 77 -1 78 79 80 -1 81 82 83 -1 84 85 86 -1 87 88 89 -1 90 91 92 93 94 95 96 97 98 99 100 101 102 103 104 105 106 107 108 109 110 111 112 113 114 115 116 117 118 119 120 121 -1 122 123 124 -1 125 126 127 -1 "
						                coordIndex="0 32 1 -1 1 32 2 -1 2 32 3 -1 3 32 4 -1 4 32 5 -1 5 32 6 -1 6 32 7 -1 7 32 8 -1 8 32 9 -1 9 32 10 -1 10 32 11 -1 11 32 12 -1 12 32 13 -1 13 32 14 -1 14 32 15 -1 15 32 16 -1 16 32 17 -1 17 32 18 -1 18 32 19 -1 19 32 20 -1 20 32 21 -1 21 32 22 -1 22 32 23 -1 23 32 24 -1 24 32 25 -1 25 32 26 -1 26 32 27 -1 27 32 28 -1 28 32 29 -1 29 32 30 -1 0 1 2 3 4 5 6 7 8 9 10 11 12 13 14 15 16 17 18 19 20 21 22 23 24 25 26 27 28 29 30 31 -1 30 32 31 -1 31 32 0 -1 "
						                >
							<Coordinate DEF="coords_ME_Shape_IndexedFaceSet_031"
							            point="0.000000 1.000000 -1.000000 0.195090 0.980785 -1.000000 0.382683 0.923880 -1.000000 0.555570 0.831470 -1.000000 0.707107 0.707107 -1.000000 0.831470 0.555570 -1.000000 0.923880 0.382683 -1.000000 0.980785 0.195090 -1.000000 1.000000 0.000000 -1.000000 0.980785 -0.195090 -1.000000 0.923880 -0.382683 -1.000000 0.831470 -0.555570 -1.000000 0.707107 -0.707107 -1.000000 0.555570 -0.831470 -1.000000 0.382683 -0.923880 -1.000000 0.195090 -0.980785 -1.000000 0.000000 -1.000000 -1.000000 -0.195090 -0.980785 -1.000000 -0.382683 -0.923880 -1.000000 -0.555570 -0.831470 -1.000000 -0.707107 -0.707107 -1.000000 -0.831470 -0.555570 -1.000000 -0.923880 -0.382683 -1.000000 -0.980785 -0.195090 -1.000000 -1.000000 0.000000 -1.000000 -0.980785 0.195090 -1.000000 -0.923880 0.382683 -1.000000 -0.831470 0.555570 -1.000000 -0.707107 0.707107 -1.000000 -0.555570 0.831470 -1.000000 -0.382683 0.923880 -1.000000 -0.195090 0.980785 -1.000000 0.000000 0.000000 1.000000 "
							            />
							<TextureCoordinate point="0.2500 0.4900 0.2500 0.2500 0.2968 0.4854 0.2968 0.4854 0.2500 0.2500 0.3418 0.4717 0.3418 0.4717 0.2500 0.2500 0.3833 0.4496 0.3833 0.4496 0.2500 0.2500 0.4197 0.4197 0.4197 0.4197 0.2500 0.2500 0.4496 0.3833 0.4496 0.3833 0.2500 0.2500 0.4717 0.3418 0.4717 0.3418 0.2500 0.2500 0.4854 0.2968 0.4854 0.2968 0.2500 0.2500 0.4900 0.2500 0.4900 0.2500 0.2500 0.2500 0.4854 0.2032 0.4854 0.2032 0.2500 0.2500 0.4717 0.1582 0.4717 0.1582 0.2500 0.2500 0.4496 0.1167 0.4496 0.1167 0.2500 0.2500 0.4197 0.0803 0.4197 0.0803 0.2500 0.2500 0.3833 0.0504 0.3833 0.0504 0.2500 0.2500 0.3418 0.0283 0.3418 0.0283 0.2500 0.2500 0.2968 0.0146 0.2968 0.0146 0.2500 0.2500 0.2500 0.0100 0.2500 0.0100 0.2500 0.2500 0.2032 0.0146 0.2032 0.0146 0.2500 0.2500 0.1582 0.0283 0.1582 0.0283 0.2500 0.2500 0.1167 0.0504 0.1167 0.0504 0.2500 0.2500 0.0803 0.0803 0.0803 0.0803 0.2500 0.2500 0.0504 0.1167 0.0504 0.1167 0.2500 0.2500 0.0283 0.1582 0.0283 0.1582 0.2500 0.2500 0.0146 0.2032 0.0146 0.2032 0.2500 0.2500 0.0100 0.2500 0.0100 0.2500 0.2500 0.2500 0.0146 0.2968 0.0146 0.2968 0.2500 0.2500 0.0283 0.3418 0.0283 0.3418 0.2500 0.2500 0.0504 0.3833 0.0504 0.3833 0.2500 0.2500 0.0803 0.4197 0.0803 0.4197 0.2500 0.2500 0.1167 0.4496 0.1167 0.4496 0.2500 0.2500 0.1582 0.4717 0.7500 0.4900 0.7968 0.4854 0.8418 0.4717 0.8833 0.4496 0.9197 0.4197 0.9496 0.3833 0.9717 0.3418 0.9854 0.2968 0.9900 0.2500 0.9854 0.2032 0.9717 0.1582 0.9496 0.1167 0.9197 0.0803 0.8833 0.0504 0.8418 0.0283 0.7968 0.0146 0.7500 0.0100 0.7032 0.0146 0.6582 0.0283 0.6167 0.0504 0.5803 0.0803 0.5504 0.1167 0.5283 0.1582 0.5146 0.2032 0.5100 0.2500 0.5146 0.2968 0.5283 0.3418 0.5504 0.3833 0.5803 0.4197 0.6167 0.4496 0.6582 0.4717 0.7032 0.4854 0.1582 0.4717 0.2500 0.2500 0.2032 0.4854 0.2032 0.4854 0.2500 0.2500 0.2500 0.4900 " />
						</IndexedFaceSet>
					</Shape>
				</Group>
			</Transform>
		</Transform>
		<Transform DEF="Shape_IndexedFaceSet_032_TRANSFORM"
		           translation="230.337662 -10.675945 -108.944000"
		           scale="25.603350 25.603350 28.188238"
		           rotation="-1.000000 0.000000 0.000000 1.570796"
		           >
			<Transform DEF="Shape_IndexedFaceSet_032_ifs_TRANSFORM"
			           translation="0.000000 0.000000 0.000000"
			           scale="1.000000 1.000000 1.000000"
			           rotation="-0.000000 0.000000 0.000000 0.000000"
			           >
				<Group DEF="group_ME_Shape_IndexedFaceSet_032">
					<Shape>
						<Appearance>
							<Material USE="MA_MA_MA_MA_Material_001_001_002" />
						</Appearance>
						<IndexedFaceSet solid="false"
						                texCoordIndex="0 1 2 -1 3 4 5 -1 6 7 8 -1 9 10 11 -1 12 13 14 -1 15 16 17 -1 18 19 20 -1 21 22 23 -1 24 25 26 -1 27 28 29 -1 30 31 32 -1 33 34 35 -1 36 37 38 -1 39 40 41 -1 42 43 44 -1 45 46 47 -1 48 49 50 -1 51 52 53 -1 54 55 56 -1 57 58 59 -1 60 61 62 -1 63 64 65 -1 66 67 68 -1 69 70 71 -1 72 73 74 -1 75 76 77 -1 78 79 80 -1 81 82 83 -1 84 85 86 -1 87 88 89 -1 90 91 92 93 94 95 96 97 98 99 100 101 102 103 104 105 106 107 108 109 110 111 112 113 114 115 116 117 118 119 120 121 -1 122 123 124 -1 125 126 127 -1 "
						                coordIndex="0 32 1 -1 1 32 2 -1 2 32 3 -1 3 32 4 -1 4 32 5 -1 5 32 6 -1 6 32 7 -1 7 32 8 -1 8 32 9 -1 9 32 10 -1 10 32 11 -1 11 32 12 -1 12 32 13 -1 13 32 14 -1 14 32 15 -1 15 32 16 -1 16 32 17 -1 17 32 18 -1 18 32 19 -1 19 32 20 -1 20 32 21 -1 21 32 22 -1 22 32 23 -1 23 32 24 -1 24 32 25 -1 25 32 26 -1 26 32 27 -1 27 32 28 -1 28 32 29 -1 29 32 30 -1 0 1 2 3 4 5 6 7 8 9 10 11 12 13 14 15 16 17 18 19 20 21 22 23 24 25 26 27 28 29 30 31 -1 30 32 31 -1 31 32 0 -1 "
						                >
							<Coordinate DEF="coords_ME_Shape_IndexedFaceSet_032"
							            point="0.000000 1.000000 -1.000000 0.195090 0.980785 -1.000000 0.382683 0.923880 -1.000000 0.555570 0.831470 -1.000000 0.707107 0.707107 -1.000000 0.831470 0.555570 -1.000000 0.923880 0.382683 -1.000000 0.980785 0.195090 -1.000000 1.000000 0.000000 -1.000000 0.980785 -0.195090 -1.000000 0.923880 -0.382683 -1.000000 0.831470 -0.555570 -1.000000 0.707107 -0.707107 -1.000000 0.555570 -0.831470 -1.000000 0.382683 -0.923880 -1.000000 0.195090 -0.980785 -1.000000 0.000000 -1.000000 -1.000000 -0.195090 -0.980785 -1.000000 -0.382683 -0.923880 -1.000000 -0.555570 -0.831470 -1.000000 -0.707107 -0.707107 -1.000000 -0.831470 -0.555570 -1.000000 -0.923880 -0.382683 -1.000000 -0.980785 -0.195090 -1.000000 -1.000000 0.000000 -1.000000 -0.980785 0.195090 -1.000000 -0.923880 0.382683 -1.000000 -0.831470 0.555570 -1.000000 -0.707107 0.707107 -1.000000 -0.555570 0.831470 -1.000000 -0.382683 0.923880 -1.000000 -0.195090 0.980785 -1.000000 0.000000 0.000000 1.000000 "
							            />
							<TextureCoordinate point="0.2500 0.4900 0.2500 0.2500 0.2968 0.4854 0.2968 0.4854 0.2500 0.2500 0.3418 0.4717 0.3418 0.4717 0.2500 0.2500 0.3833 0.4496 0.3833 0.4496 0.2500 0.2500 0.4197 0.4197 0.4197 0.4197 0.2500 0.2500 0.4496 0.3833 0.4496 0.3833 0.2500 0.2500 0.4717 0.3418 0.4717 0.3418 0.2500 0.2500 0.4854 0.2968 0.4854 0.2968 0.2500 0.2500 0.4900 0.2500 0.4900 0.2500 0.2500 0.2500 0.4854 0.2032 0.4854 0.2032 0.2500 0.2500 0.4717 0.1582 0.4717 0.1582 0.2500 0.2500 0.4496 0.1167 0.4496 0.1167 0.2500 0.2500 0.4197 0.0803 0.4197 0.0803 0.2500 0.2500 0.3833 0.0504 0.3833 0.0504 0.2500 0.2500 0.3418 0.0283 0.3418 0.0283 0.2500 0.2500 0.2968 0.0146 0.2968 0.0146 0.2500 0.2500 0.2500 0.0100 0.2500 0.0100 0.2500 0.2500 0.2032 0.0146 0.2032 0.0146 0.2500 0.2500 0.1582 0.0283 0.1582 0.0283 0.2500 0.2500 0.1167 0.0504 0.1167 0.0504 0.2500 0.2500 0.0803 0.0803 0.0803 0.0803 0.2500 0.2500 0.0504 0.1167 0.0504 0.1167 0.2500 0.2500 0.0283 0.1582 0.0283 0.1582 0.2500 0.2500 0.0146 0.2032 0.0146 0.2032 0.2500 0.2500 0.0100 0.2500 0.0100 0.2500 0.2500 0.2500 0.0146 0.2968 0.0146 0.2968 0.2500 0.2500 0.0283 0.3418 0.0283 0.3418 0.2500 0.2500 0.0504 0.3833 0.0504 0.3833 0.2500 0.2500 0.0803 0.4197 0.0803 0.4197 0.2500 0.2500 0.1167 0.4496 0.1167 0.4496 0.2500 0.2500 0.1582 0.4717 0.7500 0.4900 0.7968 0.4854 0.8418 0.4717 0.8833 0.4496 0.9197 0.4197 0.9496 0.3833 0.9717 0.3418 0.9854 0.2968 0.9900 0.2500 0.9854 0.2032 0.9717 0.1582 0.9496 0.1167 0.9197 0.0803 0.8833 0.0504 0.8418 0.0283 0.7968 0.0146 0.7500 0.0100 0.7032 0.0146 0.6582 0.0283 0.6167 0.0504 0.5803 0.0803 0.5504 0.1167 0.5283 0.1582 0.5146 0.2032 0.5100 0.2500 0.5146 0.2968 0.5283 0.3418 0.5504 0.3833 0.5803 0.4197 0.6167 0.4496 0.6582 0.4717 0.7032 0.4854 0.1582 0.4717 0.2500 0.2500 0.2032 0.4854 0.2032 0.4854 0.2500 0.2500 0.2500 0.4900 " />
						</IndexedFaceSet>
					</Shape>
				</Group>
			</Transform>
		</Transform>
		<Transform DEF="Shape_IndexedFaceSet_033_TRANSFORM"
		           translation="224.219833 -17.933475 -66.098923"
		           scale="17.963114 17.963114 20.758966"
		           rotation="-1.000000 0.000000 0.000000 1.570796"
		           >
			<Transform DEF="Shape_IndexedFaceSet_033_ifs_TRANSFORM"
			           translation="0.000002 0.000000 -0.000000"
			           scale="1.000000 1.000000 1.000000"
			           rotation="0.000000 0.000000 0.000000 0.000000"
			           >
				<Group DEF="group_ME_Shape_IndexedFaceSet_033">
					<Shape>
						<Appearance>
							<Material USE="MA_MA_MA_MA_Material_001_001_002" />
						</Appearance>
						<IndexedFaceSet solid="false"
						                texCoordIndex="0 1 2 -1 3 4 5 -1 6 7 8 -1 9 10 11 -1 12 13 14 -1 15 16 17 -1 18 19 20 -1 21 22 23 -1 24 25 26 -1 27 28 29 -1 30 31 32 -1 33 34 35 -1 36 37 38 -1 39 40 41 -1 42 43 44 -1 45 46 47 -1 48 49 50 -1 51 52 53 -1 54 55 56 -1 57 58 59 -1 60 61 62 -1 63 64 65 -1 66 67 68 -1 69 70 71 -1 72 73 74 -1 75 76 77 -1 78 79 80 -1 81 82 83 -1 84 85 86 -1 87 88 89 -1 90 91 92 93 94 95 96 97 98 99 100 101 102 103 104 105 106 107 108 109 110 111 112 113 114 115 116 117 118 119 120 121 -1 122 123 124 -1 125 126 127 -1 "
						                coordIndex="0 32 1 -1 1 32 2 -1 2 32 3 -1 3 32 4 -1 4 32 5 -1 5 32 6 -1 6 32 7 -1 7 32 8 -1 8 32 9 -1 9 32 10 -1 10 32 11 -1 11 32 12 -1 12 32 13 -1 13 32 14 -1 14 32 15 -1 15 32 16 -1 16 32 17 -1 17 32 18 -1 18 32 19 -1 19 32 20 -1 20 32 21 -1 21 32 22 -1 22 32 23 -1 23 32 24 -1 24 32 25 -1 25 32 26 -1 26 32 27 -1 27 32 28 -1 28 32 29 -1 29 32 30 -1 0 1 2 3 4 5 6 7 8 9 10 11 12 13 14 15 16 17 18 19 20 21 22 23 24 25 26 27 28 29 30 31 -1 30 32 31 -1 31 32 0 -1 "
						                >
							<Coordinate DEF="coords_ME_Shape_IndexedFaceSet_033"
							            point="0.000000 1.000000 -1.000000 0.195090 0.980785 -1.000000 0.382683 0.923880 -1.000000 0.555570 0.831470 -1.000000 0.707107 0.707107 -1.000000 0.831470 0.555570 -1.000000 0.923880 0.382683 -1.000000 0.980785 0.195090 -1.000000 1.000000 0.000000 -1.000000 0.980785 -0.195090 -1.000000 0.923880 -0.382683 -1.000000 0.831470 -0.555570 -1.000000 0.707107 -0.707107 -1.000000 0.555570 -0.831470 -1.000000 0.382683 -0.923880 -1.000000 0.195090 -0.980785 -1.000000 0.000000 -1.000000 -1.000000 -0.195090 -0.980785 -1.000000 -0.382683 -0.923880 -1.000000 -0.555570 -0.831470 -1.000000 -0.707107 -0.707107 -1.000000 -0.831470 -0.555570 -1.000000 -0.923880 -0.382683 -1.000000 -0.980785 -0.195090 -1.000000 -1.000000 0.000000 -1.000000 -0.980785 0.195090 -1.000000 -0.923880 0.382683 -1.000000 -0.831470 0.555570 -1.000000 -0.707107 0.707107 -1.000000 -0.555570 0.831470 -1.000000 -0.382683 0.923880 -1.000000 -0.195090 0.980785 -1.000000 0.000000 0.000000 1.000000 "
							            />
							<TextureCoordinate point="0.2500 0.4900 0.2500 0.2500 0.2968 0.4854 0.2968 0.4854 0.2500 0.2500 0.3418 0.4717 0.3418 0.4717 0.2500 0.2500 0.3833 0.4496 0.3833 0.4496 0.2500 0.2500 0.4197 0.4197 0.4197 0.4197 0.2500 0.2500 0.4496 0.3833 0.4496 0.3833 0.2500 0.2500 0.4717 0.3418 0.4717 0.3418 0.2500 0.2500 0.4854 0.2968 0.4854 0.2968 0.2500 0.2500 0.4900 0.2500 0.4900 0.2500 0.2500 0.2500 0.4854 0.2032 0.4854 0.2032 0.2500 0.2500 0.4717 0.1582 0.4717 0.1582 0.2500 0.2500 0.4496 0.1167 0.4496 0.1167 0.2500 0.2500 0.4197 0.0803 0.4197 0.0803 0.2500 0.2500 0.3833 0.0504 0.3833 0.0504 0.2500 0.2500 0.3418 0.0283 0.3418 0.0283 0.2500 0.2500 0.2968 0.0146 0.2968 0.0146 0.2500 0.2500 0.2500 0.0100 0.2500 0.0100 0.2500 0.2500 0.2032 0.0146 0.2032 0.0146 0.2500 0.2500 0.1582 0.0283 0.1582 0.0283 0.2500 0.2500 0.1167 0.0504 0.1167 0.0504 0.2500 0.2500 0.0803 0.0803 0.0803 0.0803 0.2500 0.2500 0.0504 0.1167 0.0504 0.1167 0.2500 0.2500 0.0283 0.1582 0.0283 0.1582 0.2500 0.2500 0.0146 0.2032 0.0146 0.2032 0.2500 0.2500 0.0100 0.2500 0.0100 0.2500 0.2500 0.2500 0.0146 0.2968 0.0146 0.2968 0.2500 0.2500 0.0283 0.3418 0.0283 0.3418 0.2500 0.2500 0.0504 0.3833 0.0504 0.3833 0.2500 0.2500 0.0803 0.4197 0.0803 0.4197 0.2500 0.2500 0.1167 0.4496 0.1167 0.4496 0.2500 0.2500 0.1582 0.4717 0.7500 0.4900 0.7968 0.4854 0.8418 0.4717 0.8833 0.4496 0.9197 0.4197 0.9496 0.3833 0.9717 0.3418 0.9854 0.2968 0.9900 0.2500 0.9854 0.2032 0.9717 0.1582 0.9496 0.1167 0.9197 0.0803 0.8833 0.0504 0.8418 0.0283 0.7968 0.0146 0.7500 0.0100 0.7032 0.0146 0.6582 0.0283 0.6167 0.0504 0.5803 0.0803 0.5504 0.1167 0.5283 0.1582 0.5146 0.2032 0.5100 0.2500 0.5146 0.2968 0.5283 0.3418 0.5504 0.3833 0.5803 0.4197 0.6167 0.4496 0.6582 0.4717 0.7032 0.4854 0.1582 0.4717 0.2500 0.2500 0.2032 0.4854 0.2032 0.4854 0.2500 0.2500 0.2500 0.4900 " />
						</IndexedFaceSet>
					</Shape>
				</Group>
			</Transform>
		</Transform>
		<Transform DEF="Shape_IndexedFaceSet_034_TRANSFORM"
		           translation="242.318451 -12.817211 -32.638424"
		           scale="21.345579 21.345579 25.515034"
		           rotation="-1.000000 0.000000 0.000000 1.570796"
		           >
			<Transform DEF="Shape_IndexedFaceSet_034_ifs_TRANSFORM"
			           translation="-0.000001 -0.000000 0.000000"
			           scale="1.000000 1.000000 1.000000"
			           rotation="0.000000 1.000000 0.000000 0.000000"
			           >
				<Group DEF="group_ME_Shape_IndexedFaceSet_034">
					<Shape>
						<Appearance>
							<Material USE="MA_MA_MA_MA_Material_001_001_002" />
						</Appearance>
						<IndexedFaceSet solid="false"
						                texCoordIndex="0 1 2 -1 3 4 5 -1 6 7 8 -1 9 10 11 -1 12 13 14 -1 15 16 17 -1 18 19 20 -1 21 22 23 -1 24 25 26 -1 27 28 29 -1 30 31 32 -1 33 34 35 -1 36 37 38 -1 39 40 41 -1 42 43 44 -1 45 46 47 -1 48 49 50 -1 51 52 53 -1 54 55 56 -1 57 58 59 -1 60 61 62 -1 63 64 65 -1 66 67 68 -1 69 70 71 -1 72 73 74 -1 75 76 77 -1 78 79 80 -1 81 82 83 -1 84 85 86 -1 87 88 89 -1 90 91 92 93 94 95 96 97 98 99 100 101 102 103 104 105 106 107 108 109 110 111 112 113 114 115 116 117 118 119 120 121 -1 122 123 124 -1 125 126 127 -1 "
						                coordIndex="0 32 1 -1 1 32 2 -1 2 32 3 -1 3 32 4 -1 4 32 5 -1 5 32 6 -1 6 32 7 -1 7 32 8 -1 8 32 9 -1 9 32 10 -1 10 32 11 -1 11 32 12 -1 12 32 13 -1 13 32 14 -1 14 32 15 -1 15 32 16 -1 16 32 17 -1 17 32 18 -1 18 32 19 -1 19 32 20 -1 20 32 21 -1 21 32 22 -1 22 32 23 -1 23 32 24 -1 24 32 25 -1 25 32 26 -1 26 32 27 -1 27 32 28 -1 28 32 29 -1 29 32 30 -1 0 1 2 3 4 5 6 7 8 9 10 11 12 13 14 15 16 17 18 19 20 21 22 23 24 25 26 27 28 29 30 31 -1 30 32 31 -1 31 32 0 -1 "
						                >
							<Coordinate DEF="coords_ME_Shape_IndexedFaceSet_034"
							            point="0.000000 1.000000 -1.000000 0.195090 0.980785 -1.000000 0.382683 0.923880 -1.000000 0.555570 0.831470 -1.000000 0.707107 0.707107 -1.000000 0.831470 0.555570 -1.000000 0.923880 0.382683 -1.000000 0.980785 0.195090 -1.000000 1.000000 0.000000 -1.000000 0.980785 -0.195090 -1.000000 0.923880 -0.382683 -1.000000 0.831470 -0.555570 -1.000000 0.707107 -0.707107 -1.000000 0.555570 -0.831470 -1.000000 0.382683 -0.923880 -1.000000 0.195090 -0.980785 -1.000000 0.000000 -1.000000 -1.000000 -0.195090 -0.980785 -1.000000 -0.382683 -0.923880 -1.000000 -0.555570 -0.831470 -1.000000 -0.707107 -0.707107 -1.000000 -0.831470 -0.555570 -1.000000 -0.923880 -0.382683 -1.000000 -0.980785 -0.195090 -1.000000 -1.000000 0.000000 -1.000000 -0.980785 0.195090 -1.000000 -0.923880 0.382683 -1.000000 -0.831470 0.555570 -1.000000 -0.707107 0.707107 -1.000000 -0.555570 0.831470 -1.000000 -0.382683 0.923880 -1.000000 -0.195090 0.980785 -1.000000 0.000000 0.000000 1.000000 "
							            />
							<TextureCoordinate point="0.2500 0.4900 0.2500 0.2500 0.2968 0.4854 0.2968 0.4854 0.2500 0.2500 0.3418 0.4717 0.3418 0.4717 0.2500 0.2500 0.3833 0.4496 0.3833 0.4496 0.2500 0.2500 0.4197 0.4197 0.4197 0.4197 0.2500 0.2500 0.4496 0.3833 0.4496 0.3833 0.2500 0.2500 0.4717 0.3418 0.4717 0.3418 0.2500 0.2500 0.4854 0.2968 0.4854 0.2968 0.2500 0.2500 0.4900 0.2500 0.4900 0.2500 0.2500 0.2500 0.4854 0.2032 0.4854 0.2032 0.2500 0.2500 0.4717 0.1582 0.4717 0.1582 0.2500 0.2500 0.4496 0.1167 0.4496 0.1167 0.2500 0.2500 0.4197 0.0803 0.4197 0.0803 0.2500 0.2500 0.3833 0.0504 0.3833 0.0504 0.2500 0.2500 0.3418 0.0283 0.3418 0.0283 0.2500 0.2500 0.2968 0.0146 0.2968 0.0146 0.2500 0.2500 0.2500 0.0100 0.2500 0.0100 0.2500 0.2500 0.2032 0.0146 0.2032 0.0146 0.2500 0.2500 0.1582 0.0283 0.1582 0.0283 0.2500 0.2500 0.1167 0.0504 0.1167 0.0504 0.2500 0.2500 0.0803 0.0803 0.0803 0.0803 0.2500 0.2500 0.0504 0.1167 0.0504 0.1167 0.2500 0.2500 0.0283 0.1582 0.0283 0.1582 0.2500 0.2500 0.0146 0.2032 0.0146 0.2032 0.2500 0.2500 0.0100 0.2500 0.0100 0.2500 0.2500 0.2500 0.0146 0.2968 0.0146 0.2968 0.2500 0.2500 0.0283 0.3418 0.0283 0.3418 0.2500 0.2500 0.0504 0.3833 0.0504 0.3833 0.2500 0.2500 0.0803 0.4197 0.0803 0.4197 0.2500 0.2500 0.1167 0.4496 0.1167 0.4496 0.2500 0.2500 0.1582 0.4717 0.7500 0.4900 0.7968 0.4854 0.8418 0.4717 0.8833 0.4496 0.9197 0.4197 0.9496 0.3833 0.9717 0.3418 0.9854 0.2968 0.9900 0.2500 0.9854 0.2032 0.9717 0.1582 0.9496 0.1167 0.9197 0.0803 0.8833 0.0504 0.8418 0.0283 0.7968 0.0146 0.7500 0.0100 0.7032 0.0146 0.6582 0.0283 0.6167 0.0504 0.5803 0.0803 0.5504 0.1167 0.5283 0.1582 0.5146 0.2032 0.5100 0.2500 0.5146 0.2968 0.5283 0.3418 0.5504 0.3833 0.5803 0.4197 0.6167 0.4496 0.6582 0.4717 0.7032 0.4854 0.1582 0.4717 0.2500 0.2500 0.2032 0.4854 0.2032 0.4854 0.2500 0.2500 0.2500 0.4900 " />
						</IndexedFaceSet>
					</Shape>
				</Group>
			</Transform>
		</Transform>
		<Transform DEF="Shape_IndexedFaceSet_035_TRANSFORM"
		           translation="242.392776 -21.809193 -0.196498"
		           scale="12.191662 12.191662 16.131817"
		           rotation="-1.000000 0.000000 0.000000 1.570796"
		           >
			<Transform DEF="Shape_IndexedFaceSet_035_ifs_TRANSFORM"
			           translation="0.000000 -0.000000 -0.000000"
			           scale="1.000000 1.000000 1.000000"
			           rotation="0.000000 0.000000 0.000000 0.000000"
			           >
				<Group DEF="group_ME_Shape_IndexedFaceSet_035">
					<Shape>
						<Appearance>
							<Material USE="MA_MA_MA_MA_Material_001_001_002" />
						</Appearance>
						<IndexedFaceSet solid="false"
						                texCoordIndex="0 1 2 -1 3 4 5 -1 6 7 8 -1 9 10 11 -1 12 13 14 -1 15 16 17 -1 18 19 20 -1 21 22 23 -1 24 25 26 -1 27 28 29 -1 30 31 32 -1 33 34 35 -1 36 37 38 -1 39 40 41 -1 42 43 44 -1 45 46 47 -1 48 49 50 -1 51 52 53 -1 54 55 56 -1 57 58 59 -1 60 61 62 -1 63 64 65 -1 66 67 68 -1 69 70 71 -1 72 73 74 -1 75 76 77 -1 78 79 80 -1 81 82 83 -1 84 85 86 -1 87 88 89 -1 90 91 92 93 94 95 96 97 98 99 100 101 102 103 104 105 106 107 108 109 110 111 112 113 114 115 116 117 118 119 120 121 -1 122 123 124 -1 125 126 127 -1 "
						                coordIndex="0 32 1 -1 1 32 2 -1 2 32 3 -1 3 32 4 -1 4 32 5 -1 5 32 6 -1 6 32 7 -1 7 32 8 -1 8 32 9 -1 9 32 10 -1 10 32 11 -1 11 32 12 -1 12 32 13 -1 13 32 14 -1 14 32 15 -1 15 32 16 -1 16 32 17 -1 17 32 18 -1 18 32 19 -1 19 32 20 -1 20 32 21 -1 21 32 22 -1 22 32 23 -1 23 32 24 -1 24 32 25 -1 25 32 26 -1 26 32 27 -1 27 32 28 -1 28 32 29 -1 29 32 30 -1 0 1 2 3 4 5 6 7 8 9 10 11 12 13 14 15 16 17 18 19 20 21 22 23 24 25 26 27 28 29 30 31 -1 30 32 31 -1 31 32 0 -1 "
						                >
							<Coordinate DEF="coords_ME_Shape_IndexedFaceSet_035"
							            point="0.000000 1.000000 -1.000000 0.195090 0.980785 -1.000000 0.382683 0.923880 -1.000000 0.555570 0.831470 -1.000000 0.707107 0.707107 -1.000000 0.831470 0.555570 -1.000000 0.923880 0.382683 -1.000000 0.980785 0.195090 -1.000000 1.000000 0.000000 -1.000000 0.980785 -0.195090 -1.000000 0.923880 -0.382683 -1.000000 0.831470 -0.555570 -1.000000 0.707107 -0.707107 -1.000000 0.555570 -0.831470 -1.000000 0.382683 -0.923880 -1.000000 0.195090 -0.980785 -1.000000 0.000000 -1.000000 -1.000000 -0.195090 -0.980785 -1.000000 -0.382683 -0.923880 -1.000000 -0.555570 -0.831470 -1.000000 -0.707107 -0.707107 -1.000000 -0.831470 -0.555570 -1.000000 -0.923880 -0.382683 -1.000000 -0.980785 -0.195090 -1.000000 -1.000000 0.000000 -1.000000 -0.980785 0.195090 -1.000000 -0.923880 0.382683 -1.000000 -0.831470 0.555570 -1.000000 -0.707107 0.707107 -1.000000 -0.555570 0.831470 -1.000000 -0.382683 0.923880 -1.000000 -0.195090 0.980785 -1.000000 0.000000 0.000000 1.000000 "
							            />
							<TextureCoordinate point="0.2500 0.4900 0.2500 0.2500 0.2968 0.4854 0.2968 0.4854 0.2500 0.2500 0.3418 0.4717 0.3418 0.4717 0.2500 0.2500 0.3833 0.4496 0.3833 0.4496 0.2500 0.2500 0.4197 0.4197 0.4197 0.4197 0.2500 0.2500 0.4496 0.3833 0.4496 0.3833 0.2500 0.2500 0.4717 0.3418 0.4717 0.3418 0.2500 0.2500 0.4854 0.2968 0.4854 0.2968 0.2500 0.2500 0.4900 0.2500 0.4900 0.2500 0.2500 0.2500 0.4854 0.2032 0.4854 0.2032 0.2500 0.2500 0.4717 0.1582 0.4717 0.1582 0.2500 0.2500 0.4496 0.1167 0.4496 0.1167 0.2500 0.2500 0.4197 0.0803 0.4197 0.0803 0.2500 0.2500 0.3833 0.0504 0.3833 0.0504 0.2500 0.2500 0.3418 0.0283 0.3418 0.0283 0.2500 0.2500 0.2968 0.0146 0.2968 0.0146 0.2500 0.2500 0.2500 0.0100 0.2500 0.0100 0.2500 0.2500 0.2032 0.0146 0.2032 0.0146 0.2500 0.2500 0.1582 0.0283 0.1582 0.0283 0.2500 0.2500 0.1167 0.0504 0.1167 0.0504 0.2500 0.2500 0.0803 0.0803 0.0803 0.0803 0.2500 0.2500 0.0504 0.1167 0.0504 0.1167 0.2500 0.2500 0.0283 0.1582 0.0283 0.1582 0.2500 0.2500 0.0146 0.2032 0.0146 0.2032 0.2500 0.2500 0.0100 0.2500 0.0100 0.2500 0.2500 0.2500 0.0146 0.2968 0.0146 0.2968 0.2500 0.2500 0.0283 0.3418 0.0283 0.3418 0.2500 0.2500 0.0504 0.3833 0.0504 0.3833 0.2500 0.2500 0.0803 0.4197 0.0803 0.4197 0.2500 0.2500 0.1167 0.4496 0.1167 0.4496 0.2500 0.2500 0.1582 0.4717 0.7500 0.4900 0.7968 0.4854 0.8418 0.4717 0.8833 0.4496 0.9197 0.4197 0.9496 0.3833 0.9717 0.3418 0.9854 0.2968 0.9900 0.2500 0.9854 0.2032 0.9717 0.1582 0.9496 0.1167 0.9197 0.0803 0.8833 0.0504 0.8418 0.0283 0.7968 0.0146 0.7500 0.0100 0.7032 0.0146 0.6582 0.0283 0.6167 0.0504 0.5803 0.0803 0.5504 0.1167 0.5283 0.1582 0.5146 0.2032 0.5100 0.2500 0.5146 0.2968 0.5283 0.3418 0.5504 0.3833 0.5803 0.4197 0.6167 0.4496 0.6582 0.4717 0.7032 0.4854 0.1582 0.4717 0.2500 0.2500 0.2032 0.4854 0.2032 0.4854 0.2500 0.2500 0.2500 0.4900 " />
						</IndexedFaceSet>
					</Shape>
				</Group>
			</Transform>
		</Transform>
		<Transform DEF="Shape_IndexedFaceSet_036_TRANSFORM"
		           translation="-24.473324 -3.684906 75.266937"
		           scale="21.345579 21.345579 25.515034"
		           rotation="-0.637633 0.544713 0.544713 2.006328"
		           >
			<Transform DEF="Shape_IndexedFaceSet_036_ifs_TRANSFORM"
			           translation="0.000000 -0.000000 -0.000000"
			           scale="1.000000 1.000000 1.000000"
			           rotation="0.000000 0.000000 0.000000 0.000000"
			           >
				<Group DEF="group_ME_Shape_IndexedFaceSet_036">
					<Shape>
						<Appearance>
							<Material DEF="MA_MA_MA_MA_Material_001_001_002_001"
							          diffuseColor="0.225 0.225 0.225"
							          specularColor="0.401 0.401 0.401"
							          emissiveColor="0.000 0.000 0.000"
							          ambientIntensity="0.000"
							          shininess="0.500"
							          transparency="0.0"
							          />
						</Appearance>
						<IndexedFaceSet solid="false"
						                texCoordIndex="0 1 2 -1 3 4 5 -1 6 7 8 -1 9 10 11 -1 12 13 14 -1 15 16 17 -1 18 19 20 -1 21 22 23 -1 24 25 26 -1 27 28 29 -1 30 31 32 -1 33 34 35 -1 36 37 38 -1 39 40 41 -1 42 43 44 -1 45 46 47 -1 48 49 50 -1 51 52 53 -1 54 55 56 -1 57 58 59 -1 60 61 62 -1 63 64 65 -1 66 67 68 -1 69 70 71 -1 72 73 74 -1 75 76 77 -1 78 79 80 -1 81 82 83 -1 84 85 86 -1 87 88 89 -1 90 91 92 93 94 95 96 97 98 99 100 101 102 103 104 105 106 107 108 109 110 111 112 113 114 115 116 117 118 119 120 121 -1 122 123 124 -1 125 126 127 -1 "
						                coordIndex="0 32 1 -1 1 32 2 -1 2 32 3 -1 3 32 4 -1 4 32 5 -1 5 32 6 -1 6 32 7 -1 7 32 8 -1 8 32 9 -1 9 32 10 -1 10 32 11 -1 11 32 12 -1 12 32 13 -1 13 32 14 -1 14 32 15 -1 15 32 16 -1 16 32 17 -1 17 32 18 -1 18 32 19 -1 19 32 20 -1 20 32 21 -1 21 32 22 -1 22 32 23 -1 23 32 24 -1 24 32 25 -1 25 32 26 -1 26 32 27 -1 27 32 28 -1 28 32 29 -1 29 32 30 -1 0 1 2 3 4 5 6 7 8 9 10 11 12 13 14 15 16 17 18 19 20 21 22 23 24 25 26 27 28 29 30 31 -1 30 32 31 -1 31 32 0 -1 "
						                >
							<Coordinate DEF="coords_ME_Shape_IndexedFaceSet_036"
							            point="0.000000 1.000000 -1.000000 0.195090 0.980785 -1.000000 0.382683 0.923880 -1.000000 0.555570 0.831470 -1.000000 0.707107 0.707107 -1.000000 0.831470 0.555570 -1.000000 0.923880 0.382683 -1.000000 0.980785 0.195090 -1.000000 1.000000 0.000000 -1.000000 0.980785 -0.195090 -1.000000 0.923880 -0.382683 -1.000000 0.831470 -0.555570 -1.000000 0.707107 -0.707107 -1.000000 0.555570 -0.831470 -1.000000 0.382683 -0.923880 -1.000000 0.195090 -0.980785 -1.000000 0.000000 -1.000000 -1.000000 -0.195090 -0.980785 -1.000000 -0.382683 -0.923880 -1.000000 -0.555570 -0.831470 -1.000000 -0.707107 -0.707107 -1.000000 -0.831470 -0.555570 -1.000000 -0.923880 -0.382683 -1.000000 -0.980785 -0.195090 -1.000000 -1.000000 0.000000 -1.000000 -0.980785 0.195090 -1.000000 -0.923880 0.382683 -1.000000 -0.831470 0.555570 -1.000000 -0.707107 0.707107 -1.000000 -0.555570 0.831470 -1.000000 -0.382683 0.923880 -1.000000 -0.195090 0.980785 -1.000000 0.000000 0.000000 1.000000 "
							            />
							<TextureCoordinate point="0.2500 0.4900 0.2500 0.2500 0.2968 0.4854 0.2968 0.4854 0.2500 0.2500 0.3418 0.4717 0.3418 0.4717 0.2500 0.2500 0.3833 0.4496 0.3833 0.4496 0.2500 0.2500 0.4197 0.4197 0.4197 0.4197 0.2500 0.2500 0.4496 0.3833 0.4496 0.3833 0.2500 0.2500 0.4717 0.3418 0.4717 0.3418 0.2500 0.2500 0.4854 0.2968 0.4854 0.2968 0.2500 0.2500 0.4900 0.2500 0.4900 0.2500 0.2500 0.2500 0.4854 0.2032 0.4854 0.2032 0.2500 0.2500 0.4717 0.1582 0.4717 0.1582 0.2500 0.2500 0.4496 0.1167 0.4496 0.1167 0.2500 0.2500 0.4197 0.0803 0.4197 0.0803 0.2500 0.2500 0.3833 0.0504 0.3833 0.0504 0.2500 0.2500 0.3418 0.0283 0.3418 0.0283 0.2500 0.2500 0.2968 0.0146 0.2968 0.0146 0.2500 0.2500 0.2500 0.0100 0.2500 0.0100 0.2500 0.2500 0.2032 0.0146 0.2032 0.0146 0.2500 0.2500 0.1582 0.0283 0.1582 0.0283 0.2500 0.2500 0.1167 0.0504 0.1167 0.0504 0.2500 0.2500 0.0803 0.0803 0.0803 0.0803 0.2500 0.2500 0.0504 0.1167 0.0504 0.1167 0.2500 0.2500 0.0283 0.1582 0.0283 0.1582 0.2500 0.2500 0.0146 0.2032 0.0146 0.2032 0.2500 0.2500 0.0100 0.2500 0.0100 0.2500 0.2500 0.2500 0.0146 0.2968 0.0146 0.2968 0.2500 0.2500 0.0283 0.3418 0.0283 0.3418 0.2500 0.2500 0.0504 0.3833 0.0504 0.3833 0.2500 0.2500 0.0803 0.4197 0.0803 0.4197 0.2500 0.2500 0.1167 0.4496 0.1167 0.4496 0.2500 0.2500 0.1582 0.4717 0.7500 0.4900 0.7968 0.4854 0.8418 0.4717 0.8833 0.4496 0.9197 0.4197 0.9496 0.3833 0.9717 0.3418 0.9854 0.2968 0.9900 0.2500 0.9854 0.2032 0.9717 0.1582 0.9496 0.1167 0.9197 0.0803 0.8833 0.0504 0.8418 0.0283 0.7968 0.0146 0.7500 0.0100 0.7032 0.0146 0.6582 0.0283 0.6167 0.0504 0.5803 0.0803 0.5504 0.1167 0.5283 0.1582 0.5146 0.2032 0.5100 0.2500 0.5146 0.2968 0.5283 0.3418 0.5504 0.3833 0.5803 0.4197 0.6167 0.4496 0.6582 0.4717 0.7032 0.4854 0.1582 0.4717 0.2500 0.2500 0.2032 0.4854 0.2032 0.4854 0.2500 0.2500 0.2500 0.4900 " />
						</IndexedFaceSet>
					</Shape>
				</Group>
			</Transform>
		</Transform>
		<Transform DEF="Shape_IndexedFaceSet_037_TRANSFORM"
		           translation="-76.019821 0.787262 102.226791"
		           scale="20.271994 21.087782 30.836790"
		           rotation="-0.637633 0.544713 0.544713 2.006328"
		           >
			<Transform DEF="Shape_IndexedFaceSet_037_ifs_TRANSFORM"
			           translation="0.000000 0.000000 -0.000000"
			           scale="1.000000 1.000000 1.000000"
			           rotation="0.000000 0.000000 0.000000 0.000000"
			           >
				<Group DEF="group_ME_Shape_IndexedFaceSet_037">
					<Shape>
						<Appearance>
							<Material DEF="MA_MA_MA_MA_Material_001_002"
							          diffuseColor="0.225 0.225 0.225"
							          specularColor="0.401 0.401 0.401"
							          emissiveColor="0.000 0.000 0.000"
							          ambientIntensity="0.000"
							          shininess="0.500"
							          transparency="0.0"
							          />
						</Appearance>
						<IndexedFaceSet solid="false"
						                texCoordIndex="0 1 2 -1 3 4 5 -1 6 7 8 -1 9 10 11 -1 12 13 14 -1 15 16 17 -1 18 19 20 -1 21 22 23 -1 24 25 26 -1 27 28 29 -1 30 31 32 -1 33 34 35 -1 36 37 38 -1 39 40 41 -1 42 43 44 -1 45 46 47 -1 48 49 50 -1 51 52 53 -1 54 55 56 -1 57 58 59 -1 60 61 62 -1 63 64 65 -1 66 67 68 -1 69 70 71 -1 72 73 74 -1 75 76 77 -1 78 79 80 -1 81 82 83 -1 84 85 86 -1 87 88 89 -1 90 91 92 93 94 95 96 97 98 99 100 101 102 103 104 105 106 107 108 109 110 111 112 113 114 115 116 117 118 119 120 121 -1 122 123 124 -1 125 126 127 -1 "
						                coordIndex="0 32 1 -1 1 32 2 -1 2 32 3 -1 3 32 4 -1 4 32 5 -1 5 32 6 -1 6 32 7 -1 7 32 8 -1 8 32 9 -1 9 32 10 -1 10 32 11 -1 11 32 12 -1 12 32 13 -1 13 32 14 -1 14 32 15 -1 15 32 16 -1 16 32 17 -1 17 32 18 -1 18 32 19 -1 19 32 20 -1 20 32 21 -1 21 32 22 -1 22 32 23 -1 23 32 24 -1 24 32 25 -1 25 32 26 -1 26 32 27 -1 27 32 28 -1 28 32 29 -1 29 32 30 -1 0 1 2 3 4 5 6 7 8 9 10 11 12 13 14 15 16 17 18 19 20 21 22 23 24 25 26 27 28 29 30 31 -1 30 32 31 -1 31 32 0 -1 "
						                >
							<Coordinate DEF="coords_ME_Shape_IndexedFaceSet_037"
							            point="0.000000 1.000000 -1.000000 0.195090 0.980785 -1.000000 0.382683 0.923880 -1.000000 0.555570 0.831470 -1.000000 0.707107 0.707107 -1.000000 0.831470 0.555570 -1.000000 0.923880 0.382683 -1.000000 0.980785 0.195090 -1.000000 1.000000 0.000000 -1.000000 0.980785 -0.195090 -1.000000 0.923880 -0.382683 -1.000000 0.831470 -0.555570 -1.000000 0.707107 -0.707107 -1.000000 0.555570 -0.831470 -1.000000 0.382683 -0.923880 -1.000000 0.195090 -0.980785 -1.000000 0.000000 -1.000000 -1.000000 -0.195090 -0.980785 -1.000000 -0.382683 -0.923880 -1.000000 -0.555570 -0.831470 -1.000000 -0.707107 -0.707107 -1.000000 -0.831470 -0.555570 -1.000000 -0.923880 -0.382683 -1.000000 -0.980785 -0.195090 -1.000000 -1.000000 0.000000 -1.000000 -0.980785 0.195090 -1.000000 -0.923880 0.382683 -1.000000 -0.831470 0.555570 -1.000000 -0.707107 0.707107 -1.000000 -0.555570 0.831470 -1.000000 -0.382683 0.923880 -1.000000 -0.195090 0.980785 -1.000000 0.000000 0.000000 1.000000 "
							            />
							<TextureCoordinate point="0.2500 0.4900 0.2500 0.2500 0.2968 0.4854 0.2968 0.4854 0.2500 0.2500 0.3418 0.4717 0.3418 0.4717 0.2500 0.2500 0.3833 0.4496 0.3833 0.4496 0.2500 0.2500 0.4197 0.4197 0.4197 0.4197 0.2500 0.2500 0.4496 0.3833 0.4496 0.3833 0.2500 0.2500 0.4717 0.3418 0.4717 0.3418 0.2500 0.2500 0.4854 0.2968 0.4854 0.2968 0.2500 0.2500 0.4900 0.2500 0.4900 0.2500 0.2500 0.2500 0.4854 0.2032 0.4854 0.2032 0.2500 0.2500 0.4717 0.1582 0.4717 0.1582 0.2500 0.2500 0.4496 0.1167 0.4496 0.1167 0.2500 0.2500 0.4197 0.0803 0.4197 0.0803 0.2500 0.2500 0.3833 0.0504 0.3833 0.0504 0.2500 0.2500 0.3418 0.0283 0.3418 0.0283 0.2500 0.2500 0.2968 0.0146 0.2968 0.0146 0.2500 0.2500 0.2500 0.0100 0.2500 0.0100 0.2500 0.2500 0.2032 0.0146 0.2032 0.0146 0.2500 0.2500 0.1582 0.0283 0.1582 0.0283 0.2500 0.2500 0.1167 0.0504 0.1167 0.0504 0.2500 0.2500 0.0803 0.0803 0.0803 0.0803 0.2500 0.2500 0.0504 0.1167 0.0504 0.1167 0.2500 0.2500 0.0283 0.1582 0.0283 0.1582 0.2500 0.2500 0.0146 0.2032 0.0146 0.2032 0.2500 0.2500 0.0100 0.2500 0.0100 0.2500 0.2500 0.2500 0.0146 0.2968 0.0146 0.2968 0.2500 0.2500 0.0283 0.3418 0.0283 0.3418 0.2500 0.2500 0.0504 0.3833 0.0504 0.3833 0.2500 0.2500 0.0803 0.4197 0.0803 0.4197 0.2500 0.2500 0.1167 0.4496 0.1167 0.4496 0.2500 0.2500 0.1582 0.4717 0.7500 0.4900 0.7968 0.4854 0.8418 0.4717 0.8833 0.4496 0.9197 0.4197 0.9496 0.3833 0.9717 0.3418 0.9854 0.2968 0.9900 0.2500 0.9854 0.2032 0.9717 0.1582 0.9496 0.1167 0.9197 0.0803 0.8833 0.0504 0.8418 0.0283 0.7968 0.0146 0.7500 0.0100 0.7032 0.0146 0.6582 0.0283 0.6167 0.0504 0.5803 0.0803 0.5504 0.1167 0.5283 0.1582 0.5146 0.2032 0.5100 0.2500 0.5146 0.2968 0.5283 0.3418 0.5504 0.3833 0.5803 0.4197 0.6167 0.4496 0.6582 0.4717 0.7032 0.4854 0.1582 0.4717 0.2500 0.2500 0.2032 0.4854 0.2032 0.4854 0.2500 0.2500 0.2500 0.4900 " />
						</IndexedFaceSet>
					</Shape>
				</Group>
			</Transform>
		</Transform>
		<Transform DEF="Shape_IndexedFaceSet_038_TRANSFORM"
		           translation="167.417084 -1.207687 142.377487"
		           scale="25.603350 25.603350 28.188238"
		           rotation="-0.637633 0.544713 0.544713 2.006328"
		           >
			<Transform DEF="Shape_IndexedFaceSet_038_ifs_TRANSFORM"
			           translation="0.000000 -0.000000 0.000000"
			           scale="1.000000 1.000000 1.000000"
			           rotation="-0.000000 0.000000 0.000000 0.000000"
			           >
				<Group DEF="group_ME_Shape_IndexedFaceSet_038">
					<Shape>
						<Appearance>
							<Material USE="MA_MA_MA_MA_Material_001_002" />
						</Appearance>
						<IndexedFaceSet solid="false"
						                texCoordIndex="0 1 2 -1 3 4 5 -1 6 7 8 -1 9 10 11 -1 12 13 14 -1 15 16 17 -1 18 19 20 -1 21 22 23 -1 24 25 26 -1 27 28 29 -1 30 31 32 -1 33 34 35 -1 36 37 38 -1 39 40 41 -1 42 43 44 -1 45 46 47 -1 48 49 50 -1 51 52 53 -1 54 55 56 -1 57 58 59 -1 60 61 62 -1 63 64 65 -1 66 67 68 -1 69 70 71 -1 72 73 74 -1 75 76 77 -1 78 79 80 -1 81 82 83 -1 84 85 86 -1 87 88 89 -1 90 91 92 93 94 95 96 97 98 99 100 101 102 103 104 105 106 107 108 109 110 111 112 113 114 115 116 117 118 119 120 121 -1 122 123 124 -1 125 126 127 -1 "
						                coordIndex="0 32 1 -1 1 32 2 -1 2 32 3 -1 3 32 4 -1 4 32 5 -1 5 32 6 -1 6 32 7 -1 7 32 8 -1 8 32 9 -1 9 32 10 -1 10 32 11 -1 11 32 12 -1 12 32 13 -1 13 32 14 -1 14 32 15 -1 15 32 16 -1 16 32 17 -1 17 32 18 -1 18 32 19 -1 19 32 20 -1 20 32 21 -1 21 32 22 -1 22 32 23 -1 23 32 24 -1 24 32 25 -1 25 32 26 -1 26 32 27 -1 27 32 28 -1 28 32 29 -1 29 32 30 -1 0 1 2 3 4 5 6 7 8 9 10 11 12 13 14 15 16 17 18 19 20 21 22 23 24 25 26 27 28 29 30 31 -1 30 32 31 -1 31 32 0 -1 "
						                >
							<Coordinate DEF="coords_ME_Shape_IndexedFaceSet_038"
							            point="0.000000 1.000000 -1.000000 0.195090 0.980785 -1.000000 0.382683 0.923880 -1.000000 0.555570 0.831470 -1.000000 0.707107 0.707107 -1.000000 0.831470 0.555570 -1.000000 0.923880 0.382683 -1.000000 0.980785 0.195090 -1.000000 1.000000 0.000000 -1.000000 0.980785 -0.195090 -1.000000 0.923880 -0.382683 -1.000000 0.831470 -0.555570 -1.000000 0.707107 -0.707107 -1.000000 0.555570 -0.831470 -1.000000 0.382683 -0.923880 -1.000000 0.195090 -0.980785 -1.000000 0.000000 -1.000000 -1.000000 -0.195090 -0.980785 -1.000000 -0.382683 -0.923880 -1.000000 -0.555570 -0.831470 -1.000000 -0.707107 -0.707107 -1.000000 -0.831470 -0.555570 -1.000000 -0.923880 -0.382683 -1.000000 -0.980785 -0.195090 -1.000000 -1.000000 0.000000 -1.000000 -0.980785 0.195090 -1.000000 -0.923880 0.382683 -1.000000 -0.831470 0.555570 -1.000000 -0.707107 0.707107 -1.000000 -0.555570 0.831470 -1.000000 -0.382683 0.923880 -1.000000 -0.195090 0.980785 -1.000000 0.000000 0.000000 1.000000 "
							            />
							<TextureCoordinate point="0.2500 0.4900 0.2500 0.2500 0.2968 0.4854 0.2968 0.4854 0.2500 0.2500 0.3418 0.4717 0.3418 0.4717 0.2500 0.2500 0.3833 0.4496 0.3833 0.4496 0.2500 0.2500 0.4197 0.4197 0.4197 0.4197 0.2500 0.2500 0.4496 0.3833 0.4496 0.3833 0.2500 0.2500 0.4717 0.3418 0.4717 0.3418 0.2500 0.2500 0.4854 0.2968 0.4854 0.2968 0.2500 0.2500 0.4900 0.2500 0.4900 0.2500 0.2500 0.2500 0.4854 0.2032 0.4854 0.2032 0.2500 0.2500 0.4717 0.1582 0.4717 0.1582 0.2500 0.2500 0.4496 0.1167 0.4496 0.1167 0.2500 0.2500 0.4197 0.0803 0.4197 0.0803 0.2500 0.2500 0.3833 0.0504 0.3833 0.0504 0.2500 0.2500 0.3418 0.0283 0.3418 0.0283 0.2500 0.2500 0.2968 0.0146 0.2968 0.0146 0.2500 0.2500 0.2500 0.0100 0.2500 0.0100 0.2500 0.2500 0.2032 0.0146 0.2032 0.0146 0.2500 0.2500 0.1582 0.0283 0.1582 0.0283 0.2500 0.2500 0.1167 0.0504 0.1167 0.0504 0.2500 0.2500 0.0803 0.0803 0.0803 0.0803 0.2500 0.2500 0.0504 0.1167 0.0504 0.1167 0.2500 0.2500 0.0283 0.1582 0.0283 0.1582 0.2500 0.2500 0.0146 0.2032 0.0146 0.2032 0.2500 0.2500 0.0100 0.2500 0.0100 0.2500 0.2500 0.2500 0.0146 0.2968 0.0146 0.2968 0.2500 0.2500 0.0283 0.3418 0.0283 0.3418 0.2500 0.2500 0.0504 0.3833 0.0504 0.3833 0.2500 0.2500 0.0803 0.4197 0.0803 0.4197 0.2500 0.2500 0.1167 0.4496 0.1167 0.4496 0.2500 0.2500 0.1582 0.4717 0.7500 0.4900 0.7968 0.4854 0.8418 0.4717 0.8833 0.4496 0.9197 0.4197 0.9496 0.3833 0.9717 0.3418 0.9854 0.2968 0.9900 0.2500 0.9854 0.2032 0.9717 0.1582 0.9496 0.1167 0.9197 0.0803 0.8833 0.0504 0.8418 0.0283 0.7968 0.0146 0.7500 0.0100 0.7032 0.0146 0.6582 0.0283 0.6167 0.0504 0.5803 0.0803 0.5504 0.1167 0.5283 0.1582 0.5146 0.2032 0.5100 0.2500 0.5146 0.2968 0.5283 0.3418 0.5504 0.3833 0.5803 0.4197 0.6167 0.4496 0.6582 0.4717 0.7032 0.4854 0.1582 0.4717 0.2500 0.2500 0.2032 0.4854 0.2032 0.4854 0.2500 0.2500 0.2500 0.4900 " />
						</IndexedFaceSet>
					</Shape>
				</Group>
			</Transform>
		</Transform>
		<Transform DEF="Shape_IndexedFaceSet_039_TRANSFORM"
		           translation="-85.513809 -4.679031 72.629700"
		           scale="19.299206 19.299206 25.639824"
		           rotation="-0.637633 0.544713 0.544713 2.006328"
		           >
			<Transform DEF="Shape_IndexedFaceSet_039_ifs_TRANSFORM"
			           translation="-0.000000 -0.000000 -0.000000"
			           scale="1.000000 1.000000 1.000000"
			           rotation="0.000000 0.000000 0.000000 0.000000"
			           >
				<Group DEF="group_ME_Shape_IndexedFaceSet_039">
					<Shape>
						<Appearance>
							<Material USE="MA_MA_MA_MA_Material_001_002" />
						</Appearance>
						<IndexedFaceSet solid="false"
						                texCoordIndex="0 1 2 -1 3 4 5 -1 6 7 8 -1 9 10 11 -1 12 13 14 -1 15 16 17 -1 18 19 20 -1 21 22 23 -1 24 25 26 -1 27 28 29 -1 30 31 32 -1 33 34 35 -1 36 37 38 -1 39 40 41 -1 42 43 44 -1 45 46 47 -1 48 49 50 -1 51 52 53 -1 54 55 56 -1 57 58 59 -1 60 61 62 -1 63 64 65 -1 66 67 68 -1 69 70 71 -1 72 73 74 -1 75 76 77 -1 78 79 80 -1 81 82 83 -1 84 85 86 -1 87 88 89 -1 90 91 92 93 94 95 96 97 98 99 100 101 102 103 104 105 106 107 108 109 110 111 112 113 114 115 116 117 118 119 120 121 -1 122 123 124 -1 125 126 127 -1 "
						                coordIndex="0 32 1 -1 1 32 2 -1 2 32 3 -1 3 32 4 -1 4 32 5 -1 5 32 6 -1 6 32 7 -1 7 32 8 -1 8 32 9 -1 9 32 10 -1 10 32 11 -1 11 32 12 -1 12 32 13 -1 13 32 14 -1 14 32 15 -1 15 32 16 -1 16 32 17 -1 17 32 18 -1 18 32 19 -1 19 32 20 -1 20 32 21 -1 21 32 22 -1 22 32 23 -1 23 32 24 -1 24 32 25 -1 25 32 26 -1 26 32 27 -1 27 32 28 -1 28 32 29 -1 29 32 30 -1 0 1 2 3 4 5 6 7 8 9 10 11 12 13 14 15 16 17 18 19 20 21 22 23 24 25 26 27 28 29 30 31 -1 30 32 31 -1 31 32 0 -1 "
						                >
							<Coordinate DEF="coords_ME_Shape_IndexedFaceSet_039"
							            point="0.000000 1.000000 -1.000000 0.195090 0.980785 -1.000000 0.382683 0.923880 -1.000000 0.555570 0.831470 -1.000000 0.707107 0.707107 -1.000000 0.831470 0.555570 -1.000000 0.923880 0.382683 -1.000000 0.980785 0.195090 -1.000000 1.000000 0.000000 -1.000000 0.980785 -0.195090 -1.000000 0.923880 -0.382683 -1.000000 0.831470 -0.555570 -1.000000 0.707107 -0.707107 -1.000000 0.555570 -0.831470 -1.000000 0.382683 -0.923880 -1.000000 0.195090 -0.980785 -1.000000 0.000000 -1.000000 -1.000000 -0.195090 -0.980785 -1.000000 -0.382683 -0.923880 -1.000000 -0.555570 -0.831470 -1.000000 -0.707107 -0.707107 -1.000000 -0.831470 -0.555570 -1.000000 -0.923880 -0.382683 -1.000000 -0.980785 -0.195090 -1.000000 -1.000000 0.000000 -1.000000 -0.980785 0.195090 -1.000000 -0.923880 0.382683 -1.000000 -0.831470 0.555570 -1.000000 -0.707107 0.707107 -1.000000 -0.555570 0.831470 -1.000000 -0.382683 0.923880 -1.000000 -0.195090 0.980785 -1.000000 0.000000 0.000000 1.000000 "
							            />
							<TextureCoordinate point="0.2500 0.4900 0.2500 0.2500 0.2968 0.4854 0.2968 0.4854 0.2500 0.2500 0.3418 0.4717 0.3418 0.4717 0.2500 0.2500 0.3833 0.4496 0.3833 0.4496 0.2500 0.2500 0.4197 0.4197 0.4197 0.4197 0.2500 0.2500 0.4496 0.3833 0.4496 0.3833 0.2500 0.2500 0.4717 0.3418 0.4717 0.3418 0.2500 0.2500 0.4854 0.2968 0.4854 0.2968 0.2500 0.2500 0.4900 0.2500 0.4900 0.2500 0.2500 0.2500 0.4854 0.2032 0.4854 0.2032 0.2500 0.2500 0.4717 0.1582 0.4717 0.1582 0.2500 0.2500 0.4496 0.1167 0.4496 0.1167 0.2500 0.2500 0.4197 0.0803 0.4197 0.0803 0.2500 0.2500 0.3833 0.0504 0.3833 0.0504 0.2500 0.2500 0.3418 0.0283 0.3418 0.0283 0.2500 0.2500 0.2968 0.0146 0.2968 0.0146 0.2500 0.2500 0.2500 0.0100 0.2500 0.0100 0.2500 0.2500 0.2032 0.0146 0.2032 0.0146 0.2500 0.2500 0.1582 0.0283 0.1582 0.0283 0.2500 0.2500 0.1167 0.0504 0.1167 0.0504 0.2500 0.2500 0.0803 0.0803 0.0803 0.0803 0.2500 0.2500 0.0504 0.1167 0.0504 0.1167 0.2500 0.2500 0.0283 0.1582 0.0283 0.1582 0.2500 0.2500 0.0146 0.2032 0.0146 0.2032 0.2500 0.2500 0.0100 0.2500 0.0100 0.2500 0.2500 0.2500 0.0146 0.2968 0.0146 0.2968 0.2500 0.2500 0.0283 0.3418 0.0283 0.3418 0.2500 0.2500 0.0504 0.3833 0.0504 0.3833 0.2500 0.2500 0.0803 0.4197 0.0803 0.4197 0.2500 0.2500 0.1167 0.4496 0.1167 0.4496 0.2500 0.2500 0.1582 0.4717 0.7500 0.4900 0.7968 0.4854 0.8418 0.4717 0.8833 0.4496 0.9197 0.4197 0.9496 0.3833 0.9717 0.3418 0.9854 0.2968 0.9900 0.2500 0.9854 0.2032 0.9717 0.1582 0.9496 0.1167 0.9197 0.0803 0.8833 0.0504 0.8418 0.0283 0.7968 0.0146 0.7500 0.0100 0.7032 0.0146 0.6582 0.0283 0.6167 0.0504 0.5803 0.0803 0.5504 0.1167 0.5283 0.1582 0.5146 0.2032 0.5100 0.2500 0.5146 0.2968 0.5283 0.3418 0.5504 0.3833 0.5803 0.4197 0.6167 0.4496 0.6582 0.4717 0.7032 0.4854 0.1582 0.4717 0.2500 0.2500 0.2032 0.4854 0.2032 0.4854 0.2500 0.2500 0.2500 0.4900 " />
						</IndexedFaceSet>
					</Shape>
				</Group>
			</Transform>
		</Transform>
		<Transform DEF="Shape_IndexedFaceSet_040_TRANSFORM"
		           translation="-47.520473 -1.374832 116.147766"
		           scale="20.271994 21.087782 30.836790"
		           rotation="-0.637633 0.544713 0.544713 2.006328"
		           >
			<Transform DEF="Shape_IndexedFaceSet_040_ifs_TRANSFORM"
			           translation="0.000000 0.000000 -0.000000"
			           scale="1.000000 1.000000 1.000000"
			           rotation="0.000000 0.000000 0.000000 0.000000"
			           >
				<Group DEF="group_ME_Shape_IndexedFaceSet_040">
					<Shape>
						<Appearance>
							<Material USE="MA_MA_MA_MA_Material_001_002" />
						</Appearance>
						<IndexedFaceSet solid="false"
						                texCoordIndex="0 1 2 -1 3 4 5 -1 6 7 8 -1 9 10 11 -1 12 13 14 -1 15 16 17 -1 18 19 20 -1 21 22 23 -1 24 25 26 -1 27 28 29 -1 30 31 32 -1 33 34 35 -1 36 37 38 -1 39 40 41 -1 42 43 44 -1 45 46 47 -1 48 49 50 -1 51 52 53 -1 54 55 56 -1 57 58 59 -1 60 61 62 -1 63 64 65 -1 66 67 68 -1 69 70 71 -1 72 73 74 -1 75 76 77 -1 78 79 80 -1 81 82 83 -1 84 85 86 -1 87 88 89 -1 90 91 92 93 94 95 96 97 98 99 100 101 102 103 104 105 106 107 108 109 110 111 112 113 114 115 116 117 118 119 120 121 -1 122 123 124 -1 125 126 127 -1 "
						                coordIndex="0 32 1 -1 1 32 2 -1 2 32 3 -1 3 32 4 -1 4 32 5 -1 5 32 6 -1 6 32 7 -1 7 32 8 -1 8 32 9 -1 9 32 10 -1 10 32 11 -1 11 32 12 -1 12 32 13 -1 13 32 14 -1 14 32 15 -1 15 32 16 -1 16 32 17 -1 17 32 18 -1 18 32 19 -1 19 32 20 -1 20 32 21 -1 21 32 22 -1 22 32 23 -1 23 32 24 -1 24 32 25 -1 25 32 26 -1 26 32 27 -1 27 32 28 -1 28 32 29 -1 29 32 30 -1 0 1 2 3 4 5 6 7 8 9 10 11 12 13 14 15 16 17 18 19 20 21 22 23 24 25 26 27 28 29 30 31 -1 30 32 31 -1 31 32 0 -1 "
						                >
							<Coordinate DEF="coords_ME_Shape_IndexedFaceSet_040"
							            point="0.000000 1.000000 -1.000000 0.195090 0.980785 -1.000000 0.382683 0.923880 -1.000000 0.555570 0.831470 -1.000000 0.707107 0.707107 -1.000000 0.831470 0.555570 -1.000000 0.923880 0.382683 -1.000000 0.980785 0.195090 -1.000000 1.000000 0.000000 -1.000000 0.980785 -0.195090 -1.000000 0.923880 -0.382683 -1.000000 0.831470 -0.555570 -1.000000 0.707107 -0.707107 -1.000000 0.555570 -0.831470 -1.000000 0.382683 -0.923880 -1.000000 0.195090 -0.980785 -1.000000 0.000000 -1.000000 -1.000000 -0.195090 -0.980785 -1.000000 -0.382683 -0.923880 -1.000000 -0.555570 -0.831470 -1.000000 -0.707107 -0.707107 -1.000000 -0.831470 -0.555570 -1.000000 -0.923880 -0.382683 -1.000000 -0.980785 -0.195090 -1.000000 -1.000000 0.000000 -1.000000 -0.980785 0.195090 -1.000000 -0.923880 0.382683 -1.000000 -0.831470 0.555570 -1.000000 -0.707107 0.707107 -1.000000 -0.555570 0.831470 -1.000000 -0.382683 0.923880 -1.000000 -0.195090 0.980785 -1.000000 0.000000 0.000000 1.000000 "
							            />
							<TextureCoordinate point="0.2500 0.4900 0.2500 0.2500 0.2968 0.4854 0.2968 0.4854 0.2500 0.2500 0.3418 0.4717 0.3418 0.4717 0.2500 0.2500 0.3833 0.4496 0.3833 0.4496 0.2500 0.2500 0.4197 0.4197 0.4197 0.4197 0.2500 0.2500 0.4496 0.3833 0.4496 0.3833 0.2500 0.2500 0.4717 0.3418 0.4717 0.3418 0.2500 0.2500 0.4854 0.2968 0.4854 0.2968 0.2500 0.2500 0.4900 0.2500 0.4900 0.2500 0.2500 0.2500 0.4854 0.2032 0.4854 0.2032 0.2500 0.2500 0.4717 0.1582 0.4717 0.1582 0.2500 0.2500 0.4496 0.1167 0.4496 0.1167 0.2500 0.2500 0.4197 0.0803 0.4197 0.0803 0.2500 0.2500 0.3833 0.0504 0.3833 0.0504 0.2500 0.2500 0.3418 0.0283 0.3418 0.0283 0.2500 0.2500 0.2968 0.0146 0.2968 0.0146 0.2500 0.2500 0.2500 0.0100 0.2500 0.0100 0.2500 0.2500 0.2032 0.0146 0.2032 0.0146 0.2500 0.2500 0.1582 0.0283 0.1582 0.0283 0.2500 0.2500 0.1167 0.0504 0.1167 0.0504 0.2500 0.2500 0.0803 0.0803 0.0803 0.0803 0.2500 0.2500 0.0504 0.1167 0.0504 0.1167 0.2500 0.2500 0.0283 0.1582 0.0283 0.1582 0.2500 0.2500 0.0146 0.2032 0.0146 0.2032 0.2500 0.2500 0.0100 0.2500 0.0100 0.2500 0.2500 0.2500 0.0146 0.2968 0.0146 0.2968 0.2500 0.2500 0.0283 0.3418 0.0283 0.3418 0.2500 0.2500 0.0504 0.3833 0.0504 0.3833 0.2500 0.2500 0.0803 0.4197 0.0803 0.4197 0.2500 0.2500 0.1167 0.4496 0.1167 0.4496 0.2500 0.2500 0.1582 0.4717 0.7500 0.4900 0.7968 0.4854 0.8418 0.4717 0.8833 0.4496 0.9197 0.4197 0.9496 0.3833 0.9717 0.3418 0.9854 0.2968 0.9900 0.2500 0.9854 0.2032 0.9717 0.1582 0.9496 0.1167 0.9197 0.0803 0.8833 0.0504 0.8418 0.0283 0.7968 0.0146 0.7500 0.0100 0.7032 0.0146 0.6582 0.0283 0.6167 0.0504 0.5803 0.0803 0.5504 0.1167 0.5283 0.1582 0.5146 0.2032 0.5100 0.2500 0.5146 0.2968 0.5283 0.3418 0.5504 0.3833 0.5803 0.4197 0.6167 0.4496 0.6582 0.4717 0.7032 0.4854 0.1582 0.4717 0.2500 0.2500 0.2032 0.4854 0.2032 0.4854 0.2500 0.2500 0.2500 0.4900 " />
						</IndexedFaceSet>
					</Shape>
				</Group>
			</Transform>
		</Transform>
		<Transform DEF="Shape_IndexedFaceSet_041_TRANSFORM"
		           translation="47.491123 5.672226 107.357811"
		           scale="25.603350 22.554022 35.394432"
		           rotation="-0.637633 0.544713 0.544713 2.006328"
		           >
			<Transform DEF="Shape_IndexedFaceSet_041_ifs_TRANSFORM"
			           translation="-0.000000 0.000000 0.000000"
			           scale="1.000000 1.000000 1.000000"
			           rotation="-0.000000 -0.000000 -0.000000 0.000000"
			           >
				<Group DEF="group_ME_Shape_IndexedFaceSet_041">
					<Shape>
						<Appearance>
							<Material USE="MA_MA_MA_MA_Material_001_002" />
						</Appearance>
						<IndexedFaceSet solid="false"
						                texCoordIndex="0 1 2 -1 3 4 5 -1 6 7 8 -1 9 10 11 -1 12 13 14 -1 15 16 17 -1 18 19 20 -1 21 22 23 -1 24 25 26 -1 27 28 29 -1 30 31 32 -1 33 34 35 -1 36 37 38 -1 39 40 41 -1 42 43 44 -1 45 46 47 -1 48 49 50 -1 51 52 53 -1 54 55 56 -1 57 58 59 -1 60 61 62 -1 63 64 65 -1 66 67 68 -1 69 70 71 -1 72 73 74 -1 75 76 77 -1 78 79 80 -1 81 82 83 -1 84 85 86 -1 87 88 89 -1 90 91 92 93 94 95 96 97 98 99 100 101 102 103 104 105 106 107 108 109 110 111 112 113 114 115 116 117 118 119 120 121 -1 122 123 124 -1 125 126 127 -1 "
						                coordIndex="0 32 1 -1 1 32 2 -1 2 32 3 -1 3 32 4 -1 4 32 5 -1 5 32 6 -1 6 32 7 -1 7 32 8 -1 8 32 9 -1 9 32 10 -1 10 32 11 -1 11 32 12 -1 12 32 13 -1 13 32 14 -1 14 32 15 -1 15 32 16 -1 16 32 17 -1 17 32 18 -1 18 32 19 -1 19 32 20 -1 20 32 21 -1 21 32 22 -1 22 32 23 -1 23 32 24 -1 24 32 25 -1 25 32 26 -1 26 32 27 -1 27 32 28 -1 28 32 29 -1 29 32 30 -1 0 1 2 3 4 5 6 7 8 9 10 11 12 13 14 15 16 17 18 19 20 21 22 23 24 25 26 27 28 29 30 31 -1 30 32 31 -1 31 32 0 -1 "
						                >
							<Coordinate DEF="coords_ME_Shape_IndexedFaceSet_041"
							            point="0.000000 1.000000 -1.000000 0.195090 0.980785 -1.000000 0.382683 0.923880 -1.000000 0.555570 0.831470 -1.000000 0.707107 0.707107 -1.000000 0.831470 0.555570 -1.000000 0.923880 0.382683 -1.000000 0.980785 0.195090 -1.000000 1.000000 0.000000 -1.000000 0.980785 -0.195090 -1.000000 0.923880 -0.382683 -1.000000 0.831470 -0.555570 -1.000000 0.707107 -0.707107 -1.000000 0.555570 -0.831470 -1.000000 0.382683 -0.923880 -1.000000 0.195090 -0.980785 -1.000000 0.000000 -1.000000 -1.000000 -0.195090 -0.980785 -1.000000 -0.382683 -0.923880 -1.000000 -0.555570 -0.831470 -1.000000 -0.707107 -0.707107 -1.000000 -0.831470 -0.555570 -1.000000 -0.923880 -0.382683 -1.000000 -0.980785 -0.195090 -1.000000 -1.000000 0.000000 -1.000000 -0.980785 0.195090 -1.000000 -0.923880 0.382683 -1.000000 -0.831470 0.555570 -1.000000 -0.707107 0.707107 -1.000000 -0.555570 0.831470 -1.000000 -0.382683 0.923880 -1.000000 -0.195090 0.980785 -1.000000 0.000000 0.000000 1.000000 "
							            />
							<TextureCoordinate point="0.2500 0.4900 0.2500 0.2500 0.2968 0.4854 0.2968 0.4854 0.2500 0.2500 0.3418 0.4717 0.3418 0.4717 0.2500 0.2500 0.3833 0.4496 0.3833 0.4496 0.2500 0.2500 0.4197 0.4197 0.4197 0.4197 0.2500 0.2500 0.4496 0.3833 0.4496 0.3833 0.2500 0.2500 0.4717 0.3418 0.4717 0.3418 0.2500 0.2500 0.4854 0.2968 0.4854 0.2968 0.2500 0.2500 0.4900 0.2500 0.4900 0.2500 0.2500 0.2500 0.4854 0.2032 0.4854 0.2032 0.2500 0.2500 0.4717 0.1582 0.4717 0.1582 0.2500 0.2500 0.4496 0.1167 0.4496 0.1167 0.2500 0.2500 0.4197 0.0803 0.4197 0.0803 0.2500 0.2500 0.3833 0.0504 0.3833 0.0504 0.2500 0.2500 0.3418 0.0283 0.3418 0.0283 0.2500 0.2500 0.2968 0.0146 0.2968 0.0146 0.2500 0.2500 0.2500 0.0100 0.2500 0.0100 0.2500 0.2500 0.2032 0.0146 0.2032 0.0146 0.2500 0.2500 0.1582 0.0283 0.1582 0.0283 0.2500 0.2500 0.1167 0.0504 0.1167 0.0504 0.2500 0.2500 0.0803 0.0803 0.0803 0.0803 0.2500 0.2500 0.0504 0.1167 0.0504 0.1167 0.2500 0.2500 0.0283 0.1582 0.0283 0.1582 0.2500 0.2500 0.0146 0.2032 0.0146 0.2032 0.2500 0.2500 0.0100 0.2500 0.0100 0.2500 0.2500 0.2500 0.0146 0.2968 0.0146 0.2968 0.2500 0.2500 0.0283 0.3418 0.0283 0.3418 0.2500 0.2500 0.0504 0.3833 0.0504 0.3833 0.2500 0.2500 0.0803 0.4197 0.0803 0.4197 0.2500 0.2500 0.1167 0.4496 0.1167 0.4496 0.2500 0.2500 0.1582 0.4717 0.7500 0.4900 0.7968 0.4854 0.8418 0.4717 0.8833 0.4496 0.9197 0.4197 0.9496 0.3833 0.9717 0.3418 0.9854 0.2968 0.9900 0.2500 0.9854 0.2032 0.9717 0.1582 0.9496 0.1167 0.9197 0.0803 0.8833 0.0504 0.8418 0.0283 0.7968 0.0146 0.7500 0.0100 0.7032 0.0146 0.6582 0.0283 0.6167 0.0504 0.5803 0.0803 0.5504 0.1167 0.5283 0.1582 0.5146 0.2032 0.5100 0.2500 0.5146 0.2968 0.5283 0.3418 0.5504 0.3833 0.5803 0.4197 0.6167 0.4496 0.6582 0.4717 0.7032 0.4854 0.1582 0.4717 0.2500 0.2500 0.2032 0.4854 0.2032 0.4854 0.2500 0.2500 0.2500 0.4900 " />
						</IndexedFaceSet>
					</Shape>
				</Group>
			</Transform>
		</Transform>
		<Transform DEF="Shape_IndexedFaceSet_042_TRANSFORM"
		           translation="100.066833 -4.015732 94.639122"
		           scale="21.401773 21.401773 23.562475"
		           rotation="-0.637633 0.544713 0.544713 2.006328"
		           >
			<Transform DEF="Shape_IndexedFaceSet_042_ifs_TRANSFORM"
			           translation="0.000000 -0.000000 0.000000"
			           scale="1.000000 1.000000 1.000000"
			           rotation="-0.000000 -0.000000 0.000000 0.000000"
			           >
				<Group DEF="group_ME_Shape_IndexedFaceSet_042">
					<Shape>
						<Appearance>
							<Material USE="MA_MA_MA_MA_Material_001_002" />
						</Appearance>
						<IndexedFaceSet solid="false"
						                texCoordIndex="0 1 2 -1 3 4 5 -1 6 7 8 -1 9 10 11 -1 12 13 14 -1 15 16 17 -1 18 19 20 -1 21 22 23 -1 24 25 26 -1 27 28 29 -1 30 31 32 -1 33 34 35 -1 36 37 38 -1 39 40 41 -1 42 43 44 -1 45 46 47 -1 48 49 50 -1 51 52 53 -1 54 55 56 -1 57 58 59 -1 60 61 62 -1 63 64 65 -1 66 67 68 -1 69 70 71 -1 72 73 74 -1 75 76 77 -1 78 79 80 -1 81 82 83 -1 84 85 86 -1 87 88 89 -1 90 91 92 93 94 95 96 97 98 99 100 101 102 103 104 105 106 107 108 109 110 111 112 113 114 115 116 117 118 119 120 121 -1 122 123 124 -1 125 126 127 -1 "
						                coordIndex="0 32 1 -1 1 32 2 -1 2 32 3 -1 3 32 4 -1 4 32 5 -1 5 32 6 -1 6 32 7 -1 7 32 8 -1 8 32 9 -1 9 32 10 -1 10 32 11 -1 11 32 12 -1 12 32 13 -1 13 32 14 -1 14 32 15 -1 15 32 16 -1 16 32 17 -1 17 32 18 -1 18 32 19 -1 19 32 20 -1 20 32 21 -1 21 32 22 -1 22 32 23 -1 23 32 24 -1 24 32 25 -1 25 32 26 -1 26 32 27 -1 27 32 28 -1 28 32 29 -1 29 32 30 -1 0 1 2 3 4 5 6 7 8 9 10 11 12 13 14 15 16 17 18 19 20 21 22 23 24 25 26 27 28 29 30 31 -1 30 32 31 -1 31 32 0 -1 "
						                >
							<Coordinate DEF="coords_ME_Shape_IndexedFaceSet_042"
							            point="0.000000 1.000000 -1.000000 0.195090 0.980785 -1.000000 0.382683 0.923880 -1.000000 0.555570 0.831470 -1.000000 0.707107 0.707107 -1.000000 0.831470 0.555570 -1.000000 0.923880 0.382683 -1.000000 0.980785 0.195090 -1.000000 1.000000 0.000000 -1.000000 0.980785 -0.195090 -1.000000 0.923880 -0.382683 -1.000000 0.831470 -0.555570 -1.000000 0.707107 -0.707107 -1.000000 0.555570 -0.831470 -1.000000 0.382683 -0.923880 -1.000000 0.195090 -0.980785 -1.000000 0.000000 -1.000000 -1.000000 -0.195090 -0.980785 -1.000000 -0.382683 -0.923880 -1.000000 -0.555570 -0.831470 -1.000000 -0.707107 -0.707107 -1.000000 -0.831470 -0.555570 -1.000000 -0.923880 -0.382683 -1.000000 -0.980785 -0.195090 -1.000000 -1.000000 0.000000 -1.000000 -0.980785 0.195090 -1.000000 -0.923880 0.382683 -1.000000 -0.831470 0.555570 -1.000000 -0.707107 0.707107 -1.000000 -0.555570 0.831470 -1.000000 -0.382683 0.923880 -1.000000 -0.195090 0.980785 -1.000000 0.000000 0.000000 1.000000 "
							            />
							<TextureCoordinate point="0.2500 0.4900 0.2500 0.2500 0.2968 0.4854 0.2968 0.4854 0.2500 0.2500 0.3418 0.4717 0.3418 0.4717 0.2500 0.2500 0.3833 0.4496 0.3833 0.4496 0.2500 0.2500 0.4197 0.4197 0.4197 0.4197 0.2500 0.2500 0.4496 0.3833 0.4496 0.3833 0.2500 0.2500 0.4717 0.3418 0.4717 0.3418 0.2500 0.2500 0.4854 0.2968 0.4854 0.2968 0.2500 0.2500 0.4900 0.2500 0.4900 0.2500 0.2500 0.2500 0.4854 0.2032 0.4854 0.2032 0.2500 0.2500 0.4717 0.1582 0.4717 0.1582 0.2500 0.2500 0.4496 0.1167 0.4496 0.1167 0.2500 0.2500 0.4197 0.0803 0.4197 0.0803 0.2500 0.2500 0.3833 0.0504 0.3833 0.0504 0.2500 0.2500 0.3418 0.0283 0.3418 0.0283 0.2500 0.2500 0.2968 0.0146 0.2968 0.0146 0.2500 0.2500 0.2500 0.0100 0.2500 0.0100 0.2500 0.2500 0.2032 0.0146 0.2032 0.0146 0.2500 0.2500 0.1582 0.0283 0.1582 0.0283 0.2500 0.2500 0.1167 0.0504 0.1167 0.0504 0.2500 0.2500 0.0803 0.0803 0.0803 0.0803 0.2500 0.2500 0.0504 0.1167 0.0504 0.1167 0.2500 0.2500 0.0283 0.1582 0.0283 0.1582 0.2500 0.2500 0.0146 0.2032 0.0146 0.2032 0.2500 0.2500 0.0100 0.2500 0.0100 0.2500 0.2500 0.2500 0.0146 0.2968 0.0146 0.2968 0.2500 0.2500 0.0283 0.3418 0.0283 0.3418 0.2500 0.2500 0.0504 0.3833 0.0504 0.3833 0.2500 0.2500 0.0803 0.4197 0.0803 0.4197 0.2500 0.2500 0.1167 0.4496 0.1167 0.4496 0.2500 0.2500 0.1582 0.4717 0.7500 0.4900 0.7968 0.4854 0.8418 0.4717 0.8833 0.4496 0.9197 0.4197 0.9496 0.3833 0.9717 0.3418 0.9854 0.2968 0.9900 0.2500 0.9854 0.2032 0.9717 0.1582 0.9496 0.1167 0.9197 0.0803 0.8833 0.0504 0.8418 0.0283 0.7968 0.0146 0.7500 0.0100 0.7032 0.0146 0.6582 0.0283 0.6167 0.0504 0.5803 0.0803 0.5504 0.1167 0.5283 0.1582 0.5146 0.2032 0.5100 0.2500 0.5146 0.2968 0.5283 0.3418 0.5504 0.3833 0.5803 0.4197 0.6167 0.4496 0.6582 0.4717 0.7032 0.4854 0.1582 0.4717 0.2500 0.2500 0.2032 0.4854 0.2032 0.4854 0.2500 0.2500 0.2500 0.4900 " />
						</IndexedFaceSet>
					</Shape>
				</Group>
			</Transform>
		</Transform>
		<Transform DEF="Shape_IndexedFaceSet_043_TRANSFORM"
		           translation="131.507904 0.215652 117.100090"
		           scale="17.933174 19.391445 28.188238"
		           rotation="-0.637633 0.544713 0.544713 2.006328"
		           >
			<Transform DEF="Shape_IndexedFaceSet_043_ifs_TRANSFORM"
			           translation="-0.000000 -0.000001 -0.000000"
			           scale="1.000000 1.000000 1.000000"
			           rotation="0.000000 -0.000000 -0.000000 0.000000"
			           >
				<Group DEF="group_ME_Shape_IndexedFaceSet_043">
					<Shape>
						<Appearance>
							<Material USE="MA_MA_MA_MA_Material_001_002" />
						</Appearance>
						<IndexedFaceSet solid="false"
						                texCoordIndex="0 1 2 -1 3 4 5 -1 6 7 8 -1 9 10 11 -1 12 13 14 -1 15 16 17 -1 18 19 20 -1 21 22 23 -1 24 25 26 -1 27 28 29 -1 30 31 32 -1 33 34 35 -1 36 37 38 -1 39 40 41 -1 42 43 44 -1 45 46 47 -1 48 49 50 -1 51 52 53 -1 54 55 56 -1 57 58 59 -1 60 61 62 -1 63 64 65 -1 66 67 68 -1 69 70 71 -1 72 73 74 -1 75 76 77 -1 78 79 80 -1 81 82 83 -1 84 85 86 -1 87 88 89 -1 90 91 92 93 94 95 96 97 98 99 100 101 102 103 104 105 106 107 108 109 110 111 112 113 114 115 116 117 118 119 120 121 -1 122 123 124 -1 125 126 127 -1 "
						                coordIndex="0 32 1 -1 1 32 2 -1 2 32 3 -1 3 32 4 -1 4 32 5 -1 5 32 6 -1 6 32 7 -1 7 32 8 -1 8 32 9 -1 9 32 10 -1 10 32 11 -1 11 32 12 -1 12 32 13 -1 13 32 14 -1 14 32 15 -1 15 32 16 -1 16 32 17 -1 17 32 18 -1 18 32 19 -1 19 32 20 -1 20 32 21 -1 21 32 22 -1 22 32 23 -1 23 32 24 -1 24 32 25 -1 25 32 26 -1 26 32 27 -1 27 32 28 -1 28 32 29 -1 29 32 30 -1 0 1 2 3 4 5 6 7 8 9 10 11 12 13 14 15 16 17 18 19 20 21 22 23 24 25 26 27 28 29 30 31 -1 30 32 31 -1 31 32 0 -1 "
						                >
							<Coordinate DEF="coords_ME_Shape_IndexedFaceSet_043"
							            point="0.000000 1.000000 -1.000000 0.195090 0.980785 -1.000000 0.382683 0.923880 -1.000000 0.555570 0.831470 -1.000000 0.707107 0.707107 -1.000000 0.831470 0.555570 -1.000000 0.923880 0.382683 -1.000000 0.980785 0.195090 -1.000000 1.000000 0.000000 -1.000000 0.980785 -0.195090 -1.000000 0.923880 -0.382683 -1.000000 0.831470 -0.555570 -1.000000 0.707107 -0.707107 -1.000000 0.555570 -0.831470 -1.000000 0.382683 -0.923880 -1.000000 0.195090 -0.980785 -1.000000 0.000000 -1.000000 -1.000000 -0.195090 -0.980785 -1.000000 -0.382683 -0.923880 -1.000000 -0.555570 -0.831470 -1.000000 -0.707107 -0.707107 -1.000000 -0.831470 -0.555570 -1.000000 -0.923880 -0.382683 -1.000000 -0.980785 -0.195090 -1.000000 -1.000000 0.000000 -1.000000 -0.980785 0.195090 -1.000000 -0.923880 0.382683 -1.000000 -0.831470 0.555570 -1.000000 -0.707107 0.707107 -1.000000 -0.555570 0.831470 -1.000000 -0.382683 0.923880 -1.000000 -0.195090 0.980785 -1.000000 0.000000 0.000000 1.000000 "
							            />
							<TextureCoordinate point="0.2500 0.4900 0.2500 0.2500 0.2968 0.4854 0.2968 0.4854 0.2500 0.2500 0.3418 0.4717 0.3418 0.4717 0.2500 0.2500 0.3833 0.4496 0.3833 0.4496 0.2500 0.2500 0.4197 0.4197 0.4197 0.4197 0.2500 0.2500 0.4496 0.3833 0.4496 0.3833 0.2500 0.2500 0.4717 0.3418 0.4717 0.3418 0.2500 0.2500 0.4854 0.2968 0.4854 0.2968 0.2500 0.2500 0.4900 0.2500 0.4900 0.2500 0.2500 0.2500 0.4854 0.2032 0.4854 0.2032 0.2500 0.2500 0.4717 0.1582 0.4717 0.1582 0.2500 0.2500 0.4496 0.1167 0.4496 0.1167 0.2500 0.2500 0.4197 0.0803 0.4197 0.0803 0.2500 0.2500 0.3833 0.0504 0.3833 0.0504 0.2500 0.2500 0.3418 0.0283 0.3418 0.0283 0.2500 0.2500 0.2968 0.0146 0.2968 0.0146 0.2500 0.2500 0.2500 0.0100 0.2500 0.0100 0.2500 0.2500 0.2032 0.0146 0.2032 0.0146 0.2500 0.2500 0.1582 0.0283 0.1582 0.0283 0.2500 0.2500 0.1167 0.0504 0.1167 0.0504 0.2500 0.2500 0.0803 0.0803 0.0803 0.0803 0.2500 0.2500 0.0504 0.1167 0.0504 0.1167 0.2500 0.2500 0.0283 0.1582 0.0283 0.1582 0.2500 0.2500 0.0146 0.2032 0.0146 0.2032 0.2500 0.2500 0.0100 0.2500 0.0100 0.2500 0.2500 0.2500 0.0146 0.2968 0.0146 0.2968 0.2500 0.2500 0.0283 0.3418 0.0283 0.3418 0.2500 0.2500 0.0504 0.3833 0.0504 0.3833 0.2500 0.2500 0.0803 0.4197 0.0803 0.4197 0.2500 0.2500 0.1167 0.4496 0.1167 0.4496 0.2500 0.2500 0.1582 0.4717 0.7500 0.4900 0.7968 0.4854 0.8418 0.4717 0.8833 0.4496 0.9197 0.4197 0.9496 0.3833 0.9717 0.3418 0.9854 0.2968 0.9900 0.2500 0.9854 0.2032 0.9717 0.1582 0.9496 0.1167 0.9197 0.0803 0.8833 0.0504 0.8418 0.0283 0.7968 0.0146 0.7500 0.0100 0.7032 0.0146 0.6582 0.0283 0.6167 0.0504 0.5803 0.0803 0.5504 0.1167 0.5283 0.1582 0.5146 0.2032 0.5100 0.2500 0.5146 0.2968 0.5283 0.3418 0.5504 0.3833 0.5803 0.4197 0.6167 0.4496 0.6582 0.4717 0.7032 0.4854 0.1582 0.4717 0.2500 0.2500 0.2032 0.4854 0.2032 0.4854 0.2500 0.2500 0.2500 0.4900 " />
						</IndexedFaceSet>
					</Shape>
				</Group>
			</Transform>
		</Transform>
		<Transform DEF="Shape_IndexedFaceSet_044_TRANSFORM"
		           translation="5.395573 -2.972168 111.088516"
		           scale="25.603350 25.603350 28.188238"
		           rotation="-0.637633 0.544713 0.544713 2.006328"
		           >
			<Transform DEF="Shape_IndexedFaceSet_044_ifs_TRANSFORM"
			           translation="0.000000 0.000000 0.000000"
			           scale="1.000000 1.000000 1.000000"
			           rotation="-0.000000 0.000000 0.000000 0.000000"
			           >
				<Group DEF="group_ME_Shape_IndexedFaceSet_044">
					<Shape>
						<Appearance>
							<Material USE="MA_MA_MA_MA_Material_001_002" />
						</Appearance>
						<IndexedFaceSet solid="false"
						                texCoordIndex="0 1 2 -1 3 4 5 -1 6 7 8 -1 9 10 11 -1 12 13 14 -1 15 16 17 -1 18 19 20 -1 21 22 23 -1 24 25 26 -1 27 28 29 -1 30 31 32 -1 33 34 35 -1 36 37 38 -1 39 40 41 -1 42 43 44 -1 45 46 47 -1 48 49 50 -1 51 52 53 -1 54 55 56 -1 57 58 59 -1 60 61 62 -1 63 64 65 -1 66 67 68 -1 69 70 71 -1 72 73 74 -1 75 76 77 -1 78 79 80 -1 81 82 83 -1 84 85 86 -1 87 88 89 -1 90 91 92 93 94 95 96 97 98 99 100 101 102 103 104 105 106 107 108 109 110 111 112 113 114 115 116 117 118 119 120 121 -1 122 123 124 -1 125 126 127 -1 "
						                coordIndex="0 32 1 -1 1 32 2 -1 2 32 3 -1 3 32 4 -1 4 32 5 -1 5 32 6 -1 6 32 7 -1 7 32 8 -1 8 32 9 -1 9 32 10 -1 10 32 11 -1 11 32 12 -1 12 32 13 -1 13 32 14 -1 14 32 15 -1 15 32 16 -1 16 32 17 -1 17 32 18 -1 18 32 19 -1 19 32 20 -1 20 32 21 -1 21 32 22 -1 22 32 23 -1 23 32 24 -1 24 32 25 -1 25 32 26 -1 26 32 27 -1 27 32 28 -1 28 32 29 -1 29 32 30 -1 0 1 2 3 4 5 6 7 8 9 10 11 12 13 14 15 16 17 18 19 20 21 22 23 24 25 26 27 28 29 30 31 -1 30 32 31 -1 31 32 0 -1 "
						                >
							<Coordinate DEF="coords_ME_Shape_IndexedFaceSet_044"
							            point="0.000000 1.000000 -1.000000 0.195090 0.980785 -1.000000 0.382683 0.923880 -1.000000 0.555570 0.831470 -1.000000 0.707107 0.707107 -1.000000 0.831470 0.555570 -1.000000 0.923880 0.382683 -1.000000 0.980785 0.195090 -1.000000 1.000000 0.000000 -1.000000 0.980785 -0.195090 -1.000000 0.923880 -0.382683 -1.000000 0.831470 -0.555570 -1.000000 0.707107 -0.707107 -1.000000 0.555570 -0.831470 -1.000000 0.382683 -0.923880 -1.000000 0.195090 -0.980785 -1.000000 0.000000 -1.000000 -1.000000 -0.195090 -0.980785 -1.000000 -0.382683 -0.923880 -1.000000 -0.555570 -0.831470 -1.000000 -0.707107 -0.707107 -1.000000 -0.831470 -0.555570 -1.000000 -0.923880 -0.382683 -1.000000 -0.980785 -0.195090 -1.000000 -1.000000 0.000000 -1.000000 -0.980785 0.195090 -1.000000 -0.923880 0.382683 -1.000000 -0.831470 0.555570 -1.000000 -0.707107 0.707107 -1.000000 -0.555570 0.831470 -1.000000 -0.382683 0.923880 -1.000000 -0.195090 0.980785 -1.000000 0.000000 0.000000 1.000000 "
							            />
							<TextureCoordinate point="0.2500 0.4900 0.2500 0.2500 0.2968 0.4854 0.2968 0.4854 0.2500 0.2500 0.3418 0.4717 0.3418 0.4717 0.2500 0.2500 0.3833 0.4496 0.3833 0.4496 0.2500 0.2500 0.4197 0.4197 0.4197 0.4197 0.2500 0.2500 0.4496 0.3833 0.4496 0.3833 0.2500 0.2500 0.4717 0.3418 0.4717 0.3418 0.2500 0.2500 0.4854 0.2968 0.4854 0.2968 0.2500 0.2500 0.4900 0.2500 0.4900 0.2500 0.2500 0.2500 0.4854 0.2032 0.4854 0.2032 0.2500 0.2500 0.4717 0.1582 0.4717 0.1582 0.2500 0.2500 0.4496 0.1167 0.4496 0.1167 0.2500 0.2500 0.4197 0.0803 0.4197 0.0803 0.2500 0.2500 0.3833 0.0504 0.3833 0.0504 0.2500 0.2500 0.3418 0.0283 0.3418 0.0283 0.2500 0.2500 0.2968 0.0146 0.2968 0.0146 0.2500 0.2500 0.2500 0.0100 0.2500 0.0100 0.2500 0.2500 0.2032 0.0146 0.2032 0.0146 0.2500 0.2500 0.1582 0.0283 0.1582 0.0283 0.2500 0.2500 0.1167 0.0504 0.1167 0.0504 0.2500 0.2500 0.0803 0.0803 0.0803 0.0803 0.2500 0.2500 0.0504 0.1167 0.0504 0.1167 0.2500 0.2500 0.0283 0.1582 0.0283 0.1582 0.2500 0.2500 0.0146 0.2032 0.0146 0.2032 0.2500 0.2500 0.0100 0.2500 0.0100 0.2500 0.2500 0.2500 0.0146 0.2968 0.0146 0.2968 0.2500 0.2500 0.0283 0.3418 0.0283 0.3418 0.2500 0.2500 0.0504 0.3833 0.0504 0.3833 0.2500 0.2500 0.0803 0.4197 0.0803 0.4197 0.2500 0.2500 0.1167 0.4496 0.1167 0.4496 0.2500 0.2500 0.1582 0.4717 0.7500 0.4900 0.7968 0.4854 0.8418 0.4717 0.8833 0.4496 0.9197 0.4197 0.9496 0.3833 0.9717 0.3418 0.9854 0.2968 0.9900 0.2500 0.9854 0.2032 0.9717 0.1582 0.9496 0.1167 0.9197 0.0803 0.8833 0.0504 0.8418 0.0283 0.7968 0.0146 0.7500 0.0100 0.7032 0.0146 0.6582 0.0283 0.6167 0.0504 0.5803 0.0803 0.5504 0.1167 0.5283 0.1582 0.5146 0.2032 0.5100 0.2500 0.5146 0.2968 0.5283 0.3418 0.5504 0.3833 0.5803 0.4197 0.6167 0.4496 0.6582 0.4717 0.7032 0.4854 0.1582 0.4717 0.2500 0.2500 0.2032 0.4854 0.2032 0.4854 0.2500 0.2500 0.2500 0.4900 " />
						</IndexedFaceSet>
					</Shape>
				</Group>
			</Transform>
		</Transform>
		<Transform DEF="Shape_IndexedFaceSet_045_TRANSFORM"
		           translation="211.744415 -6.475433 129.361328"
		           scale="19.065832 19.065832 20.990700"
		           rotation="-0.637633 0.544713 0.544713 2.006328"
		           >
			<Transform DEF="Shape_IndexedFaceSet_045_ifs_TRANSFORM"
			           translation="0.000000 0.000000 0.000000"
			           scale="1.000000 1.000000 1.000000"
			           rotation="-0.000000 -0.000000 -0.000000 0.000000"
			           >
				<Group DEF="group_ME_Shape_IndexedFaceSet_045">
					<Shape>
						<Appearance>
							<Material USE="MA_MA_MA_MA_Material_001_002" />
						</Appearance>
						<IndexedFaceSet solid="false"
						                texCoordIndex="0 1 2 -1 3 4 5 -1 6 7 8 -1 9 10 11 -1 12 13 14 -1 15 16 17 -1 18 19 20 -1 21 22 23 -1 24 25 26 -1 27 28 29 -1 30 31 32 -1 33 34 35 -1 36 37 38 -1 39 40 41 -1 42 43 44 -1 45 46 47 -1 48 49 50 -1 51 52 53 -1 54 55 56 -1 57 58 59 -1 60 61 62 -1 63 64 65 -1 66 67 68 -1 69 70 71 -1 72 73 74 -1 75 76 77 -1 78 79 80 -1 81 82 83 -1 84 85 86 -1 87 88 89 -1 90 91 92 93 94 95 96 97 98 99 100 101 102 103 104 105 106 107 108 109 110 111 112 113 114 115 116 117 118 119 120 121 -1 122 123 124 -1 125 126 127 -1 "
						                coordIndex="0 32 1 -1 1 32 2 -1 2 32 3 -1 3 32 4 -1 4 32 5 -1 5 32 6 -1 6 32 7 -1 7 32 8 -1 8 32 9 -1 9 32 10 -1 10 32 11 -1 11 32 12 -1 12 32 13 -1 13 32 14 -1 14 32 15 -1 15 32 16 -1 16 32 17 -1 17 32 18 -1 18 32 19 -1 19 32 20 -1 20 32 21 -1 21 32 22 -1 22 32 23 -1 23 32 24 -1 24 32 25 -1 25 32 26 -1 26 32 27 -1 27 32 28 -1 28 32 29 -1 29 32 30 -1 0 1 2 3 4 5 6 7 8 9 10 11 12 13 14 15 16 17 18 19 20 21 22 23 24 25 26 27 28 29 30 31 -1 30 32 31 -1 31 32 0 -1 "
						                >
							<Coordinate DEF="coords_ME_Shape_IndexedFaceSet_045"
							            point="0.000000 1.000000 -1.000000 0.195090 0.980785 -1.000000 0.382683 0.923880 -1.000000 0.555570 0.831470 -1.000000 0.707107 0.707107 -1.000000 0.831470 0.555570 -1.000000 0.923880 0.382683 -1.000000 0.980785 0.195090 -1.000000 1.000000 0.000000 -1.000000 0.980785 -0.195090 -1.000000 0.923880 -0.382683 -1.000000 0.831470 -0.555570 -1.000000 0.707107 -0.707107 -1.000000 0.555570 -0.831470 -1.000000 0.382683 -0.923880 -1.000000 0.195090 -0.980785 -1.000000 0.000000 -1.000000 -1.000000 -0.195090 -0.980785 -1.000000 -0.382683 -0.923880 -1.000000 -0.555570 -0.831470 -1.000000 -0.707107 -0.707107 -1.000000 -0.831470 -0.555570 -1.000000 -0.923880 -0.382683 -1.000000 -0.980785 -0.195090 -1.000000 -1.000000 0.000000 -1.000000 -0.980785 0.195090 -1.000000 -0.923880 0.382683 -1.000000 -0.831470 0.555570 -1.000000 -0.707107 0.707107 -1.000000 -0.555570 0.831470 -1.000000 -0.382683 0.923880 -1.000000 -0.195090 0.980785 -1.000000 0.000000 0.000000 1.000000 "
							            />
							<TextureCoordinate point="0.2500 0.4900 0.2500 0.2500 0.2968 0.4854 0.2968 0.4854 0.2500 0.2500 0.3418 0.4717 0.3418 0.4717 0.2500 0.2500 0.3833 0.4496 0.3833 0.4496 0.2500 0.2500 0.4197 0.4197 0.4197 0.4197 0.2500 0.2500 0.4496 0.3833 0.4496 0.3833 0.2500 0.2500 0.4717 0.3418 0.4717 0.3418 0.2500 0.2500 0.4854 0.2968 0.4854 0.2968 0.2500 0.2500 0.4900 0.2500 0.4900 0.2500 0.2500 0.2500 0.4854 0.2032 0.4854 0.2032 0.2500 0.2500 0.4717 0.1582 0.4717 0.1582 0.2500 0.2500 0.4496 0.1167 0.4496 0.1167 0.2500 0.2500 0.4197 0.0803 0.4197 0.0803 0.2500 0.2500 0.3833 0.0504 0.3833 0.0504 0.2500 0.2500 0.3418 0.0283 0.3418 0.0283 0.2500 0.2500 0.2968 0.0146 0.2968 0.0146 0.2500 0.2500 0.2500 0.0100 0.2500 0.0100 0.2500 0.2500 0.2032 0.0146 0.2032 0.0146 0.2500 0.2500 0.1582 0.0283 0.1582 0.0283 0.2500 0.2500 0.1167 0.0504 0.1167 0.0504 0.2500 0.2500 0.0803 0.0803 0.0803 0.0803 0.2500 0.2500 0.0504 0.1167 0.0504 0.1167 0.2500 0.2500 0.0283 0.1582 0.0283 0.1582 0.2500 0.2500 0.0146 0.2032 0.0146 0.2032 0.2500 0.2500 0.0100 0.2500 0.0100 0.2500 0.2500 0.2500 0.0146 0.2968 0.0146 0.2968 0.2500 0.2500 0.0283 0.3418 0.0283 0.3418 0.2500 0.2500 0.0504 0.3833 0.0504 0.3833 0.2500 0.2500 0.0803 0.4197 0.0803 0.4197 0.2500 0.2500 0.1167 0.4496 0.1167 0.4496 0.2500 0.2500 0.1582 0.4717 0.7500 0.4900 0.7968 0.4854 0.8418 0.4717 0.8833 0.4496 0.9197 0.4197 0.9496 0.3833 0.9717 0.3418 0.9854 0.2968 0.9900 0.2500 0.9854 0.2032 0.9717 0.1582 0.9496 0.1167 0.9197 0.0803 0.8833 0.0504 0.8418 0.0283 0.7968 0.0146 0.7500 0.0100 0.7032 0.0146 0.6582 0.0283 0.6167 0.0504 0.5803 0.0803 0.5504 0.1167 0.5283 0.1582 0.5146 0.2032 0.5100 0.2500 0.5146 0.2968 0.5283 0.3418 0.5504 0.3833 0.5803 0.4197 0.6167 0.4496 0.6582 0.4717 0.7032 0.4854 0.1582 0.4717 0.2500 0.2500 0.2032 0.4854 0.2032 0.4854 0.2500 0.2500 0.2500 0.4900 " />
						</IndexedFaceSet>
					</Shape>
				</Group>
			</Transform>
		</Transform>
		<Transform DEF="Shape_IndexedFaceSet_046_TRANSFORM"
		           translation="181.481094 1.589218 107.563347"
		           scale="25.603350 25.603350 28.188238"
		           rotation="-0.637633 0.544713 0.544713 2.006328"
		           >
			<Transform DEF="Shape_IndexedFaceSet_046_ifs_TRANSFORM"
			           translation="0.000000 -0.000000 -0.000000"
			           scale="1.000000 1.000000 1.000000"
			           rotation="-0.000000 0.000000 0.000000 0.000000"
			           >
				<Group DEF="group_ME_Shape_IndexedFaceSet_046">
					<Shape>
						<Appearance>
							<Material USE="MA_MA_MA_MA_Material_001_002" />
						</Appearance>
						<IndexedFaceSet solid="false"
						                texCoordIndex="0 1 2 -1 3 4 5 -1 6 7 8 -1 9 10 11 -1 12 13 14 -1 15 16 17 -1 18 19 20 -1 21 22 23 -1 24 25 26 -1 27 28 29 -1 30 31 32 -1 33 34 35 -1 36 37 38 -1 39 40 41 -1 42 43 44 -1 45 46 47 -1 48 49 50 -1 51 52 53 -1 54 55 56 -1 57 58 59 -1 60 61 62 -1 63 64 65 -1 66 67 68 -1 69 70 71 -1 72 73 74 -1 75 76 77 -1 78 79 80 -1 81 82 83 -1 84 85 86 -1 87 88 89 -1 90 91 92 93 94 95 96 97 98 99 100 101 102 103 104 105 106 107 108 109 110 111 112 113 114 115 116 117 118 119 120 121 -1 122 123 124 -1 125 126 127 -1 "
						                coordIndex="0 32 1 -1 1 32 2 -1 2 32 3 -1 3 32 4 -1 4 32 5 -1 5 32 6 -1 6 32 7 -1 7 32 8 -1 8 32 9 -1 9 32 10 -1 10 32 11 -1 11 32 12 -1 12 32 13 -1 13 32 14 -1 14 32 15 -1 15 32 16 -1 16 32 17 -1 17 32 18 -1 18 32 19 -1 19 32 20 -1 20 32 21 -1 21 32 22 -1 22 32 23 -1 23 32 24 -1 24 32 25 -1 25 32 26 -1 26 32 27 -1 27 32 28 -1 28 32 29 -1 29 32 30 -1 0 1 2 3 4 5 6 7 8 9 10 11 12 13 14 15 16 17 18 19 20 21 22 23 24 25 26 27 28 29 30 31 -1 30 32 31 -1 31 32 0 -1 "
						                >
							<Coordinate DEF="coords_ME_Shape_IndexedFaceSet_046"
							            point="0.000000 1.000000 -1.000000 0.195090 0.980785 -1.000000 0.382683 0.923880 -1.000000 0.555570 0.831470 -1.000000 0.707107 0.707107 -1.000000 0.831470 0.555570 -1.000000 0.923880 0.382683 -1.000000 0.980785 0.195090 -1.000000 1.000000 0.000000 -1.000000 0.980785 -0.195090 -1.000000 0.923880 -0.382683 -1.000000 0.831470 -0.555570 -1.000000 0.707107 -0.707107 -1.000000 0.555570 -0.831470 -1.000000 0.382683 -0.923880 -1.000000 0.195090 -0.980785 -1.000000 0.000000 -1.000000 -1.000000 -0.195090 -0.980785 -1.000000 -0.382683 -0.923880 -1.000000 -0.555570 -0.831470 -1.000000 -0.707107 -0.707107 -1.000000 -0.831470 -0.555570 -1.000000 -0.923880 -0.382683 -1.000000 -0.980785 -0.195090 -1.000000 -1.000000 0.000000 -1.000000 -0.980785 0.195090 -1.000000 -0.923880 0.382683 -1.000000 -0.831470 0.555570 -1.000000 -0.707107 0.707107 -1.000000 -0.555570 0.831470 -1.000000 -0.382683 0.923880 -1.000000 -0.195090 0.980785 -1.000000 0.000000 0.000000 1.000000 "
							            />
							<TextureCoordinate point="0.2500 0.4900 0.2500 0.2500 0.2968 0.4854 0.2968 0.4854 0.2500 0.2500 0.3418 0.4717 0.3418 0.4717 0.2500 0.2500 0.3833 0.4496 0.3833 0.4496 0.2500 0.2500 0.4197 0.4197 0.4197 0.4197 0.2500 0.2500 0.4496 0.3833 0.4496 0.3833 0.2500 0.2500 0.4717 0.3418 0.4717 0.3418 0.2500 0.2500 0.4854 0.2968 0.4854 0.2968 0.2500 0.2500 0.4900 0.2500 0.4900 0.2500 0.2500 0.2500 0.4854 0.2032 0.4854 0.2032 0.2500 0.2500 0.4717 0.1582 0.4717 0.1582 0.2500 0.2500 0.4496 0.1167 0.4496 0.1167 0.2500 0.2500 0.4197 0.0803 0.4197 0.0803 0.2500 0.2500 0.3833 0.0504 0.3833 0.0504 0.2500 0.2500 0.3418 0.0283 0.3418 0.0283 0.2500 0.2500 0.2968 0.0146 0.2968 0.0146 0.2500 0.2500 0.2500 0.0100 0.2500 0.0100 0.2500 0.2500 0.2032 0.0146 0.2032 0.0146 0.2500 0.2500 0.1582 0.0283 0.1582 0.0283 0.2500 0.2500 0.1167 0.0504 0.1167 0.0504 0.2500 0.2500 0.0803 0.0803 0.0803 0.0803 0.2500 0.2500 0.0504 0.1167 0.0504 0.1167 0.2500 0.2500 0.0283 0.1582 0.0283 0.1582 0.2500 0.2500 0.0146 0.2032 0.0146 0.2032 0.2500 0.2500 0.0100 0.2500 0.0100 0.2500 0.2500 0.2500 0.0146 0.2968 0.0146 0.2968 0.2500 0.2500 0.0283 0.3418 0.0283 0.3418 0.2500 0.2500 0.0504 0.3833 0.0504 0.3833 0.2500 0.2500 0.0803 0.4197 0.0803 0.4197 0.2500 0.2500 0.1167 0.4496 0.1167 0.4496 0.2500 0.2500 0.1582 0.4717 0.7500 0.4900 0.7968 0.4854 0.8418 0.4717 0.8833 0.4496 0.9197 0.4197 0.9496 0.3833 0.9717 0.3418 0.9854 0.2968 0.9900 0.2500 0.9854 0.2032 0.9717 0.1582 0.9496 0.1167 0.9197 0.0803 0.8833 0.0504 0.8418 0.0283 0.7968 0.0146 0.7500 0.0100 0.7032 0.0146 0.6582 0.0283 0.6167 0.0504 0.5803 0.0803 0.5504 0.1167 0.5283 0.1582 0.5146 0.2032 0.5100 0.2500 0.5146 0.2968 0.5283 0.3418 0.5504 0.3833 0.5803 0.4197 0.6167 0.4496 0.6582 0.4717 0.7032 0.4854 0.1582 0.4717 0.2500 0.2500 0.2032 0.4854 0.2032 0.4854 0.2500 0.2500 0.2500 0.4900 " />
						</IndexedFaceSet>
					</Shape>
				</Group>
			</Transform>
		</Transform>
		<Transform DEF="Shape_IndexedFaceSet_047_TRANSFORM"
		           translation="222.283752 0.931992 89.070511"
		           scale="25.603350 25.603350 28.188238"
		           rotation="-0.637633 0.544713 0.544713 2.006328"
		           >
			<Transform DEF="Shape_IndexedFaceSet_047_ifs_TRANSFORM"
			           translation="0.000000 -0.000001 0.000000"
			           scale="1.000000 1.000000 1.000000"
			           rotation="-0.000000 0.000000 0.000000 0.000000"
			           >
				<Group DEF="group_ME_Shape_IndexedFaceSet_047">
					<Shape>
						<Appearance>
							<Material USE="MA_MA_MA_MA_Material_001_002" />
						</Appearance>
						<IndexedFaceSet solid="false"
						                texCoordIndex="0 1 2 -1 3 4 5 -1 6 7 8 -1 9 10 11 -1 12 13 14 -1 15 16 17 -1 18 19 20 -1 21 22 23 -1 24 25 26 -1 27 28 29 -1 30 31 32 -1 33 34 35 -1 36 37 38 -1 39 40 41 -1 42 43 44 -1 45 46 47 -1 48 49 50 -1 51 52 53 -1 54 55 56 -1 57 58 59 -1 60 61 62 -1 63 64 65 -1 66 67 68 -1 69 70 71 -1 72 73 74 -1 75 76 77 -1 78 79 80 -1 81 82 83 -1 84 85 86 -1 87 88 89 -1 90 91 92 93 94 95 96 97 98 99 100 101 102 103 104 105 106 107 108 109 110 111 112 113 114 115 116 117 118 119 120 121 -1 122 123 124 -1 125 126 127 -1 "
						                coordIndex="0 32 1 -1 1 32 2 -1 2 32 3 -1 3 32 4 -1 4 32 5 -1 5 32 6 -1 6 32 7 -1 7 32 8 -1 8 32 9 -1 9 32 10 -1 10 32 11 -1 11 32 12 -1 12 32 13 -1 13 32 14 -1 14 32 15 -1 15 32 16 -1 16 32 17 -1 17 32 18 -1 18 32 19 -1 19 32 20 -1 20 32 21 -1 21 32 22 -1 22 32 23 -1 23 32 24 -1 24 32 25 -1 25 32 26 -1 26 32 27 -1 27 32 28 -1 28 32 29 -1 29 32 30 -1 0 1 2 3 4 5 6 7 8 9 10 11 12 13 14 15 16 17 18 19 20 21 22 23 24 25 26 27 28 29 30 31 -1 30 32 31 -1 31 32 0 -1 "
						                >
							<Coordinate DEF="coords_ME_Shape_IndexedFaceSet_047"
							            point="0.000000 1.000000 -1.000000 0.195090 0.980785 -1.000000 0.382683 0.923880 -1.000000 0.555570 0.831470 -1.000000 0.707107 0.707107 -1.000000 0.831470 0.555570 -1.000000 0.923880 0.382683 -1.000000 0.980785 0.195090 -1.000000 1.000000 0.000000 -1.000000 0.980785 -0.195090 -1.000000 0.923880 -0.382683 -1.000000 0.831470 -0.555570 -1.000000 0.707107 -0.707107 -1.000000 0.555570 -0.831470 -1.000000 0.382683 -0.923880 -1.000000 0.195090 -0.980785 -1.000000 0.000000 -1.000000 -1.000000 -0.195090 -0.980785 -1.000000 -0.382683 -0.923880 -1.000000 -0.555570 -0.831470 -1.000000 -0.707107 -0.707107 -1.000000 -0.831470 -0.555570 -1.000000 -0.923880 -0.382683 -1.000000 -0.980785 -0.195090 -1.000000 -1.000000 0.000000 -1.000000 -0.980785 0.195090 -1.000000 -0.923880 0.382683 -1.000000 -0.831470 0.555570 -1.000000 -0.707107 0.707107 -1.000000 -0.555570 0.831470 -1.000000 -0.382683 0.923880 -1.000000 -0.195090 0.980785 -1.000000 0.000000 0.000000 1.000000 "
							            />
							<TextureCoordinate point="0.2500 0.4900 0.2500 0.2500 0.2968 0.4854 0.2968 0.4854 0.2500 0.2500 0.3418 0.4717 0.3418 0.4717 0.2500 0.2500 0.3833 0.4496 0.3833 0.4496 0.2500 0.2500 0.4197 0.4197 0.4197 0.4197 0.2500 0.2500 0.4496 0.3833 0.4496 0.3833 0.2500 0.2500 0.4717 0.3418 0.4717 0.3418 0.2500 0.2500 0.4854 0.2968 0.4854 0.2968 0.2500 0.2500 0.4900 0.2500 0.4900 0.2500 0.2500 0.2500 0.4854 0.2032 0.4854 0.2032 0.2500 0.2500 0.4717 0.1582 0.4717 0.1582 0.2500 0.2500 0.4496 0.1167 0.4496 0.1167 0.2500 0.2500 0.4197 0.0803 0.4197 0.0803 0.2500 0.2500 0.3833 0.0504 0.3833 0.0504 0.2500 0.2500 0.3418 0.0283 0.3418 0.0283 0.2500 0.2500 0.2968 0.0146 0.2968 0.0146 0.2500 0.2500 0.2500 0.0100 0.2500 0.0100 0.2500 0.2500 0.2032 0.0146 0.2032 0.0146 0.2500 0.2500 0.1582 0.0283 0.1582 0.0283 0.2500 0.2500 0.1167 0.0504 0.1167 0.0504 0.2500 0.2500 0.0803 0.0803 0.0803 0.0803 0.2500 0.2500 0.0504 0.1167 0.0504 0.1167 0.2500 0.2500 0.0283 0.1582 0.0283 0.1582 0.2500 0.2500 0.0146 0.2032 0.0146 0.2032 0.2500 0.2500 0.0100 0.2500 0.0100 0.2500 0.2500 0.2500 0.0146 0.2968 0.0146 0.2968 0.2500 0.2500 0.0283 0.3418 0.0283 0.3418 0.2500 0.2500 0.0504 0.3833 0.0504 0.3833 0.2500 0.2500 0.0803 0.4197 0.0803 0.4197 0.2500 0.2500 0.1167 0.4496 0.1167 0.4496 0.2500 0.2500 0.1582 0.4717 0.7500 0.4900 0.7968 0.4854 0.8418 0.4717 0.8833 0.4496 0.9197 0.4197 0.9496 0.3833 0.9717 0.3418 0.9854 0.2968 0.9900 0.2500 0.9854 0.2032 0.9717 0.1582 0.9496 0.1167 0.9197 0.0803 0.8833 0.0504 0.8418 0.0283 0.7968 0.0146 0.7500 0.0100 0.7032 0.0146 0.6582 0.0283 0.6167 0.0504 0.5803 0.0803 0.5504 0.1167 0.5283 0.1582 0.5146 0.2032 0.5100 0.2500 0.5146 0.2968 0.5283 0.3418 0.5504 0.3833 0.5803 0.4197 0.6167 0.4496 0.6582 0.4717 0.7032 0.4854 0.1582 0.4717 0.2500 0.2500 0.2032 0.4854 0.2032 0.4854 0.2500 0.2500 0.2500 0.4900 " />
						</IndexedFaceSet>
					</Shape>
				</Group>
			</Transform>
		</Transform>
		<Transform DEF="Shape_IndexedFaceSet_048_TRANSFORM"
		           translation="-58.552364 -4.046631 69.934731"
		           scale="15.385675 15.385675 25.096891"
		           rotation="-0.637633 0.544713 0.544713 2.006328"
		           >
			<Transform DEF="Shape_IndexedFaceSet_048_ifs_TRANSFORM"
			           translation="0.000000 0.000000 -0.000000"
			           scale="1.000000 1.000000 1.000000"
			           rotation="0.000000 -0.000000 0.000000 0.000000"
			           >
				<Group DEF="group_ME_Shape_IndexedFaceSet_048">
					<Shape>
						<Appearance>
							<Material USE="MA_MA_MA_MA_Material_001_002" />
						</Appearance>
						<IndexedFaceSet solid="false"
						                texCoordIndex="0 1 2 -1 3 4 5 -1 6 7 8 -1 9 10 11 -1 12 13 14 -1 15 16 17 -1 18 19 20 -1 21 22 23 -1 24 25 26 -1 27 28 29 -1 30 31 32 -1 33 34 35 -1 36 37 38 -1 39 40 41 -1 42 43 44 -1 45 46 47 -1 48 49 50 -1 51 52 53 -1 54 55 56 -1 57 58 59 -1 60 61 62 -1 63 64 65 -1 66 67 68 -1 69 70 71 -1 72 73 74 -1 75 76 77 -1 78 79 80 -1 81 82 83 -1 84 85 86 -1 87 88 89 -1 90 91 92 93 94 95 96 97 98 99 100 101 102 103 104 105 106 107 108 109 110 111 112 113 114 115 116 117 118 119 120 121 -1 122 123 124 -1 125 126 127 -1 "
						                coordIndex="0 32 1 -1 1 32 2 -1 2 32 3 -1 3 32 4 -1 4 32 5 -1 5 32 6 -1 6 32 7 -1 7 32 8 -1 8 32 9 -1 9 32 10 -1 10 32 11 -1 11 32 12 -1 12 32 13 -1 13 32 14 -1 14 32 15 -1 15 32 16 -1 16 32 17 -1 17 32 18 -1 18 32 19 -1 19 32 20 -1 20 32 21 -1 21 32 22 -1 22 32 23 -1 23 32 24 -1 24 32 25 -1 25 32 26 -1 26 32 27 -1 27 32 28 -1 28 32 29 -1 29 32 30 -1 0 1 2 3 4 5 6 7 8 9 10 11 12 13 14 15 16 17 18 19 20 21 22 23 24 25 26 27 28 29 30 31 -1 30 32 31 -1 31 32 0 -1 "
						                >
							<Coordinate DEF="coords_ME_Shape_IndexedFaceSet_048"
							            point="0.000000 1.000000 -1.000000 0.195090 0.980785 -1.000000 0.382683 0.923880 -1.000000 0.555570 0.831470 -1.000000 0.707107 0.707107 -1.000000 0.831470 0.555570 -1.000000 0.923880 0.382683 -1.000000 0.980785 0.195090 -1.000000 1.000000 0.000000 -1.000000 0.980785 -0.195090 -1.000000 0.923880 -0.382683 -1.000000 0.831470 -0.555570 -1.000000 0.707107 -0.707107 -1.000000 0.555570 -0.831470 -1.000000 0.382683 -0.923880 -1.000000 0.195090 -0.980785 -1.000000 0.000000 -1.000000 -1.000000 -0.195090 -0.980785 -1.000000 -0.382683 -0.923880 -1.000000 -0.555570 -0.831470 -1.000000 -0.707107 -0.707107 -1.000000 -0.831470 -0.555570 -1.000000 -0.923880 -0.382683 -1.000000 -0.980785 -0.195090 -1.000000 -1.000000 0.000000 -1.000000 -0.980785 0.195090 -1.000000 -0.923880 0.382683 -1.000000 -0.831470 0.555570 -1.000000 -0.707107 0.707107 -1.000000 -0.555570 0.831470 -1.000000 -0.382683 0.923880 -1.000000 -0.195090 0.980785 -1.000000 0.000000 0.000000 1.000000 "
							            />
							<TextureCoordinate point="0.2500 0.4900 0.2500 0.2500 0.2968 0.4854 0.2968 0.4854 0.2500 0.2500 0.3418 0.4717 0.3418 0.4717 0.2500 0.2500 0.3833 0.4496 0.3833 0.4496 0.2500 0.2500 0.4197 0.4197 0.4197 0.4197 0.2500 0.2500 0.4496 0.3833 0.4496 0.3833 0.2500 0.2500 0.4717 0.3418 0.4717 0.3418 0.2500 0.2500 0.4854 0.2968 0.4854 0.2968 0.2500 0.2500 0.4900 0.2500 0.4900 0.2500 0.2500 0.2500 0.4854 0.2032 0.4854 0.2032 0.2500 0.2500 0.4717 0.1582 0.4717 0.1582 0.2500 0.2500 0.4496 0.1167 0.4496 0.1167 0.2500 0.2500 0.4197 0.0803 0.4197 0.0803 0.2500 0.2500 0.3833 0.0504 0.3833 0.0504 0.2500 0.2500 0.3418 0.0283 0.3418 0.0283 0.2500 0.2500 0.2968 0.0146 0.2968 0.0146 0.2500 0.2500 0.2500 0.0100 0.2500 0.0100 0.2500 0.2500 0.2032 0.0146 0.2032 0.0146 0.2500 0.2500 0.1582 0.0283 0.1582 0.0283 0.2500 0.2500 0.1167 0.0504 0.1167 0.0504 0.2500 0.2500 0.0803 0.0803 0.0803 0.0803 0.2500 0.2500 0.0504 0.1167 0.0504 0.1167 0.2500 0.2500 0.0283 0.1582 0.0283 0.1582 0.2500 0.2500 0.0146 0.2032 0.0146 0.2032 0.2500 0.2500 0.0100 0.2500 0.0100 0.2500 0.2500 0.2500 0.0146 0.2968 0.0146 0.2968 0.2500 0.2500 0.0283 0.3418 0.0283 0.3418 0.2500 0.2500 0.0504 0.3833 0.0504 0.3833 0.2500 0.2500 0.0803 0.4197 0.0803 0.4197 0.2500 0.2500 0.1167 0.4496 0.1167 0.4496 0.2500 0.2500 0.1582 0.4717 0.7500 0.4900 0.7968 0.4854 0.8418 0.4717 0.8833 0.4496 0.9197 0.4197 0.9496 0.3833 0.9717 0.3418 0.9854 0.2968 0.9900 0.2500 0.9854 0.2032 0.9717 0.1582 0.9496 0.1167 0.9197 0.0803 0.8833 0.0504 0.8418 0.0283 0.7968 0.0146 0.7500 0.0100 0.7032 0.0146 0.6582 0.0283 0.6167 0.0504 0.5803 0.0803 0.5504 0.1167 0.5283 0.1582 0.5146 0.2032 0.5100 0.2500 0.5146 0.2968 0.5283 0.3418 0.5504 0.3833 0.5803 0.4197 0.6167 0.4496 0.6582 0.4717 0.7032 0.4854 0.1582 0.4717 0.2500 0.2500 0.2032 0.4854 0.2032 0.4854 0.2500 0.2500 0.2500 0.4900 " />
						</IndexedFaceSet>
					</Shape>
				</Group>
			</Transform>
		</Transform>
		<Transform DEF="Shape_IndexedFaceSet_049_TRANSFORM"
		           translation="31.391697 -4.654633 69.507957"
		           scale="21.345579 21.345579 23.976524"
		           rotation="-0.637633 0.544713 0.544713 2.006328"
		           >
			<Transform DEF="Shape_IndexedFaceSet_049_ifs_TRANSFORM"
			           translation="-0.000000 -0.000000 -0.000000"
			           scale="1.000000 1.000000 1.000000"
			           rotation="0.000000 0.000000 0.000000 0.000000"
			           >
				<Group DEF="group_ME_Shape_IndexedFaceSet_049">
					<Shape>
						<Appearance>
							<Material USE="MA_MA_MA_MA_Material_001_002" />
						</Appearance>
						<IndexedFaceSet solid="false"
						                texCoordIndex="0 1 2 -1 3 4 5 -1 6 7 8 -1 9 10 11 -1 12 13 14 -1 15 16 17 -1 18 19 20 -1 21 22 23 -1 24 25 26 -1 27 28 29 -1 30 31 32 -1 33 34 35 -1 36 37 38 -1 39 40 41 -1 42 43 44 -1 45 46 47 -1 48 49 50 -1 51 52 53 -1 54 55 56 -1 57 58 59 -1 60 61 62 -1 63 64 65 -1 66 67 68 -1 69 70 71 -1 72 73 74 -1 75 76 77 -1 78 79 80 -1 81 82 83 -1 84 85 86 -1 87 88 89 -1 90 91 92 93 94 95 96 97 98 99 100 101 102 103 104 105 106 107 108 109 110 111 112 113 114 115 116 117 118 119 120 121 -1 122 123 124 -1 125 126 127 -1 "
						                coordIndex="0 32 1 -1 1 32 2 -1 2 32 3 -1 3 32 4 -1 4 32 5 -1 5 32 6 -1 6 32 7 -1 7 32 8 -1 8 32 9 -1 9 32 10 -1 10 32 11 -1 11 32 12 -1 12 32 13 -1 13 32 14 -1 14 32 15 -1 15 32 16 -1 16 32 17 -1 17 32 18 -1 18 32 19 -1 19 32 20 -1 20 32 21 -1 21 32 22 -1 22 32 23 -1 23 32 24 -1 24 32 25 -1 25 32 26 -1 26 32 27 -1 27 32 28 -1 28 32 29 -1 29 32 30 -1 0 1 2 3 4 5 6 7 8 9 10 11 12 13 14 15 16 17 18 19 20 21 22 23 24 25 26 27 28 29 30 31 -1 30 32 31 -1 31 32 0 -1 "
						                >
							<Coordinate DEF="coords_ME_Shape_IndexedFaceSet_049"
							            point="0.000000 1.000000 -1.000000 0.195090 0.980785 -1.000000 0.382683 0.923880 -1.000000 0.555570 0.831470 -1.000000 0.707107 0.707107 -1.000000 0.831470 0.555570 -1.000000 0.923880 0.382683 -1.000000 0.980785 0.195090 -1.000000 1.000000 0.000000 -1.000000 0.980785 -0.195090 -1.000000 0.923880 -0.382683 -1.000000 0.831470 -0.555570 -1.000000 0.707107 -0.707107 -1.000000 0.555570 -0.831470 -1.000000 0.382683 -0.923880 -1.000000 0.195090 -0.980785 -1.000000 0.000000 -1.000000 -1.000000 -0.195090 -0.980785 -1.000000 -0.382683 -0.923880 -1.000000 -0.555570 -0.831470 -1.000000 -0.707107 -0.707107 -1.000000 -0.831470 -0.555570 -1.000000 -0.923880 -0.382683 -1.000000 -0.980785 -0.195090 -1.000000 -1.000000 0.000000 -1.000000 -0.980785 0.195090 -1.000000 -0.923880 0.382683 -1.000000 -0.831470 0.555570 -1.000000 -0.707107 0.707107 -1.000000 -0.555570 0.831470 -1.000000 -0.382683 0.923880 -1.000000 -0.195090 0.980785 -1.000000 0.000000 0.000000 1.000000 "
							            />
							<TextureCoordinate point="0.2500 0.4900 0.2500 0.2500 0.2968 0.4854 0.2968 0.4854 0.2500 0.2500 0.3418 0.4717 0.3418 0.4717 0.2500 0.2500 0.3833 0.4496 0.3833 0.4496 0.2500 0.2500 0.4197 0.4197 0.4197 0.4197 0.2500 0.2500 0.4496 0.3833 0.4496 0.3833 0.2500 0.2500 0.4717 0.3418 0.4717 0.3418 0.2500 0.2500 0.4854 0.2968 0.4854 0.2968 0.2500 0.2500 0.4900 0.2500 0.4900 0.2500 0.2500 0.2500 0.4854 0.2032 0.4854 0.2032 0.2500 0.2500 0.4717 0.1582 0.4717 0.1582 0.2500 0.2500 0.4496 0.1167 0.4496 0.1167 0.2500 0.2500 0.4197 0.0803 0.4197 0.0803 0.2500 0.2500 0.3833 0.0504 0.3833 0.0504 0.2500 0.2500 0.3418 0.0283 0.3418 0.0283 0.2500 0.2500 0.2968 0.0146 0.2968 0.0146 0.2500 0.2500 0.2500 0.0100 0.2500 0.0100 0.2500 0.2500 0.2032 0.0146 0.2032 0.0146 0.2500 0.2500 0.1582 0.0283 0.1582 0.0283 0.2500 0.2500 0.1167 0.0504 0.1167 0.0504 0.2500 0.2500 0.0803 0.0803 0.0803 0.0803 0.2500 0.2500 0.0504 0.1167 0.0504 0.1167 0.2500 0.2500 0.0283 0.1582 0.0283 0.1582 0.2500 0.2500 0.0146 0.2032 0.0146 0.2032 0.2500 0.2500 0.0100 0.2500 0.0100 0.2500 0.2500 0.2500 0.0146 0.2968 0.0146 0.2968 0.2500 0.2500 0.0283 0.3418 0.0283 0.3418 0.2500 0.2500 0.0504 0.3833 0.0504 0.3833 0.2500 0.2500 0.0803 0.4197 0.0803 0.4197 0.2500 0.2500 0.1167 0.4496 0.1167 0.4496 0.2500 0.2500 0.1582 0.4717 0.7500 0.4900 0.7968 0.4854 0.8418 0.4717 0.8833 0.4496 0.9197 0.4197 0.9496 0.3833 0.9717 0.3418 0.9854 0.2968 0.9900 0.2500 0.9854 0.2032 0.9717 0.1582 0.9496 0.1167 0.9197 0.0803 0.8833 0.0504 0.8418 0.0283 0.7968 0.0146 0.7500 0.0100 0.7032 0.0146 0.6582 0.0283 0.6167 0.0504 0.5803 0.0803 0.5504 0.1167 0.5283 0.1582 0.5146 0.2032 0.5100 0.2500 0.5146 0.2968 0.5283 0.3418 0.5504 0.3833 0.5803 0.4197 0.6167 0.4496 0.6582 0.4717 0.7032 0.4854 0.1582 0.4717 0.2500 0.2500 0.2032 0.4854 0.2032 0.4854 0.2500 0.2500 0.2500 0.4900 " />
						</IndexedFaceSet>
					</Shape>
				</Group>
			</Transform>
		</Transform>
		<Transform DEF="Shape_IndexedFaceSet_050_TRANSFORM"
		           translation="78.420380 -0.154953 66.317680"
		           scale="25.603350 25.603350 28.188238"
		           rotation="-0.637633 0.544713 0.544713 2.006328"
		           >
			<Transform DEF="Shape_IndexedFaceSet_050_ifs_TRANSFORM"
			           translation="-0.000000 -0.000000 0.000000"
			           scale="1.000000 1.000000 1.000000"
			           rotation="-0.000000 0.000000 0.000000 0.000000"
			           >
				<Group DEF="group_ME_Shape_IndexedFaceSet_050">
					<Shape>
						<Appearance>
							<Material USE="MA_MA_MA_MA_Material_001_002" />
						</Appearance>
						<IndexedFaceSet solid="false"
						                texCoordIndex="0 1 2 -1 3 4 5 -1 6 7 8 -1 9 10 11 -1 12 13 14 -1 15 16 17 -1 18 19 20 -1 21 22 23 -1 24 25 26 -1 27 28 29 -1 30 31 32 -1 33 34 35 -1 36 37 38 -1 39 40 41 -1 42 43 44 -1 45 46 47 -1 48 49 50 -1 51 52 53 -1 54 55 56 -1 57 58 59 -1 60 61 62 -1 63 64 65 -1 66 67 68 -1 69 70 71 -1 72 73 74 -1 75 76 77 -1 78 79 80 -1 81 82 83 -1 84 85 86 -1 87 88 89 -1 90 91 92 93 94 95 96 97 98 99 100 101 102 103 104 105 106 107 108 109 110 111 112 113 114 115 116 117 118 119 120 121 -1 122 123 124 -1 125 126 127 -1 "
						                coordIndex="0 32 1 -1 1 32 2 -1 2 32 3 -1 3 32 4 -1 4 32 5 -1 5 32 6 -1 6 32 7 -1 7 32 8 -1 8 32 9 -1 9 32 10 -1 10 32 11 -1 11 32 12 -1 12 32 13 -1 13 32 14 -1 14 32 15 -1 15 32 16 -1 16 32 17 -1 17 32 18 -1 18 32 19 -1 19 32 20 -1 20 32 21 -1 21 32 22 -1 22 32 23 -1 23 32 24 -1 24 32 25 -1 25 32 26 -1 26 32 27 -1 27 32 28 -1 28 32 29 -1 29 32 30 -1 0 1 2 3 4 5 6 7 8 9 10 11 12 13 14 15 16 17 18 19 20 21 22 23 24 25 26 27 28 29 30 31 -1 30 32 31 -1 31 32 0 -1 "
						                >
							<Coordinate DEF="coords_ME_Shape_IndexedFaceSet_050"
							            point="0.000000 1.000000 -1.000000 0.195090 0.980785 -1.000000 0.382683 0.923880 -1.000000 0.555570 0.831470 -1.000000 0.707107 0.707107 -1.000000 0.831470 0.555570 -1.000000 0.923880 0.382683 -1.000000 0.980785 0.195090 -1.000000 1.000000 0.000000 -1.000000 0.980785 -0.195090 -1.000000 0.923880 -0.382683 -1.000000 0.831470 -0.555570 -1.000000 0.707107 -0.707107 -1.000000 0.555570 -0.831470 -1.000000 0.382683 -0.923880 -1.000000 0.195090 -0.980785 -1.000000 0.000000 -1.000000 -1.000000 -0.195090 -0.980785 -1.000000 -0.382683 -0.923880 -1.000000 -0.555570 -0.831470 -1.000000 -0.707107 -0.707107 -1.000000 -0.831470 -0.555570 -1.000000 -0.923880 -0.382683 -1.000000 -0.980785 -0.195090 -1.000000 -1.000000 0.000000 -1.000000 -0.980785 0.195090 -1.000000 -0.923880 0.382683 -1.000000 -0.831470 0.555570 -1.000000 -0.707107 0.707107 -1.000000 -0.555570 0.831470 -1.000000 -0.382683 0.923880 -1.000000 -0.195090 0.980785 -1.000000 0.000000 0.000000 1.000000 "
							            />
							<TextureCoordinate point="0.2500 0.4900 0.2500 0.2500 0.2968 0.4854 0.2968 0.4854 0.2500 0.2500 0.3418 0.4717 0.3418 0.4717 0.2500 0.2500 0.3833 0.4496 0.3833 0.4496 0.2500 0.2500 0.4197 0.4197 0.4197 0.4197 0.2500 0.2500 0.4496 0.3833 0.4496 0.3833 0.2500 0.2500 0.4717 0.3418 0.4717 0.3418 0.2500 0.2500 0.4854 0.2968 0.4854 0.2968 0.2500 0.2500 0.4900 0.2500 0.4900 0.2500 0.2500 0.2500 0.4854 0.2032 0.4854 0.2032 0.2500 0.2500 0.4717 0.1582 0.4717 0.1582 0.2500 0.2500 0.4496 0.1167 0.4496 0.1167 0.2500 0.2500 0.4197 0.0803 0.4197 0.0803 0.2500 0.2500 0.3833 0.0504 0.3833 0.0504 0.2500 0.2500 0.3418 0.0283 0.3418 0.0283 0.2500 0.2500 0.2968 0.0146 0.2968 0.0146 0.2500 0.2500 0.2500 0.0100 0.2500 0.0100 0.2500 0.2500 0.2032 0.0146 0.2032 0.0146 0.2500 0.2500 0.1582 0.0283 0.1582 0.0283 0.2500 0.2500 0.1167 0.0504 0.1167 0.0504 0.2500 0.2500 0.0803 0.0803 0.0803 0.0803 0.2500 0.2500 0.0504 0.1167 0.0504 0.1167 0.2500 0.2500 0.0283 0.1582 0.0283 0.1582 0.2500 0.2500 0.0146 0.2032 0.0146 0.2032 0.2500 0.2500 0.0100 0.2500 0.0100 0.2500 0.2500 0.2500 0.0146 0.2968 0.0146 0.2968 0.2500 0.2500 0.0283 0.3418 0.0283 0.3418 0.2500 0.2500 0.0504 0.3833 0.0504 0.3833 0.2500 0.2500 0.0803 0.4197 0.0803 0.4197 0.2500 0.2500 0.1167 0.4496 0.1167 0.4496 0.2500 0.2500 0.1582 0.4717 0.7500 0.4900 0.7968 0.4854 0.8418 0.4717 0.8833 0.4496 0.9197 0.4197 0.9496 0.3833 0.9717 0.3418 0.9854 0.2968 0.9900 0.2500 0.9854 0.2032 0.9717 0.1582 0.9496 0.1167 0.9197 0.0803 0.8833 0.0504 0.8418 0.0283 0.7968 0.0146 0.7500 0.0100 0.7032 0.0146 0.6582 0.0283 0.6167 0.0504 0.5803 0.0803 0.5504 0.1167 0.5283 0.1582 0.5146 0.2032 0.5100 0.2500 0.5146 0.2968 0.5283 0.3418 0.5504 0.3833 0.5803 0.4197 0.6167 0.4496 0.6582 0.4717 0.7032 0.4854 0.1582 0.4717 0.2500 0.2500 0.2032 0.4854 0.2032 0.4854 0.2500 0.2500 0.2500 0.4900 " />
						</IndexedFaceSet>
					</Shape>
				</Group>
			</Transform>
		</Transform>
		<Transform DEF="Shape_IndexedFaceSet_051_TRANSFORM"
		           translation="119.783768 -7.412490 79.053406"
		           scale="17.963114 17.963114 20.758966"
		           rotation="-0.637633 0.544713 0.544713 2.006328"
		           >
			<Transform DEF="Shape_IndexedFaceSet_051_ifs_TRANSFORM"
			           translation="-0.000000 -0.000000 0.000000"
			           scale="1.000000 1.000000 1.000000"
			           rotation="0.000000 -0.000000 0.000000 0.000000"
			           >
				<Group DEF="group_ME_Shape_IndexedFaceSet_051">
					<Shape>
						<Appearance>
							<Material USE="MA_MA_MA_MA_Material_001_002" />
						</Appearance>
						<IndexedFaceSet solid="false"
						                texCoordIndex="0 1 2 -1 3 4 5 -1 6 7 8 -1 9 10 11 -1 12 13 14 -1 15 16 17 -1 18 19 20 -1 21 22 23 -1 24 25 26 -1 27 28 29 -1 30 31 32 -1 33 34 35 -1 36 37 38 -1 39 40 41 -1 42 43 44 -1 45 46 47 -1 48 49 50 -1 51 52 53 -1 54 55 56 -1 57 58 59 -1 60 61 62 -1 63 64 65 -1 66 67 68 -1 69 70 71 -1 72 73 74 -1 75 76 77 -1 78 79 80 -1 81 82 83 -1 84 85 86 -1 87 88 89 -1 90 91 92 93 94 95 96 97 98 99 100 101 102 103 104 105 106 107 108 109 110 111 112 113 114 115 116 117 118 119 120 121 -1 122 123 124 -1 125 126 127 -1 "
						                coordIndex="0 32 1 -1 1 32 2 -1 2 32 3 -1 3 32 4 -1 4 32 5 -1 5 32 6 -1 6 32 7 -1 7 32 8 -1 8 32 9 -1 9 32 10 -1 10 32 11 -1 11 32 12 -1 12 32 13 -1 13 32 14 -1 14 32 15 -1 15 32 16 -1 16 32 17 -1 17 32 18 -1 18 32 19 -1 19 32 20 -1 20 32 21 -1 21 32 22 -1 22 32 23 -1 23 32 24 -1 24 32 25 -1 25 32 26 -1 26 32 27 -1 27 32 28 -1 28 32 29 -1 29 32 30 -1 0 1 2 3 4 5 6 7 8 9 10 11 12 13 14 15 16 17 18 19 20 21 22 23 24 25 26 27 28 29 30 31 -1 30 32 31 -1 31 32 0 -1 "
						                >
							<Coordinate DEF="coords_ME_Shape_IndexedFaceSet_051"
							            point="0.000000 1.000000 -1.000000 0.195090 0.980785 -1.000000 0.382683 0.923880 -1.000000 0.555570 0.831470 -1.000000 0.707107 0.707107 -1.000000 0.831470 0.555570 -1.000000 0.923880 0.382683 -1.000000 0.980785 0.195090 -1.000000 1.000000 0.000000 -1.000000 0.980785 -0.195090 -1.000000 0.923880 -0.382683 -1.000000 0.831470 -0.555570 -1.000000 0.707107 -0.707107 -1.000000 0.555570 -0.831470 -1.000000 0.382683 -0.923880 -1.000000 0.195090 -0.980785 -1.000000 0.000000 -1.000000 -1.000000 -0.195090 -0.980785 -1.000000 -0.382683 -0.923880 -1.000000 -0.555570 -0.831470 -1.000000 -0.707107 -0.707107 -1.000000 -0.831470 -0.555570 -1.000000 -0.923880 -0.382683 -1.000000 -0.980785 -0.195090 -1.000000 -1.000000 0.000000 -1.000000 -0.980785 0.195090 -1.000000 -0.923880 0.382683 -1.000000 -0.831470 0.555570 -1.000000 -0.707107 0.707107 -1.000000 -0.555570 0.831470 -1.000000 -0.382683 0.923880 -1.000000 -0.195090 0.980785 -1.000000 0.000000 0.000000 1.000000 "
							            />
							<TextureCoordinate point="0.2500 0.4900 0.2500 0.2500 0.2968 0.4854 0.2968 0.4854 0.2500 0.2500 0.3418 0.4717 0.3418 0.4717 0.2500 0.2500 0.3833 0.4496 0.3833 0.4496 0.2500 0.2500 0.4197 0.4197 0.4197 0.4197 0.2500 0.2500 0.4496 0.3833 0.4496 0.3833 0.2500 0.2500 0.4717 0.3418 0.4717 0.3418 0.2500 0.2500 0.4854 0.2968 0.4854 0.2968 0.2500 0.2500 0.4900 0.2500 0.4900 0.2500 0.2500 0.2500 0.4854 0.2032 0.4854 0.2032 0.2500 0.2500 0.4717 0.1582 0.4717 0.1582 0.2500 0.2500 0.4496 0.1167 0.4496 0.1167 0.2500 0.2500 0.4197 0.0803 0.4197 0.0803 0.2500 0.2500 0.3833 0.0504 0.3833 0.0504 0.2500 0.2500 0.3418 0.0283 0.3418 0.0283 0.2500 0.2500 0.2968 0.0146 0.2968 0.0146 0.2500 0.2500 0.2500 0.0100 0.2500 0.0100 0.2500 0.2500 0.2032 0.0146 0.2032 0.0146 0.2500 0.2500 0.1582 0.0283 0.1582 0.0283 0.2500 0.2500 0.1167 0.0504 0.1167 0.0504 0.2500 0.2500 0.0803 0.0803 0.0803 0.0803 0.2500 0.2500 0.0504 0.1167 0.0504 0.1167 0.2500 0.2500 0.0283 0.1582 0.0283 0.1582 0.2500 0.2500 0.0146 0.2032 0.0146 0.2032 0.2500 0.2500 0.0100 0.2500 0.0100 0.2500 0.2500 0.2500 0.0146 0.2968 0.0146 0.2968 0.2500 0.2500 0.0283 0.3418 0.0283 0.3418 0.2500 0.2500 0.0504 0.3833 0.0504 0.3833 0.2500 0.2500 0.0803 0.4197 0.0803 0.4197 0.2500 0.2500 0.1167 0.4496 0.1167 0.4496 0.2500 0.2500 0.1582 0.4717 0.7500 0.4900 0.7968 0.4854 0.8418 0.4717 0.8833 0.4496 0.9197 0.4197 0.9496 0.3833 0.9717 0.3418 0.9854 0.2968 0.9900 0.2500 0.9854 0.2032 0.9717 0.1582 0.9496 0.1167 0.9197 0.0803 0.8833 0.0504 0.8418 0.0283 0.7968 0.0146 0.7500 0.0100 0.7032 0.0146 0.6582 0.0283 0.6167 0.0504 0.5803 0.0803 0.5504 0.1167 0.5283 0.1582 0.5146 0.2032 0.5100 0.2500 0.5146 0.2968 0.5283 0.3418 0.5504 0.3833 0.5803 0.4197 0.6167 0.4496 0.6582 0.4717 0.7032 0.4854 0.1582 0.4717 0.2500 0.2500 0.2032 0.4854 0.2032 0.4854 0.2500 0.2500 0.2500 0.4900 " />
						</IndexedFaceSet>
					</Shape>
				</Group>
			</Transform>
		</Transform>
		<Transform DEF="Shape_IndexedFaceSet_052_TRANSFORM"
		           translation="155.660736 -2.296234 66.403984"
		           scale="21.345579 21.345579 25.515034"
		           rotation="-0.637633 0.544713 0.544713 2.006328"
		           >
			<Transform DEF="Shape_IndexedFaceSet_052_ifs_TRANSFORM"
			           translation="-0.000000 0.000000 0.000000"
			           scale="1.000000 1.000000 1.000000"
			           rotation="0.000000 0.000000 0.000000 0.000000"
			           >
				<Group DEF="group_ME_Shape_IndexedFaceSet_052">
					<Shape>
						<Appearance>
							<Material USE="MA_MA_MA_MA_Material_001_002" />
						</Appearance>
						<IndexedFaceSet solid="false"
						                texCoordIndex="0 1 2 -1 3 4 5 -1 6 7 8 -1 9 10 11 -1 12 13 14 -1 15 16 17 -1 18 19 20 -1 21 22 23 -1 24 25 26 -1 27 28 29 -1 30 31 32 -1 33 34 35 -1 36 37 38 -1 39 40 41 -1 42 43 44 -1 45 46 47 -1 48 49 50 -1 51 52 53 -1 54 55 56 -1 57 58 59 -1 60 61 62 -1 63 64 65 -1 66 67 68 -1 69 70 71 -1 72 73 74 -1 75 76 77 -1 78 79 80 -1 81 82 83 -1 84 85 86 -1 87 88 89 -1 90 91 92 93 94 95 96 97 98 99 100 101 102 103 104 105 106 107 108 109 110 111 112 113 114 115 116 117 118 119 120 121 -1 122 123 124 -1 125 126 127 -1 "
						                coordIndex="0 32 1 -1 1 32 2 -1 2 32 3 -1 3 32 4 -1 4 32 5 -1 5 32 6 -1 6 32 7 -1 7 32 8 -1 8 32 9 -1 9 32 10 -1 10 32 11 -1 11 32 12 -1 12 32 13 -1 13 32 14 -1 14 32 15 -1 15 32 16 -1 16 32 17 -1 17 32 18 -1 18 32 19 -1 19 32 20 -1 20 32 21 -1 21 32 22 -1 22 32 23 -1 23 32 24 -1 24 32 25 -1 25 32 26 -1 26 32 27 -1 27 32 28 -1 28 32 29 -1 29 32 30 -1 0 1 2 3 4 5 6 7 8 9 10 11 12 13 14 15 16 17 18 19 20 21 22 23 24 25 26 27 28 29 30 31 -1 30 32 31 -1 31 32 0 -1 "
						                >
							<Coordinate DEF="coords_ME_Shape_IndexedFaceSet_052"
							            point="0.000000 1.000000 -1.000000 0.195090 0.980785 -1.000000 0.382683 0.923880 -1.000000 0.555570 0.831470 -1.000000 0.707107 0.707107 -1.000000 0.831470 0.555570 -1.000000 0.923880 0.382683 -1.000000 0.980785 0.195090 -1.000000 1.000000 0.000000 -1.000000 0.980785 -0.195090 -1.000000 0.923880 -0.382683 -1.000000 0.831470 -0.555570 -1.000000 0.707107 -0.707107 -1.000000 0.555570 -0.831470 -1.000000 0.382683 -0.923880 -1.000000 0.195090 -0.980785 -1.000000 0.000000 -1.000000 -1.000000 -0.195090 -0.980785 -1.000000 -0.382683 -0.923880 -1.000000 -0.555570 -0.831470 -1.000000 -0.707107 -0.707107 -1.000000 -0.831470 -0.555570 -1.000000 -0.923880 -0.382683 -1.000000 -0.980785 -0.195090 -1.000000 -1.000000 0.000000 -1.000000 -0.980785 0.195090 -1.000000 -0.923880 0.382683 -1.000000 -0.831470 0.555570 -1.000000 -0.707107 0.707107 -1.000000 -0.555570 0.831470 -1.000000 -0.382683 0.923880 -1.000000 -0.195090 0.980785 -1.000000 0.000000 0.000000 1.000000 "
							            />
							<TextureCoordinate point="0.2500 0.4900 0.2500 0.2500 0.2968 0.4854 0.2968 0.4854 0.2500 0.2500 0.3418 0.4717 0.3418 0.4717 0.2500 0.2500 0.3833 0.4496 0.3833 0.4496 0.2500 0.2500 0.4197 0.4197 0.4197 0.4197 0.2500 0.2500 0.4496 0.3833 0.4496 0.3833 0.2500 0.2500 0.4717 0.3418 0.4717 0.3418 0.2500 0.2500 0.4854 0.2968 0.4854 0.2968 0.2500 0.2500 0.4900 0.2500 0.4900 0.2500 0.2500 0.2500 0.4854 0.2032 0.4854 0.2032 0.2500 0.2500 0.4717 0.1582 0.4717 0.1582 0.2500 0.2500 0.4496 0.1167 0.4496 0.1167 0.2500 0.2500 0.4197 0.0803 0.4197 0.0803 0.2500 0.2500 0.3833 0.0504 0.3833 0.0504 0.2500 0.2500 0.3418 0.0283 0.3418 0.0283 0.2500 0.2500 0.2968 0.0146 0.2968 0.0146 0.2500 0.2500 0.2500 0.0100 0.2500 0.0100 0.2500 0.2500 0.2032 0.0146 0.2032 0.0146 0.2500 0.2500 0.1582 0.0283 0.1582 0.0283 0.2500 0.2500 0.1167 0.0504 0.1167 0.0504 0.2500 0.2500 0.0803 0.0803 0.0803 0.0803 0.2500 0.2500 0.0504 0.1167 0.0504 0.1167 0.2500 0.2500 0.0283 0.1582 0.0283 0.1582 0.2500 0.2500 0.0146 0.2032 0.0146 0.2032 0.2500 0.2500 0.0100 0.2500 0.0100 0.2500 0.2500 0.2500 0.0146 0.2968 0.0146 0.2968 0.2500 0.2500 0.0283 0.3418 0.0283 0.3418 0.2500 0.2500 0.0504 0.3833 0.0504 0.3833 0.2500 0.2500 0.0803 0.4197 0.0803 0.4197 0.2500 0.2500 0.1167 0.4496 0.1167 0.4496 0.2500 0.2500 0.1582 0.4717 0.7500 0.4900 0.7968 0.4854 0.8418 0.4717 0.8833 0.4496 0.9197 0.4197 0.9496 0.3833 0.9717 0.3418 0.9854 0.2968 0.9900 0.2500 0.9854 0.2032 0.9717 0.1582 0.9496 0.1167 0.9197 0.0803 0.8833 0.0504 0.8418 0.0283 0.7968 0.0146 0.7500 0.0100 0.7032 0.0146 0.6582 0.0283 0.6167 0.0504 0.5803 0.0803 0.5504 0.1167 0.5283 0.1582 0.5146 0.2032 0.5100 0.2500 0.5146 0.2968 0.5283 0.3418 0.5504 0.3833 0.5803 0.4197 0.6167 0.4496 0.6582 0.4717 0.7032 0.4854 0.1582 0.4717 0.2500 0.2500 0.2032 0.4854 0.2032 0.4854 0.2500 0.2500 0.2500 0.4900 " />
						</IndexedFaceSet>
					</Shape>
				</Group>
			</Transform>
		</Transform>
		<Transform DEF="Shape_IndexedFaceSet_053_TRANSFORM"
		           translation="187.715988 -11.288207 71.398468"
		           scale="12.191662 12.191662 16.131817"
		           rotation="-0.637633 0.544713 0.544713 2.006328"
		           >
			<Transform DEF="Shape_IndexedFaceSet_053_ifs_TRANSFORM"
			           translation="0.000000 0.000001 -0.000000"
			           scale="1.000000 1.000000 1.000000"
			           rotation="0.000000 0.000000 0.000000 0.000000"
			           >
				<Group DEF="group_ME_Shape_IndexedFaceSet_053">
					<Shape>
						<Appearance>
							<Material USE="MA_MA_MA_MA_Material_001_002" />
						</Appearance>
						<IndexedFaceSet solid="false"
						                texCoordIndex="0 1 2 -1 3 4 5 -1 6 7 8 -1 9 10 11 -1 12 13 14 -1 15 16 17 -1 18 19 20 -1 21 22 23 -1 24 25 26 -1 27 28 29 -1 30 31 32 -1 33 34 35 -1 36 37 38 -1 39 40 41 -1 42 43 44 -1 45 46 47 -1 48 49 50 -1 51 52 53 -1 54 55 56 -1 57 58 59 -1 60 61 62 -1 63 64 65 -1 66 67 68 -1 69 70 71 -1 72 73 74 -1 75 76 77 -1 78 79 80 -1 81 82 83 -1 84 85 86 -1 87 88 89 -1 90 91 92 93 94 95 96 97 98 99 100 101 102 103 104 105 106 107 108 109 110 111 112 113 114 115 116 117 118 119 120 121 -1 122 123 124 -1 125 126 127 -1 "
						                coordIndex="0 32 1 -1 1 32 2 -1 2 32 3 -1 3 32 4 -1 4 32 5 -1 5 32 6 -1 6 32 7 -1 7 32 8 -1 8 32 9 -1 9 32 10 -1 10 32 11 -1 11 32 12 -1 12 32 13 -1 13 32 14 -1 14 32 15 -1 15 32 16 -1 16 32 17 -1 17 32 18 -1 18 32 19 -1 19 32 20 -1 20 32 21 -1 21 32 22 -1 22 32 23 -1 23 32 24 -1 24 32 25 -1 25 32 26 -1 26 32 27 -1 27 32 28 -1 28 32 29 -1 29 32 30 -1 0 1 2 3 4 5 6 7 8 9 10 11 12 13 14 15 16 17 18 19 20 21 22 23 24 25 26 27 28 29 30 31 -1 30 32 31 -1 31 32 0 -1 "
						                >
							<Coordinate DEF="coords_ME_Shape_IndexedFaceSet_053"
							            point="0.000000 1.000000 -1.000000 0.195090 0.980785 -1.000000 0.382683 0.923880 -1.000000 0.555570 0.831470 -1.000000 0.707107 0.707107 -1.000000 0.831470 0.555570 -1.000000 0.923880 0.382683 -1.000000 0.980785 0.195090 -1.000000 1.000000 0.000000 -1.000000 0.980785 -0.195090 -1.000000 0.923880 -0.382683 -1.000000 0.831470 -0.555570 -1.000000 0.707107 -0.707107 -1.000000 0.555570 -0.831470 -1.000000 0.382683 -0.923880 -1.000000 0.195090 -0.980785 -1.000000 0.000000 -1.000000 -1.000000 -0.195090 -0.980785 -1.000000 -0.382683 -0.923880 -1.000000 -0.555570 -0.831470 -1.000000 -0.707107 -0.707107 -1.000000 -0.831470 -0.555570 -1.000000 -0.923880 -0.382683 -1.000000 -0.980785 -0.195090 -1.000000 -1.000000 0.000000 -1.000000 -0.980785 0.195090 -1.000000 -0.923880 0.382683 -1.000000 -0.831470 0.555570 -1.000000 -0.707107 0.707107 -1.000000 -0.555570 0.831470 -1.000000 -0.382683 0.923880 -1.000000 -0.195090 0.980785 -1.000000 0.000000 0.000000 1.000000 "
							            />
							<TextureCoordinate point="0.2500 0.4900 0.2500 0.2500 0.2968 0.4854 0.2968 0.4854 0.2500 0.2500 0.3418 0.4717 0.3418 0.4717 0.2500 0.2500 0.3833 0.4496 0.3833 0.4496 0.2500 0.2500 0.4197 0.4197 0.4197 0.4197 0.2500 0.2500 0.4496 0.3833 0.4496 0.3833 0.2500 0.2500 0.4717 0.3418 0.4717 0.3418 0.2500 0.2500 0.4854 0.2968 0.4854 0.2968 0.2500 0.2500 0.4900 0.2500 0.4900 0.2500 0.2500 0.2500 0.4854 0.2032 0.4854 0.2032 0.2500 0.2500 0.4717 0.1582 0.4717 0.1582 0.2500 0.2500 0.4496 0.1167 0.4496 0.1167 0.2500 0.2500 0.4197 0.0803 0.4197 0.0803 0.2500 0.2500 0.3833 0.0504 0.3833 0.0504 0.2500 0.2500 0.3418 0.0283 0.3418 0.0283 0.2500 0.2500 0.2968 0.0146 0.2968 0.0146 0.2500 0.2500 0.2500 0.0100 0.2500 0.0100 0.2500 0.2500 0.2032 0.0146 0.2032 0.0146 0.2500 0.2500 0.1582 0.0283 0.1582 0.0283 0.2500 0.2500 0.1167 0.0504 0.1167 0.0504 0.2500 0.2500 0.0803 0.0803 0.0803 0.0803 0.2500 0.2500 0.0504 0.1167 0.0504 0.1167 0.2500 0.2500 0.0283 0.1582 0.0283 0.1582 0.2500 0.2500 0.0146 0.2032 0.0146 0.2032 0.2500 0.2500 0.0100 0.2500 0.0100 0.2500 0.2500 0.2500 0.0146 0.2968 0.0146 0.2968 0.2500 0.2500 0.0283 0.3418 0.0283 0.3418 0.2500 0.2500 0.0504 0.3833 0.0504 0.3833 0.2500 0.2500 0.0803 0.4197 0.0803 0.4197 0.2500 0.2500 0.1167 0.4496 0.1167 0.4496 0.2500 0.2500 0.1582 0.4717 0.7500 0.4900 0.7968 0.4854 0.8418 0.4717 0.8833 0.4496 0.9197 0.4197 0.9496 0.3833 0.9717 0.3418 0.9854 0.2968 0.9900 0.2500 0.9854 0.2032 0.9717 0.1582 0.9496 0.1167 0.9197 0.0803 0.8833 0.0504 0.8418 0.0283 0.7968 0.0146 0.7500 0.0100 0.7032 0.0146 0.6582 0.0283 0.6167 0.0504 0.5803 0.0803 0.5504 0.1167 0.5283 0.1582 0.5146 0.2032 0.5100 0.2500 0.5146 0.2968 0.5283 0.3418 0.5504 0.3833 0.5803 0.4197 0.6167 0.4496 0.6582 0.4717 0.7032 0.4854 0.1582 0.4717 0.2500 0.2500 0.2032 0.4854 0.2032 0.4854 0.2500 0.2500 0.2500 0.4900 " />
						</IndexedFaceSet>
					</Shape>
				</Group>
			</Transform>
		</Transform>
		<Transform DEF="Shape_IndexedFaceSet_054_TRANSFORM"
		           translation="-41.954784 -11.567606 -293.010193"
		           scale="10.525141 10.525141 13.926703"
		           rotation="-0.535484 -0.597184 -0.597184 2.158332"
		           >
			<Transform DEF="Shape_IndexedFaceSet_054_ifs_TRANSFORM"
			           translation="0.000000 0.000000 -0.000000"
			           scale="1.000000 1.000000 1.000000"
			           rotation="-0.000000 -0.000000 -0.000000 0.000000"
			           >
				<Group DEF="group_ME_Shape_IndexedFaceSet_072">
					<Shape>
						<Appearance>
							<Material DEF="MA_MA_MA_MA_Material_001_004"
							          diffuseColor="0.225 0.225 0.225"
							          specularColor="0.401 0.401 0.401"
							          emissiveColor="0.000 0.000 0.000"
							          ambientIntensity="0.000"
							          shininess="0.500"
							          transparency="0.0"
							          />
						</Appearance>
						<IndexedFaceSet solid="false"
						                texCoordIndex="0 1 2 -1 3 4 5 -1 6 7 8 -1 9 10 11 -1 12 13 14 -1 15 16 17 -1 18 19 20 -1 21 22 23 -1 24 25 26 -1 27 28 29 -1 30 31 32 -1 33 34 35 -1 36 37 38 -1 39 40 41 -1 42 43 44 -1 45 46 47 -1 48 49 50 -1 51 52 53 -1 54 55 56 -1 57 58 59 -1 60 61 62 -1 63 64 65 -1 66 67 68 -1 69 70 71 -1 72 73 74 -1 75 76 77 -1 78 79 80 -1 81 82 83 -1 84 85 86 -1 87 88 89 -1 90 91 92 93 94 95 96 97 98 99 100 101 102 103 104 105 106 107 108 109 110 111 112 113 114 115 116 117 118 119 120 121 -1 122 123 124 -1 125 126 127 -1 "
						                coordIndex="0 32 1 -1 1 32 2 -1 2 32 3 -1 3 32 4 -1 4 32 5 -1 5 32 6 -1 6 32 7 -1 7 32 8 -1 8 32 9 -1 9 32 10 -1 10 32 11 -1 11 32 12 -1 12 32 13 -1 13 32 14 -1 14 32 15 -1 15 32 16 -1 16 32 17 -1 17 32 18 -1 18 32 19 -1 19 32 20 -1 20 32 21 -1 21 32 22 -1 22 32 23 -1 23 32 24 -1 24 32 25 -1 25 32 26 -1 26 32 27 -1 27 32 28 -1 28 32 29 -1 29 32 30 -1 0 1 2 3 4 5 6 7 8 9 10 11 12 13 14 15 16 17 18 19 20 21 22 23 24 25 26 27 28 29 30 31 -1 30 32 31 -1 31 32 0 -1 "
						                >
							<Coordinate DEF="coords_ME_Shape_IndexedFaceSet_072"
							            point="0.000000 1.000000 -1.000000 0.195090 0.980785 -1.000000 0.382683 0.923880 -1.000000 0.555570 0.831470 -1.000000 0.707107 0.707107 -1.000000 0.831470 0.555570 -1.000000 0.923880 0.382683 -1.000000 0.980785 0.195090 -1.000000 1.000000 0.000000 -1.000000 0.980785 -0.195090 -1.000000 0.923880 -0.382683 -1.000000 0.831470 -0.555570 -1.000000 0.707107 -0.707107 -1.000000 0.555570 -0.831470 -1.000000 0.382683 -0.923880 -1.000000 0.195090 -0.980785 -1.000000 0.000000 -1.000000 -1.000000 -0.195090 -0.980785 -1.000000 -0.382683 -0.923880 -1.000000 -0.555570 -0.831470 -1.000000 -0.707107 -0.707107 -1.000000 -0.831470 -0.555570 -1.000000 -0.923880 -0.382683 -1.000000 -0.980785 -0.195090 -1.000000 -1.000000 0.000000 -1.000000 -0.980785 0.195090 -1.000000 -0.923880 0.382683 -1.000000 -0.831470 0.555570 -1.000000 -0.707107 0.707107 -1.000000 -0.555570 0.831470 -1.000000 -0.382683 0.923880 -1.000000 -0.195090 0.980785 -1.000000 0.000000 0.000000 1.000000 "
							            />
							<TextureCoordinate point="0.2500 0.4900 0.2500 0.2500 0.2968 0.4854 0.2968 0.4854 0.2500 0.2500 0.3418 0.4717 0.3418 0.4717 0.2500 0.2500 0.3833 0.4496 0.3833 0.4496 0.2500 0.2500 0.4197 0.4197 0.4197 0.4197 0.2500 0.2500 0.4496 0.3833 0.4496 0.3833 0.2500 0.2500 0.4717 0.3418 0.4717 0.3418 0.2500 0.2500 0.4854 0.2968 0.4854 0.2968 0.2500 0.2500 0.4900 0.2500 0.4900 0.2500 0.2500 0.2500 0.4854 0.2032 0.4854 0.2032 0.2500 0.2500 0.4717 0.1582 0.4717 0.1582 0.2500 0.2500 0.4496 0.1167 0.4496 0.1167 0.2500 0.2500 0.4197 0.0803 0.4197 0.0803 0.2500 0.2500 0.3833 0.0504 0.3833 0.0504 0.2500 0.2500 0.3418 0.0283 0.3418 0.0283 0.2500 0.2500 0.2968 0.0146 0.2968 0.0146 0.2500 0.2500 0.2500 0.0100 0.2500 0.0100 0.2500 0.2500 0.2032 0.0146 0.2032 0.0146 0.2500 0.2500 0.1582 0.0283 0.1582 0.0283 0.2500 0.2500 0.1167 0.0504 0.1167 0.0504 0.2500 0.2500 0.0803 0.0803 0.0803 0.0803 0.2500 0.2500 0.0504 0.1167 0.0504 0.1167 0.2500 0.2500 0.0283 0.1582 0.0283 0.1582 0.2500 0.2500 0.0146 0.2032 0.0146 0.2032 0.2500 0.2500 0.0100 0.2500 0.0100 0.2500 0.2500 0.2500 0.0146 0.2968 0.0146 0.2968 0.2500 0.2500 0.0283 0.3418 0.0283 0.3418 0.2500 0.2500 0.0504 0.3833 0.0504 0.3833 0.2500 0.2500 0.0803 0.4197 0.0803 0.4197 0.2500 0.2500 0.1167 0.4496 0.1167 0.4496 0.2500 0.2500 0.1582 0.4717 0.7500 0.4900 0.7968 0.4854 0.8418 0.4717 0.8833 0.4496 0.9197 0.4197 0.9496 0.3833 0.9717 0.3418 0.9854 0.2968 0.9900 0.2500 0.9854 0.2032 0.9717 0.1582 0.9496 0.1167 0.9197 0.0803 0.8833 0.0504 0.8418 0.0283 0.7968 0.0146 0.7500 0.0100 0.7032 0.0146 0.6582 0.0283 0.6167 0.0504 0.5803 0.0803 0.5504 0.1167 0.5283 0.1582 0.5146 0.2032 0.5100 0.2500 0.5146 0.2968 0.5283 0.3418 0.5504 0.3833 0.5803 0.4197 0.6167 0.4496 0.6582 0.4717 0.7032 0.4854 0.1582 0.4717 0.2500 0.2500 0.2032 0.4854 0.2032 0.4854 0.2500 0.2500 0.2500 0.4900 " />
						</IndexedFaceSet>
					</Shape>
				</Group>
			</Transform>
		</Transform>
		<Transform DEF="Shape_IndexedFaceSet_055_TRANSFORM"
		           translation="-14.106190 -3.804775 -290.031708"
		           scale="18.427778 18.427778 22.027296"
		           rotation="-0.535484 -0.597184 -0.597184 2.158332"
		           >
			<Transform DEF="Shape_IndexedFaceSet_055_ifs_TRANSFORM"
			           translation="0.000000 0.000000 -0.000000"
			           scale="1.000000 1.000000 1.000000"
			           rotation="-0.000000 0.000000 0.000000 0.000000"
			           >
				<Group DEF="group_ME_Shape_IndexedFaceSet_073">
					<Shape>
						<Appearance>
							<Material USE="MA_MA_MA_MA_Material_001_004" />
						</Appearance>
						<IndexedFaceSet solid="false"
						                texCoordIndex="0 1 2 -1 3 4 5 -1 6 7 8 -1 9 10 11 -1 12 13 14 -1 15 16 17 -1 18 19 20 -1 21 22 23 -1 24 25 26 -1 27 28 29 -1 30 31 32 -1 33 34 35 -1 36 37 38 -1 39 40 41 -1 42 43 44 -1 45 46 47 -1 48 49 50 -1 51 52 53 -1 54 55 56 -1 57 58 59 -1 60 61 62 -1 63 64 65 -1 66 67 68 -1 69 70 71 -1 72 73 74 -1 75 76 77 -1 78 79 80 -1 81 82 83 -1 84 85 86 -1 87 88 89 -1 90 91 92 93 94 95 96 97 98 99 100 101 102 103 104 105 106 107 108 109 110 111 112 113 114 115 116 117 118 119 120 121 -1 122 123 124 -1 125 126 127 -1 "
						                coordIndex="0 32 1 -1 1 32 2 -1 2 32 3 -1 3 32 4 -1 4 32 5 -1 5 32 6 -1 6 32 7 -1 7 32 8 -1 8 32 9 -1 9 32 10 -1 10 32 11 -1 11 32 12 -1 12 32 13 -1 13 32 14 -1 14 32 15 -1 15 32 16 -1 16 32 17 -1 17 32 18 -1 18 32 19 -1 19 32 20 -1 20 32 21 -1 21 32 22 -1 22 32 23 -1 23 32 24 -1 24 32 25 -1 25 32 26 -1 26 32 27 -1 27 32 28 -1 28 32 29 -1 29 32 30 -1 0 1 2 3 4 5 6 7 8 9 10 11 12 13 14 15 16 17 18 19 20 21 22 23 24 25 26 27 28 29 30 31 -1 30 32 31 -1 31 32 0 -1 "
						                >
							<Coordinate DEF="coords_ME_Shape_IndexedFaceSet_073"
							            point="0.000000 1.000000 -1.000000 0.195090 0.980785 -1.000000 0.382683 0.923880 -1.000000 0.555570 0.831470 -1.000000 0.707107 0.707107 -1.000000 0.831470 0.555570 -1.000000 0.923880 0.382683 -1.000000 0.980785 0.195090 -1.000000 1.000000 0.000000 -1.000000 0.980785 -0.195090 -1.000000 0.923880 -0.382683 -1.000000 0.831470 -0.555570 -1.000000 0.707107 -0.707107 -1.000000 0.555570 -0.831470 -1.000000 0.382683 -0.923880 -1.000000 0.195090 -0.980785 -1.000000 0.000000 -1.000000 -1.000000 -0.195090 -0.980785 -1.000000 -0.382683 -0.923880 -1.000000 -0.555570 -0.831470 -1.000000 -0.707107 -0.707107 -1.000000 -0.831470 -0.555570 -1.000000 -0.923880 -0.382683 -1.000000 -0.980785 -0.195090 -1.000000 -1.000000 0.000000 -1.000000 -0.980785 0.195090 -1.000000 -0.923880 0.382683 -1.000000 -0.831470 0.555570 -1.000000 -0.707107 0.707107 -1.000000 -0.555570 0.831470 -1.000000 -0.382683 0.923880 -1.000000 -0.195090 0.980785 -1.000000 0.000000 0.000000 1.000000 "
							            />
							<TextureCoordinate point="0.2500 0.4900 0.2500 0.2500 0.2968 0.4854 0.2968 0.4854 0.2500 0.2500 0.3418 0.4717 0.3418 0.4717 0.2500 0.2500 0.3833 0.4496 0.3833 0.4496 0.2500 0.2500 0.4197 0.4197 0.4197 0.4197 0.2500 0.2500 0.4496 0.3833 0.4496 0.3833 0.2500 0.2500 0.4717 0.3418 0.4717 0.3418 0.2500 0.2500 0.4854 0.2968 0.4854 0.2968 0.2500 0.2500 0.4900 0.2500 0.4900 0.2500 0.2500 0.2500 0.4854 0.2032 0.4854 0.2032 0.2500 0.2500 0.4717 0.1582 0.4717 0.1582 0.2500 0.2500 0.4496 0.1167 0.4496 0.1167 0.2500 0.2500 0.4197 0.0803 0.4197 0.0803 0.2500 0.2500 0.3833 0.0504 0.3833 0.0504 0.2500 0.2500 0.3418 0.0283 0.3418 0.0283 0.2500 0.2500 0.2968 0.0146 0.2968 0.0146 0.2500 0.2500 0.2500 0.0100 0.2500 0.0100 0.2500 0.2500 0.2032 0.0146 0.2032 0.0146 0.2500 0.2500 0.1582 0.0283 0.1582 0.0283 0.2500 0.2500 0.1167 0.0504 0.1167 0.0504 0.2500 0.2500 0.0803 0.0803 0.0803 0.0803 0.2500 0.2500 0.0504 0.1167 0.0504 0.1167 0.2500 0.2500 0.0283 0.1582 0.0283 0.1582 0.2500 0.2500 0.0146 0.2032 0.0146 0.2032 0.2500 0.2500 0.0100 0.2500 0.0100 0.2500 0.2500 0.2500 0.0146 0.2968 0.0146 0.2968 0.2500 0.2500 0.0283 0.3418 0.0283 0.3418 0.2500 0.2500 0.0504 0.3833 0.0504 0.3833 0.2500 0.2500 0.0803 0.4197 0.0803 0.4197 0.2500 0.2500 0.1167 0.4496 0.1167 0.4496 0.2500 0.2500 0.1582 0.4717 0.7500 0.4900 0.7968 0.4854 0.8418 0.4717 0.8833 0.4496 0.9197 0.4197 0.9496 0.3833 0.9717 0.3418 0.9854 0.2968 0.9900 0.2500 0.9854 0.2032 0.9717 0.1582 0.9496 0.1167 0.9197 0.0803 0.8833 0.0504 0.8418 0.0283 0.7968 0.0146 0.7500 0.0100 0.7032 0.0146 0.6582 0.0283 0.6167 0.0504 0.5803 0.0803 0.5504 0.1167 0.5283 0.1582 0.5146 0.2032 0.5100 0.2500 0.5146 0.2968 0.5283 0.3418 0.5504 0.3833 0.5803 0.4197 0.6167 0.4496 0.6582 0.4717 0.7032 0.4854 0.1582 0.4717 0.2500 0.2500 0.2032 0.4854 0.2032 0.4854 0.2500 0.2500 0.2500 0.4900 " />
						</IndexedFaceSet>
					</Shape>
				</Group>
			</Transform>
		</Transform>
		<Transform DEF="Shape_IndexedFaceSet_056_TRANSFORM"
		           translation="16.306770 -8.221672 -302.426178"
		           scale="15.507675 15.507675 17.921352"
		           rotation="-0.535484 -0.597184 -0.597184 2.158332"
		           >
			<Transform DEF="Shape_IndexedFaceSet_056_ifs_TRANSFORM"
			           translation="-0.000002 0.000000 0.000000"
			           scale="1.000000 1.000000 1.000000"
			           rotation="0.000000 0.000000 -0.000000 0.000000"
			           >
				<Group DEF="group_ME_Shape_IndexedFaceSet_074">
					<Shape>
						<Appearance>
							<Material USE="MA_MA_MA_MA_Material_001_004" />
						</Appearance>
						<IndexedFaceSet solid="false"
						                texCoordIndex="0 1 2 -1 3 4 5 -1 6 7 8 -1 9 10 11 -1 12 13 14 -1 15 16 17 -1 18 19 20 -1 21 22 23 -1 24 25 26 -1 27 28 29 -1 30 31 32 -1 33 34 35 -1 36 37 38 -1 39 40 41 -1 42 43 44 -1 45 46 47 -1 48 49 50 -1 51 52 53 -1 54 55 56 -1 57 58 59 -1 60 61 62 -1 63 64 65 -1 66 67 68 -1 69 70 71 -1 72 73 74 -1 75 76 77 -1 78 79 80 -1 81 82 83 -1 84 85 86 -1 87 88 89 -1 90 91 92 93 94 95 96 97 98 99 100 101 102 103 104 105 106 107 108 109 110 111 112 113 114 115 116 117 118 119 120 121 -1 122 123 124 -1 125 126 127 -1 "
						                coordIndex="0 32 1 -1 1 32 2 -1 2 32 3 -1 3 32 4 -1 4 32 5 -1 5 32 6 -1 6 32 7 -1 7 32 8 -1 8 32 9 -1 9 32 10 -1 10 32 11 -1 11 32 12 -1 12 32 13 -1 13 32 14 -1 14 32 15 -1 15 32 16 -1 16 32 17 -1 17 32 18 -1 18 32 19 -1 19 32 20 -1 20 32 21 -1 21 32 22 -1 22 32 23 -1 23 32 24 -1 24 32 25 -1 25 32 26 -1 26 32 27 -1 27 32 28 -1 28 32 29 -1 29 32 30 -1 0 1 2 3 4 5 6 7 8 9 10 11 12 13 14 15 16 17 18 19 20 21 22 23 24 25 26 27 28 29 30 31 -1 30 32 31 -1 31 32 0 -1 "
						                >
							<Coordinate DEF="coords_ME_Shape_IndexedFaceSet_074"
							            point="0.000000 1.000000 -1.000000 0.195090 0.980785 -1.000000 0.382683 0.923880 -1.000000 0.555570 0.831470 -1.000000 0.707107 0.707107 -1.000000 0.831470 0.555570 -1.000000 0.923880 0.382683 -1.000000 0.980785 0.195090 -1.000000 1.000000 0.000000 -1.000000 0.980785 -0.195090 -1.000000 0.923880 -0.382683 -1.000000 0.831470 -0.555570 -1.000000 0.707107 -0.707107 -1.000000 0.555570 -0.831470 -1.000000 0.382683 -0.923880 -1.000000 0.195090 -0.980785 -1.000000 0.000000 -1.000000 -1.000000 -0.195090 -0.980785 -1.000000 -0.382683 -0.923880 -1.000000 -0.555570 -0.831470 -1.000000 -0.707107 -0.707107 -1.000000 -0.831470 -0.555570 -1.000000 -0.923880 -0.382683 -1.000000 -0.980785 -0.195090 -1.000000 -1.000000 0.000000 -1.000000 -0.980785 0.195090 -1.000000 -0.923880 0.382683 -1.000000 -0.831470 0.555570 -1.000000 -0.707107 0.707107 -1.000000 -0.555570 0.831470 -1.000000 -0.382683 0.923880 -1.000000 -0.195090 0.980785 -1.000000 0.000000 0.000000 1.000000 "
							            />
							<TextureCoordinate point="0.2500 0.4900 0.2500 0.2500 0.2968 0.4854 0.2968 0.4854 0.2500 0.2500 0.3418 0.4717 0.3418 0.4717 0.2500 0.2500 0.3833 0.4496 0.3833 0.4496 0.2500 0.2500 0.4197 0.4197 0.4197 0.4197 0.2500 0.2500 0.4496 0.3833 0.4496 0.3833 0.2500 0.2500 0.4717 0.3418 0.4717 0.3418 0.2500 0.2500 0.4854 0.2968 0.4854 0.2968 0.2500 0.2500 0.4900 0.2500 0.4900 0.2500 0.2500 0.2500 0.4854 0.2032 0.4854 0.2032 0.2500 0.2500 0.4717 0.1582 0.4717 0.1582 0.2500 0.2500 0.4496 0.1167 0.4496 0.1167 0.2500 0.2500 0.4197 0.0803 0.4197 0.0803 0.2500 0.2500 0.3833 0.0504 0.3833 0.0504 0.2500 0.2500 0.3418 0.0283 0.3418 0.0283 0.2500 0.2500 0.2968 0.0146 0.2968 0.0146 0.2500 0.2500 0.2500 0.0100 0.2500 0.0100 0.2500 0.2500 0.2032 0.0146 0.2032 0.0146 0.2500 0.2500 0.1582 0.0283 0.1582 0.0283 0.2500 0.2500 0.1167 0.0504 0.1167 0.0504 0.2500 0.2500 0.0803 0.0803 0.0803 0.0803 0.2500 0.2500 0.0504 0.1167 0.0504 0.1167 0.2500 0.2500 0.0283 0.1582 0.0283 0.1582 0.2500 0.2500 0.0146 0.2032 0.0146 0.2032 0.2500 0.2500 0.0100 0.2500 0.0100 0.2500 0.2500 0.2500 0.0146 0.2968 0.0146 0.2968 0.2500 0.2500 0.0283 0.3418 0.0283 0.3418 0.2500 0.2500 0.0504 0.3833 0.0504 0.3833 0.2500 0.2500 0.0803 0.4197 0.0803 0.4197 0.2500 0.2500 0.1167 0.4496 0.1167 0.4496 0.2500 0.2500 0.1582 0.4717 0.7500 0.4900 0.7968 0.4854 0.8418 0.4717 0.8833 0.4496 0.9197 0.4197 0.9496 0.3833 0.9717 0.3418 0.9854 0.2968 0.9900 0.2500 0.9854 0.2032 0.9717 0.1582 0.9496 0.1167 0.9197 0.0803 0.8833 0.0504 0.8418 0.0283 0.7968 0.0146 0.7500 0.0100 0.7032 0.0146 0.6582 0.0283 0.6167 0.0504 0.5803 0.0803 0.5504 0.1167 0.5283 0.1582 0.5146 0.2032 0.5100 0.2500 0.5146 0.2968 0.5283 0.3418 0.5504 0.3833 0.5803 0.4197 0.6167 0.4496 0.6582 0.4717 0.7032 0.4854 0.1582 0.4717 0.2500 0.2500 0.2032 0.4854 0.2032 0.4854 0.2500 0.2500 0.2500 0.4900 " />
						</IndexedFaceSet>
					</Shape>
				</Group>
			</Transform>
		</Transform>
		<Transform DEF="Shape_IndexedFaceSet_057_TRANSFORM"
		           translation="52.502640 -1.956192 -293.158081"
		           scale="22.103540 22.103540 24.335091"
		           rotation="-0.535484 -0.597184 -0.597184 2.158332"
		           >
			<Transform DEF="Shape_IndexedFaceSet_057_ifs_TRANSFORM"
			           translation="0.000001 -0.000000 -0.000000"
			           scale="1.000000 1.000000 1.000000"
			           rotation="0.000000 0.000000 0.000000 0.000000"
			           >
				<Group DEF="group_ME_Shape_IndexedFaceSet_075">
					<Shape>
						<Appearance>
							<Material USE="MA_MA_MA_MA_Material_001_004" />
						</Appearance>
						<IndexedFaceSet solid="false"
						                texCoordIndex="0 1 2 -1 3 4 5 -1 6 7 8 -1 9 10 11 -1 12 13 14 -1 15 16 17 -1 18 19 20 -1 21 22 23 -1 24 25 26 -1 27 28 29 -1 30 31 32 -1 33 34 35 -1 36 37 38 -1 39 40 41 -1 42 43 44 -1 45 46 47 -1 48 49 50 -1 51 52 53 -1 54 55 56 -1 57 58 59 -1 60 61 62 -1 63 64 65 -1 66 67 68 -1 69 70 71 -1 72 73 74 -1 75 76 77 -1 78 79 80 -1 81 82 83 -1 84 85 86 -1 87 88 89 -1 90 91 92 93 94 95 96 97 98 99 100 101 102 103 104 105 106 107 108 109 110 111 112 113 114 115 116 117 118 119 120 121 -1 122 123 124 -1 125 126 127 -1 "
						                coordIndex="0 32 1 -1 1 32 2 -1 2 32 3 -1 3 32 4 -1 4 32 5 -1 5 32 6 -1 6 32 7 -1 7 32 8 -1 8 32 9 -1 9 32 10 -1 10 32 11 -1 11 32 12 -1 12 32 13 -1 13 32 14 -1 14 32 15 -1 15 32 16 -1 16 32 17 -1 17 32 18 -1 18 32 19 -1 19 32 20 -1 20 32 21 -1 21 32 22 -1 22 32 23 -1 23 32 24 -1 24 32 25 -1 25 32 26 -1 26 32 27 -1 27 32 28 -1 28 32 29 -1 29 32 30 -1 0 1 2 3 4 5 6 7 8 9 10 11 12 13 14 15 16 17 18 19 20 21 22 23 24 25 26 27 28 29 30 31 -1 30 32 31 -1 31 32 0 -1 "
						                >
							<Coordinate DEF="coords_ME_Shape_IndexedFaceSet_075"
							            point="0.000000 1.000000 -1.000000 0.195090 0.980785 -1.000000 0.382683 0.923880 -1.000000 0.555570 0.831470 -1.000000 0.707107 0.707107 -1.000000 0.831470 0.555570 -1.000000 0.923880 0.382683 -1.000000 0.980785 0.195090 -1.000000 1.000000 0.000000 -1.000000 0.980785 -0.195090 -1.000000 0.923880 -0.382683 -1.000000 0.831470 -0.555570 -1.000000 0.707107 -0.707107 -1.000000 0.555570 -0.831470 -1.000000 0.382683 -0.923880 -1.000000 0.195090 -0.980785 -1.000000 0.000000 -1.000000 -1.000000 -0.195090 -0.980785 -1.000000 -0.382683 -0.923880 -1.000000 -0.555570 -0.831470 -1.000000 -0.707107 -0.707107 -1.000000 -0.831470 -0.555570 -1.000000 -0.923880 -0.382683 -1.000000 -0.980785 -0.195090 -1.000000 -1.000000 0.000000 -1.000000 -0.980785 0.195090 -1.000000 -0.923880 0.382683 -1.000000 -0.831470 0.555570 -1.000000 -0.707107 0.707107 -1.000000 -0.555570 0.831470 -1.000000 -0.382683 0.923880 -1.000000 -0.195090 0.980785 -1.000000 0.000000 0.000000 1.000000 "
							            />
							<TextureCoordinate point="0.2500 0.4900 0.2500 0.2500 0.2968 0.4854 0.2968 0.4854 0.2500 0.2500 0.3418 0.4717 0.3418 0.4717 0.2500 0.2500 0.3833 0.4496 0.3833 0.4496 0.2500 0.2500 0.4197 0.4197 0.4197 0.4197 0.2500 0.2500 0.4496 0.3833 0.4496 0.3833 0.2500 0.2500 0.4717 0.3418 0.4717 0.3418 0.2500 0.2500 0.4854 0.2968 0.4854 0.2968 0.2500 0.2500 0.4900 0.2500 0.4900 0.2500 0.2500 0.2500 0.4854 0.2032 0.4854 0.2032 0.2500 0.2500 0.4717 0.1582 0.4717 0.1582 0.2500 0.2500 0.4496 0.1167 0.4496 0.1167 0.2500 0.2500 0.4197 0.0803 0.4197 0.0803 0.2500 0.2500 0.3833 0.0504 0.3833 0.0504 0.2500 0.2500 0.3418 0.0283 0.3418 0.0283 0.2500 0.2500 0.2968 0.0146 0.2968 0.0146 0.2500 0.2500 0.2500 0.0100 0.2500 0.0100 0.2500 0.2500 0.2032 0.0146 0.2032 0.0146 0.2500 0.2500 0.1582 0.0283 0.1582 0.0283 0.2500 0.2500 0.1167 0.0504 0.1167 0.0504 0.2500 0.2500 0.0803 0.0803 0.0803 0.0803 0.2500 0.2500 0.0504 0.1167 0.0504 0.1167 0.2500 0.2500 0.0283 0.1582 0.0283 0.1582 0.2500 0.2500 0.0146 0.2032 0.0146 0.2032 0.2500 0.2500 0.0100 0.2500 0.0100 0.2500 0.2500 0.2500 0.0146 0.2968 0.0146 0.2968 0.2500 0.2500 0.0283 0.3418 0.0283 0.3418 0.2500 0.2500 0.0504 0.3833 0.0504 0.3833 0.2500 0.2500 0.0803 0.4197 0.0803 0.4197 0.2500 0.2500 0.1167 0.4496 0.1167 0.4496 0.2500 0.2500 0.1582 0.4717 0.7500 0.4900 0.7968 0.4854 0.8418 0.4717 0.8833 0.4496 0.9197 0.4197 0.9496 0.3833 0.9717 0.3418 0.9854 0.2968 0.9900 0.2500 0.9854 0.2032 0.9717 0.1582 0.9496 0.1167 0.9197 0.0803 0.8833 0.0504 0.8418 0.0283 0.7968 0.0146 0.7500 0.0100 0.7032 0.0146 0.6582 0.0283 0.6167 0.0504 0.5803 0.0803 0.5504 0.1167 0.5283 0.1582 0.5146 0.2032 0.5100 0.2500 0.5146 0.2968 0.5283 0.3418 0.5504 0.3833 0.5803 0.4197 0.6167 0.4496 0.6582 0.4717 0.7032 0.4854 0.1582 0.4717 0.2500 0.2500 0.2032 0.4854 0.2032 0.4854 0.2500 0.2500 0.2500 0.4900 " />
						</IndexedFaceSet>
					</Shape>
				</Group>
			</Transform>
		</Transform>
		<Transform DEF="Shape_IndexedFaceSet_058_TRANSFORM"
		           translation="92.923805 -5.840796 -297.857941"
		           scale="18.427778 18.427778 20.699091"
		           rotation="-0.535484 -0.597184 -0.597184 2.158332"
		           >
			<Transform DEF="Shape_IndexedFaceSet_058_ifs_TRANSFORM"
			           translation="0.000001 -0.000000 -0.000000"
			           scale="1.000000 1.000000 1.000000"
			           rotation="-0.000000 0.000000 0.000000 0.000000"
			           >
				<Group DEF="group_ME_Shape_IndexedFaceSet_076">
					<Shape>
						<Appearance>
							<Material USE="MA_MA_MA_MA_Material_001_004" />
						</Appearance>
						<IndexedFaceSet solid="false"
						                texCoordIndex="0 1 2 -1 3 4 5 -1 6 7 8 -1 9 10 11 -1 12 13 14 -1 15 16 17 -1 18 19 20 -1 21 22 23 -1 24 25 26 -1 27 28 29 -1 30 31 32 -1 33 34 35 -1 36 37 38 -1 39 40 41 -1 42 43 44 -1 45 46 47 -1 48 49 50 -1 51 52 53 -1 54 55 56 -1 57 58 59 -1 60 61 62 -1 63 64 65 -1 66 67 68 -1 69 70 71 -1 72 73 74 -1 75 76 77 -1 78 79 80 -1 81 82 83 -1 84 85 86 -1 87 88 89 -1 90 91 92 93 94 95 96 97 98 99 100 101 102 103 104 105 106 107 108 109 110 111 112 113 114 115 116 117 118 119 120 121 -1 122 123 124 -1 125 126 127 -1 "
						                coordIndex="0 32 1 -1 1 32 2 -1 2 32 3 -1 3 32 4 -1 4 32 5 -1 5 32 6 -1 6 32 7 -1 7 32 8 -1 8 32 9 -1 9 32 10 -1 10 32 11 -1 11 32 12 -1 12 32 13 -1 13 32 14 -1 14 32 15 -1 15 32 16 -1 16 32 17 -1 17 32 18 -1 18 32 19 -1 19 32 20 -1 20 32 21 -1 21 32 22 -1 22 32 23 -1 23 32 24 -1 24 32 25 -1 25 32 26 -1 26 32 27 -1 27 32 28 -1 28 32 29 -1 29 32 30 -1 0 1 2 3 4 5 6 7 8 9 10 11 12 13 14 15 16 17 18 19 20 21 22 23 24 25 26 27 28 29 30 31 -1 30 32 31 -1 31 32 0 -1 "
						                >
							<Coordinate DEF="coords_ME_Shape_IndexedFaceSet_076"
							            point="0.000000 1.000000 -1.000000 0.195090 0.980785 -1.000000 0.382683 0.923880 -1.000000 0.555570 0.831470 -1.000000 0.707107 0.707107 -1.000000 0.831470 0.555570 -1.000000 0.923880 0.382683 -1.000000 0.980785 0.195090 -1.000000 1.000000 0.000000 -1.000000 0.980785 -0.195090 -1.000000 0.923880 -0.382683 -1.000000 0.831470 -0.555570 -1.000000 0.707107 -0.707107 -1.000000 0.555570 -0.831470 -1.000000 0.382683 -0.923880 -1.000000 0.195090 -0.980785 -1.000000 0.000000 -1.000000 -1.000000 -0.195090 -0.980785 -1.000000 -0.382683 -0.923880 -1.000000 -0.555570 -0.831470 -1.000000 -0.707107 -0.707107 -1.000000 -0.831470 -0.555570 -1.000000 -0.923880 -0.382683 -1.000000 -0.980785 -0.195090 -1.000000 -1.000000 0.000000 -1.000000 -0.980785 0.195090 -1.000000 -0.923880 0.382683 -1.000000 -0.831470 0.555570 -1.000000 -0.707107 0.707107 -1.000000 -0.555570 0.831470 -1.000000 -0.382683 0.923880 -1.000000 -0.195090 0.980785 -1.000000 0.000000 0.000000 1.000000 "
							            />
							<TextureCoordinate point="0.2500 0.4900 0.2500 0.2500 0.2968 0.4854 0.2968 0.4854 0.2500 0.2500 0.3418 0.4717 0.3418 0.4717 0.2500 0.2500 0.3833 0.4496 0.3833 0.4496 0.2500 0.2500 0.4197 0.4197 0.4197 0.4197 0.2500 0.2500 0.4496 0.3833 0.4496 0.3833 0.2500 0.2500 0.4717 0.3418 0.4717 0.3418 0.2500 0.2500 0.4854 0.2968 0.4854 0.2968 0.2500 0.2500 0.4900 0.2500 0.4900 0.2500 0.2500 0.2500 0.4854 0.2032 0.4854 0.2032 0.2500 0.2500 0.4717 0.1582 0.4717 0.1582 0.2500 0.2500 0.4496 0.1167 0.4496 0.1167 0.2500 0.2500 0.4197 0.0803 0.4197 0.0803 0.2500 0.2500 0.3833 0.0504 0.3833 0.0504 0.2500 0.2500 0.3418 0.0283 0.3418 0.0283 0.2500 0.2500 0.2968 0.0146 0.2968 0.0146 0.2500 0.2500 0.2500 0.0100 0.2500 0.0100 0.2500 0.2500 0.2032 0.0146 0.2032 0.0146 0.2500 0.2500 0.1582 0.0283 0.1582 0.0283 0.2500 0.2500 0.1167 0.0504 0.1167 0.0504 0.2500 0.2500 0.0803 0.0803 0.0803 0.0803 0.2500 0.2500 0.0504 0.1167 0.0504 0.1167 0.2500 0.2500 0.0283 0.1582 0.0283 0.1582 0.2500 0.2500 0.0146 0.2032 0.0146 0.2032 0.2500 0.2500 0.0100 0.2500 0.0100 0.2500 0.2500 0.2500 0.0146 0.2968 0.0146 0.2968 0.2500 0.2500 0.0283 0.3418 0.0283 0.3418 0.2500 0.2500 0.0504 0.3833 0.0504 0.3833 0.2500 0.2500 0.0803 0.4197 0.0803 0.4197 0.2500 0.2500 0.1167 0.4496 0.1167 0.4496 0.2500 0.2500 0.1582 0.4717 0.7500 0.4900 0.7968 0.4854 0.8418 0.4717 0.8833 0.4496 0.9197 0.4197 0.9496 0.3833 0.9717 0.3418 0.9854 0.2968 0.9900 0.2500 0.9854 0.2032 0.9717 0.1582 0.9496 0.1167 0.9197 0.0803 0.8833 0.0504 0.8418 0.0283 0.7968 0.0146 0.7500 0.0100 0.7032 0.0146 0.6582 0.0283 0.6167 0.0504 0.5803 0.0803 0.5504 0.1167 0.5283 0.1582 0.5146 0.2032 0.5100 0.2500 0.5146 0.2968 0.5283 0.3418 0.5504 0.3833 0.5803 0.4197 0.6167 0.4496 0.6582 0.4717 0.7032 0.4854 0.1582 0.4717 0.2500 0.2500 0.2032 0.4854 0.2032 0.4854 0.2500 0.2500 0.2500 0.4900 " />
						</IndexedFaceSet>
					</Shape>
				</Group>
			</Transform>
		</Transform>
		<Transform DEF="Shape_IndexedFaceSet_059_TRANSFORM"
		           translation="170.465912 -5.315903 -301.953156"
		           scale="13.282552 13.282552 21.666309"
		           rotation="-0.535484 -0.597184 -0.597184 2.158332"
		           >
			<Transform DEF="Shape_IndexedFaceSet_059_ifs_TRANSFORM"
			           translation="-0.000002 0.000001 -0.000000"
			           scale="1.000000 1.000000 1.000000"
			           rotation="0.000000 0.000000 -0.000000 0.000000"
			           >
				<Group DEF="group_ME_Shape_IndexedFaceSet_077">
					<Shape>
						<Appearance>
							<Material USE="MA_MA_MA_MA_Material_001_004" />
						</Appearance>
						<IndexedFaceSet solid="false"
						                texCoordIndex="0 1 2 -1 3 4 5 -1 6 7 8 -1 9 10 11 -1 12 13 14 -1 15 16 17 -1 18 19 20 -1 21 22 23 -1 24 25 26 -1 27 28 29 -1 30 31 32 -1 33 34 35 -1 36 37 38 -1 39 40 41 -1 42 43 44 -1 45 46 47 -1 48 49 50 -1 51 52 53 -1 54 55 56 -1 57 58 59 -1 60 61 62 -1 63 64 65 -1 66 67 68 -1 69 70 71 -1 72 73 74 -1 75 76 77 -1 78 79 80 -1 81 82 83 -1 84 85 86 -1 87 88 89 -1 90 91 92 93 94 95 96 97 98 99 100 101 102 103 104 105 106 107 108 109 110 111 112 113 114 115 116 117 118 119 120 121 -1 122 123 124 -1 125 126 127 -1 "
						                coordIndex="0 32 1 -1 1 32 2 -1 2 32 3 -1 3 32 4 -1 4 32 5 -1 5 32 6 -1 6 32 7 -1 7 32 8 -1 8 32 9 -1 9 32 10 -1 10 32 11 -1 11 32 12 -1 12 32 13 -1 13 32 14 -1 14 32 15 -1 15 32 16 -1 16 32 17 -1 17 32 18 -1 18 32 19 -1 19 32 20 -1 20 32 21 -1 21 32 22 -1 22 32 23 -1 23 32 24 -1 24 32 25 -1 25 32 26 -1 26 32 27 -1 27 32 28 -1 28 32 29 -1 29 32 30 -1 0 1 2 3 4 5 6 7 8 9 10 11 12 13 14 15 16 17 18 19 20 21 22 23 24 25 26 27 28 29 30 31 -1 30 32 31 -1 31 32 0 -1 "
						                >
							<Coordinate DEF="coords_ME_Shape_IndexedFaceSet_077"
							            point="0.000000 1.000000 -1.000000 0.195090 0.980785 -1.000000 0.382683 0.923880 -1.000000 0.555570 0.831470 -1.000000 0.707107 0.707107 -1.000000 0.831470 0.555570 -1.000000 0.923880 0.382683 -1.000000 0.980785 0.195090 -1.000000 1.000000 0.000000 -1.000000 0.980785 -0.195090 -1.000000 0.923880 -0.382683 -1.000000 0.831470 -0.555570 -1.000000 0.707107 -0.707107 -1.000000 0.555570 -0.831470 -1.000000 0.382683 -0.923880 -1.000000 0.195090 -0.980785 -1.000000 0.000000 -1.000000 -1.000000 -0.195090 -0.980785 -1.000000 -0.382683 -0.923880 -1.000000 -0.555570 -0.831470 -1.000000 -0.707107 -0.707107 -1.000000 -0.831470 -0.555570 -1.000000 -0.923880 -0.382683 -1.000000 -0.980785 -0.195090 -1.000000 -1.000000 0.000000 -1.000000 -0.980785 0.195090 -1.000000 -0.923880 0.382683 -1.000000 -0.831470 0.555570 -1.000000 -0.707107 0.707107 -1.000000 -0.555570 0.831470 -1.000000 -0.382683 0.923880 -1.000000 -0.195090 0.980785 -1.000000 0.000000 0.000000 1.000000 "
							            />
							<TextureCoordinate point="0.2500 0.4900 0.2500 0.2500 0.2968 0.4854 0.2968 0.4854 0.2500 0.2500 0.3418 0.4717 0.3418 0.4717 0.2500 0.2500 0.3833 0.4496 0.3833 0.4496 0.2500 0.2500 0.4197 0.4197 0.4197 0.4197 0.2500 0.2500 0.4496 0.3833 0.4496 0.3833 0.2500 0.2500 0.4717 0.3418 0.4717 0.3418 0.2500 0.2500 0.4854 0.2968 0.4854 0.2968 0.2500 0.2500 0.4900 0.2500 0.4900 0.2500 0.2500 0.2500 0.4854 0.2032 0.4854 0.2032 0.2500 0.2500 0.4717 0.1582 0.4717 0.1582 0.2500 0.2500 0.4496 0.1167 0.4496 0.1167 0.2500 0.2500 0.4197 0.0803 0.4197 0.0803 0.2500 0.2500 0.3833 0.0504 0.3833 0.0504 0.2500 0.2500 0.3418 0.0283 0.3418 0.0283 0.2500 0.2500 0.2968 0.0146 0.2968 0.0146 0.2500 0.2500 0.2500 0.0100 0.2500 0.0100 0.2500 0.2500 0.2032 0.0146 0.2032 0.0146 0.2500 0.2500 0.1582 0.0283 0.1582 0.0283 0.2500 0.2500 0.1167 0.0504 0.1167 0.0504 0.2500 0.2500 0.0803 0.0803 0.0803 0.0803 0.2500 0.2500 0.0504 0.1167 0.0504 0.1167 0.2500 0.2500 0.0283 0.1582 0.0283 0.1582 0.2500 0.2500 0.0146 0.2032 0.0146 0.2032 0.2500 0.2500 0.0100 0.2500 0.0100 0.2500 0.2500 0.2500 0.0146 0.2968 0.0146 0.2968 0.2500 0.2500 0.0283 0.3418 0.0283 0.3418 0.2500 0.2500 0.0504 0.3833 0.0504 0.3833 0.2500 0.2500 0.0803 0.4197 0.0803 0.4197 0.2500 0.2500 0.1167 0.4496 0.1167 0.4496 0.2500 0.2500 0.1582 0.4717 0.7500 0.4900 0.7968 0.4854 0.8418 0.4717 0.8833 0.4496 0.9197 0.4197 0.9496 0.3833 0.9717 0.3418 0.9854 0.2968 0.9900 0.2500 0.9854 0.2032 0.9717 0.1582 0.9496 0.1167 0.9197 0.0803 0.8833 0.0504 0.8418 0.0283 0.7968 0.0146 0.7500 0.0100 0.7032 0.0146 0.6582 0.0283 0.6167 0.0504 0.5803 0.0803 0.5504 0.1167 0.5283 0.1582 0.5146 0.2032 0.5100 0.2500 0.5146 0.2968 0.5283 0.3418 0.5504 0.3833 0.5803 0.4197 0.6167 0.4496 0.6582 0.4717 0.7032 0.4854 0.1582 0.4717 0.2500 0.2500 0.2032 0.4854 0.2032 0.4854 0.2500 0.2500 0.2500 0.4900 " />
						</IndexedFaceSet>
					</Shape>
				</Group>
			</Transform>
		</Transform>
		<Transform DEF="Shape_IndexedFaceSet_060_TRANSFORM"
		           translation="-72.495247 -1.017826 -306.816528"
		           scale="22.103540 22.103540 24.335091"
		           rotation="-0.535484 -0.597184 -0.597184 2.158332"
		           >
			<Transform DEF="Shape_IndexedFaceSet_060_ifs_TRANSFORM"
			           translation="0.000002 -0.000000 -0.000000"
			           scale="1.000000 1.000000 1.000000"
			           rotation="0.000000 0.000000 0.000000 0.000000"
			           >
				<Group DEF="group_ME_Shape_IndexedFaceSet_078">
					<Shape>
						<Appearance>
							<Material USE="MA_MA_MA_MA_Material_001_004" />
						</Appearance>
						<IndexedFaceSet solid="false"
						                texCoordIndex="0 1 2 -1 3 4 5 -1 6 7 8 -1 9 10 11 -1 12 13 14 -1 15 16 17 -1 18 19 20 -1 21 22 23 -1 24 25 26 -1 27 28 29 -1 30 31 32 -1 33 34 35 -1 36 37 38 -1 39 40 41 -1 42 43 44 -1 45 46 47 -1 48 49 50 -1 51 52 53 -1 54 55 56 -1 57 58 59 -1 60 61 62 -1 63 64 65 -1 66 67 68 -1 69 70 71 -1 72 73 74 -1 75 76 77 -1 78 79 80 -1 81 82 83 -1 84 85 86 -1 87 88 89 -1 90 91 92 93 94 95 96 97 98 99 100 101 102 103 104 105 106 107 108 109 110 111 112 113 114 115 116 117 118 119 120 121 -1 122 123 124 -1 125 126 127 -1 "
						                coordIndex="0 32 1 -1 1 32 2 -1 2 32 3 -1 3 32 4 -1 4 32 5 -1 5 32 6 -1 6 32 7 -1 7 32 8 -1 8 32 9 -1 9 32 10 -1 10 32 11 -1 11 32 12 -1 12 32 13 -1 13 32 14 -1 14 32 15 -1 15 32 16 -1 16 32 17 -1 17 32 18 -1 18 32 19 -1 19 32 20 -1 20 32 21 -1 21 32 22 -1 22 32 23 -1 23 32 24 -1 24 32 25 -1 25 32 26 -1 26 32 27 -1 27 32 28 -1 28 32 29 -1 29 32 30 -1 0 1 2 3 4 5 6 7 8 9 10 11 12 13 14 15 16 17 18 19 20 21 22 23 24 25 26 27 28 29 30 31 -1 30 32 31 -1 31 32 0 -1 "
						                >
							<Coordinate DEF="coords_ME_Shape_IndexedFaceSet_078"
							            point="0.000000 1.000000 -1.000000 0.195090 0.980785 -1.000000 0.382683 0.923880 -1.000000 0.555570 0.831470 -1.000000 0.707107 0.707107 -1.000000 0.831470 0.555570 -1.000000 0.923880 0.382683 -1.000000 0.980785 0.195090 -1.000000 1.000000 0.000000 -1.000000 0.980785 -0.195090 -1.000000 0.923880 -0.382683 -1.000000 0.831470 -0.555570 -1.000000 0.707107 -0.707107 -1.000000 0.555570 -0.831470 -1.000000 0.382683 -0.923880 -1.000000 0.195090 -0.980785 -1.000000 0.000000 -1.000000 -1.000000 -0.195090 -0.980785 -1.000000 -0.382683 -0.923880 -1.000000 -0.555570 -0.831470 -1.000000 -0.707107 -0.707107 -1.000000 -0.831470 -0.555570 -1.000000 -0.923880 -0.382683 -1.000000 -0.980785 -0.195090 -1.000000 -1.000000 0.000000 -1.000000 -0.980785 0.195090 -1.000000 -0.923880 0.382683 -1.000000 -0.831470 0.555570 -1.000000 -0.707107 0.707107 -1.000000 -0.555570 0.831470 -1.000000 -0.382683 0.923880 -1.000000 -0.195090 0.980785 -1.000000 0.000000 0.000000 1.000000 "
							            />
							<TextureCoordinate point="0.2500 0.4900 0.2500 0.2500 0.2968 0.4854 0.2968 0.4854 0.2500 0.2500 0.3418 0.4717 0.3418 0.4717 0.2500 0.2500 0.3833 0.4496 0.3833 0.4496 0.2500 0.2500 0.4197 0.4197 0.4197 0.4197 0.2500 0.2500 0.4496 0.3833 0.4496 0.3833 0.2500 0.2500 0.4717 0.3418 0.4717 0.3418 0.2500 0.2500 0.4854 0.2968 0.4854 0.2968 0.2500 0.2500 0.4900 0.2500 0.4900 0.2500 0.2500 0.2500 0.4854 0.2032 0.4854 0.2032 0.2500 0.2500 0.4717 0.1582 0.4717 0.1582 0.2500 0.2500 0.4496 0.1167 0.4496 0.1167 0.2500 0.2500 0.4197 0.0803 0.4197 0.0803 0.2500 0.2500 0.3833 0.0504 0.3833 0.0504 0.2500 0.2500 0.3418 0.0283 0.3418 0.0283 0.2500 0.2500 0.2968 0.0146 0.2968 0.0146 0.2500 0.2500 0.2500 0.0100 0.2500 0.0100 0.2500 0.2500 0.2032 0.0146 0.2032 0.0146 0.2500 0.2500 0.1582 0.0283 0.1582 0.0283 0.2500 0.2500 0.1167 0.0504 0.1167 0.0504 0.2500 0.2500 0.0803 0.0803 0.0803 0.0803 0.2500 0.2500 0.0504 0.1167 0.0504 0.1167 0.2500 0.2500 0.0283 0.1582 0.0283 0.1582 0.2500 0.2500 0.0146 0.2032 0.0146 0.2032 0.2500 0.2500 0.0100 0.2500 0.0100 0.2500 0.2500 0.2500 0.0146 0.2968 0.0146 0.2968 0.2500 0.2500 0.0283 0.3418 0.0283 0.3418 0.2500 0.2500 0.0504 0.3833 0.0504 0.3833 0.2500 0.2500 0.0803 0.4197 0.0803 0.4197 0.2500 0.2500 0.1167 0.4496 0.1167 0.4496 0.2500 0.2500 0.1582 0.4717 0.7500 0.4900 0.7968 0.4854 0.8418 0.4717 0.8833 0.4496 0.9197 0.4197 0.9496 0.3833 0.9717 0.3418 0.9854 0.2968 0.9900 0.2500 0.9854 0.2032 0.9717 0.1582 0.9496 0.1167 0.9197 0.0803 0.8833 0.0504 0.8418 0.0283 0.7968 0.0146 0.7500 0.0100 0.7032 0.0146 0.6582 0.0283 0.6167 0.0504 0.5803 0.0803 0.5504 0.1167 0.5283 0.1582 0.5146 0.2032 0.5100 0.2500 0.5146 0.2968 0.5283 0.3418 0.5504 0.3833 0.5803 0.4197 0.6167 0.4496 0.6582 0.4717 0.7032 0.4854 0.1582 0.4717 0.2500 0.2500 0.2032 0.4854 0.2032 0.4854 0.2500 0.2500 0.2500 0.4900 " />
						</IndexedFaceSet>
					</Shape>
				</Group>
			</Transform>
		</Transform>
		<Transform DEF="Shape_IndexedFaceSet_061_TRANSFORM"
		           translation="-38.076984 -0.450438 -324.453949"
		           scale="22.103540 22.103540 24.335091"
		           rotation="-0.535484 -0.597184 -0.597184 2.158332"
		           >
			<Transform DEF="Shape_IndexedFaceSet_061_ifs_TRANSFORM"
			           translation="0.000001 -0.000000 -0.000000"
			           scale="1.000000 1.000000 1.000000"
			           rotation="0.000000 0.000000 0.000000 0.000000"
			           >
				<Group DEF="group_ME_Shape_IndexedFaceSet_079">
					<Shape>
						<Appearance>
							<Material USE="MA_MA_MA_MA_Material_001_004" />
						</Appearance>
						<IndexedFaceSet solid="false"
						                texCoordIndex="0 1 2 -1 3 4 5 -1 6 7 8 -1 9 10 11 -1 12 13 14 -1 15 16 17 -1 18 19 20 -1 21 22 23 -1 24 25 26 -1 27 28 29 -1 30 31 32 -1 33 34 35 -1 36 37 38 -1 39 40 41 -1 42 43 44 -1 45 46 47 -1 48 49 50 -1 51 52 53 -1 54 55 56 -1 57 58 59 -1 60 61 62 -1 63 64 65 -1 66 67 68 -1 69 70 71 -1 72 73 74 -1 75 76 77 -1 78 79 80 -1 81 82 83 -1 84 85 86 -1 87 88 89 -1 90 91 92 93 94 95 96 97 98 99 100 101 102 103 104 105 106 107 108 109 110 111 112 113 114 115 116 117 118 119 120 121 -1 122 123 124 -1 125 126 127 -1 "
						                coordIndex="0 32 1 -1 1 32 2 -1 2 32 3 -1 3 32 4 -1 4 32 5 -1 5 32 6 -1 6 32 7 -1 7 32 8 -1 8 32 9 -1 9 32 10 -1 10 32 11 -1 11 32 12 -1 12 32 13 -1 13 32 14 -1 14 32 15 -1 15 32 16 -1 16 32 17 -1 17 32 18 -1 18 32 19 -1 19 32 20 -1 20 32 21 -1 21 32 22 -1 22 32 23 -1 23 32 24 -1 24 32 25 -1 25 32 26 -1 26 32 27 -1 27 32 28 -1 28 32 29 -1 29 32 30 -1 0 1 2 3 4 5 6 7 8 9 10 11 12 13 14 15 16 17 18 19 20 21 22 23 24 25 26 27 28 29 30 31 -1 30 32 31 -1 31 32 0 -1 "
						                >
							<Coordinate DEF="coords_ME_Shape_IndexedFaceSet_079"
							            point="0.000000 1.000000 -1.000000 0.195090 0.980785 -1.000000 0.382683 0.923880 -1.000000 0.555570 0.831470 -1.000000 0.707107 0.707107 -1.000000 0.831470 0.555570 -1.000000 0.923880 0.382683 -1.000000 0.980785 0.195090 -1.000000 1.000000 0.000000 -1.000000 0.980785 -0.195090 -1.000000 0.923880 -0.382683 -1.000000 0.831470 -0.555570 -1.000000 0.707107 -0.707107 -1.000000 0.555570 -0.831470 -1.000000 0.382683 -0.923880 -1.000000 0.195090 -0.980785 -1.000000 0.000000 -1.000000 -1.000000 -0.195090 -0.980785 -1.000000 -0.382683 -0.923880 -1.000000 -0.555570 -0.831470 -1.000000 -0.707107 -0.707107 -1.000000 -0.831470 -0.555570 -1.000000 -0.923880 -0.382683 -1.000000 -0.980785 -0.195090 -1.000000 -1.000000 0.000000 -1.000000 -0.980785 0.195090 -1.000000 -0.923880 0.382683 -1.000000 -0.831470 0.555570 -1.000000 -0.707107 0.707107 -1.000000 -0.555570 0.831470 -1.000000 -0.382683 0.923880 -1.000000 -0.195090 0.980785 -1.000000 0.000000 0.000000 1.000000 "
							            />
							<TextureCoordinate point="0.2500 0.4900 0.2500 0.2500 0.2968 0.4854 0.2968 0.4854 0.2500 0.2500 0.3418 0.4717 0.3418 0.4717 0.2500 0.2500 0.3833 0.4496 0.3833 0.4496 0.2500 0.2500 0.4197 0.4197 0.4197 0.4197 0.2500 0.2500 0.4496 0.3833 0.4496 0.3833 0.2500 0.2500 0.4717 0.3418 0.4717 0.3418 0.2500 0.2500 0.4854 0.2968 0.4854 0.2968 0.2500 0.2500 0.4900 0.2500 0.4900 0.2500 0.2500 0.2500 0.4854 0.2032 0.4854 0.2032 0.2500 0.2500 0.4717 0.1582 0.4717 0.1582 0.2500 0.2500 0.4496 0.1167 0.4496 0.1167 0.2500 0.2500 0.4197 0.0803 0.4197 0.0803 0.2500 0.2500 0.3833 0.0504 0.3833 0.0504 0.2500 0.2500 0.3418 0.0283 0.3418 0.0283 0.2500 0.2500 0.2968 0.0146 0.2968 0.0146 0.2500 0.2500 0.2500 0.0100 0.2500 0.0100 0.2500 0.2500 0.2032 0.0146 0.2032 0.0146 0.2500 0.2500 0.1582 0.0283 0.1582 0.0283 0.2500 0.2500 0.1167 0.0504 0.1167 0.0504 0.2500 0.2500 0.0803 0.0803 0.0803 0.0803 0.2500 0.2500 0.0504 0.1167 0.0504 0.1167 0.2500 0.2500 0.0283 0.1582 0.0283 0.1582 0.2500 0.2500 0.0146 0.2032 0.0146 0.2032 0.2500 0.2500 0.0100 0.2500 0.0100 0.2500 0.2500 0.2500 0.0146 0.2968 0.0146 0.2968 0.2500 0.2500 0.0283 0.3418 0.0283 0.3418 0.2500 0.2500 0.0504 0.3833 0.0504 0.3833 0.2500 0.2500 0.0803 0.4197 0.0803 0.4197 0.2500 0.2500 0.1167 0.4496 0.1167 0.4496 0.2500 0.2500 0.1582 0.4717 0.7500 0.4900 0.7968 0.4854 0.8418 0.4717 0.8833 0.4496 0.9197 0.4197 0.9496 0.3833 0.9717 0.3418 0.9854 0.2968 0.9900 0.2500 0.9854 0.2032 0.9717 0.1582 0.9496 0.1167 0.9197 0.0803 0.8833 0.0504 0.8418 0.0283 0.7968 0.0146 0.7500 0.0100 0.7032 0.0146 0.6582 0.0283 0.6167 0.0504 0.5803 0.0803 0.5504 0.1167 0.5283 0.1582 0.5146 0.2032 0.5100 0.2500 0.5146 0.2968 0.5283 0.3418 0.5504 0.3833 0.5803 0.4197 0.6167 0.4496 0.6582 0.4717 0.7032 0.4854 0.1582 0.4717 0.2500 0.2500 0.2032 0.4854 0.2032 0.4854 0.2500 0.2500 0.2500 0.4900 " />
						</IndexedFaceSet>
					</Shape>
				</Group>
			</Transform>
		</Transform>
		<Transform DEF="Shape_IndexedFaceSet_062_TRANSFORM"
		           translation="-65.076683 -7.412704 -341.996521"
		           scale="16.459660 16.459660 18.121408"
		           rotation="-0.535484 -0.597184 -0.597184 2.158332"
		           >
			<Transform DEF="Shape_IndexedFaceSet_062_ifs_TRANSFORM"
			           translation="-0.000003 -0.000000 -0.000000"
			           scale="1.000000 1.000000 1.000000"
			           rotation="-0.000000 -0.000000 -0.000000 0.000000"
			           >
				<Group DEF="group_ME_Shape_IndexedFaceSet_080">
					<Shape>
						<Appearance>
							<Material USE="MA_MA_MA_MA_Material_001_004" />
						</Appearance>
						<IndexedFaceSet solid="false"
						                texCoordIndex="0 1 2 -1 3 4 5 -1 6 7 8 -1 9 10 11 -1 12 13 14 -1 15 16 17 -1 18 19 20 -1 21 22 23 -1 24 25 26 -1 27 28 29 -1 30 31 32 -1 33 34 35 -1 36 37 38 -1 39 40 41 -1 42 43 44 -1 45 46 47 -1 48 49 50 -1 51 52 53 -1 54 55 56 -1 57 58 59 -1 60 61 62 -1 63 64 65 -1 66 67 68 -1 69 70 71 -1 72 73 74 -1 75 76 77 -1 78 79 80 -1 81 82 83 -1 84 85 86 -1 87 88 89 -1 90 91 92 93 94 95 96 97 98 99 100 101 102 103 104 105 106 107 108 109 110 111 112 113 114 115 116 117 118 119 120 121 -1 122 123 124 -1 125 126 127 -1 "
						                coordIndex="0 32 1 -1 1 32 2 -1 2 32 3 -1 3 32 4 -1 4 32 5 -1 5 32 6 -1 6 32 7 -1 7 32 8 -1 8 32 9 -1 9 32 10 -1 10 32 11 -1 11 32 12 -1 12 32 13 -1 13 32 14 -1 14 32 15 -1 15 32 16 -1 16 32 17 -1 17 32 18 -1 18 32 19 -1 19 32 20 -1 20 32 21 -1 21 32 22 -1 22 32 23 -1 23 32 24 -1 24 32 25 -1 25 32 26 -1 26 32 27 -1 27 32 28 -1 28 32 29 -1 29 32 30 -1 0 1 2 3 4 5 6 7 8 9 10 11 12 13 14 15 16 17 18 19 20 21 22 23 24 25 26 27 28 29 30 31 -1 30 32 31 -1 31 32 0 -1 "
						                >
							<Coordinate DEF="coords_ME_Shape_IndexedFaceSet_080"
							            point="0.000000 1.000000 -1.000000 0.195090 0.980785 -1.000000 0.382683 0.923880 -1.000000 0.555570 0.831470 -1.000000 0.707107 0.707107 -1.000000 0.831470 0.555570 -1.000000 0.923880 0.382683 -1.000000 0.980785 0.195090 -1.000000 1.000000 0.000000 -1.000000 0.980785 -0.195090 -1.000000 0.923880 -0.382683 -1.000000 0.831470 -0.555570 -1.000000 0.707107 -0.707107 -1.000000 0.555570 -0.831470 -1.000000 0.382683 -0.923880 -1.000000 0.195090 -0.980785 -1.000000 0.000000 -1.000000 -1.000000 -0.195090 -0.980785 -1.000000 -0.382683 -0.923880 -1.000000 -0.555570 -0.831470 -1.000000 -0.707107 -0.707107 -1.000000 -0.831470 -0.555570 -1.000000 -0.923880 -0.382683 -1.000000 -0.980785 -0.195090 -1.000000 -1.000000 0.000000 -1.000000 -0.980785 0.195090 -1.000000 -0.923880 0.382683 -1.000000 -0.831470 0.555570 -1.000000 -0.707107 0.707107 -1.000000 -0.555570 0.831470 -1.000000 -0.382683 0.923880 -1.000000 -0.195090 0.980785 -1.000000 0.000000 0.000000 1.000000 "
							            />
							<TextureCoordinate point="0.2500 0.4900 0.2500 0.2500 0.2968 0.4854 0.2968 0.4854 0.2500 0.2500 0.3418 0.4717 0.3418 0.4717 0.2500 0.2500 0.3833 0.4496 0.3833 0.4496 0.2500 0.2500 0.4197 0.4197 0.4197 0.4197 0.2500 0.2500 0.4496 0.3833 0.4496 0.3833 0.2500 0.2500 0.4717 0.3418 0.4717 0.3418 0.2500 0.2500 0.4854 0.2968 0.4854 0.2968 0.2500 0.2500 0.4900 0.2500 0.4900 0.2500 0.2500 0.2500 0.4854 0.2032 0.4854 0.2032 0.2500 0.2500 0.4717 0.1582 0.4717 0.1582 0.2500 0.2500 0.4496 0.1167 0.4496 0.1167 0.2500 0.2500 0.4197 0.0803 0.4197 0.0803 0.2500 0.2500 0.3833 0.0504 0.3833 0.0504 0.2500 0.2500 0.3418 0.0283 0.3418 0.0283 0.2500 0.2500 0.2968 0.0146 0.2968 0.0146 0.2500 0.2500 0.2500 0.0100 0.2500 0.0100 0.2500 0.2500 0.2032 0.0146 0.2032 0.0146 0.2500 0.2500 0.1582 0.0283 0.1582 0.0283 0.2500 0.2500 0.1167 0.0504 0.1167 0.0504 0.2500 0.2500 0.0803 0.0803 0.0803 0.0803 0.2500 0.2500 0.0504 0.1167 0.0504 0.1167 0.2500 0.2500 0.0283 0.1582 0.0283 0.1582 0.2500 0.2500 0.0146 0.2032 0.0146 0.2032 0.2500 0.2500 0.0100 0.2500 0.0100 0.2500 0.2500 0.2500 0.0146 0.2968 0.0146 0.2968 0.2500 0.2500 0.0283 0.3418 0.0283 0.3418 0.2500 0.2500 0.0504 0.3833 0.0504 0.3833 0.2500 0.2500 0.0803 0.4197 0.0803 0.4197 0.2500 0.2500 0.1167 0.4496 0.1167 0.4496 0.2500 0.2500 0.1582 0.4717 0.7500 0.4900 0.7968 0.4854 0.8418 0.4717 0.8833 0.4496 0.9197 0.4197 0.9496 0.3833 0.9717 0.3418 0.9854 0.2968 0.9900 0.2500 0.9854 0.2032 0.9717 0.1582 0.9496 0.1167 0.9197 0.0803 0.8833 0.0504 0.8418 0.0283 0.7968 0.0146 0.7500 0.0100 0.7032 0.0146 0.6582 0.0283 0.6167 0.0504 0.5803 0.0803 0.5504 0.1167 0.5283 0.1582 0.5146 0.2032 0.5100 0.2500 0.5146 0.2968 0.5283 0.3418 0.5504 0.3833 0.5803 0.4197 0.6167 0.4496 0.6582 0.4717 0.7032 0.4854 0.1582 0.4717 0.2500 0.2500 0.2032 0.4854 0.2032 0.4854 0.2500 0.2500 0.2500 0.4900 " />
						</IndexedFaceSet>
					</Shape>
				</Group>
			</Transform>
		</Transform>
		<Transform DEF="Shape_IndexedFaceSet_063_TRANSFORM"
		           translation="113.617531 -4.388312 -334.790588"
		           scale="22.103540 22.103540 24.335091"
		           rotation="-0.535484 -0.597184 -0.597184 2.158332"
		           >
			<Transform DEF="Shape_IndexedFaceSet_063_ifs_TRANSFORM"
			           translation="0.000000 -0.000000 -0.000000"
			           scale="1.000000 1.000000 1.000000"
			           rotation="0.000000 0.000000 0.000000 0.000000"
			           >
				<Group DEF="group_ME_Shape_IndexedFaceSet_081">
					<Shape>
						<Appearance>
							<Material USE="MA_MA_MA_MA_Material_001_004" />
						</Appearance>
						<IndexedFaceSet solid="false"
						                texCoordIndex="0 1 2 -1 3 4 5 -1 6 7 8 -1 9 10 11 -1 12 13 14 -1 15 16 17 -1 18 19 20 -1 21 22 23 -1 24 25 26 -1 27 28 29 -1 30 31 32 -1 33 34 35 -1 36 37 38 -1 39 40 41 -1 42 43 44 -1 45 46 47 -1 48 49 50 -1 51 52 53 -1 54 55 56 -1 57 58 59 -1 60 61 62 -1 63 64 65 -1 66 67 68 -1 69 70 71 -1 72 73 74 -1 75 76 77 -1 78 79 80 -1 81 82 83 -1 84 85 86 -1 87 88 89 -1 90 91 92 93 94 95 96 97 98 99 100 101 102 103 104 105 106 107 108 109 110 111 112 113 114 115 116 117 118 119 120 121 -1 122 123 124 -1 125 126 127 -1 "
						                coordIndex="0 32 1 -1 1 32 2 -1 2 32 3 -1 3 32 4 -1 4 32 5 -1 5 32 6 -1 6 32 7 -1 7 32 8 -1 8 32 9 -1 9 32 10 -1 10 32 11 -1 11 32 12 -1 12 32 13 -1 13 32 14 -1 14 32 15 -1 15 32 16 -1 16 32 17 -1 17 32 18 -1 18 32 19 -1 19 32 20 -1 20 32 21 -1 21 32 22 -1 22 32 23 -1 23 32 24 -1 24 32 25 -1 25 32 26 -1 26 32 27 -1 27 32 28 -1 28 32 29 -1 29 32 30 -1 0 1 2 3 4 5 6 7 8 9 10 11 12 13 14 15 16 17 18 19 20 21 22 23 24 25 26 27 28 29 30 31 -1 30 32 31 -1 31 32 0 -1 "
						                >
							<Coordinate DEF="coords_ME_Shape_IndexedFaceSet_081"
							            point="0.000000 1.000000 -1.000000 0.195090 0.980785 -1.000000 0.382683 0.923880 -1.000000 0.555570 0.831470 -1.000000 0.707107 0.707107 -1.000000 0.831470 0.555570 -1.000000 0.923880 0.382683 -1.000000 0.980785 0.195090 -1.000000 1.000000 0.000000 -1.000000 0.980785 -0.195090 -1.000000 0.923880 -0.382683 -1.000000 0.831470 -0.555570 -1.000000 0.707107 -0.707107 -1.000000 0.555570 -0.831470 -1.000000 0.382683 -0.923880 -1.000000 0.195090 -0.980785 -1.000000 0.000000 -1.000000 -1.000000 -0.195090 -0.980785 -1.000000 -0.382683 -0.923880 -1.000000 -0.555570 -0.831470 -1.000000 -0.707107 -0.707107 -1.000000 -0.831470 -0.555570 -1.000000 -0.923880 -0.382683 -1.000000 -0.980785 -0.195090 -1.000000 -1.000000 0.000000 -1.000000 -0.980785 0.195090 -1.000000 -0.923880 0.382683 -1.000000 -0.831470 0.555570 -1.000000 -0.707107 0.707107 -1.000000 -0.555570 0.831470 -1.000000 -0.382683 0.923880 -1.000000 -0.195090 0.980785 -1.000000 0.000000 0.000000 1.000000 "
							            />
							<TextureCoordinate point="0.2500 0.4900 0.2500 0.2500 0.2968 0.4854 0.2968 0.4854 0.2500 0.2500 0.3418 0.4717 0.3418 0.4717 0.2500 0.2500 0.3833 0.4496 0.3833 0.4496 0.2500 0.2500 0.4197 0.4197 0.4197 0.4197 0.2500 0.2500 0.4496 0.3833 0.4496 0.3833 0.2500 0.2500 0.4717 0.3418 0.4717 0.3418 0.2500 0.2500 0.4854 0.2968 0.4854 0.2968 0.2500 0.2500 0.4900 0.2500 0.4900 0.2500 0.2500 0.2500 0.4854 0.2032 0.4854 0.2032 0.2500 0.2500 0.4717 0.1582 0.4717 0.1582 0.2500 0.2500 0.4496 0.1167 0.4496 0.1167 0.2500 0.2500 0.4197 0.0803 0.4197 0.0803 0.2500 0.2500 0.3833 0.0504 0.3833 0.0504 0.2500 0.2500 0.3418 0.0283 0.3418 0.0283 0.2500 0.2500 0.2968 0.0146 0.2968 0.0146 0.2500 0.2500 0.2500 0.0100 0.2500 0.0100 0.2500 0.2500 0.2032 0.0146 0.2032 0.0146 0.2500 0.2500 0.1582 0.0283 0.1582 0.0283 0.2500 0.2500 0.1167 0.0504 0.1167 0.0504 0.2500 0.2500 0.0803 0.0803 0.0803 0.0803 0.2500 0.2500 0.0504 0.1167 0.0504 0.1167 0.2500 0.2500 0.0283 0.1582 0.0283 0.1582 0.2500 0.2500 0.0146 0.2032 0.0146 0.2032 0.2500 0.2500 0.0100 0.2500 0.0100 0.2500 0.2500 0.2500 0.0146 0.2968 0.0146 0.2968 0.2500 0.2500 0.0283 0.3418 0.0283 0.3418 0.2500 0.2500 0.0504 0.3833 0.0504 0.3833 0.2500 0.2500 0.0803 0.4197 0.0803 0.4197 0.2500 0.2500 0.1167 0.4496 0.1167 0.4496 0.2500 0.2500 0.1582 0.4717 0.7500 0.4900 0.7968 0.4854 0.8418 0.4717 0.8833 0.4496 0.9197 0.4197 0.9496 0.3833 0.9717 0.3418 0.9854 0.2968 0.9900 0.2500 0.9854 0.2032 0.9717 0.1582 0.9496 0.1167 0.9197 0.0803 0.8833 0.0504 0.8418 0.0283 0.7968 0.0146 0.7500 0.0100 0.7032 0.0146 0.6582 0.0283 0.6167 0.0504 0.5803 0.0803 0.5504 0.1167 0.5283 0.1582 0.5146 0.2032 0.5100 0.2500 0.5146 0.2968 0.5283 0.3418 0.5504 0.3833 0.5803 0.4197 0.6167 0.4496 0.6582 0.4717 0.7032 0.4854 0.1582 0.4717 0.2500 0.2500 0.2032 0.4854 0.2032 0.4854 0.2500 0.2500 0.2500 0.4900 " />
						</IndexedFaceSet>
					</Shape>
				</Group>
			</Transform>
		</Transform>
		<Transform DEF="Shape_IndexedFaceSet_064_TRANSFORM"
		           translation="4.620293 -1.636246 -334.748444"
		           scale="15.481829 16.740759 24.335091"
		           rotation="-0.535484 -0.597184 -0.597184 2.158332"
		           >
			<Transform DEF="Shape_IndexedFaceSet_064_ifs_TRANSFORM"
			           translation="-0.000001 -0.000000 0.000000"
			           scale="1.000000 1.000000 1.000000"
			           rotation="-0.000000 0.000000 0.000000 0.000000"
			           >
				<Group DEF="group_ME_Shape_IndexedFaceSet_082">
					<Shape>
						<Appearance>
							<Material USE="MA_MA_MA_MA_Material_001_004" />
						</Appearance>
						<IndexedFaceSet solid="false"
						                texCoordIndex="0 1 2 -1 3 4 5 -1 6 7 8 -1 9 10 11 -1 12 13 14 -1 15 16 17 -1 18 19 20 -1 21 22 23 -1 24 25 26 -1 27 28 29 -1 30 31 32 -1 33 34 35 -1 36 37 38 -1 39 40 41 -1 42 43 44 -1 45 46 47 -1 48 49 50 -1 51 52 53 -1 54 55 56 -1 57 58 59 -1 60 61 62 -1 63 64 65 -1 66 67 68 -1 69 70 71 -1 72 73 74 -1 75 76 77 -1 78 79 80 -1 81 82 83 -1 84 85 86 -1 87 88 89 -1 90 91 92 93 94 95 96 97 98 99 100 101 102 103 104 105 106 107 108 109 110 111 112 113 114 115 116 117 118 119 120 121 -1 122 123 124 -1 125 126 127 -1 "
						                coordIndex="0 32 1 -1 1 32 2 -1 2 32 3 -1 3 32 4 -1 4 32 5 -1 5 32 6 -1 6 32 7 -1 7 32 8 -1 8 32 9 -1 9 32 10 -1 10 32 11 -1 11 32 12 -1 12 32 13 -1 13 32 14 -1 14 32 15 -1 15 32 16 -1 16 32 17 -1 17 32 18 -1 18 32 19 -1 19 32 20 -1 20 32 21 -1 21 32 22 -1 22 32 23 -1 23 32 24 -1 24 32 25 -1 25 32 26 -1 26 32 27 -1 27 32 28 -1 28 32 29 -1 29 32 30 -1 0 1 2 3 4 5 6 7 8 9 10 11 12 13 14 15 16 17 18 19 20 21 22 23 24 25 26 27 28 29 30 31 -1 30 32 31 -1 31 32 0 -1 "
						                >
							<Coordinate DEF="coords_ME_Shape_IndexedFaceSet_082"
							            point="0.000000 1.000000 -1.000000 0.195090 0.980785 -1.000000 0.382683 0.923880 -1.000000 0.555570 0.831470 -1.000000 0.707107 0.707107 -1.000000 0.831470 0.555570 -1.000000 0.923880 0.382683 -1.000000 0.980785 0.195090 -1.000000 1.000000 0.000000 -1.000000 0.980785 -0.195090 -1.000000 0.923880 -0.382683 -1.000000 0.831470 -0.555570 -1.000000 0.707107 -0.707107 -1.000000 0.555570 -0.831470 -1.000000 0.382683 -0.923880 -1.000000 0.195090 -0.980785 -1.000000 0.000000 -1.000000 -1.000000 -0.195090 -0.980785 -1.000000 -0.382683 -0.923880 -1.000000 -0.555570 -0.831470 -1.000000 -0.707107 -0.707107 -1.000000 -0.831470 -0.555570 -1.000000 -0.923880 -0.382683 -1.000000 -0.980785 -0.195090 -1.000000 -1.000000 0.000000 -1.000000 -0.980785 0.195090 -1.000000 -0.923880 0.382683 -1.000000 -0.831470 0.555570 -1.000000 -0.707107 0.707107 -1.000000 -0.555570 0.831470 -1.000000 -0.382683 0.923880 -1.000000 -0.195090 0.980785 -1.000000 0.000000 0.000000 1.000000 "
							            />
							<TextureCoordinate point="0.2500 0.4900 0.2500 0.2500 0.2968 0.4854 0.2968 0.4854 0.2500 0.2500 0.3418 0.4717 0.3418 0.4717 0.2500 0.2500 0.3833 0.4496 0.3833 0.4496 0.2500 0.2500 0.4197 0.4197 0.4197 0.4197 0.2500 0.2500 0.4496 0.3833 0.4496 0.3833 0.2500 0.2500 0.4717 0.3418 0.4717 0.3418 0.2500 0.2500 0.4854 0.2968 0.4854 0.2968 0.2500 0.2500 0.4900 0.2500 0.4900 0.2500 0.2500 0.2500 0.4854 0.2032 0.4854 0.2032 0.2500 0.2500 0.4717 0.1582 0.4717 0.1582 0.2500 0.2500 0.4496 0.1167 0.4496 0.1167 0.2500 0.2500 0.4197 0.0803 0.4197 0.0803 0.2500 0.2500 0.3833 0.0504 0.3833 0.0504 0.2500 0.2500 0.3418 0.0283 0.3418 0.0283 0.2500 0.2500 0.2968 0.0146 0.2968 0.0146 0.2500 0.2500 0.2500 0.0100 0.2500 0.0100 0.2500 0.2500 0.2032 0.0146 0.2032 0.0146 0.2500 0.2500 0.1582 0.0283 0.1582 0.0283 0.2500 0.2500 0.1167 0.0504 0.1167 0.0504 0.2500 0.2500 0.0803 0.0803 0.0803 0.0803 0.2500 0.2500 0.0504 0.1167 0.0504 0.1167 0.2500 0.2500 0.0283 0.1582 0.0283 0.1582 0.2500 0.2500 0.0146 0.2032 0.0146 0.2032 0.2500 0.2500 0.0100 0.2500 0.0100 0.2500 0.2500 0.2500 0.0146 0.2968 0.0146 0.2968 0.2500 0.2500 0.0283 0.3418 0.0283 0.3418 0.2500 0.2500 0.0504 0.3833 0.0504 0.3833 0.2500 0.2500 0.0803 0.4197 0.0803 0.4197 0.2500 0.2500 0.1167 0.4496 0.1167 0.4496 0.2500 0.2500 0.1582 0.4717 0.7500 0.4900 0.7968 0.4854 0.8418 0.4717 0.8833 0.4496 0.9197 0.4197 0.9496 0.3833 0.9717 0.3418 0.9854 0.2968 0.9900 0.2500 0.9854 0.2032 0.9717 0.1582 0.9496 0.1167 0.9197 0.0803 0.8833 0.0504 0.8418 0.0283 0.7968 0.0146 0.7500 0.0100 0.7032 0.0146 0.6582 0.0283 0.6167 0.0504 0.5803 0.0803 0.5504 0.1167 0.5283 0.1582 0.5146 0.2032 0.5100 0.2500 0.5146 0.2968 0.5283 0.3418 0.5504 0.3833 0.5803 0.4197 0.6167 0.4496 0.6582 0.4717 0.7032 0.4854 0.1582 0.4717 0.2500 0.2500 0.2032 0.4854 0.2032 0.4854 0.2500 0.2500 0.2500 0.4900 " />
						</IndexedFaceSet>
					</Shape>
				</Group>
			</Transform>
		</Transform>
		<Transform DEF="Shape_IndexedFaceSet_065_TRANSFORM"
		           translation="32.663044 -5.289227 -316.682983"
		           scale="18.476292 18.476292 20.341640"
		           rotation="-0.535484 -0.597184 -0.597184 2.158332"
		           >
			<Transform DEF="Shape_IndexedFaceSet_065_ifs_TRANSFORM"
			           translation="0.000000 0.000000 -0.000000"
			           scale="1.000000 1.000000 1.000000"
			           rotation="-0.000000 0.000000 -0.000000 0.000000"
			           >
				<Group DEF="group_ME_Shape_IndexedFaceSet_083">
					<Shape>
						<Appearance>
							<Material USE="MA_MA_MA_MA_Material_001_004" />
						</Appearance>
						<IndexedFaceSet solid="false"
						                texCoordIndex="0 1 2 -1 3 4 5 -1 6 7 8 -1 9 10 11 -1 12 13 14 -1 15 16 17 -1 18 19 20 -1 21 22 23 -1 24 25 26 -1 27 28 29 -1 30 31 32 -1 33 34 35 -1 36 37 38 -1 39 40 41 -1 42 43 44 -1 45 46 47 -1 48 49 50 -1 51 52 53 -1 54 55 56 -1 57 58 59 -1 60 61 62 -1 63 64 65 -1 66 67 68 -1 69 70 71 -1 72 73 74 -1 75 76 77 -1 78 79 80 -1 81 82 83 -1 84 85 86 -1 87 88 89 -1 90 91 92 93 94 95 96 97 98 99 100 101 102 103 104 105 106 107 108 109 110 111 112 113 114 115 116 117 118 119 120 121 -1 122 123 124 -1 125 126 127 -1 "
						                coordIndex="0 32 1 -1 1 32 2 -1 2 32 3 -1 3 32 4 -1 4 32 5 -1 5 32 6 -1 6 32 7 -1 7 32 8 -1 8 32 9 -1 9 32 10 -1 10 32 11 -1 11 32 12 -1 12 32 13 -1 13 32 14 -1 14 32 15 -1 15 32 16 -1 16 32 17 -1 17 32 18 -1 18 32 19 -1 19 32 20 -1 20 32 21 -1 21 32 22 -1 22 32 23 -1 23 32 24 -1 24 32 25 -1 25 32 26 -1 26 32 27 -1 27 32 28 -1 28 32 29 -1 29 32 30 -1 0 1 2 3 4 5 6 7 8 9 10 11 12 13 14 15 16 17 18 19 20 21 22 23 24 25 26 27 28 29 30 31 -1 30 32 31 -1 31 32 0 -1 "
						                >
							<Coordinate DEF="coords_ME_Shape_IndexedFaceSet_083"
							            point="0.000000 1.000000 -1.000000 0.195090 0.980785 -1.000000 0.382683 0.923880 -1.000000 0.555570 0.831470 -1.000000 0.707107 0.707107 -1.000000 0.831470 0.555570 -1.000000 0.923880 0.382683 -1.000000 0.980785 0.195090 -1.000000 1.000000 0.000000 -1.000000 0.980785 -0.195090 -1.000000 0.923880 -0.382683 -1.000000 0.831470 -0.555570 -1.000000 0.707107 -0.707107 -1.000000 0.555570 -0.831470 -1.000000 0.382683 -0.923880 -1.000000 0.195090 -0.980785 -1.000000 0.000000 -1.000000 -1.000000 -0.195090 -0.980785 -1.000000 -0.382683 -0.923880 -1.000000 -0.555570 -0.831470 -1.000000 -0.707107 -0.707107 -1.000000 -0.831470 -0.555570 -1.000000 -0.923880 -0.382683 -1.000000 -0.980785 -0.195090 -1.000000 -1.000000 0.000000 -1.000000 -0.980785 0.195090 -1.000000 -0.923880 0.382683 -1.000000 -0.831470 0.555570 -1.000000 -0.707107 0.707107 -1.000000 -0.555570 0.831470 -1.000000 -0.382683 0.923880 -1.000000 -0.195090 0.980785 -1.000000 0.000000 0.000000 1.000000 "
							            />
							<TextureCoordinate point="0.2500 0.4900 0.2500 0.2500 0.2968 0.4854 0.2968 0.4854 0.2500 0.2500 0.3418 0.4717 0.3418 0.4717 0.2500 0.2500 0.3833 0.4496 0.3833 0.4496 0.2500 0.2500 0.4197 0.4197 0.4197 0.4197 0.2500 0.2500 0.4496 0.3833 0.4496 0.3833 0.2500 0.2500 0.4717 0.3418 0.4717 0.3418 0.2500 0.2500 0.4854 0.2968 0.4854 0.2968 0.2500 0.2500 0.4900 0.2500 0.4900 0.2500 0.2500 0.2500 0.4854 0.2032 0.4854 0.2032 0.2500 0.2500 0.4717 0.1582 0.4717 0.1582 0.2500 0.2500 0.4496 0.1167 0.4496 0.1167 0.2500 0.2500 0.4197 0.0803 0.4197 0.0803 0.2500 0.2500 0.3833 0.0504 0.3833 0.0504 0.2500 0.2500 0.3418 0.0283 0.3418 0.0283 0.2500 0.2500 0.2968 0.0146 0.2968 0.0146 0.2500 0.2500 0.2500 0.0100 0.2500 0.0100 0.2500 0.2500 0.2032 0.0146 0.2032 0.0146 0.2500 0.2500 0.1582 0.0283 0.1582 0.0283 0.2500 0.2500 0.1167 0.0504 0.1167 0.0504 0.2500 0.2500 0.0803 0.0803 0.0803 0.0803 0.2500 0.2500 0.0504 0.1167 0.0504 0.1167 0.2500 0.2500 0.0283 0.1582 0.0283 0.1582 0.2500 0.2500 0.0146 0.2032 0.0146 0.2032 0.2500 0.2500 0.0100 0.2500 0.0100 0.2500 0.2500 0.2500 0.0146 0.2968 0.0146 0.2968 0.2500 0.2500 0.0283 0.3418 0.0283 0.3418 0.2500 0.2500 0.0504 0.3833 0.0504 0.3833 0.2500 0.2500 0.0803 0.4197 0.0803 0.4197 0.2500 0.2500 0.1167 0.4496 0.1167 0.4496 0.2500 0.2500 0.1582 0.4717 0.7500 0.4900 0.7968 0.4854 0.8418 0.4717 0.8833 0.4496 0.9197 0.4197 0.9496 0.3833 0.9717 0.3418 0.9854 0.2968 0.9900 0.2500 0.9854 0.2032 0.9717 0.1582 0.9496 0.1167 0.9197 0.0803 0.8833 0.0504 0.8418 0.0283 0.7968 0.0146 0.7500 0.0100 0.7032 0.0146 0.6582 0.0283 0.6167 0.0504 0.5803 0.0803 0.5504 0.1167 0.5283 0.1582 0.5146 0.2032 0.5100 0.2500 0.5146 0.2968 0.5283 0.3418 0.5504 0.3833 0.5803 0.4197 0.6167 0.4496 0.6582 0.4717 0.7032 0.4854 0.1582 0.4717 0.2500 0.2500 0.2032 0.4854 0.2032 0.4854 0.2500 0.2500 0.2500 0.4900 " />
						</IndexedFaceSet>
					</Shape>
				</Group>
			</Transform>
		</Transform>
		<Transform DEF="Shape_IndexedFaceSet_066_TRANSFORM"
		           translation="77.472649 3.074450 -329.829163"
		           scale="22.103540 19.471035 30.556246"
		           rotation="-0.535484 -0.597184 -0.597184 2.158332"
		           >
			<Transform DEF="Shape_IndexedFaceSet_066_ifs_TRANSFORM"
			           translation="0.000002 0.000000 0.000000"
			           scale="1.000000 1.000000 1.000000"
			           rotation="-0.000000 0.000000 0.000000 0.000000"
			           >
				<Group DEF="group_ME_Shape_IndexedFaceSet_084">
					<Shape>
						<Appearance>
							<Material USE="MA_MA_MA_MA_Material_001_004" />
						</Appearance>
						<IndexedFaceSet solid="false"
						                texCoordIndex="0 1 2 -1 3 4 5 -1 6 7 8 -1 9 10 11 -1 12 13 14 -1 15 16 17 -1 18 19 20 -1 21 22 23 -1 24 25 26 -1 27 28 29 -1 30 31 32 -1 33 34 35 -1 36 37 38 -1 39 40 41 -1 42 43 44 -1 45 46 47 -1 48 49 50 -1 51 52 53 -1 54 55 56 -1 57 58 59 -1 60 61 62 -1 63 64 65 -1 66 67 68 -1 69 70 71 -1 72 73 74 -1 75 76 77 -1 78 79 80 -1 81 82 83 -1 84 85 86 -1 87 88 89 -1 90 91 92 93 94 95 96 97 98 99 100 101 102 103 104 105 106 107 108 109 110 111 112 113 114 115 116 117 118 119 120 121 -1 122 123 124 -1 125 126 127 -1 "
						                coordIndex="0 32 1 -1 1 32 2 -1 2 32 3 -1 3 32 4 -1 4 32 5 -1 5 32 6 -1 6 32 7 -1 7 32 8 -1 8 32 9 -1 9 32 10 -1 10 32 11 -1 11 32 12 -1 12 32 13 -1 13 32 14 -1 14 32 15 -1 15 32 16 -1 16 32 17 -1 17 32 18 -1 18 32 19 -1 19 32 20 -1 20 32 21 -1 21 32 22 -1 22 32 23 -1 23 32 24 -1 24 32 25 -1 25 32 26 -1 26 32 27 -1 27 32 28 -1 28 32 29 -1 29 32 30 -1 0 1 2 3 4 5 6 7 8 9 10 11 12 13 14 15 16 17 18 19 20 21 22 23 24 25 26 27 28 29 30 31 -1 30 32 31 -1 31 32 0 -1 "
						                >
							<Coordinate DEF="coords_ME_Shape_IndexedFaceSet_084"
							            point="0.000000 1.000000 -1.000000 0.195090 0.980785 -1.000000 0.382683 0.923880 -1.000000 0.555570 0.831470 -1.000000 0.707107 0.707107 -1.000000 0.831470 0.555570 -1.000000 0.923880 0.382683 -1.000000 0.980785 0.195090 -1.000000 1.000000 0.000000 -1.000000 0.980785 -0.195090 -1.000000 0.923880 -0.382683 -1.000000 0.831470 -0.555570 -1.000000 0.707107 -0.707107 -1.000000 0.555570 -0.831470 -1.000000 0.382683 -0.923880 -1.000000 0.195090 -0.980785 -1.000000 0.000000 -1.000000 -1.000000 -0.195090 -0.980785 -1.000000 -0.382683 -0.923880 -1.000000 -0.555570 -0.831470 -1.000000 -0.707107 -0.707107 -1.000000 -0.831470 -0.555570 -1.000000 -0.923880 -0.382683 -1.000000 -0.980785 -0.195090 -1.000000 -1.000000 0.000000 -1.000000 -0.980785 0.195090 -1.000000 -0.923880 0.382683 -1.000000 -0.831470 0.555570 -1.000000 -0.707107 0.707107 -1.000000 -0.555570 0.831470 -1.000000 -0.382683 0.923880 -1.000000 -0.195090 0.980785 -1.000000 0.000000 0.000000 1.000000 "
							            />
							<TextureCoordinate point="0.2500 0.4900 0.2500 0.2500 0.2968 0.4854 0.2968 0.4854 0.2500 0.2500 0.3418 0.4717 0.3418 0.4717 0.2500 0.2500 0.3833 0.4496 0.3833 0.4496 0.2500 0.2500 0.4197 0.4197 0.4197 0.4197 0.2500 0.2500 0.4496 0.3833 0.4496 0.3833 0.2500 0.2500 0.4717 0.3418 0.4717 0.3418 0.2500 0.2500 0.4854 0.2968 0.4854 0.2968 0.2500 0.2500 0.4900 0.2500 0.4900 0.2500 0.2500 0.2500 0.4854 0.2032 0.4854 0.2032 0.2500 0.2500 0.4717 0.1582 0.4717 0.1582 0.2500 0.2500 0.4496 0.1167 0.4496 0.1167 0.2500 0.2500 0.4197 0.0803 0.4197 0.0803 0.2500 0.2500 0.3833 0.0504 0.3833 0.0504 0.2500 0.2500 0.3418 0.0283 0.3418 0.0283 0.2500 0.2500 0.2968 0.0146 0.2968 0.0146 0.2500 0.2500 0.2500 0.0100 0.2500 0.0100 0.2500 0.2500 0.2032 0.0146 0.2032 0.0146 0.2500 0.2500 0.1582 0.0283 0.1582 0.0283 0.2500 0.2500 0.1167 0.0504 0.1167 0.0504 0.2500 0.2500 0.0803 0.0803 0.0803 0.0803 0.2500 0.2500 0.0504 0.1167 0.0504 0.1167 0.2500 0.2500 0.0283 0.1582 0.0283 0.1582 0.2500 0.2500 0.0146 0.2032 0.0146 0.2032 0.2500 0.2500 0.0100 0.2500 0.0100 0.2500 0.2500 0.2500 0.0146 0.2968 0.0146 0.2968 0.2500 0.2500 0.0283 0.3418 0.0283 0.3418 0.2500 0.2500 0.0504 0.3833 0.0504 0.3833 0.2500 0.2500 0.0803 0.4197 0.0803 0.4197 0.2500 0.2500 0.1167 0.4496 0.1167 0.4496 0.2500 0.2500 0.1582 0.4717 0.7500 0.4900 0.7968 0.4854 0.8418 0.4717 0.8833 0.4496 0.9197 0.4197 0.9496 0.3833 0.9717 0.3418 0.9854 0.2968 0.9900 0.2500 0.9854 0.2032 0.9717 0.1582 0.9496 0.1167 0.9197 0.0803 0.8833 0.0504 0.8418 0.0283 0.7968 0.0146 0.7500 0.0100 0.7032 0.0146 0.6582 0.0283 0.6167 0.0504 0.5803 0.0803 0.5504 0.1167 0.5283 0.1582 0.5146 0.2032 0.5100 0.2500 0.5146 0.2968 0.5283 0.3418 0.5504 0.3833 0.5803 0.4197 0.6167 0.4496 0.6582 0.4717 0.7032 0.4854 0.1582 0.4717 0.2500 0.2500 0.2032 0.4854 0.2032 0.4854 0.2500 0.2500 0.2500 0.4900 " />
						</IndexedFaceSet>
					</Shape>
				</Group>
			</Transform>
		</Transform>
		<Transform DEF="Shape_IndexedFaceSet_067_TRANSFORM"
		           translation="159.037964 -3.009322 -341.345978"
		           scale="17.500946 18.205219 26.621603"
		           rotation="-0.535484 -0.597184 -0.597184 2.158332"
		           >
			<Transform DEF="Shape_IndexedFaceSet_067_ifs_TRANSFORM"
			           translation="0.000000 -0.000001 -0.000000"
			           scale="1.000000 1.000000 1.000000"
			           rotation="0.000000 -0.000000 -0.000000 0.000000"
			           >
				<Group DEF="group_ME_Shape_IndexedFaceSet_085">
					<Shape>
						<Appearance>
							<Material USE="MA_MA_MA_MA_Material_001_004" />
						</Appearance>
						<IndexedFaceSet solid="false"
						                texCoordIndex="0 1 2 -1 3 4 5 -1 6 7 8 -1 9 10 11 -1 12 13 14 -1 15 16 17 -1 18 19 20 -1 21 22 23 -1 24 25 26 -1 27 28 29 -1 30 31 32 -1 33 34 35 -1 36 37 38 -1 39 40 41 -1 42 43 44 -1 45 46 47 -1 48 49 50 -1 51 52 53 -1 54 55 56 -1 57 58 59 -1 60 61 62 -1 63 64 65 -1 66 67 68 -1 69 70 71 -1 72 73 74 -1 75 76 77 -1 78 79 80 -1 81 82 83 -1 84 85 86 -1 87 88 89 -1 90 91 92 93 94 95 96 97 98 99 100 101 102 103 104 105 106 107 108 109 110 111 112 113 114 115 116 117 118 119 120 121 -1 122 123 124 -1 125 126 127 -1 "
						                coordIndex="0 32 1 -1 1 32 2 -1 2 32 3 -1 3 32 4 -1 4 32 5 -1 5 32 6 -1 6 32 7 -1 7 32 8 -1 8 32 9 -1 9 32 10 -1 10 32 11 -1 11 32 12 -1 12 32 13 -1 13 32 14 -1 14 32 15 -1 15 32 16 -1 16 32 17 -1 17 32 18 -1 18 32 19 -1 19 32 20 -1 20 32 21 -1 21 32 22 -1 22 32 23 -1 23 32 24 -1 24 32 25 -1 25 32 26 -1 26 32 27 -1 27 32 28 -1 28 32 29 -1 29 32 30 -1 0 1 2 3 4 5 6 7 8 9 10 11 12 13 14 15 16 17 18 19 20 21 22 23 24 25 26 27 28 29 30 31 -1 30 32 31 -1 31 32 0 -1 "
						                >
							<Coordinate DEF="coords_ME_Shape_IndexedFaceSet_085"
							            point="0.000000 1.000000 -1.000000 0.195090 0.980785 -1.000000 0.382683 0.923880 -1.000000 0.555570 0.831470 -1.000000 0.707107 0.707107 -1.000000 0.831470 0.555570 -1.000000 0.923880 0.382683 -1.000000 0.980785 0.195090 -1.000000 1.000000 0.000000 -1.000000 0.980785 -0.195090 -1.000000 0.923880 -0.382683 -1.000000 0.831470 -0.555570 -1.000000 0.707107 -0.707107 -1.000000 0.555570 -0.831470 -1.000000 0.382683 -0.923880 -1.000000 0.195090 -0.980785 -1.000000 0.000000 -1.000000 -1.000000 -0.195090 -0.980785 -1.000000 -0.382683 -0.923880 -1.000000 -0.555570 -0.831470 -1.000000 -0.707107 -0.707107 -1.000000 -0.831470 -0.555570 -1.000000 -0.923880 -0.382683 -1.000000 -0.980785 -0.195090 -1.000000 -1.000000 0.000000 -1.000000 -0.980785 0.195090 -1.000000 -0.923880 0.382683 -1.000000 -0.831470 0.555570 -1.000000 -0.707107 0.707107 -1.000000 -0.555570 0.831470 -1.000000 -0.382683 0.923880 -1.000000 -0.195090 0.980785 -1.000000 0.000000 0.000000 1.000000 "
							            />
							<TextureCoordinate point="0.2500 0.4900 0.2500 0.2500 0.2968 0.4854 0.2968 0.4854 0.2500 0.2500 0.3418 0.4717 0.3418 0.4717 0.2500 0.2500 0.3833 0.4496 0.3833 0.4496 0.2500 0.2500 0.4197 0.4197 0.4197 0.4197 0.2500 0.2500 0.4496 0.3833 0.4496 0.3833 0.2500 0.2500 0.4717 0.3418 0.4717 0.3418 0.2500 0.2500 0.4854 0.2968 0.4854 0.2968 0.2500 0.2500 0.4900 0.2500 0.4900 0.2500 0.2500 0.2500 0.4854 0.2032 0.4854 0.2032 0.2500 0.2500 0.4717 0.1582 0.4717 0.1582 0.2500 0.2500 0.4496 0.1167 0.4496 0.1167 0.2500 0.2500 0.4197 0.0803 0.4197 0.0803 0.2500 0.2500 0.3833 0.0504 0.3833 0.0504 0.2500 0.2500 0.3418 0.0283 0.3418 0.0283 0.2500 0.2500 0.2968 0.0146 0.2968 0.0146 0.2500 0.2500 0.2500 0.0100 0.2500 0.0100 0.2500 0.2500 0.2032 0.0146 0.2032 0.0146 0.2500 0.2500 0.1582 0.0283 0.1582 0.0283 0.2500 0.2500 0.1167 0.0504 0.1167 0.0504 0.2500 0.2500 0.0803 0.0803 0.0803 0.0803 0.2500 0.2500 0.0504 0.1167 0.0504 0.1167 0.2500 0.2500 0.0283 0.1582 0.0283 0.1582 0.2500 0.2500 0.0146 0.2032 0.0146 0.2032 0.2500 0.2500 0.0100 0.2500 0.0100 0.2500 0.2500 0.2500 0.0146 0.2968 0.0146 0.2968 0.2500 0.2500 0.0283 0.3418 0.0283 0.3418 0.2500 0.2500 0.0504 0.3833 0.0504 0.3833 0.2500 0.2500 0.0803 0.4197 0.0803 0.4197 0.2500 0.2500 0.1167 0.4496 0.1167 0.4496 0.2500 0.2500 0.1582 0.4717 0.7500 0.4900 0.7968 0.4854 0.8418 0.4717 0.8833 0.4496 0.9197 0.4197 0.9496 0.3833 0.9717 0.3418 0.9854 0.2968 0.9900 0.2500 0.9854 0.2032 0.9717 0.1582 0.9496 0.1167 0.9197 0.0803 0.8833 0.0504 0.8418 0.0283 0.7968 0.0146 0.7500 0.0100 0.7032 0.0146 0.6582 0.0283 0.6167 0.0504 0.5803 0.0803 0.5504 0.1167 0.5283 0.1582 0.5146 0.2032 0.5100 0.2500 0.5146 0.2968 0.5283 0.3418 0.5504 0.3833 0.5803 0.4197 0.6167 0.4496 0.6582 0.4717 0.7032 0.4854 0.1582 0.4717 0.2500 0.2500 0.2032 0.4854 0.2032 0.4854 0.2500 0.2500 0.2500 0.4900 " />
						</IndexedFaceSet>
					</Shape>
				</Group>
			</Transform>
		</Transform>
		<Transform DEF="Shape_IndexedFaceSet_068_TRANSFORM"
		           translation="193.603394 -5.861858 -305.394287"
		           scale="16.661131 16.661131 22.135027"
		           rotation="-0.535484 -0.597184 -0.597184 2.158332"
		           >
			<Transform DEF="Shape_IndexedFaceSet_068_ifs_TRANSFORM"
			           translation="0.000001 -0.000001 -0.000000"
			           scale="1.000000 1.000000 1.000000"
			           rotation="-0.000000 -0.000000 0.000000 0.000000"
			           >
				<Group DEF="group_ME_Shape_IndexedFaceSet_086">
					<Shape>
						<Appearance>
							<Material USE="MA_MA_MA_MA_Material_001_004" />
						</Appearance>
						<IndexedFaceSet solid="false"
						                texCoordIndex="0 1 2 -1 3 4 5 -1 6 7 8 -1 9 10 11 -1 12 13 14 -1 15 16 17 -1 18 19 20 -1 21 22 23 -1 24 25 26 -1 27 28 29 -1 30 31 32 -1 33 34 35 -1 36 37 38 -1 39 40 41 -1 42 43 44 -1 45 46 47 -1 48 49 50 -1 51 52 53 -1 54 55 56 -1 57 58 59 -1 60 61 62 -1 63 64 65 -1 66 67 68 -1 69 70 71 -1 72 73 74 -1 75 76 77 -1 78 79 80 -1 81 82 83 -1 84 85 86 -1 87 88 89 -1 90 91 92 93 94 95 96 97 98 99 100 101 102 103 104 105 106 107 108 109 110 111 112 113 114 115 116 117 118 119 120 121 -1 122 123 124 -1 125 126 127 -1 "
						                coordIndex="0 32 1 -1 1 32 2 -1 2 32 3 -1 3 32 4 -1 4 32 5 -1 5 32 6 -1 6 32 7 -1 7 32 8 -1 8 32 9 -1 9 32 10 -1 10 32 11 -1 11 32 12 -1 12 32 13 -1 13 32 14 -1 14 32 15 -1 15 32 16 -1 16 32 17 -1 17 32 18 -1 18 32 19 -1 19 32 20 -1 20 32 21 -1 21 32 22 -1 22 32 23 -1 23 32 24 -1 24 32 25 -1 25 32 26 -1 26 32 27 -1 27 32 28 -1 28 32 29 -1 29 32 30 -1 0 1 2 3 4 5 6 7 8 9 10 11 12 13 14 15 16 17 18 19 20 21 22 23 24 25 26 27 28 29 30 31 -1 30 32 31 -1 31 32 0 -1 "
						                >
							<Coordinate DEF="coords_ME_Shape_IndexedFaceSet_086"
							            point="0.000000 1.000000 -1.000000 0.195090 0.980785 -1.000000 0.382683 0.923880 -1.000000 0.555570 0.831470 -1.000000 0.707107 0.707107 -1.000000 0.831470 0.555570 -1.000000 0.923880 0.382683 -1.000000 0.980785 0.195090 -1.000000 1.000000 0.000000 -1.000000 0.980785 -0.195090 -1.000000 0.923880 -0.382683 -1.000000 0.831470 -0.555570 -1.000000 0.707107 -0.707107 -1.000000 0.555570 -0.831470 -1.000000 0.382683 -0.923880 -1.000000 0.195090 -0.980785 -1.000000 0.000000 -1.000000 -1.000000 -0.195090 -0.980785 -1.000000 -0.382683 -0.923880 -1.000000 -0.555570 -0.831470 -1.000000 -0.707107 -0.707107 -1.000000 -0.831470 -0.555570 -1.000000 -0.923880 -0.382683 -1.000000 -0.980785 -0.195090 -1.000000 -1.000000 0.000000 -1.000000 -0.980785 0.195090 -1.000000 -0.923880 0.382683 -1.000000 -0.831470 0.555570 -1.000000 -0.707107 0.707107 -1.000000 -0.555570 0.831470 -1.000000 -0.382683 0.923880 -1.000000 -0.195090 0.980785 -1.000000 0.000000 0.000000 1.000000 "
							            />
							<TextureCoordinate point="0.2500 0.4900 0.2500 0.2500 0.2968 0.4854 0.2968 0.4854 0.2500 0.2500 0.3418 0.4717 0.3418 0.4717 0.2500 0.2500 0.3833 0.4496 0.3833 0.4496 0.2500 0.2500 0.4197 0.4197 0.4197 0.4197 0.2500 0.2500 0.4496 0.3833 0.4496 0.3833 0.2500 0.2500 0.4717 0.3418 0.4717 0.3418 0.2500 0.2500 0.4854 0.2968 0.4854 0.2968 0.2500 0.2500 0.4900 0.2500 0.4900 0.2500 0.2500 0.2500 0.4854 0.2032 0.4854 0.2032 0.2500 0.2500 0.4717 0.1582 0.4717 0.1582 0.2500 0.2500 0.4496 0.1167 0.4496 0.1167 0.2500 0.2500 0.4197 0.0803 0.4197 0.0803 0.2500 0.2500 0.3833 0.0504 0.3833 0.0504 0.2500 0.2500 0.3418 0.0283 0.3418 0.0283 0.2500 0.2500 0.2968 0.0146 0.2968 0.0146 0.2500 0.2500 0.2500 0.0100 0.2500 0.0100 0.2500 0.2500 0.2032 0.0146 0.2032 0.0146 0.2500 0.2500 0.1582 0.0283 0.1582 0.0283 0.2500 0.2500 0.1167 0.0504 0.1167 0.0504 0.2500 0.2500 0.0803 0.0803 0.0803 0.0803 0.2500 0.2500 0.0504 0.1167 0.0504 0.1167 0.2500 0.2500 0.0283 0.1582 0.0283 0.1582 0.2500 0.2500 0.0146 0.2032 0.0146 0.2032 0.2500 0.2500 0.0100 0.2500 0.0100 0.2500 0.2500 0.2500 0.0146 0.2968 0.0146 0.2968 0.2500 0.2500 0.0283 0.3418 0.0283 0.3418 0.2500 0.2500 0.0504 0.3833 0.0504 0.3833 0.2500 0.2500 0.0803 0.4197 0.0803 0.4197 0.2500 0.2500 0.1167 0.4496 0.1167 0.4496 0.2500 0.2500 0.1582 0.4717 0.7500 0.4900 0.7968 0.4854 0.8418 0.4717 0.8833 0.4496 0.9197 0.4197 0.9496 0.3833 0.9717 0.3418 0.9854 0.2968 0.9900 0.2500 0.9854 0.2032 0.9717 0.1582 0.9496 0.1167 0.9197 0.0803 0.8833 0.0504 0.8418 0.0283 0.7968 0.0146 0.7500 0.0100 0.7032 0.0146 0.6582 0.0283 0.6167 0.0504 0.5803 0.0803 0.5504 0.1167 0.5283 0.1582 0.5146 0.2032 0.5100 0.2500 0.5146 0.2968 0.5283 0.3418 0.5504 0.3833 0.5803 0.4197 0.6167 0.4496 0.6582 0.4717 0.7032 0.4854 0.1582 0.4717 0.2500 0.2500 0.2032 0.4854 0.2032 0.4854 0.2500 0.2500 0.2500 0.4900 " />
						</IndexedFaceSet>
					</Shape>
				</Group>
			</Transform>
		</Transform>
		<Transform DEF="Shape_IndexedFaceSet_069_TRANSFORM"
		           translation="-27.392080 -2.865025 -355.057404"
		           scale="22.103540 22.103540 24.335091"
		           rotation="-0.535484 -0.597184 -0.597184 2.158332"
		           >
			<Transform DEF="Shape_IndexedFaceSet_069_ifs_TRANSFORM"
			           translation="0.000000 0.000000 -0.000000"
			           scale="1.000000 1.000000 1.000000"
			           rotation="0.000000 0.000000 0.000000 0.000000"
			           >
				<Group DEF="group_ME_Shape_IndexedFaceSet_087">
					<Shape>
						<Appearance>
							<Material USE="MA_MA_MA_MA_Material_001_004" />
						</Appearance>
						<IndexedFaceSet solid="false"
						                texCoordIndex="0 1 2 -1 3 4 5 -1 6 7 8 -1 9 10 11 -1 12 13 14 -1 15 16 17 -1 18 19 20 -1 21 22 23 -1 24 25 26 -1 27 28 29 -1 30 31 32 -1 33 34 35 -1 36 37 38 -1 39 40 41 -1 42 43 44 -1 45 46 47 -1 48 49 50 -1 51 52 53 -1 54 55 56 -1 57 58 59 -1 60 61 62 -1 63 64 65 -1 66 67 68 -1 69 70 71 -1 72 73 74 -1 75 76 77 -1 78 79 80 -1 81 82 83 -1 84 85 86 -1 87 88 89 -1 90 91 92 93 94 95 96 97 98 99 100 101 102 103 104 105 106 107 108 109 110 111 112 113 114 115 116 117 118 119 120 121 -1 122 123 124 -1 125 126 127 -1 "
						                coordIndex="0 32 1 -1 1 32 2 -1 2 32 3 -1 3 32 4 -1 4 32 5 -1 5 32 6 -1 6 32 7 -1 7 32 8 -1 8 32 9 -1 9 32 10 -1 10 32 11 -1 11 32 12 -1 12 32 13 -1 13 32 14 -1 14 32 15 -1 15 32 16 -1 16 32 17 -1 17 32 18 -1 18 32 19 -1 19 32 20 -1 20 32 21 -1 21 32 22 -1 22 32 23 -1 23 32 24 -1 24 32 25 -1 25 32 26 -1 26 32 27 -1 27 32 28 -1 28 32 29 -1 29 32 30 -1 0 1 2 3 4 5 6 7 8 9 10 11 12 13 14 15 16 17 18 19 20 21 22 23 24 25 26 27 28 29 30 31 -1 30 32 31 -1 31 32 0 -1 "
						                >
							<Coordinate DEF="coords_ME_Shape_IndexedFaceSet_087"
							            point="0.000000 1.000000 -1.000000 0.195090 0.980785 -1.000000 0.382683 0.923880 -1.000000 0.555570 0.831470 -1.000000 0.707107 0.707107 -1.000000 0.831470 0.555570 -1.000000 0.923880 0.382683 -1.000000 0.980785 0.195090 -1.000000 1.000000 0.000000 -1.000000 0.980785 -0.195090 -1.000000 0.923880 -0.382683 -1.000000 0.831470 -0.555570 -1.000000 0.707107 -0.707107 -1.000000 0.555570 -0.831470 -1.000000 0.382683 -0.923880 -1.000000 0.195090 -0.980785 -1.000000 0.000000 -1.000000 -1.000000 -0.195090 -0.980785 -1.000000 -0.382683 -0.923880 -1.000000 -0.555570 -0.831470 -1.000000 -0.707107 -0.707107 -1.000000 -0.831470 -0.555570 -1.000000 -0.923880 -0.382683 -1.000000 -0.980785 -0.195090 -1.000000 -1.000000 0.000000 -1.000000 -0.980785 0.195090 -1.000000 -0.923880 0.382683 -1.000000 -0.831470 0.555570 -1.000000 -0.707107 0.707107 -1.000000 -0.555570 0.831470 -1.000000 -0.382683 0.923880 -1.000000 -0.195090 0.980785 -1.000000 0.000000 0.000000 1.000000 "
							            />
							<TextureCoordinate point="0.2500 0.4900 0.2500 0.2500 0.2968 0.4854 0.2968 0.4854 0.2500 0.2500 0.3418 0.4717 0.3418 0.4717 0.2500 0.2500 0.3833 0.4496 0.3833 0.4496 0.2500 0.2500 0.4197 0.4197 0.4197 0.4197 0.2500 0.2500 0.4496 0.3833 0.4496 0.3833 0.2500 0.2500 0.4717 0.3418 0.4717 0.3418 0.2500 0.2500 0.4854 0.2968 0.4854 0.2968 0.2500 0.2500 0.4900 0.2500 0.4900 0.2500 0.2500 0.2500 0.4854 0.2032 0.4854 0.2032 0.2500 0.2500 0.4717 0.1582 0.4717 0.1582 0.2500 0.2500 0.4496 0.1167 0.4496 0.1167 0.2500 0.2500 0.4197 0.0803 0.4197 0.0803 0.2500 0.2500 0.3833 0.0504 0.3833 0.0504 0.2500 0.2500 0.3418 0.0283 0.3418 0.0283 0.2500 0.2500 0.2968 0.0146 0.2968 0.0146 0.2500 0.2500 0.2500 0.0100 0.2500 0.0100 0.2500 0.2500 0.2032 0.0146 0.2032 0.0146 0.2500 0.2500 0.1582 0.0283 0.1582 0.0283 0.2500 0.2500 0.1167 0.0504 0.1167 0.0504 0.2500 0.2500 0.0803 0.0803 0.0803 0.0803 0.2500 0.2500 0.0504 0.1167 0.0504 0.1167 0.2500 0.2500 0.0283 0.1582 0.0283 0.1582 0.2500 0.2500 0.0146 0.2032 0.0146 0.2032 0.2500 0.2500 0.0100 0.2500 0.0100 0.2500 0.2500 0.2500 0.0146 0.2968 0.0146 0.2968 0.2500 0.2500 0.0283 0.3418 0.0283 0.3418 0.2500 0.2500 0.0504 0.3833 0.0504 0.3833 0.2500 0.2500 0.0803 0.4197 0.0803 0.4197 0.2500 0.2500 0.1167 0.4496 0.1167 0.4496 0.2500 0.2500 0.1582 0.4717 0.7500 0.4900 0.7968 0.4854 0.8418 0.4717 0.8833 0.4496 0.9197 0.4197 0.9496 0.3833 0.9717 0.3418 0.9854 0.2968 0.9900 0.2500 0.9854 0.2032 0.9717 0.1582 0.9496 0.1167 0.9197 0.0803 0.8833 0.0504 0.8418 0.0283 0.7968 0.0146 0.7500 0.0100 0.7032 0.0146 0.6582 0.0283 0.6167 0.0504 0.5803 0.0803 0.5504 0.1167 0.5283 0.1582 0.5146 0.2032 0.5100 0.2500 0.5146 0.2968 0.5283 0.3418 0.5504 0.3833 0.5803 0.4197 0.6167 0.4496 0.6582 0.4717 0.7032 0.4854 0.1582 0.4717 0.2500 0.2500 0.2032 0.4854 0.2032 0.4854 0.2500 0.2500 0.2500 0.4900 " />
						</IndexedFaceSet>
					</Shape>
				</Group>
			</Transform>
		</Transform>
		<Transform DEF="Shape_IndexedFaceSet_070_TRANSFORM"
		           translation="184.190140 -1.142772 -330.522766"
		           scale="17.500946 18.205219 26.621603"
		           rotation="-0.535484 -0.597184 -0.597184 2.158332"
		           >
			<Transform DEF="Shape_IndexedFaceSet_070_ifs_TRANSFORM"
			           translation="-0.000001 -0.000000 -0.000000"
			           scale="1.000000 1.000000 1.000000"
			           rotation="0.000000 -0.000000 -0.000000 0.000000"
			           >
				<Group DEF="group_ME_Shape_IndexedFaceSet_088">
					<Shape>
						<Appearance>
							<Material USE="MA_MA_MA_MA_Material_001_004" />
						</Appearance>
						<IndexedFaceSet solid="false"
						                texCoordIndex="0 1 2 -1 3 4 5 -1 6 7 8 -1 9 10 11 -1 12 13 14 -1 15 16 17 -1 18 19 20 -1 21 22 23 -1 24 25 26 -1 27 28 29 -1 30 31 32 -1 33 34 35 -1 36 37 38 -1 39 40 41 -1 42 43 44 -1 45 46 47 -1 48 49 50 -1 51 52 53 -1 54 55 56 -1 57 58 59 -1 60 61 62 -1 63 64 65 -1 66 67 68 -1 69 70 71 -1 72 73 74 -1 75 76 77 -1 78 79 80 -1 81 82 83 -1 84 85 86 -1 87 88 89 -1 90 91 92 93 94 95 96 97 98 99 100 101 102 103 104 105 106 107 108 109 110 111 112 113 114 115 116 117 118 119 120 121 -1 122 123 124 -1 125 126 127 -1 "
						                coordIndex="0 32 1 -1 1 32 2 -1 2 32 3 -1 3 32 4 -1 4 32 5 -1 5 32 6 -1 6 32 7 -1 7 32 8 -1 8 32 9 -1 9 32 10 -1 10 32 11 -1 11 32 12 -1 12 32 13 -1 13 32 14 -1 14 32 15 -1 15 32 16 -1 16 32 17 -1 17 32 18 -1 18 32 19 -1 19 32 20 -1 20 32 21 -1 21 32 22 -1 22 32 23 -1 23 32 24 -1 24 32 25 -1 25 32 26 -1 26 32 27 -1 27 32 28 -1 28 32 29 -1 29 32 30 -1 0 1 2 3 4 5 6 7 8 9 10 11 12 13 14 15 16 17 18 19 20 21 22 23 24 25 26 27 28 29 30 31 -1 30 32 31 -1 31 32 0 -1 "
						                >
							<Coordinate DEF="coords_ME_Shape_IndexedFaceSet_088"
							            point="0.000000 1.000000 -1.000000 0.195090 0.980785 -1.000000 0.382683 0.923880 -1.000000 0.555570 0.831470 -1.000000 0.707107 0.707107 -1.000000 0.831470 0.555570 -1.000000 0.923880 0.382683 -1.000000 0.980785 0.195090 -1.000000 1.000000 0.000000 -1.000000 0.980785 -0.195090 -1.000000 0.923880 -0.382683 -1.000000 0.831470 -0.555570 -1.000000 0.707107 -0.707107 -1.000000 0.555570 -0.831470 -1.000000 0.382683 -0.923880 -1.000000 0.195090 -0.980785 -1.000000 0.000000 -1.000000 -1.000000 -0.195090 -0.980785 -1.000000 -0.382683 -0.923880 -1.000000 -0.555570 -0.831470 -1.000000 -0.707107 -0.707107 -1.000000 -0.831470 -0.555570 -1.000000 -0.923880 -0.382683 -1.000000 -0.980785 -0.195090 -1.000000 -1.000000 0.000000 -1.000000 -0.980785 0.195090 -1.000000 -0.923880 0.382683 -1.000000 -0.831470 0.555570 -1.000000 -0.707107 0.707107 -1.000000 -0.555570 0.831470 -1.000000 -0.382683 0.923880 -1.000000 -0.195090 0.980785 -1.000000 0.000000 0.000000 1.000000 "
							            />
							<TextureCoordinate point="0.2500 0.4900 0.2500 0.2500 0.2968 0.4854 0.2968 0.4854 0.2500 0.2500 0.3418 0.4717 0.3418 0.4717 0.2500 0.2500 0.3833 0.4496 0.3833 0.4496 0.2500 0.2500 0.4197 0.4197 0.4197 0.4197 0.2500 0.2500 0.4496 0.3833 0.4496 0.3833 0.2500 0.2500 0.4717 0.3418 0.4717 0.3418 0.2500 0.2500 0.4854 0.2968 0.4854 0.2968 0.2500 0.2500 0.4900 0.2500 0.4900 0.2500 0.2500 0.2500 0.4854 0.2032 0.4854 0.2032 0.2500 0.2500 0.4717 0.1582 0.4717 0.1582 0.2500 0.2500 0.4496 0.1167 0.4496 0.1167 0.2500 0.2500 0.4197 0.0803 0.4197 0.0803 0.2500 0.2500 0.3833 0.0504 0.3833 0.0504 0.2500 0.2500 0.3418 0.0283 0.3418 0.0283 0.2500 0.2500 0.2968 0.0146 0.2968 0.0146 0.2500 0.2500 0.2500 0.0100 0.2500 0.0100 0.2500 0.2500 0.2032 0.0146 0.2032 0.0146 0.2500 0.2500 0.1582 0.0283 0.1582 0.0283 0.2500 0.2500 0.1167 0.0504 0.1167 0.0504 0.2500 0.2500 0.0803 0.0803 0.0803 0.0803 0.2500 0.2500 0.0504 0.1167 0.0504 0.1167 0.2500 0.2500 0.0283 0.1582 0.0283 0.1582 0.2500 0.2500 0.0146 0.2032 0.0146 0.2032 0.2500 0.2500 0.0100 0.2500 0.0100 0.2500 0.2500 0.2500 0.0146 0.2968 0.0146 0.2968 0.2500 0.2500 0.0283 0.3418 0.0283 0.3418 0.2500 0.2500 0.0504 0.3833 0.0504 0.3833 0.2500 0.2500 0.0803 0.4197 0.0803 0.4197 0.2500 0.2500 0.1167 0.4496 0.1167 0.4496 0.2500 0.2500 0.1582 0.4717 0.7500 0.4900 0.7968 0.4854 0.8418 0.4717 0.8833 0.4496 0.9197 0.4197 0.9496 0.3833 0.9717 0.3418 0.9854 0.2968 0.9900 0.2500 0.9854 0.2032 0.9717 0.1582 0.9496 0.1167 0.9197 0.0803 0.8833 0.0504 0.8418 0.0283 0.7968 0.0146 0.7500 0.0100 0.7032 0.0146 0.6582 0.0283 0.6167 0.0504 0.5803 0.0803 0.5504 0.1167 0.5283 0.1582 0.5146 0.2032 0.5100 0.2500 0.5146 0.2968 0.5283 0.3418 0.5504 0.3833 0.5803 0.4197 0.6167 0.4496 0.6582 0.4717 0.7032 0.4854 0.1582 0.4717 0.2500 0.2500 0.2032 0.4854 0.2032 0.4854 0.2500 0.2500 0.2500 0.4900 " />
						</IndexedFaceSet>
					</Shape>
				</Group>
			</Transform>
		</Transform>
		<Transform DEF="Shape_IndexedFaceSet_071_TRANSFORM"
		           translation="140.858215 -5.003624 -305.138977"
		           scale="18.427778 18.427778 22.027296"
		           rotation="-0.535484 -0.597184 -0.597184 2.158332"
		           >
			<Transform DEF="Shape_IndexedFaceSet_071_ifs_TRANSFORM"
			           translation="-0.000001 -0.000000 0.000000"
			           scale="1.000000 1.000000 1.000000"
			           rotation="-0.000000 0.000000 0.000000 0.000000"
			           >
				<Group DEF="group_ME_Shape_IndexedFaceSet_089">
					<Shape>
						<Appearance>
							<Material DEF="MA_MA_MA_MA_Material_001_001_004"
							          diffuseColor="0.225 0.225 0.225"
							          specularColor="0.401 0.401 0.401"
							          emissiveColor="0.000 0.000 0.000"
							          ambientIntensity="0.000"
							          shininess="0.500"
							          transparency="0.0"
							          />
						</Appearance>
						<IndexedFaceSet solid="false"
						                texCoordIndex="0 1 2 -1 3 4 5 -1 6 7 8 -1 9 10 11 -1 12 13 14 -1 15 16 17 -1 18 19 20 -1 21 22 23 -1 24 25 26 -1 27 28 29 -1 30 31 32 -1 33 34 35 -1 36 37 38 -1 39 40 41 -1 42 43 44 -1 45 46 47 -1 48 49 50 -1 51 52 53 -1 54 55 56 -1 57 58 59 -1 60 61 62 -1 63 64 65 -1 66 67 68 -1 69 70 71 -1 72 73 74 -1 75 76 77 -1 78 79 80 -1 81 82 83 -1 84 85 86 -1 87 88 89 -1 90 91 92 93 94 95 96 97 98 99 100 101 102 103 104 105 106 107 108 109 110 111 112 113 114 115 116 117 118 119 120 121 -1 122 123 124 -1 125 126 127 -1 "
						                coordIndex="0 32 1 -1 1 32 2 -1 2 32 3 -1 3 32 4 -1 4 32 5 -1 5 32 6 -1 6 32 7 -1 7 32 8 -1 8 32 9 -1 9 32 10 -1 10 32 11 -1 11 32 12 -1 12 32 13 -1 13 32 14 -1 14 32 15 -1 15 32 16 -1 16 32 17 -1 17 32 18 -1 18 32 19 -1 19 32 20 -1 20 32 21 -1 21 32 22 -1 22 32 23 -1 23 32 24 -1 24 32 25 -1 25 32 26 -1 26 32 27 -1 27 32 28 -1 28 32 29 -1 29 32 30 -1 0 1 2 3 4 5 6 7 8 9 10 11 12 13 14 15 16 17 18 19 20 21 22 23 24 25 26 27 28 29 30 31 -1 30 32 31 -1 31 32 0 -1 "
						                >
							<Coordinate DEF="coords_ME_Shape_IndexedFaceSet_089"
							            point="0.000000 1.000000 -1.000000 0.195090 0.980785 -1.000000 0.382683 0.923880 -1.000000 0.555570 0.831470 -1.000000 0.707107 0.707107 -1.000000 0.831470 0.555570 -1.000000 0.923880 0.382683 -1.000000 0.980785 0.195090 -1.000000 1.000000 0.000000 -1.000000 0.980785 -0.195090 -1.000000 0.923880 -0.382683 -1.000000 0.831470 -0.555570 -1.000000 0.707107 -0.707107 -1.000000 0.555570 -0.831470 -1.000000 0.382683 -0.923880 -1.000000 0.195090 -0.980785 -1.000000 0.000000 -1.000000 -1.000000 -0.195090 -0.980785 -1.000000 -0.382683 -0.923880 -1.000000 -0.555570 -0.831470 -1.000000 -0.707107 -0.707107 -1.000000 -0.831470 -0.555570 -1.000000 -0.923880 -0.382683 -1.000000 -0.980785 -0.195090 -1.000000 -1.000000 0.000000 -1.000000 -0.980785 0.195090 -1.000000 -0.923880 0.382683 -1.000000 -0.831470 0.555570 -1.000000 -0.707107 0.707107 -1.000000 -0.555570 0.831470 -1.000000 -0.382683 0.923880 -1.000000 -0.195090 0.980785 -1.000000 0.000000 0.000000 1.000000 "
							            />
							<TextureCoordinate point="0.2500 0.4900 0.2500 0.2500 0.2968 0.4854 0.2968 0.4854 0.2500 0.2500 0.3418 0.4717 0.3418 0.4717 0.2500 0.2500 0.3833 0.4496 0.3833 0.4496 0.2500 0.2500 0.4197 0.4197 0.4197 0.4197 0.2500 0.2500 0.4496 0.3833 0.4496 0.3833 0.2500 0.2500 0.4717 0.3418 0.4717 0.3418 0.2500 0.2500 0.4854 0.2968 0.4854 0.2968 0.2500 0.2500 0.4900 0.2500 0.4900 0.2500 0.2500 0.2500 0.4854 0.2032 0.4854 0.2032 0.2500 0.2500 0.4717 0.1582 0.4717 0.1582 0.2500 0.2500 0.4496 0.1167 0.4496 0.1167 0.2500 0.2500 0.4197 0.0803 0.4197 0.0803 0.2500 0.2500 0.3833 0.0504 0.3833 0.0504 0.2500 0.2500 0.3418 0.0283 0.3418 0.0283 0.2500 0.2500 0.2968 0.0146 0.2968 0.0146 0.2500 0.2500 0.2500 0.0100 0.2500 0.0100 0.2500 0.2500 0.2032 0.0146 0.2032 0.0146 0.2500 0.2500 0.1582 0.0283 0.1582 0.0283 0.2500 0.2500 0.1167 0.0504 0.1167 0.0504 0.2500 0.2500 0.0803 0.0803 0.0803 0.0803 0.2500 0.2500 0.0504 0.1167 0.0504 0.1167 0.2500 0.2500 0.0283 0.1582 0.0283 0.1582 0.2500 0.2500 0.0146 0.2032 0.0146 0.2032 0.2500 0.2500 0.0100 0.2500 0.0100 0.2500 0.2500 0.2500 0.0146 0.2968 0.0146 0.2968 0.2500 0.2500 0.0283 0.3418 0.0283 0.3418 0.2500 0.2500 0.0504 0.3833 0.0504 0.3833 0.2500 0.2500 0.0803 0.4197 0.0803 0.4197 0.2500 0.2500 0.1167 0.4496 0.1167 0.4496 0.2500 0.2500 0.1582 0.4717 0.7500 0.4900 0.7968 0.4854 0.8418 0.4717 0.8833 0.4496 0.9197 0.4197 0.9496 0.3833 0.9717 0.3418 0.9854 0.2968 0.9900 0.2500 0.9854 0.2032 0.9717 0.1582 0.9496 0.1167 0.9197 0.0803 0.8833 0.0504 0.8418 0.0283 0.7968 0.0146 0.7500 0.0100 0.7032 0.0146 0.6582 0.0283 0.6167 0.0504 0.5803 0.0803 0.5504 0.1167 0.5283 0.1582 0.5146 0.2032 0.5100 0.2500 0.5146 0.2968 0.5283 0.3418 0.5504 0.3833 0.5803 0.4197 0.6167 0.4496 0.6582 0.4717 0.7032 0.4854 0.1582 0.4717 0.2500 0.2500 0.2032 0.4854 0.2032 0.4854 0.2500 0.2500 0.2500 0.4900 " />
						</IndexedFaceSet>
					</Shape>
				</Group>
			</Transform>
		</Transform>
		<Transform DEF="Shape_IndexedFaceSet_073_TRANSFORM"
		           translation="107.554359 -6.972389 -281.753387"
		           scale="21.345579 21.345579 23.976524"
		           rotation="-0.637633 0.544713 0.544713 2.006328"
		           >
			<Transform DEF="Shape_IndexedFaceSet_073_ifs_TRANSFORM"
			           translation="0.000001 0.000000 -0.000000"
			           scale="1.000000 1.000000 1.000000"
			           rotation="0.000000 0.000000 0.000000 0.000000"
			           >
				<Group DEF="group_ME_Shape_IndexedFaceSet_091">
					<Shape>
						<Appearance>
							<Material DEF="MA_MA_MA_MA_Material_001_006"
							          diffuseColor="0.225 0.225 0.225"
							          specularColor="0.401 0.401 0.401"
							          emissiveColor="0.000 0.000 0.000"
							          ambientIntensity="0.000"
							          shininess="0.500"
							          transparency="0.0"
							          />
						</Appearance>
						<IndexedFaceSet solid="false"
						                texCoordIndex="0 1 2 -1 3 4 5 -1 6 7 8 -1 9 10 11 -1 12 13 14 -1 15 16 17 -1 18 19 20 -1 21 22 23 -1 24 25 26 -1 27 28 29 -1 30 31 32 -1 33 34 35 -1 36 37 38 -1 39 40 41 -1 42 43 44 -1 45 46 47 -1 48 49 50 -1 51 52 53 -1 54 55 56 -1 57 58 59 -1 60 61 62 -1 63 64 65 -1 66 67 68 -1 69 70 71 -1 72 73 74 -1 75 76 77 -1 78 79 80 -1 81 82 83 -1 84 85 86 -1 87 88 89 -1 90 91 92 93 94 95 96 97 98 99 100 101 102 103 104 105 106 107 108 109 110 111 112 113 114 115 116 117 118 119 120 121 -1 122 123 124 -1 125 126 127 -1 "
						                coordIndex="0 32 1 -1 1 32 2 -1 2 32 3 -1 3 32 4 -1 4 32 5 -1 5 32 6 -1 6 32 7 -1 7 32 8 -1 8 32 9 -1 9 32 10 -1 10 32 11 -1 11 32 12 -1 12 32 13 -1 13 32 14 -1 14 32 15 -1 15 32 16 -1 16 32 17 -1 17 32 18 -1 18 32 19 -1 19 32 20 -1 20 32 21 -1 21 32 22 -1 22 32 23 -1 23 32 24 -1 24 32 25 -1 25 32 26 -1 26 32 27 -1 27 32 28 -1 28 32 29 -1 29 32 30 -1 0 1 2 3 4 5 6 7 8 9 10 11 12 13 14 15 16 17 18 19 20 21 22 23 24 25 26 27 28 29 30 31 -1 30 32 31 -1 31 32 0 -1 "
						                >
							<Coordinate DEF="coords_ME_Shape_IndexedFaceSet_091"
							            point="0.000000 1.000000 -1.000000 0.195090 0.980785 -1.000000 0.382683 0.923880 -1.000000 0.555570 0.831470 -1.000000 0.707107 0.707107 -1.000000 0.831470 0.555570 -1.000000 0.923880 0.382683 -1.000000 0.980785 0.195090 -1.000000 1.000000 0.000000 -1.000000 0.980785 -0.195090 -1.000000 0.923880 -0.382683 -1.000000 0.831470 -0.555570 -1.000000 0.707107 -0.707107 -1.000000 0.555570 -0.831470 -1.000000 0.382683 -0.923880 -1.000000 0.195090 -0.980785 -1.000000 0.000000 -1.000000 -1.000000 -0.195090 -0.980785 -1.000000 -0.382683 -0.923880 -1.000000 -0.555570 -0.831470 -1.000000 -0.707107 -0.707107 -1.000000 -0.831470 -0.555570 -1.000000 -0.923880 -0.382683 -1.000000 -0.980785 -0.195090 -1.000000 -1.000000 0.000000 -1.000000 -0.980785 0.195090 -1.000000 -0.923880 0.382683 -1.000000 -0.831470 0.555570 -1.000000 -0.707107 0.707107 -1.000000 -0.555570 0.831470 -1.000000 -0.382683 0.923880 -1.000000 -0.195090 0.980785 -1.000000 0.000000 0.000000 1.000000 "
							            />
							<TextureCoordinate point="0.2500 0.4900 0.2500 0.2500 0.2968 0.4854 0.2968 0.4854 0.2500 0.2500 0.3418 0.4717 0.3418 0.4717 0.2500 0.2500 0.3833 0.4496 0.3833 0.4496 0.2500 0.2500 0.4197 0.4197 0.4197 0.4197 0.2500 0.2500 0.4496 0.3833 0.4496 0.3833 0.2500 0.2500 0.4717 0.3418 0.4717 0.3418 0.2500 0.2500 0.4854 0.2968 0.4854 0.2968 0.2500 0.2500 0.4900 0.2500 0.4900 0.2500 0.2500 0.2500 0.4854 0.2032 0.4854 0.2032 0.2500 0.2500 0.4717 0.1582 0.4717 0.1582 0.2500 0.2500 0.4496 0.1167 0.4496 0.1167 0.2500 0.2500 0.4197 0.0803 0.4197 0.0803 0.2500 0.2500 0.3833 0.0504 0.3833 0.0504 0.2500 0.2500 0.3418 0.0283 0.3418 0.0283 0.2500 0.2500 0.2968 0.0146 0.2968 0.0146 0.2500 0.2500 0.2500 0.0100 0.2500 0.0100 0.2500 0.2500 0.2032 0.0146 0.2032 0.0146 0.2500 0.2500 0.1582 0.0283 0.1582 0.0283 0.2500 0.2500 0.1167 0.0504 0.1167 0.0504 0.2500 0.2500 0.0803 0.0803 0.0803 0.0803 0.2500 0.2500 0.0504 0.1167 0.0504 0.1167 0.2500 0.2500 0.0283 0.1582 0.0283 0.1582 0.2500 0.2500 0.0146 0.2032 0.0146 0.2032 0.2500 0.2500 0.0100 0.2500 0.0100 0.2500 0.2500 0.2500 0.0146 0.2968 0.0146 0.2968 0.2500 0.2500 0.0283 0.3418 0.0283 0.3418 0.2500 0.2500 0.0504 0.3833 0.0504 0.3833 0.2500 0.2500 0.0803 0.4197 0.0803 0.4197 0.2500 0.2500 0.1167 0.4496 0.1167 0.4496 0.2500 0.2500 0.1582 0.4717 0.7500 0.4900 0.7968 0.4854 0.8418 0.4717 0.8833 0.4496 0.9197 0.4197 0.9496 0.3833 0.9717 0.3418 0.9854 0.2968 0.9900 0.2500 0.9854 0.2032 0.9717 0.1582 0.9496 0.1167 0.9197 0.0803 0.8833 0.0504 0.8418 0.0283 0.7968 0.0146 0.7500 0.0100 0.7032 0.0146 0.6582 0.0283 0.6167 0.0504 0.5803 0.0803 0.5504 0.1167 0.5283 0.1582 0.5146 0.2032 0.5100 0.2500 0.5146 0.2968 0.5283 0.3418 0.5504 0.3833 0.5803 0.4197 0.6167 0.4496 0.6582 0.4717 0.7032 0.4854 0.1582 0.4717 0.2500 0.2500 0.2032 0.4854 0.2032 0.4854 0.2500 0.2500 0.2500 0.4900 " />
						</IndexedFaceSet>
					</Shape>
				</Group>
			</Transform>
		</Transform>
		<Transform DEF="Shape_IndexedFaceSet_074_TRANSFORM"
		           translation="20.104391 -0.749791 -256.664062"
		           scale="21.345579 21.345579 23.976524"
		           rotation="-0.637633 0.544713 0.544713 2.006328"
		           >
			<Transform DEF="Shape_IndexedFaceSet_074_ifs_TRANSFORM"
			           translation="0.000001 0.000000 -0.000000"
			           scale="1.000000 1.000000 1.000000"
			           rotation="0.000000 0.000000 0.000000 0.000000"
			           >
				<Group DEF="group_ME_Shape_IndexedFaceSet_092">
					<Shape>
						<Appearance>
							<Material DEF="MA_MA_MA_MA_Material_001_007"
							          diffuseColor="0.225 0.225 0.225"
							          specularColor="0.401 0.401 0.401"
							          emissiveColor="0.000 0.000 0.000"
							          ambientIntensity="0.000"
							          shininess="0.500"
							          transparency="0.0"
							          />
						</Appearance>
						<IndexedFaceSet solid="false"
						                texCoordIndex="0 1 2 -1 3 4 5 -1 6 7 8 -1 9 10 11 -1 12 13 14 -1 15 16 17 -1 18 19 20 -1 21 22 23 -1 24 25 26 -1 27 28 29 -1 30 31 32 -1 33 34 35 -1 36 37 38 -1 39 40 41 -1 42 43 44 -1 45 46 47 -1 48 49 50 -1 51 52 53 -1 54 55 56 -1 57 58 59 -1 60 61 62 -1 63 64 65 -1 66 67 68 -1 69 70 71 -1 72 73 74 -1 75 76 77 -1 78 79 80 -1 81 82 83 -1 84 85 86 -1 87 88 89 -1 90 91 92 93 94 95 96 97 98 99 100 101 102 103 104 105 106 107 108 109 110 111 112 113 114 115 116 117 118 119 120 121 -1 122 123 124 -1 125 126 127 -1 "
						                coordIndex="0 32 1 -1 1 32 2 -1 2 32 3 -1 3 32 4 -1 4 32 5 -1 5 32 6 -1 6 32 7 -1 7 32 8 -1 8 32 9 -1 9 32 10 -1 10 32 11 -1 11 32 12 -1 12 32 13 -1 13 32 14 -1 14 32 15 -1 15 32 16 -1 16 32 17 -1 17 32 18 -1 18 32 19 -1 19 32 20 -1 20 32 21 -1 21 32 22 -1 22 32 23 -1 23 32 24 -1 24 32 25 -1 25 32 26 -1 26 32 27 -1 27 32 28 -1 28 32 29 -1 29 32 30 -1 0 1 2 3 4 5 6 7 8 9 10 11 12 13 14 15 16 17 18 19 20 21 22 23 24 25 26 27 28 29 30 31 -1 30 32 31 -1 31 32 0 -1 "
						                >
							<Coordinate DEF="coords_ME_Shape_IndexedFaceSet_092"
							            point="0.000000 1.000000 -1.000000 0.195090 0.980785 -1.000000 0.382683 0.923880 -1.000000 0.555570 0.831470 -1.000000 0.707107 0.707107 -1.000000 0.831470 0.555570 -1.000000 0.923880 0.382683 -1.000000 0.980785 0.195090 -1.000000 1.000000 0.000000 -1.000000 0.980785 -0.195090 -1.000000 0.923880 -0.382683 -1.000000 0.831470 -0.555570 -1.000000 0.707107 -0.707107 -1.000000 0.555570 -0.831470 -1.000000 0.382683 -0.923880 -1.000000 0.195090 -0.980785 -1.000000 0.000000 -1.000000 -1.000000 -0.195090 -0.980785 -1.000000 -0.382683 -0.923880 -1.000000 -0.555570 -0.831470 -1.000000 -0.707107 -0.707107 -1.000000 -0.831470 -0.555570 -1.000000 -0.923880 -0.382683 -1.000000 -0.980785 -0.195090 -1.000000 -1.000000 0.000000 -1.000000 -0.980785 0.195090 -1.000000 -0.923880 0.382683 -1.000000 -0.831470 0.555570 -1.000000 -0.707107 0.707107 -1.000000 -0.555570 0.831470 -1.000000 -0.382683 0.923880 -1.000000 -0.195090 0.980785 -1.000000 0.000000 0.000000 1.000000 "
							            />
							<TextureCoordinate point="0.2500 0.4900 0.2500 0.2500 0.2968 0.4854 0.2968 0.4854 0.2500 0.2500 0.3418 0.4717 0.3418 0.4717 0.2500 0.2500 0.3833 0.4496 0.3833 0.4496 0.2500 0.2500 0.4197 0.4197 0.4197 0.4197 0.2500 0.2500 0.4496 0.3833 0.4496 0.3833 0.2500 0.2500 0.4717 0.3418 0.4717 0.3418 0.2500 0.2500 0.4854 0.2968 0.4854 0.2968 0.2500 0.2500 0.4900 0.2500 0.4900 0.2500 0.2500 0.2500 0.4854 0.2032 0.4854 0.2032 0.2500 0.2500 0.4717 0.1582 0.4717 0.1582 0.2500 0.2500 0.4496 0.1167 0.4496 0.1167 0.2500 0.2500 0.4197 0.0803 0.4197 0.0803 0.2500 0.2500 0.3833 0.0504 0.3833 0.0504 0.2500 0.2500 0.3418 0.0283 0.3418 0.0283 0.2500 0.2500 0.2968 0.0146 0.2968 0.0146 0.2500 0.2500 0.2500 0.0100 0.2500 0.0100 0.2500 0.2500 0.2032 0.0146 0.2032 0.0146 0.2500 0.2500 0.1582 0.0283 0.1582 0.0283 0.2500 0.2500 0.1167 0.0504 0.1167 0.0504 0.2500 0.2500 0.0803 0.0803 0.0803 0.0803 0.2500 0.2500 0.0504 0.1167 0.0504 0.1167 0.2500 0.2500 0.0283 0.1582 0.0283 0.1582 0.2500 0.2500 0.0146 0.2032 0.0146 0.2032 0.2500 0.2500 0.0100 0.2500 0.0100 0.2500 0.2500 0.2500 0.0146 0.2968 0.0146 0.2968 0.2500 0.2500 0.0283 0.3418 0.0283 0.3418 0.2500 0.2500 0.0504 0.3833 0.0504 0.3833 0.2500 0.2500 0.0803 0.4197 0.0803 0.4197 0.2500 0.2500 0.1167 0.4496 0.1167 0.4496 0.2500 0.2500 0.1582 0.4717 0.7500 0.4900 0.7968 0.4854 0.8418 0.4717 0.8833 0.4496 0.9197 0.4197 0.9496 0.3833 0.9717 0.3418 0.9854 0.2968 0.9900 0.2500 0.9854 0.2032 0.9717 0.1582 0.9496 0.1167 0.9197 0.0803 0.8833 0.0504 0.8418 0.0283 0.7968 0.0146 0.7500 0.0100 0.7032 0.0146 0.6582 0.0283 0.6167 0.0504 0.5803 0.0803 0.5504 0.1167 0.5283 0.1582 0.5146 0.2032 0.5100 0.2500 0.5146 0.2968 0.5283 0.3418 0.5504 0.3833 0.5803 0.4197 0.6167 0.4496 0.6582 0.4717 0.7032 0.4854 0.1582 0.4717 0.2500 0.2500 0.2032 0.4854 0.2032 0.4854 0.2500 0.2500 0.2500 0.4900 " />
						</IndexedFaceSet>
					</Shape>
				</Group>
			</Transform>
		</Transform>
		<Transform DEF="Shape_IndexedFaceSet_075_TRANSFORM"
		           translation="69.566826 -3.799278 -267.807709"
		           scale="21.345579 21.345579 23.976524"
		           rotation="-0.637633 0.544713 0.544713 2.006328"
		           >
			<Transform DEF="Shape_IndexedFaceSet_075_ifs_TRANSFORM"
			           translation="0.000000 0.000000 -0.000000"
			           scale="1.000000 1.000000 1.000000"
			           rotation="0.000000 0.000000 0.000000 0.000000"
			           >
				<Group DEF="group_ME_Shape_IndexedFaceSet_093">
					<Shape>
						<Appearance>
							<Material DEF="MA_MA_MA_MA_Material_001_008"
							          diffuseColor="0.225 0.225 0.225"
							          specularColor="0.401 0.401 0.401"
							          emissiveColor="0.000 0.000 0.000"
							          ambientIntensity="0.000"
							          shininess="0.500"
							          transparency="0.0"
							          />
						</Appearance>
						<IndexedFaceSet solid="false"
						                texCoordIndex="0 1 2 -1 3 4 5 -1 6 7 8 -1 9 10 11 -1 12 13 14 -1 15 16 17 -1 18 19 20 -1 21 22 23 -1 24 25 26 -1 27 28 29 -1 30 31 32 -1 33 34 35 -1 36 37 38 -1 39 40 41 -1 42 43 44 -1 45 46 47 -1 48 49 50 -1 51 52 53 -1 54 55 56 -1 57 58 59 -1 60 61 62 -1 63 64 65 -1 66 67 68 -1 69 70 71 -1 72 73 74 -1 75 76 77 -1 78 79 80 -1 81 82 83 -1 84 85 86 -1 87 88 89 -1 90 91 92 93 94 95 96 97 98 99 100 101 102 103 104 105 106 107 108 109 110 111 112 113 114 115 116 117 118 119 120 121 -1 122 123 124 -1 125 126 127 -1 "
						                coordIndex="0 32 1 -1 1 32 2 -1 2 32 3 -1 3 32 4 -1 4 32 5 -1 5 32 6 -1 6 32 7 -1 7 32 8 -1 8 32 9 -1 9 32 10 -1 10 32 11 -1 11 32 12 -1 12 32 13 -1 13 32 14 -1 14 32 15 -1 15 32 16 -1 16 32 17 -1 17 32 18 -1 18 32 19 -1 19 32 20 -1 20 32 21 -1 21 32 22 -1 22 32 23 -1 23 32 24 -1 24 32 25 -1 25 32 26 -1 26 32 27 -1 27 32 28 -1 28 32 29 -1 29 32 30 -1 0 1 2 3 4 5 6 7 8 9 10 11 12 13 14 15 16 17 18 19 20 21 22 23 24 25 26 27 28 29 30 31 -1 30 32 31 -1 31 32 0 -1 "
						                >
							<Coordinate DEF="coords_ME_Shape_IndexedFaceSet_093"
							            point="0.000000 1.000000 -1.000000 0.195090 0.980785 -1.000000 0.382683 0.923880 -1.000000 0.555570 0.831470 -1.000000 0.707107 0.707107 -1.000000 0.831470 0.555570 -1.000000 0.923880 0.382683 -1.000000 0.980785 0.195090 -1.000000 1.000000 0.000000 -1.000000 0.980785 -0.195090 -1.000000 0.923880 -0.382683 -1.000000 0.831470 -0.555570 -1.000000 0.707107 -0.707107 -1.000000 0.555570 -0.831470 -1.000000 0.382683 -0.923880 -1.000000 0.195090 -0.980785 -1.000000 0.000000 -1.000000 -1.000000 -0.195090 -0.980785 -1.000000 -0.382683 -0.923880 -1.000000 -0.555570 -0.831470 -1.000000 -0.707107 -0.707107 -1.000000 -0.831470 -0.555570 -1.000000 -0.923880 -0.382683 -1.000000 -0.980785 -0.195090 -1.000000 -1.000000 0.000000 -1.000000 -0.980785 0.195090 -1.000000 -0.923880 0.382683 -1.000000 -0.831470 0.555570 -1.000000 -0.707107 0.707107 -1.000000 -0.555570 0.831470 -1.000000 -0.382683 0.923880 -1.000000 -0.195090 0.980785 -1.000000 0.000000 0.000000 1.000000 "
							            />
							<TextureCoordinate point="0.2500 0.4900 0.2500 0.2500 0.2968 0.4854 0.2968 0.4854 0.2500 0.2500 0.3418 0.4717 0.3418 0.4717 0.2500 0.2500 0.3833 0.4496 0.3833 0.4496 0.2500 0.2500 0.4197 0.4197 0.4197 0.4197 0.2500 0.2500 0.4496 0.3833 0.4496 0.3833 0.2500 0.2500 0.4717 0.3418 0.4717 0.3418 0.2500 0.2500 0.4854 0.2968 0.4854 0.2968 0.2500 0.2500 0.4900 0.2500 0.4900 0.2500 0.2500 0.2500 0.4854 0.2032 0.4854 0.2032 0.2500 0.2500 0.4717 0.1582 0.4717 0.1582 0.2500 0.2500 0.4496 0.1167 0.4496 0.1167 0.2500 0.2500 0.4197 0.0803 0.4197 0.0803 0.2500 0.2500 0.3833 0.0504 0.3833 0.0504 0.2500 0.2500 0.3418 0.0283 0.3418 0.0283 0.2500 0.2500 0.2968 0.0146 0.2968 0.0146 0.2500 0.2500 0.2500 0.0100 0.2500 0.0100 0.2500 0.2500 0.2032 0.0146 0.2032 0.0146 0.2500 0.2500 0.1582 0.0283 0.1582 0.0283 0.2500 0.2500 0.1167 0.0504 0.1167 0.0504 0.2500 0.2500 0.0803 0.0803 0.0803 0.0803 0.2500 0.2500 0.0504 0.1167 0.0504 0.1167 0.2500 0.2500 0.0283 0.1582 0.0283 0.1582 0.2500 0.2500 0.0146 0.2032 0.0146 0.2032 0.2500 0.2500 0.0100 0.2500 0.0100 0.2500 0.2500 0.2500 0.0146 0.2968 0.0146 0.2968 0.2500 0.2500 0.0283 0.3418 0.0283 0.3418 0.2500 0.2500 0.0504 0.3833 0.0504 0.3833 0.2500 0.2500 0.0803 0.4197 0.0803 0.4197 0.2500 0.2500 0.1167 0.4496 0.1167 0.4496 0.2500 0.2500 0.1582 0.4717 0.7500 0.4900 0.7968 0.4854 0.8418 0.4717 0.8833 0.4496 0.9197 0.4197 0.9496 0.3833 0.9717 0.3418 0.9854 0.2968 0.9900 0.2500 0.9854 0.2032 0.9717 0.1582 0.9496 0.1167 0.9197 0.0803 0.8833 0.0504 0.8418 0.0283 0.7968 0.0146 0.7500 0.0100 0.7032 0.0146 0.6582 0.0283 0.6167 0.0504 0.5803 0.0803 0.5504 0.1167 0.5283 0.1582 0.5146 0.2032 0.5100 0.2500 0.5146 0.2968 0.5283 0.3418 0.5504 0.3833 0.5803 0.4197 0.6167 0.4496 0.6582 0.4717 0.7032 0.4854 0.1582 0.4717 0.2500 0.2500 0.2032 0.4854 0.2032 0.4854 0.2500 0.2500 0.2500 0.4900 " />
						</IndexedFaceSet>
					</Shape>
				</Group>
			</Transform>
		</Transform>
		<Transform DEF="Shape_IndexedFaceSet_077_TRANSFORM"
		           translation="113.311981 -13.527124 -251.125916"
		           scale="31.963259 30.502314 35.944000"
		           rotation="-0.637633 0.544713 0.544713 2.006328"
		           >
			<Transform DEF="Shape_IndexedFaceSet_077_ifs_TRANSFORM"
			           translation="-0.000000 0.000000 -0.000000"
			           scale="1.000000 1.000000 1.000000"
			           rotation="-0.000000 -0.000000 0.000000 0.000000"
			           >
				<Group DEF="group_ME_Shape_IndexedFaceSet_095">
					<Shape>
						<Appearance>
							<Material DEF="MA_MA_MA_MA_Material_001_010"
							          diffuseColor="0.225 0.225 0.225"
							          specularColor="0.401 0.401 0.401"
							          emissiveColor="0.000 0.000 0.000"
							          ambientIntensity="0.000"
							          shininess="0.500"
							          transparency="0.0"
							          />
						</Appearance>
						<IndexedFaceSet solid="false"
						                texCoordIndex="0 1 2 -1 3 4 5 -1 6 7 8 -1 9 10 11 -1 12 13 14 -1 15 16 17 -1 18 19 20 -1 21 22 23 -1 24 25 26 -1 27 28 29 -1 30 31 32 -1 33 34 35 -1 36 37 38 -1 39 40 41 -1 42 43 44 -1 45 46 47 -1 48 49 50 -1 51 52 53 -1 54 55 56 -1 57 58 59 -1 60 61 62 -1 63 64 65 -1 66 67 68 -1 69 70 71 -1 72 73 74 -1 75 76 77 -1 78 79 80 -1 81 82 83 -1 84 85 86 -1 87 88 89 -1 90 91 92 93 94 95 96 97 98 99 100 101 102 103 104 105 106 107 108 109 110 111 112 113 114 115 116 117 118 119 120 121 -1 122 123 124 -1 125 126 127 -1 "
						                coordIndex="0 32 1 -1 1 32 2 -1 2 32 3 -1 3 32 4 -1 4 32 5 -1 5 32 6 -1 6 32 7 -1 7 32 8 -1 8 32 9 -1 9 32 10 -1 10 32 11 -1 11 32 12 -1 12 32 13 -1 13 32 14 -1 14 32 15 -1 15 32 16 -1 16 32 17 -1 17 32 18 -1 18 32 19 -1 19 32 20 -1 20 32 21 -1 21 32 22 -1 22 32 23 -1 23 32 24 -1 24 32 25 -1 25 32 26 -1 26 32 27 -1 27 32 28 -1 28 32 29 -1 29 32 30 -1 0 1 2 3 4 5 6 7 8 9 10 11 12 13 14 15 16 17 18 19 20 21 22 23 24 25 26 27 28 29 30 31 -1 30 32 31 -1 31 32 0 -1 "
						                >
							<Coordinate DEF="coords_ME_Shape_IndexedFaceSet_095"
							            point="0.000000 1.000000 -1.000000 0.195090 0.980785 -1.000000 0.382683 0.923880 -1.000000 0.555570 0.831470 -1.000000 0.707107 0.707107 -1.000000 0.831470 0.555570 -1.000000 0.923880 0.382683 -1.000000 0.980785 0.195090 -1.000000 1.000000 0.000000 -1.000000 0.980785 -0.195090 -1.000000 0.923880 -0.382683 -1.000000 0.831470 -0.555570 -1.000000 0.707107 -0.707107 -1.000000 0.555570 -0.831470 -1.000000 0.382683 -0.923880 -1.000000 0.195090 -0.980785 -1.000000 0.000000 -1.000000 -1.000000 -0.195090 -0.980785 -1.000000 -0.382683 -0.923880 -1.000000 -0.555570 -0.831470 -1.000000 -0.707107 -0.707107 -1.000000 -0.831470 -0.555570 -1.000000 -0.923880 -0.382683 -1.000000 -0.980785 -0.195090 -1.000000 -1.000000 0.000000 -1.000000 -0.980785 0.195090 -1.000000 -0.923880 0.382683 -1.000000 -0.831470 0.555570 -1.000000 -0.707107 0.707107 -1.000000 -0.555570 0.831470 -1.000000 -0.382683 0.923880 -1.000000 -0.195090 0.980785 -1.000000 0.000000 0.000000 1.000000 "
							            />
							<TextureCoordinate point="0.2500 0.4900 0.2500 0.2500 0.2968 0.4854 0.2968 0.4854 0.2500 0.2500 0.3418 0.4717 0.3418 0.4717 0.2500 0.2500 0.3833 0.4496 0.3833 0.4496 0.2500 0.2500 0.4197 0.4197 0.4197 0.4197 0.2500 0.2500 0.4496 0.3833 0.4496 0.3833 0.2500 0.2500 0.4717 0.3418 0.4717 0.3418 0.2500 0.2500 0.4854 0.2968 0.4854 0.2968 0.2500 0.2500 0.4900 0.2500 0.4900 0.2500 0.2500 0.2500 0.4854 0.2032 0.4854 0.2032 0.2500 0.2500 0.4717 0.1582 0.4717 0.1582 0.2500 0.2500 0.4496 0.1167 0.4496 0.1167 0.2500 0.2500 0.4197 0.0803 0.4197 0.0803 0.2500 0.2500 0.3833 0.0504 0.3833 0.0504 0.2500 0.2500 0.3418 0.0283 0.3418 0.0283 0.2500 0.2500 0.2968 0.0146 0.2968 0.0146 0.2500 0.2500 0.2500 0.0100 0.2500 0.0100 0.2500 0.2500 0.2032 0.0146 0.2032 0.0146 0.2500 0.2500 0.1582 0.0283 0.1582 0.0283 0.2500 0.2500 0.1167 0.0504 0.1167 0.0504 0.2500 0.2500 0.0803 0.0803 0.0803 0.0803 0.2500 0.2500 0.0504 0.1167 0.0504 0.1167 0.2500 0.2500 0.0283 0.1582 0.0283 0.1582 0.2500 0.2500 0.0146 0.2032 0.0146 0.2032 0.2500 0.2500 0.0100 0.2500 0.0100 0.2500 0.2500 0.2500 0.0146 0.2968 0.0146 0.2968 0.2500 0.2500 0.0283 0.3418 0.0283 0.3418 0.2500 0.2500 0.0504 0.3833 0.0504 0.3833 0.2500 0.2500 0.0803 0.4197 0.0803 0.4197 0.2500 0.2500 0.1167 0.4496 0.1167 0.4496 0.2500 0.2500 0.1582 0.4717 0.7500 0.4900 0.7968 0.4854 0.8418 0.4717 0.8833 0.4496 0.9197 0.4197 0.9496 0.3833 0.9717 0.3418 0.9854 0.2968 0.9900 0.2500 0.9854 0.2032 0.9717 0.1582 0.9496 0.1167 0.9197 0.0803 0.8833 0.0504 0.8418 0.0283 0.7968 0.0146 0.7500 0.0100 0.7032 0.0146 0.6582 0.0283 0.6167 0.0504 0.5803 0.0803 0.5504 0.1167 0.5283 0.1582 0.5146 0.2032 0.5100 0.2500 0.5146 0.2968 0.5283 0.3418 0.5504 0.3833 0.5803 0.4197 0.6167 0.4496 0.6582 0.4717 0.7032 0.4854 0.1582 0.4717 0.2500 0.2500 0.2032 0.4854 0.2032 0.4854 0.2500 0.2500 0.2500 0.4900 " />
						</IndexedFaceSet>
					</Shape>
				</Group>
			</Transform>
		</Transform>
		<Transform DEF="Shape_IndexedFaceSet_086_TRANSFORM"
		           translation="-10.870663 -4.082826 -236.180374"
		           scale="21.345579 21.345579 23.976524"
		           rotation="-0.637633 0.544713 0.544713 2.006328"
		           >
			<Transform DEF="Shape_IndexedFaceSet_086_ifs_TRANSFORM"
			           translation="-0.000001 0.000000 -0.000000"
			           scale="1.000000 1.000000 1.000000"
			           rotation="0.000000 0.000000 0.000000 0.000000"
			           >
				<Group DEF="group_ME_Shape_IndexedFaceSet_104">
					<Shape>
						<Appearance>
							<Material DEF="MA_MA_MA_MA_Material_001_019"
							          diffuseColor="0.225 0.225 0.225"
							          specularColor="0.401 0.401 0.401"
							          emissiveColor="0.000 0.000 0.000"
							          ambientIntensity="0.000"
							          shininess="0.500"
							          transparency="0.0"
							          />
						</Appearance>
						<IndexedFaceSet solid="false"
						                texCoordIndex="0 1 2 -1 3 4 5 -1 6 7 8 -1 9 10 11 -1 12 13 14 -1 15 16 17 -1 18 19 20 -1 21 22 23 -1 24 25 26 -1 27 28 29 -1 30 31 32 -1 33 34 35 -1 36 37 38 -1 39 40 41 -1 42 43 44 -1 45 46 47 -1 48 49 50 -1 51 52 53 -1 54 55 56 -1 57 58 59 -1 60 61 62 -1 63 64 65 -1 66 67 68 -1 69 70 71 -1 72 73 74 -1 75 76 77 -1 78 79 80 -1 81 82 83 -1 84 85 86 -1 87 88 89 -1 90 91 92 93 94 95 96 97 98 99 100 101 102 103 104 105 106 107 108 109 110 111 112 113 114 115 116 117 118 119 120 121 -1 122 123 124 -1 125 126 127 -1 "
						                coordIndex="0 32 1 -1 1 32 2 -1 2 32 3 -1 3 32 4 -1 4 32 5 -1 5 32 6 -1 6 32 7 -1 7 32 8 -1 8 32 9 -1 9 32 10 -1 10 32 11 -1 11 32 12 -1 12 32 13 -1 13 32 14 -1 14 32 15 -1 15 32 16 -1 16 32 17 -1 17 32 18 -1 18 32 19 -1 19 32 20 -1 20 32 21 -1 21 32 22 -1 22 32 23 -1 23 32 24 -1 24 32 25 -1 25 32 26 -1 26 32 27 -1 27 32 28 -1 28 32 29 -1 29 32 30 -1 0 1 2 3 4 5 6 7 8 9 10 11 12 13 14 15 16 17 18 19 20 21 22 23 24 25 26 27 28 29 30 31 -1 30 32 31 -1 31 32 0 -1 "
						                >
							<Coordinate DEF="coords_ME_Shape_IndexedFaceSet_104"
							            point="0.000000 1.000000 -1.000000 0.195090 0.980785 -1.000000 0.382683 0.923880 -1.000000 0.555570 0.831470 -1.000000 0.707107 0.707107 -1.000000 0.831470 0.555570 -1.000000 0.923880 0.382683 -1.000000 0.980785 0.195090 -1.000000 1.000000 0.000000 -1.000000 0.980785 -0.195090 -1.000000 0.923880 -0.382683 -1.000000 0.831470 -0.555570 -1.000000 0.707107 -0.707107 -1.000000 0.555570 -0.831470 -1.000000 0.382683 -0.923880 -1.000000 0.195090 -0.980785 -1.000000 0.000000 -1.000000 -1.000000 -0.195090 -0.980785 -1.000000 -0.382683 -0.923880 -1.000000 -0.555570 -0.831470 -1.000000 -0.707107 -0.707107 -1.000000 -0.831470 -0.555570 -1.000000 -0.923880 -0.382683 -1.000000 -0.980785 -0.195090 -1.000000 -1.000000 0.000000 -1.000000 -0.980785 0.195090 -1.000000 -0.923880 0.382683 -1.000000 -0.831470 0.555570 -1.000000 -0.707107 0.707107 -1.000000 -0.555570 0.831470 -1.000000 -0.382683 0.923880 -1.000000 -0.195090 0.980785 -1.000000 0.000000 0.000000 1.000000 "
							            />
							<TextureCoordinate point="0.2500 0.4900 0.2500 0.2500 0.2968 0.4854 0.2968 0.4854 0.2500 0.2500 0.3418 0.4717 0.3418 0.4717 0.2500 0.2500 0.3833 0.4496 0.3833 0.4496 0.2500 0.2500 0.4197 0.4197 0.4197 0.4197 0.2500 0.2500 0.4496 0.3833 0.4496 0.3833 0.2500 0.2500 0.4717 0.3418 0.4717 0.3418 0.2500 0.2500 0.4854 0.2968 0.4854 0.2968 0.2500 0.2500 0.4900 0.2500 0.4900 0.2500 0.2500 0.2500 0.4854 0.2032 0.4854 0.2032 0.2500 0.2500 0.4717 0.1582 0.4717 0.1582 0.2500 0.2500 0.4496 0.1167 0.4496 0.1167 0.2500 0.2500 0.4197 0.0803 0.4197 0.0803 0.2500 0.2500 0.3833 0.0504 0.3833 0.0504 0.2500 0.2500 0.3418 0.0283 0.3418 0.0283 0.2500 0.2500 0.2968 0.0146 0.2968 0.0146 0.2500 0.2500 0.2500 0.0100 0.2500 0.0100 0.2500 0.2500 0.2032 0.0146 0.2032 0.0146 0.2500 0.2500 0.1582 0.0283 0.1582 0.0283 0.2500 0.2500 0.1167 0.0504 0.1167 0.0504 0.2500 0.2500 0.0803 0.0803 0.0803 0.0803 0.2500 0.2500 0.0504 0.1167 0.0504 0.1167 0.2500 0.2500 0.0283 0.1582 0.0283 0.1582 0.2500 0.2500 0.0146 0.2032 0.0146 0.2032 0.2500 0.2500 0.0100 0.2500 0.0100 0.2500 0.2500 0.2500 0.0146 0.2968 0.0146 0.2968 0.2500 0.2500 0.0283 0.3418 0.0283 0.3418 0.2500 0.2500 0.0504 0.3833 0.0504 0.3833 0.2500 0.2500 0.0803 0.4197 0.0803 0.4197 0.2500 0.2500 0.1167 0.4496 0.1167 0.4496 0.2500 0.2500 0.1582 0.4717 0.7500 0.4900 0.7968 0.4854 0.8418 0.4717 0.8833 0.4496 0.9197 0.4197 0.9496 0.3833 0.9717 0.3418 0.9854 0.2968 0.9900 0.2500 0.9854 0.2032 0.9717 0.1582 0.9496 0.1167 0.9197 0.0803 0.8833 0.0504 0.8418 0.0283 0.7968 0.0146 0.7500 0.0100 0.7032 0.0146 0.6582 0.0283 0.6167 0.0504 0.5803 0.0803 0.5504 0.1167 0.5283 0.1582 0.5146 0.2032 0.5100 0.2500 0.5146 0.2968 0.5283 0.3418 0.5504 0.3833 0.5803 0.4197 0.6167 0.4496 0.6582 0.4717 0.7032 0.4854 0.1582 0.4717 0.2500 0.2500 0.2032 0.4854 0.2032 0.4854 0.2500 0.2500 0.2500 0.4900 " />
						</IndexedFaceSet>
					</Shape>
				</Group>
			</Transform>
		</Transform>
		<Transform DEF="Shape_IndexedFaceSet_087_TRANSFORM"
		           translation="-6.901304 -2.910087 -192.537689"
		           scale="21.345579 21.345579 23.976524"
		           rotation="-0.637633 0.544713 0.544713 2.006328"
		           >
			<Transform DEF="Shape_IndexedFaceSet_087_ifs_TRANSFORM"
			           translation="-0.000000 0.000000 0.000000"
			           scale="1.000000 1.000000 1.000000"
			           rotation="0.000000 0.000000 0.000000 0.000000"
			           >
				<Group DEF="group_ME_Shape_IndexedFaceSet_105">
					<Shape>
						<Appearance>
							<Material DEF="MA_MA_MA_MA_Material_001_020"
							          diffuseColor="0.225 0.225 0.225"
							          specularColor="0.401 0.401 0.401"
							          emissiveColor="0.000 0.000 0.000"
							          ambientIntensity="0.000"
							          shininess="0.500"
							          transparency="0.0"
							          />
						</Appearance>
						<IndexedFaceSet solid="false"
						                texCoordIndex="0 1 2 -1 3 4 5 -1 6 7 8 -1 9 10 11 -1 12 13 14 -1 15 16 17 -1 18 19 20 -1 21 22 23 -1 24 25 26 -1 27 28 29 -1 30 31 32 -1 33 34 35 -1 36 37 38 -1 39 40 41 -1 42 43 44 -1 45 46 47 -1 48 49 50 -1 51 52 53 -1 54 55 56 -1 57 58 59 -1 60 61 62 -1 63 64 65 -1 66 67 68 -1 69 70 71 -1 72 73 74 -1 75 76 77 -1 78 79 80 -1 81 82 83 -1 84 85 86 -1 87 88 89 -1 90 91 92 93 94 95 96 97 98 99 100 101 102 103 104 105 106 107 108 109 110 111 112 113 114 115 116 117 118 119 120 121 -1 122 123 124 -1 125 126 127 -1 "
						                coordIndex="0 32 1 -1 1 32 2 -1 2 32 3 -1 3 32 4 -1 4 32 5 -1 5 32 6 -1 6 32 7 -1 7 32 8 -1 8 32 9 -1 9 32 10 -1 10 32 11 -1 11 32 12 -1 12 32 13 -1 13 32 14 -1 14 32 15 -1 15 32 16 -1 16 32 17 -1 17 32 18 -1 18 32 19 -1 19 32 20 -1 20 32 21 -1 21 32 22 -1 22 32 23 -1 23 32 24 -1 24 32 25 -1 25 32 26 -1 26 32 27 -1 27 32 28 -1 28 32 29 -1 29 32 30 -1 0 1 2 3 4 5 6 7 8 9 10 11 12 13 14 15 16 17 18 19 20 21 22 23 24 25 26 27 28 29 30 31 -1 30 32 31 -1 31 32 0 -1 "
						                >
							<Coordinate DEF="coords_ME_Shape_IndexedFaceSet_105"
							            point="0.000000 1.000000 -1.000000 0.195090 0.980785 -1.000000 0.382683 0.923880 -1.000000 0.555570 0.831470 -1.000000 0.707107 0.707107 -1.000000 0.831470 0.555570 -1.000000 0.923880 0.382683 -1.000000 0.980785 0.195090 -1.000000 1.000000 0.000000 -1.000000 0.980785 -0.195090 -1.000000 0.923880 -0.382683 -1.000000 0.831470 -0.555570 -1.000000 0.707107 -0.707107 -1.000000 0.555570 -0.831470 -1.000000 0.382683 -0.923880 -1.000000 0.195090 -0.980785 -1.000000 0.000000 -1.000000 -1.000000 -0.195090 -0.980785 -1.000000 -0.382683 -0.923880 -1.000000 -0.555570 -0.831470 -1.000000 -0.707107 -0.707107 -1.000000 -0.831470 -0.555570 -1.000000 -0.923880 -0.382683 -1.000000 -0.980785 -0.195090 -1.000000 -1.000000 0.000000 -1.000000 -0.980785 0.195090 -1.000000 -0.923880 0.382683 -1.000000 -0.831470 0.555570 -1.000000 -0.707107 0.707107 -1.000000 -0.555570 0.831470 -1.000000 -0.382683 0.923880 -1.000000 -0.195090 0.980785 -1.000000 0.000000 0.000000 1.000000 "
							            />
							<TextureCoordinate point="0.2500 0.4900 0.2500 0.2500 0.2968 0.4854 0.2968 0.4854 0.2500 0.2500 0.3418 0.4717 0.3418 0.4717 0.2500 0.2500 0.3833 0.4496 0.3833 0.4496 0.2500 0.2500 0.4197 0.4197 0.4197 0.4197 0.2500 0.2500 0.4496 0.3833 0.4496 0.3833 0.2500 0.2500 0.4717 0.3418 0.4717 0.3418 0.2500 0.2500 0.4854 0.2968 0.4854 0.2968 0.2500 0.2500 0.4900 0.2500 0.4900 0.2500 0.2500 0.2500 0.4854 0.2032 0.4854 0.2032 0.2500 0.2500 0.4717 0.1582 0.4717 0.1582 0.2500 0.2500 0.4496 0.1167 0.4496 0.1167 0.2500 0.2500 0.4197 0.0803 0.4197 0.0803 0.2500 0.2500 0.3833 0.0504 0.3833 0.0504 0.2500 0.2500 0.3418 0.0283 0.3418 0.0283 0.2500 0.2500 0.2968 0.0146 0.2968 0.0146 0.2500 0.2500 0.2500 0.0100 0.2500 0.0100 0.2500 0.2500 0.2032 0.0146 0.2032 0.0146 0.2500 0.2500 0.1582 0.0283 0.1582 0.0283 0.2500 0.2500 0.1167 0.0504 0.1167 0.0504 0.2500 0.2500 0.0803 0.0803 0.0803 0.0803 0.2500 0.2500 0.0504 0.1167 0.0504 0.1167 0.2500 0.2500 0.0283 0.1582 0.0283 0.1582 0.2500 0.2500 0.0146 0.2032 0.0146 0.2032 0.2500 0.2500 0.0100 0.2500 0.0100 0.2500 0.2500 0.2500 0.0146 0.2968 0.0146 0.2968 0.2500 0.2500 0.0283 0.3418 0.0283 0.3418 0.2500 0.2500 0.0504 0.3833 0.0504 0.3833 0.2500 0.2500 0.0803 0.4197 0.0803 0.4197 0.2500 0.2500 0.1167 0.4496 0.1167 0.4496 0.2500 0.2500 0.1582 0.4717 0.7500 0.4900 0.7968 0.4854 0.8418 0.4717 0.8833 0.4496 0.9197 0.4197 0.9496 0.3833 0.9717 0.3418 0.9854 0.2968 0.9900 0.2500 0.9854 0.2032 0.9717 0.1582 0.9496 0.1167 0.9197 0.0803 0.8833 0.0504 0.8418 0.0283 0.7968 0.0146 0.7500 0.0100 0.7032 0.0146 0.6582 0.0283 0.6167 0.0504 0.5803 0.0803 0.5504 0.1167 0.5283 0.1582 0.5146 0.2032 0.5100 0.2500 0.5146 0.2968 0.5283 0.3418 0.5504 0.3833 0.5803 0.4197 0.6167 0.4496 0.6582 0.4717 0.7032 0.4854 0.1582 0.4717 0.2500 0.2500 0.2032 0.4854 0.2032 0.4854 0.2500 0.2500 0.2500 0.4900 " />
						</IndexedFaceSet>
					</Shape>
				</Group>
			</Transform>
		</Transform>
		<Transform DEF="Shape_IndexedFaceSet_088_TRANSFORM"
		           translation="6.202240 0.608130 -70.382477"
		           scale="14.540867 14.540867 16.333097"
		           rotation="-0.637633 0.544713 0.544713 2.006328"
		           >
			<Transform DEF="Shape_IndexedFaceSet_088_ifs_TRANSFORM"
			           translation="0.000000 0.000000 0.000000"
			           scale="1.000000 1.000000 1.000000"
			           rotation="-0.000000 0.000000 -0.000000 0.000000"
			           >
				<Group DEF="group_ME_Shape_IndexedFaceSet_106">
					<Shape>
						<Appearance>
							<Material DEF="MA_MA_MA_MA_Material_001_021"
							          diffuseColor="0.225 0.225 0.225"
							          specularColor="0.401 0.401 0.401"
							          emissiveColor="0.000 0.000 0.000"
							          ambientIntensity="0.000"
							          shininess="0.500"
							          transparency="0.0"
							          />
						</Appearance>
						<IndexedFaceSet solid="false"
						                texCoordIndex="0 1 2 -1 3 4 5 -1 6 7 8 -1 9 10 11 -1 12 13 14 -1 15 16 17 -1 18 19 20 -1 21 22 23 -1 24 25 26 -1 27 28 29 -1 30 31 32 -1 33 34 35 -1 36 37 38 -1 39 40 41 -1 42 43 44 -1 45 46 47 -1 48 49 50 -1 51 52 53 -1 54 55 56 -1 57 58 59 -1 60 61 62 -1 63 64 65 -1 66 67 68 -1 69 70 71 -1 72 73 74 -1 75 76 77 -1 78 79 80 -1 81 82 83 -1 84 85 86 -1 87 88 89 -1 90 91 92 93 94 95 96 97 98 99 100 101 102 103 104 105 106 107 108 109 110 111 112 113 114 115 116 117 118 119 120 121 -1 122 123 124 -1 125 126 127 -1 "
						                coordIndex="0 32 1 -1 1 32 2 -1 2 32 3 -1 3 32 4 -1 4 32 5 -1 5 32 6 -1 6 32 7 -1 7 32 8 -1 8 32 9 -1 9 32 10 -1 10 32 11 -1 11 32 12 -1 12 32 13 -1 13 32 14 -1 14 32 15 -1 15 32 16 -1 16 32 17 -1 17 32 18 -1 18 32 19 -1 19 32 20 -1 20 32 21 -1 21 32 22 -1 22 32 23 -1 23 32 24 -1 24 32 25 -1 25 32 26 -1 26 32 27 -1 27 32 28 -1 28 32 29 -1 29 32 30 -1 0 1 2 3 4 5 6 7 8 9 10 11 12 13 14 15 16 17 18 19 20 21 22 23 24 25 26 27 28 29 30 31 -1 30 32 31 -1 31 32 0 -1 "
						                >
							<Coordinate DEF="coords_ME_Shape_IndexedFaceSet_106"
							            point="0.000000 1.000000 -1.000000 0.195090 0.980785 -1.000000 0.382683 0.923880 -1.000000 0.555570 0.831470 -1.000000 0.707107 0.707107 -1.000000 0.831470 0.555570 -1.000000 0.923880 0.382683 -1.000000 0.980785 0.195090 -1.000000 1.000000 0.000000 -1.000000 0.980785 -0.195090 -1.000000 0.923880 -0.382683 -1.000000 0.831470 -0.555570 -1.000000 0.707107 -0.707107 -1.000000 0.555570 -0.831470 -1.000000 0.382683 -0.923880 -1.000000 0.195090 -0.980785 -1.000000 0.000000 -1.000000 -1.000000 -0.195090 -0.980785 -1.000000 -0.382683 -0.923880 -1.000000 -0.555570 -0.831470 -1.000000 -0.707107 -0.707107 -1.000000 -0.831470 -0.555570 -1.000000 -0.923880 -0.382683 -1.000000 -0.980785 -0.195090 -1.000000 -1.000000 0.000000 -1.000000 -0.980785 0.195090 -1.000000 -0.923880 0.382683 -1.000000 -0.831470 0.555570 -1.000000 -0.707107 0.707107 -1.000000 -0.555570 0.831470 -1.000000 -0.382683 0.923880 -1.000000 -0.195090 0.980785 -1.000000 0.000000 0.000000 1.000000 "
							            />
							<TextureCoordinate point="0.2500 0.4900 0.2500 0.2500 0.2968 0.4854 0.2968 0.4854 0.2500 0.2500 0.3418 0.4717 0.3418 0.4717 0.2500 0.2500 0.3833 0.4496 0.3833 0.4496 0.2500 0.2500 0.4197 0.4197 0.4197 0.4197 0.2500 0.2500 0.4496 0.3833 0.4496 0.3833 0.2500 0.2500 0.4717 0.3418 0.4717 0.3418 0.2500 0.2500 0.4854 0.2968 0.4854 0.2968 0.2500 0.2500 0.4900 0.2500 0.4900 0.2500 0.2500 0.2500 0.4854 0.2032 0.4854 0.2032 0.2500 0.2500 0.4717 0.1582 0.4717 0.1582 0.2500 0.2500 0.4496 0.1167 0.4496 0.1167 0.2500 0.2500 0.4197 0.0803 0.4197 0.0803 0.2500 0.2500 0.3833 0.0504 0.3833 0.0504 0.2500 0.2500 0.3418 0.0283 0.3418 0.0283 0.2500 0.2500 0.2968 0.0146 0.2968 0.0146 0.2500 0.2500 0.2500 0.0100 0.2500 0.0100 0.2500 0.2500 0.2032 0.0146 0.2032 0.0146 0.2500 0.2500 0.1582 0.0283 0.1582 0.0283 0.2500 0.2500 0.1167 0.0504 0.1167 0.0504 0.2500 0.2500 0.0803 0.0803 0.0803 0.0803 0.2500 0.2500 0.0504 0.1167 0.0504 0.1167 0.2500 0.2500 0.0283 0.1582 0.0283 0.1582 0.2500 0.2500 0.0146 0.2032 0.0146 0.2032 0.2500 0.2500 0.0100 0.2500 0.0100 0.2500 0.2500 0.2500 0.0146 0.2968 0.0146 0.2968 0.2500 0.2500 0.0283 0.3418 0.0283 0.3418 0.2500 0.2500 0.0504 0.3833 0.0504 0.3833 0.2500 0.2500 0.0803 0.4197 0.0803 0.4197 0.2500 0.2500 0.1167 0.4496 0.1167 0.4496 0.2500 0.2500 0.1582 0.4717 0.7500 0.4900 0.7968 0.4854 0.8418 0.4717 0.8833 0.4496 0.9197 0.4197 0.9496 0.3833 0.9717 0.3418 0.9854 0.2968 0.9900 0.2500 0.9854 0.2032 0.9717 0.1582 0.9496 0.1167 0.9197 0.0803 0.8833 0.0504 0.8418 0.0283 0.7968 0.0146 0.7500 0.0100 0.7032 0.0146 0.6582 0.0283 0.6167 0.0504 0.5803 0.0803 0.5504 0.1167 0.5283 0.1582 0.5146 0.2032 0.5100 0.2500 0.5146 0.2968 0.5283 0.3418 0.5504 0.3833 0.5803 0.4197 0.6167 0.4496 0.6582 0.4717 0.7032 0.4854 0.1582 0.4717 0.2500 0.2500 0.2032 0.4854 0.2032 0.4854 0.2500 0.2500 0.2500 0.4900 " />
						</IndexedFaceSet>
					</Shape>
				</Group>
			</Transform>
		</Transform>
		<Transform DEF="Shape_IndexedFaceSet_089_TRANSFORM"
		           translation="3.538536 -0.873223 -142.756805"
		           scale="14.540867 14.540867 16.333097"
		           rotation="-0.637633 0.544713 0.544713 2.006328"
		           >
			<Transform DEF="Shape_IndexedFaceSet_089_ifs_TRANSFORM"
			           translation="-0.000000 -0.000000 -0.000000"
			           scale="1.000000 1.000000 1.000000"
			           rotation="-0.000000 0.000000 -0.000000 0.000000"
			           >
				<Group DEF="group_ME_Shape_IndexedFaceSet_107">
					<Shape>
						<Appearance>
							<Material DEF="MA_MA_MA_MA_Material_001_022"
							          diffuseColor="0.225 0.225 0.225"
							          specularColor="0.401 0.401 0.401"
							          emissiveColor="0.000 0.000 0.000"
							          ambientIntensity="0.000"
							          shininess="0.500"
							          transparency="0.0"
							          />
						</Appearance>
						<IndexedFaceSet solid="false"
						                texCoordIndex="0 1 2 -1 3 4 5 -1 6 7 8 -1 9 10 11 -1 12 13 14 -1 15 16 17 -1 18 19 20 -1 21 22 23 -1 24 25 26 -1 27 28 29 -1 30 31 32 -1 33 34 35 -1 36 37 38 -1 39 40 41 -1 42 43 44 -1 45 46 47 -1 48 49 50 -1 51 52 53 -1 54 55 56 -1 57 58 59 -1 60 61 62 -1 63 64 65 -1 66 67 68 -1 69 70 71 -1 72 73 74 -1 75 76 77 -1 78 79 80 -1 81 82 83 -1 84 85 86 -1 87 88 89 -1 90 91 92 93 94 95 96 97 98 99 100 101 102 103 104 105 106 107 108 109 110 111 112 113 114 115 116 117 118 119 120 121 -1 122 123 124 -1 125 126 127 -1 "
						                coordIndex="0 32 1 -1 1 32 2 -1 2 32 3 -1 3 32 4 -1 4 32 5 -1 5 32 6 -1 6 32 7 -1 7 32 8 -1 8 32 9 -1 9 32 10 -1 10 32 11 -1 11 32 12 -1 12 32 13 -1 13 32 14 -1 14 32 15 -1 15 32 16 -1 16 32 17 -1 17 32 18 -1 18 32 19 -1 19 32 20 -1 20 32 21 -1 21 32 22 -1 22 32 23 -1 23 32 24 -1 24 32 25 -1 25 32 26 -1 26 32 27 -1 27 32 28 -1 28 32 29 -1 29 32 30 -1 0 1 2 3 4 5 6 7 8 9 10 11 12 13 14 15 16 17 18 19 20 21 22 23 24 25 26 27 28 29 30 31 -1 30 32 31 -1 31 32 0 -1 "
						                >
							<Coordinate DEF="coords_ME_Shape_IndexedFaceSet_107"
							            point="0.000000 1.000000 -1.000000 0.195090 0.980785 -1.000000 0.382683 0.923880 -1.000000 0.555570 0.831470 -1.000000 0.707107 0.707107 -1.000000 0.831470 0.555570 -1.000000 0.923880 0.382683 -1.000000 0.980785 0.195090 -1.000000 1.000000 0.000000 -1.000000 0.980785 -0.195090 -1.000000 0.923880 -0.382683 -1.000000 0.831470 -0.555570 -1.000000 0.707107 -0.707107 -1.000000 0.555570 -0.831470 -1.000000 0.382683 -0.923880 -1.000000 0.195090 -0.980785 -1.000000 0.000000 -1.000000 -1.000000 -0.195090 -0.980785 -1.000000 -0.382683 -0.923880 -1.000000 -0.555570 -0.831470 -1.000000 -0.707107 -0.707107 -1.000000 -0.831470 -0.555570 -1.000000 -0.923880 -0.382683 -1.000000 -0.980785 -0.195090 -1.000000 -1.000000 0.000000 -1.000000 -0.980785 0.195090 -1.000000 -0.923880 0.382683 -1.000000 -0.831470 0.555570 -1.000000 -0.707107 0.707107 -1.000000 -0.555570 0.831470 -1.000000 -0.382683 0.923880 -1.000000 -0.195090 0.980785 -1.000000 0.000000 0.000000 1.000000 "
							            />
							<TextureCoordinate point="0.2500 0.4900 0.2500 0.2500 0.2968 0.4854 0.2968 0.4854 0.2500 0.2500 0.3418 0.4717 0.3418 0.4717 0.2500 0.2500 0.3833 0.4496 0.3833 0.4496 0.2500 0.2500 0.4197 0.4197 0.4197 0.4197 0.2500 0.2500 0.4496 0.3833 0.4496 0.3833 0.2500 0.2500 0.4717 0.3418 0.4717 0.3418 0.2500 0.2500 0.4854 0.2968 0.4854 0.2968 0.2500 0.2500 0.4900 0.2500 0.4900 0.2500 0.2500 0.2500 0.4854 0.2032 0.4854 0.2032 0.2500 0.2500 0.4717 0.1582 0.4717 0.1582 0.2500 0.2500 0.4496 0.1167 0.4496 0.1167 0.2500 0.2500 0.4197 0.0803 0.4197 0.0803 0.2500 0.2500 0.3833 0.0504 0.3833 0.0504 0.2500 0.2500 0.3418 0.0283 0.3418 0.0283 0.2500 0.2500 0.2968 0.0146 0.2968 0.0146 0.2500 0.2500 0.2500 0.0100 0.2500 0.0100 0.2500 0.2500 0.2032 0.0146 0.2032 0.0146 0.2500 0.2500 0.1582 0.0283 0.1582 0.0283 0.2500 0.2500 0.1167 0.0504 0.1167 0.0504 0.2500 0.2500 0.0803 0.0803 0.0803 0.0803 0.2500 0.2500 0.0504 0.1167 0.0504 0.1167 0.2500 0.2500 0.0283 0.1582 0.0283 0.1582 0.2500 0.2500 0.0146 0.2032 0.0146 0.2032 0.2500 0.2500 0.0100 0.2500 0.0100 0.2500 0.2500 0.2500 0.0146 0.2968 0.0146 0.2968 0.2500 0.2500 0.0283 0.3418 0.0283 0.3418 0.2500 0.2500 0.0504 0.3833 0.0504 0.3833 0.2500 0.2500 0.0803 0.4197 0.0803 0.4197 0.2500 0.2500 0.1167 0.4496 0.1167 0.4496 0.2500 0.2500 0.1582 0.4717 0.7500 0.4900 0.7968 0.4854 0.8418 0.4717 0.8833 0.4496 0.9197 0.4197 0.9496 0.3833 0.9717 0.3418 0.9854 0.2968 0.9900 0.2500 0.9854 0.2032 0.9717 0.1582 0.9496 0.1167 0.9197 0.0803 0.8833 0.0504 0.8418 0.0283 0.7968 0.0146 0.7500 0.0100 0.7032 0.0146 0.6582 0.0283 0.6167 0.0504 0.5803 0.0803 0.5504 0.1167 0.5283 0.1582 0.5146 0.2032 0.5100 0.2500 0.5146 0.2968 0.5283 0.3418 0.5504 0.3833 0.5803 0.4197 0.6167 0.4496 0.6582 0.4717 0.7032 0.4854 0.1582 0.4717 0.2500 0.2500 0.2032 0.4854 0.2032 0.4854 0.2500 0.2500 0.2500 0.4900 " />
						</IndexedFaceSet>
					</Shape>
				</Group>
			</Transform>
		</Transform>
	</Scene>
</X3D>