<?xml version="1.0" encoding="UTF-8"?>
<!DOCTYPE X3D PUBLIC "ISO//Web3D//DTD X3D 3.0//EN" "http://www.web3d.org/specifications/x3d-3.0.dtd">
<X3D version="3.0" profile="Immersive" xmlns:xsd="http://www.w3.org/2001/XMLSchema-instance" xsd:noNamespaceSchemaLocation="http://www.web3d.org/specifications/x3d-3.0.xsd">
	<head>
		<meta name="filename" content="walls.x3d" />
		<meta name="generator" content="Blender 4.0.1" />
	</head>
	<Scene>
		<NavigationInfo headlight="true"
		                visibilityLimit="0.0"
		                type='"EXAMINE", "ANY"'
		                avatarSize="0.25, 1.75, 0.75"
		                />
		<Background DEF="WO_World"
		            groundColor="0.051 0.051 0.051"
		            skyColor="0.051 0.051 0.051"
		            />
		<Transform DEF="Camera_TRANSFORM"
		           translation="-7.358891 4.958309 -6.925791"
		           scale="1.000000 1.000000 1.000000"
		           rotation="-0.098233 -0.968789 -0.227591 2.349487"
		           >
			<Viewpoint DEF="CA_Camera"
			           centerOfRotation="0 0 0"
			           position="-0.00 -0.00 0.00"
			           orientation="-0.00 -0.47 -0.88 0.00"
			           fieldOfView="0.691"
			           />
		</Transform>
		<Transform DEF="CA_Camera_TRANSFORM"
		           translation="7.358891 4.958309 6.925791"
		           scale="1.000000 1.000000 1.000000"
		           rotation="-0.468195 0.860207 0.202082 0.930113"
		           >
			<Viewpoint DEF="CA_CA_Camera"
			           centerOfRotation="0 0 0"
			           position="0.00 0.00 -0.00"
			           orientation="0.26 0.93 0.25 0.00"
			           fieldOfView="0.691"
			           />
		</Transform>
		<Transform DEF="CA_CA_Camera_TRANSFORM"
		           translation="7.358891 4.958309 6.925791"
		           scale="1.000000 1.000000 1.000000"
		           rotation="-0.468195 0.860207 0.202082 0.930113"
		           >
			<Viewpoint DEF="CA_CA_CA_Camera"
			           centerOfRotation="0 0 0"
			           position="0.00 0.00 -0.00"
			           orientation="0.26 0.93 0.25 0.00"
			           fieldOfView="0.691"
			           />
		</Transform>
		<Transform DEF="Shape_IndexedFaceSet_023_TRANSFORM"
		           translation="0.000000 0.000000 0.000000"
		           scale="1.000000 1.000000 1.000000"
		           rotation="-0.000000 0.000000 0.000000 0.000000"
		           >
			<Transform DEF="Shape_IndexedFaceSet_023_ifs_TRANSFORM"
			           translation="0.000000 0.000000 0.000000"
			           scale="1.000000 1.000000 1.000000"
			           rotation="0.000000 1.000000 0.000000 0.000000"
			           >
				<Group DEF="group_ME_Shape_IndexedFaceSet_023">
					<Shape>
						<Appearance>
							<Material DEF="MA_MA_rozowy"
							          diffuseColor="0.91, 0.55, 0.47"
							          specularColor="0.401 0.401 0.401"
							          emissiveColor="0.000 0.000 0.000"
							          ambientIntensity="0.000"
							          shininess="0.500"
							          transparency="0.0"
							          />
						</Appearance>
						<IndexedFaceSet solid="false"
						                texCoordIndex="0 1 2 3 -1 4 5 6 7 -1 8 9 10 11 -1 12 13 14 15 -1 16 17 18 19 -1 20 21 22 23 -1 "
						                coordIndex="0 4 6 2 -1 3 2 6 7 -1 7 6 4 5 -1 5 1 3 7 -1 1 0 2 3 -1 5 4 0 1 -1 "
						                >
							<Coordinate DEF="coords_ME_Shape_IndexedFaceSet_023"
							            point="5.487154 5.487154 -5.487154 5.487154 -5.487154 -5.487154 5.487154 5.487154 5.487154 5.487154 -5.487154 5.487154 -5.487154 5.487154 -5.487154 -5.487154 -5.487154 -5.487154 -5.487154 5.487154 5.487154 -5.487154 -5.487154 5.487154 "
							            />
							<TextureCoordinate point="0.6250 0.5000 0.8750 0.5000 0.8750 0.7500 0.6250 0.7500 0.3750 0.7500 0.6250 0.7500 0.6250 1.0000 0.3750 1.0000 0.3750 0.0000 0.6250 0.0000 0.6250 0.2500 0.3750 0.2500 0.1250 0.5000 0.3750 0.5000 0.3750 0.7500 0.1250 0.7500 0.3750 0.5000 0.6250 0.5000 0.6250 0.7500 0.3750 0.7500 0.3750 0.2500 0.6250 0.2500 0.6250 0.5000 0.3750 0.5000 " />
						</IndexedFaceSet>
					</Shape>
				</Group>
			</Transform>
		</Transform>
		<Transform DEF="Shape_IndexedFaceSet_025_TRANSFORM"
		           translation="0.000000 0.000000 0.000000"
		           scale="1.000000 1.000000 1.000000"
		           rotation="-0.000000 0.000000 0.000000 0.000000"
		           >
			<Transform DEF="Shape_IndexedFaceSet_025_ifs_TRANSFORM"
			           translation="0.000000 0.000000 0.000000"
			           scale="1.000000 1.000000 1.000000"
			           rotation="0.000000 1.000000 0.000000 0.000000"
			           >
				<Group DEF="group_ME_Shape_IndexedFaceSet_025">
					<Shape>
						<Appearance>
							<Material USE="MA_MA_rozowy" />
						</Appearance>
						<IndexedFaceSet solid="false"
						                texCoordIndex="0 1 2 3 -1 4 5 6 7 -1 8 9 10 11 -1 12 13 14 15 -1 16 17 18 19 -1 20 21 22 23 -1 "
						                coordIndex="0 4 6 2 -1 3 2 6 7 -1 7 6 4 5 -1 5 1 3 7 -1 1 0 2 3 -1 5 4 0 1 -1 "
						                >
							<Coordinate DEF="coords_ME_Shape_IndexedFaceSet_025"
							            point="4.323964 2.624601 -13.391695 4.323964 -5.392189 -13.391695 4.323964 2.624601 -5.374905 4.323964 -5.392189 -5.374905 -3.692826 2.624601 -13.391695 -3.692826 -5.392189 -13.391695 -3.692826 2.624601 -5.374905 -3.692826 -5.392189 -5.374905 "
							            />
							<TextureCoordinate point="0.6250 0.5000 0.8750 0.5000 0.8750 0.7500 0.6250 0.7500 0.3750 0.7500 0.6250 0.7500 0.6250 1.0000 0.3750 1.0000 0.3750 0.0000 0.6250 0.0000 0.6250 0.2500 0.3750 0.2500 0.1250 0.5000 0.3750 0.5000 0.3750 0.7500 0.1250 0.7500 0.3750 0.5000 0.6250 0.5000 0.6250 0.7500 0.3750 0.7500 0.3750 0.2500 0.6250 0.2500 0.6250 0.5000 0.3750 0.5000 " />
						</IndexedFaceSet>
					</Shape>
				</Group>
			</Transform>
		</Transform>
		<Transform DEF="Shape_IndexedFaceSet_027_TRANSFORM"
		           translation="0.000000 0.000000 0.000000"
		           scale="1.000000 1.000000 1.000000"
		           rotation="-0.000000 0.000000 0.000000 0.000000"
		           >
			<Transform DEF="Shape_IndexedFaceSet_027_ifs_TRANSFORM"
			           translation="0.000000 0.000000 0.000000"
			           scale="1.000000 1.000000 1.000000"
			           rotation="0.000000 1.000000 0.000000 0.000000"
			           >
				<Group DEF="group_ME_Shape_IndexedFaceSet_027">
					<Shape>
						<Appearance>
							<Material USE="MA_MA_rozowy" />
						</Appearance>
						<IndexedFaceSet solid="false"
						                texCoordIndex="0 1 2 3 -1 4 5 6 7 -1 8 9 10 11 -1 12 13 14 15 -1 16 17 18 19 -1 "
						                coordIndex="0 4 6 2 -1 3 2 6 7 -1 7 6 4 5 -1 5 1 3 7 -1 1 0 2 3 -1 "
						                >
							<Coordinate DEF="coords_ME_Shape_IndexedFaceSet_027"
							            point="3.945089 2.571817 5.336655 3.945089 -5.444972 5.336655 3.945089 2.571817 13.353445 3.945089 -5.444972 13.353445 -4.071701 2.571817 5.336655 -4.071701 -5.444972 5.336655 -4.071701 2.571817 13.353445 -4.071701 -5.444972 13.353445 "
							            />
							<TextureCoordinate point="0.6250 0.5000 0.8750 0.5000 0.8750 0.7500 0.6250 0.7500 0.3750 0.7500 0.6250 0.7500 0.6250 1.0000 0.3750 1.0000 0.3750 0.0000 0.6250 0.0000 0.6250 0.2500 0.3750 0.2500 0.1250 0.5000 0.3750 0.5000 0.3750 0.7500 0.1250 0.7500 0.3750 0.5000 0.6250 0.5000 0.6250 0.7500 0.3750 0.7500 " />
						</IndexedFaceSet>
					</Shape>
				</Group>
			</Transform>
		</Transform>
		<Transform DEF="Shape_IndexedFaceSet_029_TRANSFORM"
		           translation="0.000000 0.000000 0.000000"
		           scale="1.000000 1.000000 1.000000"
		           rotation="-0.000000 0.000000 0.000000 0.000000"
		           >
			<Transform DEF="Shape_IndexedFaceSet_029_ifs_TRANSFORM"
			           translation="0.000000 0.000000 0.000000"
			           scale="1.000000 1.000000 1.000000"
			           rotation="0.000000 1.000000 0.000000 0.000000"
			           >
				<Group DEF="group_ME_Shape_IndexedFaceSet_029">
					<Shape>
						<Appearance>
							<Material USE="MA_MA_rozowy" />
						</Appearance>
						<IndexedFaceSet solid="false"
						                texCoordIndex="0 1 2 3 -1 4 5 6 7 -1 8 9 10 11 -1 12 13 14 15 -1 "
						                coordIndex="0 1 3 2 -1 6 7 5 4 -1 4 5 1 0 -1 7 3 1 5 -1 "
						                >
							<Coordinate DEF="coords_ME_Shape_IndexedFaceSet_029"
							            point="-3.555690 2.237960 11.816415 -3.555690 9.143194 11.816415 -3.555690 2.237960 4.911180 -3.555690 9.143194 4.911180 3.349545 2.237960 11.816415 3.349545 9.143194 11.816415 3.349545 2.237960 4.911180 3.349545 9.143194 4.911180 "
							            />
							<TextureCoordinate point="0.3750 0.0000 0.6250 0.0000 0.6250 0.2500 0.3750 0.2500 0.3750 0.5000 0.6250 0.5000 0.6250 0.7500 0.3750 0.7500 0.3750 0.7500 0.6250 0.7500 0.6250 1.0000 0.3750 1.0000 0.6250 0.5000 0.8750 0.5000 0.8750 0.7500 0.6250 0.7500 " />
						</IndexedFaceSet>
					</Shape>
				</Group>
			</Transform>
		</Transform>
		<Transform DEF="Shape_IndexedFaceSet_033_TRANSFORM"
		           translation="0.000000 0.000000 0.000000"
		           scale="1.000000 1.000000 1.000000"
		           rotation="-0.000000 0.000000 0.000000 0.000000"
		           >
			<Transform DEF="Shape_IndexedFaceSet_033_ifs_TRANSFORM"
			           translation="0.000000 0.000000 0.000000"
			           scale="1.000000 1.000000 1.000000"
			           rotation="0.000000 1.000000 0.000000 0.000000"
			           >
				<Group DEF="group_ME_Shape_IndexedFaceSet_033">
					<Shape>
						<Appearance>
							<Material USE="MA_MA_rozowy" />
						</Appearance>
						<IndexedFaceSet solid="false"
						                texCoordIndex="0 1 2 3 -1 4 5 6 7 -1 8 9 10 11 -1 "
						                coordIndex="0 1 3 2 -1 2 3 7 6 -1 6 7 5 4 -1 "
						                >
							<Coordinate DEF="coords_ME_Shape_IndexedFaceSet_033"
							            point="-3.432460 1.945713 -4.609037 -3.432460 9.137861 -4.609037 -3.432460 1.945713 -11.801186 -3.432460 9.137861 -11.801186 3.759689 1.945713 -4.609037 3.759689 9.137861 -4.609037 3.759689 1.945713 -11.801186 3.759689 9.137861 -11.801186 "
							            />
							<TextureCoordinate point="0.3750 0.0000 0.6250 0.0000 0.6250 0.2500 0.3750 0.2500 0.3750 0.2500 0.6250 0.2500 0.6250 0.5000 0.3750 0.5000 0.3750 0.5000 0.6250 0.5000 0.6250 0.7500 0.3750 0.7500 " />
						</IndexedFaceSet>
					</Shape>
				</Group>
			</Transform>
		</Transform>
		<Transform DEF="Shape_IndexedFaceSet_034_TRANSFORM"
		           translation="0.000000 0.000000 0.000000"
		           scale="1.000000 1.000000 1.000000"
		           rotation="-0.000000 0.000000 0.000000 0.000000"
		           >
			<Transform DEF="Shape_IndexedFaceSet_034_ifs_TRANSFORM"
			           translation="0.000000 0.000000 0.000000"
			           scale="1.000000 1.000000 1.000000"
			           rotation="0.000000 1.000000 0.000000 0.000000"
			           >
				<Group DEF="group_ME_Shape_IndexedFaceSet_034">
					<Shape>
						<Appearance>
							<Material USE="MA_MA_rozowy" />
						</Appearance>
						<IndexedFaceSet solid="false"
						                texCoordIndex="0 1 2 3 -1 4 5 6 7 -1 8 9 10 11 -1 12 13 14 15 -1 16 17 18 19 -1 20 21 22 23 -1 "
						                coordIndex="0 2 3 1 -1 2 6 7 3 -1 6 4 5 7 -1 4 0 1 5 -1 2 0 4 6 -1 7 5 1 3 -1 "
						                >
							<Coordinate DEF="coords_ME_Shape_IndexedFaceSet_034"
							            point="4.289768 4.383523 -3.377678 4.289768 10.363487 -3.377678 4.289768 4.383523 3.435587 4.289768 10.363487 3.435587 8.160995 4.383523 -3.377678 8.160995 10.363487 -3.377678 8.160995 4.383523 3.435587 8.160995 10.363487 3.435587 "
							            />
							<TextureCoordinate point="0.3750 0.0000 0.3750 0.2500 0.6250 0.2500 0.6250 0.0000 0.3750 0.2500 0.3750 0.5000 0.6250 0.5000 0.6250 0.2500 0.3750 0.5000 0.3750 0.7500 0.6250 0.7500 0.6250 0.5000 0.3750 0.7500 0.3750 1.0000 0.6250 1.0000 0.6250 0.7500 0.1250 0.5000 0.1250 0.7500 0.3750 0.7500 0.3750 0.5000 0.6250 0.5000 0.6250 0.7500 0.8750 0.7500 0.8750 0.5000 " />
						</IndexedFaceSet>
					</Shape>
				</Group>
			</Transform>
		</Transform>
		<Transform DEF="Shape_IndexedFaceSet_035_TRANSFORM"
		           translation="0.000000 0.000000 0.000000"
		           scale="1.000000 1.000000 1.000000"
		           rotation="-0.000000 0.000000 0.000000 0.000000"
		           >
			<Transform DEF="Shape_IndexedFaceSet_035_ifs_TRANSFORM"
			           translation="0.000000 0.000000 0.000000"
			           scale="1.000000 1.000000 1.000000"
			           rotation="0.000000 1.000000 0.000000 0.000000"
			           >
				<Group DEF="group_ME_Shape_IndexedFaceSet_035">
					<Shape>
						<Appearance>
							<Material USE="MA_MA_rozowy" />
						</Appearance>
						<IndexedFaceSet solid="false"
						                texCoordIndex="0 1 2 3 -1 4 5 6 7 -1 8 9 10 11 -1 12 13 14 15 -1 16 17 18 19 -1 20 21 22 23 -1 "
						                coordIndex="0 1 3 2 -1 2 3 7 6 -1 6 7 5 4 -1 4 5 1 0 -1 2 6 4 0 -1 7 3 1 5 -1 "
						                >
							<Coordinate DEF="coords_ME_Shape_IndexedFaceSet_035"
							            point="-3.577950 9.132036 11.663561 -1.252572 16.176386 9.338181 -3.577950 9.132036 4.619210 -1.252572 16.176386 6.944588 3.466400 9.132036 11.663561 1.141022 16.176386 9.338181 3.466400 9.132036 4.619210 1.141022 16.176386 6.944588 "
							            />
							<TextureCoordinate point="0.3750 0.0000 0.6250 0.0000 0.6250 0.2500 0.3750 0.2500 0.3750 0.2500 0.6250 0.2500 0.6250 0.5000 0.3750 0.5000 0.3750 0.5000 0.6250 0.5000 0.6250 0.7500 0.3750 0.7500 0.3750 0.7500 0.6250 0.7500 0.6250 1.0000 0.3750 1.0000 0.1250 0.5000 0.3750 0.5000 0.3750 0.7500 0.1250 0.7500 0.6250 0.5000 0.8750 0.5000 0.8750 0.7500 0.6250 0.7500 " />
						</IndexedFaceSet>
					</Shape>
				</Group>
			</Transform>
		</Transform>
		<Transform DEF="Shape_IndexedFaceSet_036_TRANSFORM"
		           translation="0.000000 0.000000 0.000000"
		           scale="1.000000 1.000000 1.000000"
		           rotation="-0.000000 0.000000 0.000000 0.000000"
		           >
			<Transform DEF="Shape_IndexedFaceSet_036_ifs_TRANSFORM"
			           translation="0.000000 0.000000 0.000000"
			           scale="1.000000 1.000000 1.000000"
			           rotation="0.000000 1.000000 0.000000 0.000000"
			           >
				<Group DEF="group_ME_Shape_IndexedFaceSet_036">
					<Shape>
						<Appearance>
							<Material USE="MA_MA_rozowy" />
						</Appearance>
						<IndexedFaceSet solid="false"
						                texCoordIndex="0 1 2 3 -1 4 5 6 7 -1 8 9 10 11 -1 12 13 14 15 -1 16 17 18 19 -1 20 21 22 23 -1 "
						                coordIndex="0 1 3 2 -1 2 3 7 6 -1 6 7 5 4 -1 4 5 1 0 -1 2 6 4 0 -1 7 3 1 5 -1 "
						                >
							<Coordinate DEF="coords_ME_Shape_IndexedFaceSet_036"
							            point="-3.376142 9.165531 -4.473626 -1.050763 16.209881 -6.799004 -3.376142 9.165531 -11.517977 -1.050763 16.209881 -9.192597 3.668209 9.165531 -4.473626 1.342830 16.209881 -6.799004 3.668209 9.165531 -11.517977 1.342830 16.209881 -9.192597 "
							            />
							<TextureCoordinate point="0.3750 0.0000 0.6250 0.0000 0.6250 0.2500 0.3750 0.2500 0.3750 0.2500 0.6250 0.2500 0.6250 0.5000 0.3750 0.5000 0.3750 0.5000 0.6250 0.5000 0.6250 0.7500 0.3750 0.7500 0.3750 0.7500 0.6250 0.7500 0.6250 1.0000 0.3750 1.0000 0.1250 0.5000 0.3750 0.5000 0.3750 0.7500 0.1250 0.7500 0.6250 0.5000 0.8750 0.5000 0.8750 0.7500 0.6250 0.7500 " />
						</IndexedFaceSet>
					</Shape>
				</Group>
			</Transform>
		</Transform>
		<Transform DEF="Shape_IndexedFaceSet_039_TRANSFORM"
		           translation="0.000000 0.000000 0.000000"
		           scale="1.000000 1.000000 1.000000"
		           rotation="-0.000000 0.000000 0.000000 0.000000"
		           >
			<Transform DEF="Shape_IndexedFaceSet_039_ifs_TRANSFORM"
			           translation="0.000000 0.000000 0.000000"
			           scale="1.000000 1.000000 1.000000"
			           rotation="0.000000 1.000000 0.000000 0.000000"
			           >
				<Group DEF="group_ME_Shape_IndexedFaceSet_039">
					<Shape>
						<Appearance>
							<Material USE="MA_MA_rozowy" />
						</Appearance>
						<IndexedFaceSet solid="false"
						                texCoordIndex="0 1 2 3 -1 4 5 6 7 -1 8 9 10 11 -1 12 13 14 15 -1 16 17 18 19 -1 20 21 22 23 -1 "
						                coordIndex="0 1 3 2 -1 2 3 7 6 -1 6 7 5 4 -1 4 5 1 0 -1 2 6 4 0 -1 7 3 1 5 -1 "
						                >
							<Coordinate DEF="coords_ME_Shape_IndexedFaceSet_039"
							            point="4.976291 10.377481 3.356648 6.330199 14.703360 0.530013 4.976291 10.377481 -3.248514 6.330199 14.703360 -0.421879 8.140046 10.377481 3.356648 6.786138 14.703360 0.530013 8.140046 10.377481 -3.248514 6.786138 14.703360 -0.421879 "
							            />
							<TextureCoordinate point="0.3750 0.0000 0.6250 0.0000 0.6250 0.2500 0.3750 0.2500 0.3750 0.2500 0.6250 0.2500 0.6250 0.5000 0.3750 0.5000 0.3750 0.5000 0.6250 0.5000 0.6250 0.7500 0.3750 0.7500 0.3750 0.7500 0.6250 0.7500 0.6250 1.0000 0.3750 1.0000 0.1250 0.5000 0.3750 0.5000 0.3750 0.7500 0.1250 0.7500 0.6250 0.5000 0.8750 0.5000 0.8750 0.7500 0.6250 0.7500 " />
						</IndexedFaceSet>
					</Shape>
				</Group>
			</Transform>
		</Transform>
		<Transform DEF="Shape_IndexedFaceSet_028_TRANSFORM"
		           translation="0.000000 0.000000 0.000000"
		           scale="1.000000 1.000000 1.000000"
		           rotation="-0.000000 0.000000 0.000000 0.000000"
		           >
			<Transform DEF="Shape_IndexedFaceSet_028_ifs_TRANSFORM"
			           translation="0.000000 0.000000 0.000000"
			           scale="1.000000 1.000000 1.000000"
			           rotation="0.000000 1.000000 0.000000 0.000000"
			           >
				<Group DEF="group_ME_Shape_IndexedFaceSet_028">
					<Shape>
						<Appearance>
							<Material DEF="MA_MA_MA_Material_005"
							          diffuseColor="0.91, 0.55, 0.47"
							          specularColor="0.401 0.401 0.401"
							          emissiveColor="0.000 0.000 0.000"
							          ambientIntensity="0.000"
							          shininess="0.500"
							          transparency="0.0"
							          />
						</Appearance>
						<IndexedFaceSet solid="false"
						                texCoordIndex="0 1 2 3 -1 4 5 6 7 -1 "
						                coordIndex="2 3 7 6 -1 2 6 4 0 -1 "
						                >
							<Coordinate DEF="coords_ME_Shape_IndexedFaceSet_028"
							            point="-3.555690 2.237960 11.816415 -3.555690 9.143194 11.816415 -3.555690 2.237960 4.911180 -3.555690 9.143194 4.911180 3.349545 2.237960 11.816415 3.349545 9.143194 11.816415 3.349545 2.237960 4.911180 3.349545 9.143194 4.911180 "
							            />
							<TextureCoordinate point="0.3750 0.2500 0.6250 0.2500 0.6250 0.5000 0.3750 0.5000 0.1250 0.5000 0.3750 0.5000 0.3750 0.7500 0.1250 0.7500 " />
						</IndexedFaceSet>
					</Shape>
				</Group>
			</Transform>
		</Transform>
		<Transform DEF="Shape_IndexedFaceSet_030_TRANSFORM"
		           translation="0.000000 0.000000 0.000000"
		           scale="1.000000 1.000000 1.000000"
		           rotation="-0.000000 0.000000 0.000000 0.000000"
		           >
			<Transform DEF="Shape_IndexedFaceSet_030_ifs_TRANSFORM"
			           translation="0.000000 0.000000 0.000000"
			           scale="1.000000 1.000000 1.000000"
			           rotation="0.000000 1.000000 0.000000 0.000000"
			           >
				<Group DEF="group_ME_Shape_IndexedFaceSet_030">
					<Shape>
						<Appearance>
							<Material USE="MA_MA_rozowy" />
						</Appearance>
						<IndexedFaceSet solid="false"
						                texCoordIndex="0 1 2 3 -1 4 5 6 7 -1 8 9 10 11 -1 12 13 14 15 -1 16 17 18 19 -1 20 21 22 23 -1 "
						                coordIndex="0 2 3 1 -1 2 6 7 3 -1 6 4 5 7 -1 4 0 1 5 -1 2 0 4 6 -1 7 5 1 3 -1 "
						                >
							<Coordinate DEF="coords_ME_Shape_IndexedFaceSet_030"
							            point="4.727794 12.012729 -4.440990 4.727794 2.666946 -4.440990 4.727794 12.012729 4.904792 4.727794 2.666946 4.904792 -4.617989 12.012729 -4.440990 -4.617989 2.666946 -4.440990 -4.617989 12.012729 4.904792 -4.617989 2.666946 4.904792 "
							            />
							<TextureCoordinate point="0.3750 0.0000 0.3750 0.2500 0.6250 0.2500 0.6250 0.0000 0.3750 0.2500 0.3750 0.5000 0.6250 0.5000 0.6250 0.2500 0.3750 0.5000 0.3750 0.7500 0.6250 0.7500 0.6250 0.5000 0.3750 0.7500 0.3750 1.0000 0.6250 1.0000 0.6250 0.7500 0.1250 0.5000 0.1250 0.7500 0.3750 0.7500 0.3750 0.5000 0.6250 0.5000 0.6250 0.7500 0.8750 0.7500 0.8750 0.5000 " />
						</IndexedFaceSet>
					</Shape>
				</Group>
			</Transform>
		</Transform>
		<Transform DEF="Shape_IndexedFaceSet_031_TRANSFORM"
		           translation="0.000000 0.000000 0.000000"
		           scale="1.000000 1.000000 1.000000"
		           rotation="-0.000000 0.000000 0.000000 0.000000"
		           >
			<Transform DEF="Shape_IndexedFaceSet_031_ifs_TRANSFORM"
			           translation="0.000000 0.000000 0.000000"
			           scale="1.000000 1.000000 1.000000"
			           rotation="0.000000 1.000000 0.000000 0.000000"
			           >
				<Group DEF="group_ME_Shape_IndexedFaceSet_031">
					<Shape>
						<Appearance>
							<Material USE="MA_MA_rozowy" />
						</Appearance>
						<IndexedFaceSet solid="false"
						                texCoordIndex="0 1 2 3 -1 4 5 6 7 -1 8 9 10 11 -1 12 13 14 15 -1 16 17 18 19 -1 20 21 22 23 -1 "
						                coordIndex="0 1 3 2 -1 2 3 7 6 -1 6 7 5 4 -1 4 5 1 0 -1 2 6 4 0 -1 7 3 1 5 -1 "
						                >
							<Coordinate DEF="coords_ME_Shape_IndexedFaceSet_031"
							            point="-2.612121 11.083467 3.047811 -2.612121 16.589355 3.047811 -2.612121 11.083467 -2.458077 -2.612121 16.589355 -2.458077 2.893767 11.083467 3.047811 2.893767 16.589355 3.047811 2.893767 11.083467 -2.458077 2.893767 16.589355 -2.458077 "
							            />
							<TextureCoordinate point="0.3750 0.0000 0.6250 0.0000 0.6250 0.2500 0.3750 0.2500 0.3750 0.2500 0.6250 0.2500 0.6250 0.5000 0.3750 0.5000 0.3750 0.5000 0.6250 0.5000 0.6250 0.7500 0.3750 0.7500 0.3750 0.7500 0.6250 0.7500 0.6250 1.0000 0.3750 1.0000 0.1250 0.5000 0.3750 0.5000 0.3750 0.7500 0.1250 0.7500 0.6250 0.5000 0.8750 0.5000 0.8750 0.7500 0.6250 0.7500 " />
						</IndexedFaceSet>
					</Shape>
				</Group>
			</Transform>
		</Transform>
		<Transform DEF="Shape_IndexedFaceSet_032_TRANSFORM"
		           translation="0.000000 0.000000 0.000000"
		           scale="1.000000 1.000000 1.000000"
		           rotation="-0.000000 0.000000 0.000000 0.000000"
		           >
			<Transform DEF="Shape_IndexedFaceSet_032_ifs_TRANSFORM"
			           translation="0.000000 0.000000 0.000000"
			           scale="1.000000 1.000000 1.000000"
			           rotation="0.000000 1.000000 0.000000 0.000000"
			           >
				<Group DEF="group_ME_Shape_IndexedFaceSet_032">
					<Shape>
						<Appearance>
							<Material DEF="MA_MA_MA_KolorScian"
							          diffuseColor="0.91, 0.55, 0.47"
							          specularColor="0.401 0.401 0.401"
							          emissiveColor="0.000 0.000 0.000"
							          ambientIntensity="0.000"
							          shininess="0.500"
							          transparency="0.0"
							          />
						</Appearance>
						<IndexedFaceSet solid="false"
						                texCoordIndex="0 1 2 3 -1 4 5 6 7 -1 8 9 10 11 -1 "
						                coordIndex="4 5 1 0 -1 2 6 4 0 -1 7 3 1 5 -1 "
						                >
							<Coordinate DEF="coords_ME_Shape_IndexedFaceSet_032"
							            point="-3.432460 1.945713 -4.609037 -3.432460 9.137861 -4.609037 -3.432460 1.945713 -11.801186 -3.432460 9.137861 -11.801186 3.759689 1.945713 -4.609037 3.759689 9.137861 -4.609037 3.759689 1.945713 -11.801186 3.759689 9.137861 -11.801186 "
							            />
							<TextureCoordinate point="0.3750 0.7500 0.6250 0.7500 0.6250 1.0000 0.3750 1.0000 0.1250 0.5000 0.3750 0.5000 0.3750 0.7500 0.1250 0.7500 0.6250 0.5000 0.8750 0.5000 0.8750 0.7500 0.6250 0.7500 " />
						</IndexedFaceSet>
					</Shape>
				</Group>
			</Transform>
		</Transform>
		<Transform DEF="Shape_IndexedFaceSet_001_TRANSFORM"
		           translation="0.000000 0.000000 0.000000"
		           scale="1.000000 1.000000 1.000000"
		           rotation="-1.000000 0.000000 0.000000 1.570796"
		           >
			<Transform DEF="Shape_IndexedFaceSet_001_ifs_TRANSFORM"
			           translation="0.000000 0.000000 0.000000"
			           scale="1.000000 1.000000 1.000000"
			           rotation="0.000000 0.000000 0.000000 0.000000"
			           >
				<Group DEF="group_ME_Shape_IndexedFaceSet_001">
					<Shape>
						<Appearance>
							<Material DEF="MA_MA_MA_kolorOkna_001"
							          diffuseColor="0.91, 0.55, 0.47"
							          specularColor="0.401 0.401 0.401"
							          emissiveColor="0.000 0.000 0.000"
							          ambientIntensity="0.000"
							          shininess="0.500"
							          transparency="0.0"
							          />
						</Appearance>
						<IndexedFaceSet solid="false"
						                texCoordIndex="0 1 2 3 -1 4 5 6 7 -1 8 9 10 11 -1 12 13 14 15 -1 16 17 18 19 -1 20 21 22 23 -1 "
						                coordIndex="0 4 6 2 -1 3 2 6 7 -1 7 6 4 5 -1 5 1 3 7 -1 1 0 2 3 -1 5 4 0 1 -1 "
						                >
							<Coordinate DEF="coords_ME_Shape_IndexedFaceSet_001"
							            point="1.000000 1.000000 1.000000 1.000000 1.000000 -1.000000 1.000000 -1.000000 1.000000 1.000000 -1.000000 -1.000000 -1.000000 1.000000 1.000000 -1.000000 1.000000 -1.000000 -1.000000 -1.000000 1.000000 -1.000000 -1.000000 -1.000000 "
							            />
							<TextureCoordinate point="0.6250 0.5000 0.8750 0.5000 0.8750 0.7500 0.6250 0.7500 0.3750 0.7500 0.6250 0.7500 0.6250 1.0000 0.3750 1.0000 0.3750 0.0000 0.6250 0.0000 0.6250 0.2500 0.3750 0.2500 0.1250 0.5000 0.3750 0.5000 0.3750 0.7500 0.1250 0.7500 0.3750 0.5000 0.6250 0.5000 0.6250 0.7500 0.3750 0.7500 0.3750 0.2500 0.6250 0.2500 0.6250 0.5000 0.3750 0.5000 " />
						</IndexedFaceSet>
					</Shape>
				</Group>
			</Transform>
		</Transform>
		<Transform DEF="Shape_IndexedFaceSet_024_TRANSFORM"
		           translation="0.000000 0.000000 0.000000"
		           scale="1.000000 1.000000 1.000000"
		           rotation="-0.000000 0.000000 0.000000 0.000000"
		           >
			<Transform DEF="Shape_IndexedFaceSet_024_ifs_TRANSFORM"
			           translation="0.000000 0.000000 0.000000"
			           scale="1.000000 1.000000 1.000000"
			           rotation="0.000000 1.000000 0.000000 0.000000"
			           >
				<Group DEF="group_ME_Shape_IndexedFaceSet_024">
					<Shape>
						<Appearance>
							<Material USE="MA_MA_rozowy" />
						</Appearance>
						<IndexedFaceSet solid="false"
						                texCoordIndex="0 1 2 3 -1 4 5 6 7 -1 8 9 10 11 -1 12 13 14 15 -1 16 17 18 19 -1 20 21 22 23 -1 "
						                coordIndex="0 4 6 2 -1 3 2 6 7 -1 7 6 4 5 -1 5 1 3 7 -1 1 0 2 3 -1 5 4 0 1 -1 "
						                >
							<Coordinate DEF="coords_ME_Shape_IndexedFaceSet_024"
							            point="13.637676 0.307647 -2.897105 13.637676 -5.437945 -2.897105 13.637676 0.307647 2.848487 13.637676 -5.437945 2.848487 2.815235 0.307647 -2.897105 2.815235 -5.437945 -2.897105 2.815235 0.307647 2.848487 2.815235 -5.437945 2.848487 "
							            />
							<TextureCoordinate point="0.6250 0.5000 0.8750 0.5000 0.8750 0.7500 0.6250 0.7500 0.3750 0.7500 0.6250 0.7500 0.6250 1.0000 0.3750 1.0000 0.3750 0.0000 0.6250 0.0000 0.6250 0.2500 0.3750 0.2500 0.1250 0.5000 0.3750 0.5000 0.3750 0.7500 0.1250 0.7500 0.3750 0.5000 0.6250 0.5000 0.6250 0.7500 0.3750 0.7500 0.3750 0.2500 0.6250 0.2500 0.6250 0.5000 0.3750 0.5000 " />
						</IndexedFaceSet>
					</Shape>
				</Group>
			</Transform>
		</Transform>
		<Transform DEF="Shape_IndexedFaceSet_026_TRANSFORM"
		           translation="0.000000 0.000000 0.000000"
		           scale="1.000000 1.000000 1.000000"
		           rotation="-0.000000 0.000000 0.000000 0.000000"
		           >
			<Transform DEF="Shape_IndexedFaceSet_026_ifs_TRANSFORM"
			           translation="0.000000 0.000000 0.000000"
			           scale="1.000000 1.000000 1.000000"
			           rotation="0.000000 1.000000 0.000000 0.000000"
			           >
				<Group DEF="group_ME_Shape_IndexedFaceSet_026">
					<Shape>
						<Appearance>
							<Material USE="MA_MA_MA_Material_005" />
						</Appearance>
						<IndexedFaceSet solid="false"
						                texCoordIndex="0 1 2 3 -1 "
						                coordIndex="0 1 2 3 -1 "
						                >
							<Coordinate DEF="coords_ME_Shape_IndexedFaceSet_026"
							            point="-4.071701 -5.444972 5.336655 -4.071701 2.571817 5.336655 3.945089 2.571817 5.336655 3.945089 -5.444972 5.336655 "
							            />
							<TextureCoordinate point="0.3750 0.2500 0.6250 0.2500 0.6250 0.5000 0.3750 0.5000 " />
						</IndexedFaceSet>
					</Shape>
				</Group>
			</Transform>
		</Transform>
		<Transform DEF="Shape_IndexedFaceSet_081_TRANSFORM"
		           translation="0.000000 0.000000 0.000000"
		           scale="1.000000 1.000000 1.000000"
		           rotation="-0.000000 0.000000 0.000000 0.000000"
		           >
			<Transform DEF="Shape_IndexedFaceSet_081_ifs_TRANSFORM"
			           translation="0.000000 0.000000 0.000000"
			           scale="1.000000 1.000000 1.000000"
			           rotation="0.000000 1.000000 0.000000 0.000000"
			           >
				<Group DEF="group_ME_Shape_IndexedFaceSet_081">
					<Shape>
						<Appearance>
							<Material DEF="MA_MA_MA_KolorWiez"
							          diffuseColor="0.91, 0.55, 0.47"
							          specularColor="0.401 0.401 0.401"
							          emissiveColor="0.000 0.000 0.000"
							          ambientIntensity="0.000"
							          shininess="0.500"
							          transparency="0.0"
							          />
						</Appearance>
						<IndexedFaceSet solid="false"
						                texCoordIndex="0 1 2 3 -1 4 5 6 7 -1 8 9 10 11 -1 12 13 14 15 -1 16 17 18 19 -1 20 21 22 23 -1 24 25 26 27 -1 28 29 30 31 -1 32 33 34 35 -1 36 37 38 39 -1 40 41 42 43 -1 44 45 46 47 -1 48 49 50 51 -1 52 53 54 55 -1 56 57 58 59 -1 60 61 62 63 -1 64 65 66 67 -1 68 69 70 71 -1 72 73 74 75 -1 76 77 78 79 -1 80 81 82 83 -1 84 85 86 87 -1 88 89 90 91 -1 92 93 94 95 -1 96 97 98 99 -1 100 101 102 103 -1 104 105 106 107 -1 108 109 110 111 -1 112 113 114 115 -1 116 117 118 119 -1 120 121 122 123 124 125 126 127 128 129 130 131 132 133 134 135 136 137 138 139 140 141 142 143 144 145 146 147 148 149 150 151 -1 152 153 154 155 -1 156 157 158 159 -1 "
						                coordIndex="0 2 3 1 -1 2 4 5 3 -1 4 6 7 5 -1 6 8 9 7 -1 8 10 11 9 -1 10 12 13 11 -1 12 14 15 13 -1 14 16 17 15 -1 16 18 19 17 -1 18 20 21 19 -1 20 22 23 21 -1 22 24 25 23 -1 24 26 27 25 -1 26 28 29 27 -1 28 30 31 29 -1 30 32 33 31 -1 32 34 35 33 -1 34 36 37 35 -1 36 38 39 37 -1 38 40 41 39 -1 40 42 43 41 -1 42 44 45 43 -1 44 46 47 45 -1 46 48 49 47 -1 48 50 51 49 -1 50 52 53 51 -1 52 54 55 53 -1 54 56 57 55 -1 56 58 59 57 -1 58 60 61 59 -1 3 5 7 9 11 13 15 17 19 21 23 25 27 29 31 33 35 37 39 41 43 45 47 49 51 53 55 57 59 61 63 1 -1 60 62 63 61 -1 62 0 1 63 -1 "
						                >
							<Coordinate DEF="coords_ME_Shape_IndexedFaceSet_081"
							            point="6.849558 5.882782 -3.309501 6.849558 3.995968 -3.309501 8.942768 5.882782 -3.244865 8.942768 3.995968 -3.244865 10.955537 5.882782 -3.053442 10.955537 3.995968 -3.053442 12.810514 5.882782 -2.742586 12.810514 3.995968 -2.742586 14.436417 5.882782 -2.324245 14.436417 3.995968 -2.324245 15.770760 5.882782 -1.814495 15.770760 3.995968 -1.814495 16.762266 5.882782 -1.232925 16.762266 3.995968 -1.232925 17.372833 5.882782 -0.601885 17.372833 3.995968 -0.601885 17.578997 5.882782 0.054375 17.578997 3.995968 0.054375 17.372833 5.882782 0.710634 17.372833 3.995968 0.710634 16.762266 5.882782 1.341675 16.762266 3.995968 1.341675 15.770760 5.882782 1.923244 15.770760 3.995968 1.923244 14.436417 5.882782 2.432994 14.436417 3.995968 2.432994 12.810514 5.882782 2.851335 12.810514 3.995968 2.851335 10.955537 5.882782 3.162191 10.955537 3.995968 3.162191 8.942768 5.882782 3.353615 8.942768 3.995968 3.353615 6.849558 5.882782 3.418251 6.849558 3.995968 3.418251 4.756349 5.882782 3.353615 4.756349 3.995968 3.353615 2.743580 5.882782 3.162191 2.743580 3.995968 3.162191 0.888602 5.882782 2.851335 0.888602 3.995968 2.851335 -0.737300 5.882782 2.432994 -0.737300 3.995968 2.432994 -2.071643 5.882782 1.923244 -2.071643 3.995968 1.923244 -3.063149 5.882782 1.341675 -3.063149 3.995968 1.341675 -3.673716 5.882782 0.710634 -3.673716 3.995968 0.710634 -3.879879 5.882782 0.054375 -3.879879 3.995968 0.054375 -3.673716 5.882782 -0.601885 -3.673716 3.995968 -0.601885 -3.063149 5.882782 -1.232925 -3.063149 3.995968 -1.232925 -2.071643 5.882782 -1.814495 -2.071643 3.995968 -1.814495 -0.737300 5.882782 -2.324245 -0.737300 3.995968 -2.324245 0.888602 5.882782 -2.742586 0.888602 3.995968 -2.742586 2.743580 5.882782 -3.053442 2.743580 3.995968 -3.053442 4.756349 5.882782 -3.244865 4.756349 3.995968 -3.244865 "
							            />
							<TextureCoordinate point="1.0000 0.5000 0.9688 0.5000 0.9688 1.0000 1.0000 1.0000 0.9688 0.5000 0.9375 0.5000 0.9375 1.0000 0.9688 1.0000 0.9375 0.5000 0.9062 0.5000 0.9062 1.0000 0.9375 1.0000 0.9062 0.5000 0.8750 0.5000 0.8750 1.0000 0.9062 1.0000 0.8750 0.5000 0.8438 0.5000 0.8438 1.0000 0.8750 1.0000 0.8438 0.5000 0.8125 0.5000 0.8125 1.0000 0.8438 1.0000 0.8125 0.5000 0.7812 0.5000 0.7812 1.0000 0.8125 1.0000 0.7812 0.5000 0.7500 0.5000 0.7500 1.0000 0.7812 1.0000 0.7500 0.5000 0.7188 0.5000 0.7188 1.0000 0.7500 1.0000 0.7188 0.5000 0.6875 0.5000 0.6875 1.0000 0.7188 1.0000 0.6875 0.5000 0.6562 0.5000 0.6562 1.0000 0.6875 1.0000 0.6562 0.5000 0.6250 0.5000 0.6250 1.0000 0.6562 1.0000 0.6250 0.5000 0.5938 0.5000 0.5938 1.0000 0.6250 1.0000 0.5938 0.5000 0.5625 0.5000 0.5625 1.0000 0.5938 1.0000 0.5625 0.5000 0.5312 0.5000 0.5312 1.0000 0.5625 1.0000 0.5312 0.5000 0.5000 0.5000 0.5000 1.0000 0.5312 1.0000 0.5000 0.5000 0.4688 0.5000 0.4688 1.0000 0.5000 1.0000 0.4688 0.5000 0.4375 0.5000 0.4375 1.0000 0.4688 1.0000 0.4375 0.5000 0.4062 0.5000 0.4062 1.0000 0.4375 1.0000 0.4062 0.5000 0.3750 0.5000 0.3750 1.0000 0.4062 1.0000 0.3750 0.5000 0.3438 0.5000 0.3438 1.0000 0.3750 1.0000 0.3438 0.5000 0.3125 0.5000 0.3125 1.0000 0.3438 1.0000 0.3125 0.5000 0.2812 0.5000 0.2812 1.0000 0.3125 1.0000 0.2812 0.5000 0.2500 0.5000 0.2500 1.0000 0.2812 1.0000 0.2500 0.5000 0.2188 0.5000 0.2188 1.0000 0.2500 1.0000 0.2188 0.5000 0.1875 0.5000 0.1875 1.0000 0.2188 1.0000 0.1875 0.5000 0.1562 0.5000 0.1562 1.0000 0.1875 1.0000 0.1562 0.5000 0.1250 0.5000 0.1250 1.0000 0.1562 1.0000 0.1250 0.5000 0.0938 0.5000 0.0938 1.0000 0.1250 1.0000 0.0938 0.5000 0.0625 0.5000 0.0625 1.0000 0.0938 1.0000 0.2968 0.4854 0.3418 0.4717 0.3833 0.4496 0.4197 0.4197 0.4496 0.3833 0.4717 0.3418 0.4854 0.2968 0.4900 0.2500 0.4854 0.2032 0.4717 0.1582 0.4496 0.1167 0.4197 0.0803 0.3833 0.0504 0.3418 0.0283 0.2968 0.0146 0.2500 0.0100 0.2032 0.0146 0.1582 0.0283 0.1167 0.0504 0.0803 0.0803 0.0504 0.1167 0.0283 0.1582 0.0146 0.2032 0.0100 0.2500 0.0146 0.2968 0.0283 0.3418 0.0504 0.3833 0.0803 0.4197 0.1167 0.4496 0.1582 0.4717 0.2032 0.4854 0.2500 0.4900 0.0625 0.5000 0.0312 0.5000 0.0312 1.0000 0.0625 1.0000 0.0312 0.5000 0.0000 0.5000 0.0000 1.0000 0.0312 1.0000 " />
						</IndexedFaceSet>
					</Shape>
				</Group>
			</Transform>
		</Transform>
		<Transform DEF="Shape_IndexedFaceSet_082_TRANSFORM"
		           translation="0.000000 0.000000 0.000000"
		           scale="1.000000 1.000000 1.000000"
		           rotation="-0.000000 0.000000 0.000000 0.000000"
		           >
			<Transform DEF="Shape_IndexedFaceSet_082_ifs_TRANSFORM"
			           translation="0.000000 0.000000 0.000000"
			           scale="1.000000 1.000000 1.000000"
			           rotation="0.000000 1.000000 0.000000 0.000000"
			           >
				<Group DEF="group_ME_Shape_IndexedFaceSet_082">
					<Shape>
						<Appearance>
							<Material USE="MA_MA_MA_KolorWiez" />
						</Appearance>
						<IndexedFaceSet solid="false"
						                texCoordIndex="0 1 2 3 -1 4 5 6 7 -1 8 9 10 11 -1 12 13 14 15 -1 16 17 18 19 -1 20 21 22 23 -1 24 25 26 27 -1 28 29 30 31 -1 32 33 34 35 -1 36 37 38 39 -1 40 41 42 43 -1 44 45 46 47 -1 48 49 50 51 -1 52 53 54 55 -1 56 57 58 59 -1 60 61 62 63 -1 64 65 66 67 -1 68 69 70 71 -1 72 73 74 75 -1 76 77 78 79 -1 80 81 82 83 -1 84 85 86 87 -1 88 89 90 91 -1 92 93 94 95 -1 96 97 98 99 -1 100 101 102 103 -1 104 105 106 107 -1 108 109 110 111 -1 112 113 114 115 -1 116 117 118 119 -1 120 121 122 123 124 125 126 127 128 129 130 131 132 133 134 135 136 137 138 139 140 141 142 143 144 145 146 147 148 149 150 151 -1 152 153 154 155 -1 156 157 158 159 -1 "
						                coordIndex="0 2 3 1 -1 2 4 5 3 -1 4 6 7 5 -1 6 8 9 7 -1 8 10 11 9 -1 10 12 13 11 -1 12 14 15 13 -1 14 16 17 15 -1 16 18 19 17 -1 18 20 21 19 -1 20 22 23 21 -1 22 24 25 23 -1 24 26 27 25 -1 26 28 29 27 -1 28 30 31 29 -1 30 32 33 31 -1 32 34 35 33 -1 34 36 37 35 -1 36 38 39 37 -1 38 40 41 39 -1 40 42 43 41 -1 42 44 45 43 -1 44 46 47 45 -1 46 48 49 47 -1 48 50 51 49 -1 50 52 53 51 -1 52 54 55 53 -1 54 56 57 55 -1 56 58 59 57 -1 58 60 61 59 -1 3 5 7 9 11 13 15 17 19 21 23 25 27 29 31 33 35 37 39 41 43 45 47 49 51 53 55 57 59 61 63 1 -1 60 62 63 61 -1 62 0 1 63 -1 "
						                >
							<Coordinate DEF="coords_ME_Shape_IndexedFaceSet_082"
							            point="8.139285 2.286306 -2.961207 8.139285 0.399491 -2.961207 10.095348 2.286306 -2.903491 10.095348 0.399491 -2.903491 11.976241 2.286306 -2.732562 11.976241 0.399491 -2.732562 13.709682 2.286306 -2.454987 13.709682 0.399491 -2.454987 15.229055 2.286306 -2.081434 15.229055 0.399491 -2.081434 16.475973 2.286306 -1.626258 16.475973 0.399491 -1.626258 17.402515 2.286306 -1.106952 17.402515 0.399491 -1.106952 17.973080 2.286306 -0.543471 17.973080 0.399491 -0.543471 18.165733 2.286306 0.042528 18.165733 0.399491 0.042528 17.973080 2.286306 0.628528 17.973080 0.399491 0.628528 17.402515 2.286306 1.192008 17.402515 0.399491 1.192008 16.475973 2.286306 1.711315 16.475973 0.399491 1.711315 15.229055 2.286306 2.166490 15.229055 0.399491 2.166490 13.709682 2.286306 2.540043 13.709682 0.399491 2.540043 11.976241 2.286306 2.817618 11.976241 0.399491 2.817618 10.095348 2.286306 2.988548 10.095348 0.399491 2.988548 8.139285 2.286306 3.046264 8.139285 0.399491 3.046264 6.183222 2.286306 2.988548 6.183222 0.399491 2.988548 4.302329 2.286306 2.817618 4.302329 0.399491 2.817618 2.568888 2.286306 2.540043 2.568888 0.399491 2.540043 1.049515 2.286306 2.166490 1.049515 0.399491 2.166490 -0.197403 2.286306 1.711315 -0.197403 0.399491 1.711315 -1.123946 2.286306 1.192008 -1.123946 0.399491 1.192008 -1.694509 2.286306 0.628528 -1.694509 0.399491 0.628528 -1.887164 2.286306 0.042528 -1.887164 0.399491 0.042528 -1.694509 2.286306 -0.543471 -1.694509 0.399491 -0.543471 -1.123946 2.286306 -1.106952 -1.123946 0.399491 -1.106952 -0.197403 2.286306 -1.626258 -0.197403 0.399491 -1.626258 1.049515 2.286306 -2.081434 1.049515 0.399491 -2.081434 2.568888 2.286306 -2.454987 2.568888 0.399491 -2.454987 4.302329 2.286306 -2.732562 4.302329 0.399491 -2.732562 6.183222 2.286306 -2.903491 6.183222 0.399491 -2.903491 "
							            />
							<TextureCoordinate point="1.0000 0.5000 0.9688 0.5000 0.9688 1.0000 1.0000 1.0000 0.9688 0.5000 0.9375 0.5000 0.9375 1.0000 0.9688 1.0000 0.9375 0.5000 0.9062 0.5000 0.9062 1.0000 0.9375 1.0000 0.9062 0.5000 0.8750 0.5000 0.8750 1.0000 0.9062 1.0000 0.8750 0.5000 0.8438 0.5000 0.8438 1.0000 0.8750 1.0000 0.8438 0.5000 0.8125 0.5000 0.8125 1.0000 0.8438 1.0000 0.8125 0.5000 0.7812 0.5000 0.7812 1.0000 0.8125 1.0000 0.7812 0.5000 0.7500 0.5000 0.7500 1.0000 0.7812 1.0000 0.7500 0.5000 0.7188 0.5000 0.7188 1.0000 0.7500 1.0000 0.7188 0.5000 0.6875 0.5000 0.6875 1.0000 0.7188 1.0000 0.6875 0.5000 0.6562 0.5000 0.6562 1.0000 0.6875 1.0000 0.6562 0.5000 0.6250 0.5000 0.6250 1.0000 0.6562 1.0000 0.6250 0.5000 0.5938 0.5000 0.5938 1.0000 0.6250 1.0000 0.5938 0.5000 0.5625 0.5000 0.5625 1.0000 0.5938 1.0000 0.5625 0.5000 0.5312 0.5000 0.5312 1.0000 0.5625 1.0000 0.5312 0.5000 0.5000 0.5000 0.5000 1.0000 0.5312 1.0000 0.5000 0.5000 0.4688 0.5000 0.4688 1.0000 0.5000 1.0000 0.4688 0.5000 0.4375 0.5000 0.4375 1.0000 0.4688 1.0000 0.4375 0.5000 0.4062 0.5000 0.4062 1.0000 0.4375 1.0000 0.4062 0.5000 0.3750 0.5000 0.3750 1.0000 0.4062 1.0000 0.3750 0.5000 0.3438 0.5000 0.3438 1.0000 0.3750 1.0000 0.3438 0.5000 0.3125 0.5000 0.3125 1.0000 0.3438 1.0000 0.3125 0.5000 0.2812 0.5000 0.2812 1.0000 0.3125 1.0000 0.2812 0.5000 0.2500 0.5000 0.2500 1.0000 0.2812 1.0000 0.2500 0.5000 0.2188 0.5000 0.2188 1.0000 0.2500 1.0000 0.2188 0.5000 0.1875 0.5000 0.1875 1.0000 0.2188 1.0000 0.1875 0.5000 0.1562 0.5000 0.1562 1.0000 0.1875 1.0000 0.1562 0.5000 0.1250 0.5000 0.1250 1.0000 0.1562 1.0000 0.1250 0.5000 0.0938 0.5000 0.0938 1.0000 0.1250 1.0000 0.0938 0.5000 0.0625 0.5000 0.0625 1.0000 0.0938 1.0000 0.2968 0.4854 0.3418 0.4717 0.3833 0.4496 0.4197 0.4197 0.4496 0.3833 0.4717 0.3418 0.4854 0.2968 0.4900 0.2500 0.4854 0.2032 0.4717 0.1582 0.4496 0.1167 0.4197 0.0803 0.3833 0.0504 0.3418 0.0283 0.2968 0.0146 0.2500 0.0100 0.2032 0.0146 0.1582 0.0283 0.1167 0.0504 0.0803 0.0803 0.0504 0.1167 0.0283 0.1582 0.0146 0.2032 0.0100 0.2500 0.0146 0.2968 0.0283 0.3418 0.0504 0.3833 0.0803 0.4197 0.1167 0.4496 0.1582 0.4717 0.2032 0.4854 0.2500 0.4900 0.0625 0.5000 0.0312 0.5000 0.0312 1.0000 0.0625 1.0000 0.0312 0.5000 0.0000 0.5000 0.0000 1.0000 0.0312 1.0000 " />
						</IndexedFaceSet>
					</Shape>
				</Group>
			</Transform>
		</Transform>
		<Transform DEF="Shape_IndexedFaceSet_051_TRANSFORM"
		           translation="0.000000 0.000000 0.000000"
		           scale="1.000000 1.000000 1.000000"
		           rotation="-0.000000 0.000000 0.000000 0.000000"
		           >
			<Transform DEF="Shape_IndexedFaceSet_051_ifs_TRANSFORM"
			           translation="0.000000 0.000000 0.000000"
			           scale="1.000000 1.000000 1.000000"
			           rotation="0.000000 1.000000 0.000000 0.000000"
			           >
				<Group DEF="group_ME_Shape_IndexedFaceSet_051">
					<Shape>
						<Appearance>
							<Material USE="MA_MA_MA_KolorScian" />
						</Appearance>
						<IndexedFaceSet solid="false"
						                texCoordIndex="0 1 2 3 -1 4 5 6 7 -1 8 9 10 11 -1 12 13 14 15 -1 16 17 18 19 -1 20 21 22 23 -1 24 25 26 27 -1 28 29 30 31 -1 32 33 34 35 -1 36 37 38 39 -1 40 41 42 43 -1 44 45 46 47 -1 48 49 50 51 -1 52 53 54 55 -1 56 57 58 59 -1 60 61 62 63 -1 64 65 66 67 -1 68 69 70 71 -1 72 73 74 75 -1 76 77 78 79 -1 80 81 82 83 -1 84 85 86 87 -1 88 89 90 91 -1 92 93 94 95 -1 96 97 98 99 -1 100 101 102 103 -1 104 105 106 107 -1 108 109 110 111 -1 112 113 114 115 -1 116 117 118 119 -1 120 121 122 123 124 125 126 127 128 129 130 131 132 133 134 135 136 137 138 139 140 141 142 143 144 145 146 147 148 149 150 151 -1 152 153 154 155 -1 156 157 158 159 -1 160 161 162 163 164 165 166 167 168 169 170 171 172 173 174 175 176 177 178 179 180 181 182 183 184 185 186 187 188 189 190 191 -1 "
						                coordIndex="0 2 3 1 -1 2 4 5 3 -1 4 6 7 5 -1 6 8 9 7 -1 8 10 11 9 -1 10 12 13 11 -1 12 14 15 13 -1 14 16 17 15 -1 16 18 19 17 -1 18 20 21 19 -1 20 22 23 21 -1 22 24 25 23 -1 24 26 27 25 -1 26 28 29 27 -1 28 30 31 29 -1 30 32 33 31 -1 32 34 35 33 -1 34 36 37 35 -1 36 38 39 37 -1 38 40 41 39 -1 40 42 43 41 -1 42 44 45 43 -1 44 46 47 45 -1 46 48 49 47 -1 48 50 51 49 -1 50 52 53 51 -1 52 54 55 53 -1 54 56 57 55 -1 56 58 59 57 -1 58 60 61 59 -1 3 5 7 9 11 13 15 17 19 21 23 25 27 29 31 33 35 37 39 41 43 45 47 49 51 53 55 57 59 61 63 1 -1 60 62 63 61 -1 62 0 1 63 -1 0 62 60 58 56 54 52 50 48 46 44 42 40 38 36 34 32 30 28 26 24 22 20 18 16 14 12 10 8 6 4 2 -1 "
						                >
							<Coordinate DEF="coords_ME_Shape_IndexedFaceSet_051"
							            point="12.435735 -5.256930 -3.004657 12.435735 -5.479951 -3.004657 13.682166 -5.256930 -2.946733 13.682166 -5.479951 -2.946733 14.880698 -5.256930 -2.775189 14.880698 -5.479951 -2.775189 15.985271 -5.256930 -2.496617 15.985271 -5.479951 -2.496617 16.953438 -5.256930 -2.121721 16.953438 -5.479951 -2.121721 17.747992 -5.256930 -1.664909 17.747992 -5.479951 -1.664909 18.338398 -5.256930 -1.143737 18.338398 -5.479951 -1.143737 18.701969 -5.256930 -0.578231 18.701969 -5.479951 -0.578231 18.824732 -5.256930 0.009875 18.824732 -5.479951 0.009875 18.701969 -5.256930 0.597981 18.701969 -5.479951 0.597981 18.338398 -5.256930 1.163486 18.338398 -5.479951 1.163486 17.747992 -5.256930 1.684659 17.747992 -5.479951 1.684659 16.953438 -5.256930 2.141470 16.953438 -5.479951 2.141470 15.985271 -5.256930 2.516366 15.985271 -5.479951 2.516366 14.880698 -5.256930 2.794939 14.880698 -5.479951 2.794939 13.682166 -5.256930 2.966483 13.682166 -5.479951 2.966483 12.435735 -5.256930 3.024406 12.435735 -5.479951 3.024406 11.189303 -5.256930 2.966483 11.189303 -5.479951 2.966483 9.990771 -5.256930 2.794939 9.990771 -5.479951 2.794939 8.886198 -5.256930 2.516366 8.886198 -5.479951 2.516366 7.918032 -5.256930 2.141470 7.918032 -5.479951 2.141470 7.123478 -5.256930 1.684659 7.123478 -5.479951 1.684659 6.533072 -5.256930 1.163486 6.533072 -5.479951 1.163486 6.169501 -5.256930 0.597981 6.169501 -5.479951 0.597981 6.046738 -5.256930 0.009875 6.046738 -5.479951 0.009875 6.169501 -5.256930 -0.578231 6.169501 -5.479951 -0.578231 6.533072 -5.256930 -1.143737 6.533072 -5.479951 -1.143737 7.123478 -5.256930 -1.664909 7.123478 -5.479951 -1.664909 7.918032 -5.256930 -2.121721 7.918032 -5.479951 -2.121721 8.886198 -5.256930 -2.496617 8.886198 -5.479951 -2.496617 9.990771 -5.256930 -2.775189 9.990771 -5.479951 -2.775189 11.189303 -5.256930 -2.946733 11.189303 -5.479951 -2.946733 "
							            />
							<TextureCoordinate point="1.0000 0.5000 0.9688 0.5000 0.9688 1.0000 1.0000 1.0000 0.9688 0.5000 0.9375 0.5000 0.9375 1.0000 0.9688 1.0000 0.9375 0.5000 0.9062 0.5000 0.9062 1.0000 0.9375 1.0000 0.9062 0.5000 0.8750 0.5000 0.8750 1.0000 0.9062 1.0000 0.8750 0.5000 0.8438 0.5000 0.8438 1.0000 0.8750 1.0000 0.8438 0.5000 0.8125 0.5000 0.8125 1.0000 0.8438 1.0000 0.8125 0.5000 0.7812 0.5000 0.7812 1.0000 0.8125 1.0000 0.7812 0.5000 0.7500 0.5000 0.7500 1.0000 0.7812 1.0000 0.7500 0.5000 0.7188 0.5000 0.7188 1.0000 0.7500 1.0000 0.7188 0.5000 0.6875 0.5000 0.6875 1.0000 0.7188 1.0000 0.6875 0.5000 0.6562 0.5000 0.6562 1.0000 0.6875 1.0000 0.6562 0.5000 0.6250 0.5000 0.6250 1.0000 0.6562 1.0000 0.6250 0.5000 0.5938 0.5000 0.5938 1.0000 0.6250 1.0000 0.5938 0.5000 0.5625 0.5000 0.5625 1.0000 0.5938 1.0000 0.5625 0.5000 0.5312 0.5000 0.5312 1.0000 0.5625 1.0000 0.5312 0.5000 0.5000 0.5000 0.5000 1.0000 0.5312 1.0000 0.5000 0.5000 0.4688 0.5000 0.4688 1.0000 0.5000 1.0000 0.4688 0.5000 0.4375 0.5000 0.4375 1.0000 0.4688 1.0000 0.4375 0.5000 0.4062 0.5000 0.4062 1.0000 0.4375 1.0000 0.4062 0.5000 0.3750 0.5000 0.3750 1.0000 0.4062 1.0000 0.3750 0.5000 0.3438 0.5000 0.3438 1.0000 0.3750 1.0000 0.3438 0.5000 0.3125 0.5000 0.3125 1.0000 0.3438 1.0000 0.3125 0.5000 0.2812 0.5000 0.2812 1.0000 0.3125 1.0000 0.2812 0.5000 0.2500 0.5000 0.2500 1.0000 0.2812 1.0000 0.2500 0.5000 0.2188 0.5000 0.2188 1.0000 0.2500 1.0000 0.2188 0.5000 0.1875 0.5000 0.1875 1.0000 0.2188 1.0000 0.1875 0.5000 0.1562 0.5000 0.1562 1.0000 0.1875 1.0000 0.1562 0.5000 0.1250 0.5000 0.1250 1.0000 0.1562 1.0000 0.1250 0.5000 0.0938 0.5000 0.0938 1.0000 0.1250 1.0000 0.0938 0.5000 0.0625 0.5000 0.0625 1.0000 0.0938 1.0000 0.2968 0.4854 0.3418 0.4717 0.3833 0.4496 0.4197 0.4197 0.4496 0.3833 0.4717 0.3418 0.4854 0.2968 0.4900 0.2500 0.4854 0.2032 0.4717 0.1582 0.4496 0.1167 0.4197 0.0803 0.3833 0.0504 0.3418 0.0283 0.2968 0.0146 0.2500 0.0100 0.2032 0.0146 0.1582 0.0283 0.1167 0.0504 0.0803 0.0803 0.0504 0.1167 0.0283 0.1582 0.0146 0.2032 0.0100 0.2500 0.0146 0.2968 0.0283 0.3418 0.0504 0.3833 0.0803 0.4197 0.1167 0.4496 0.1582 0.4717 0.2032 0.4854 0.2500 0.4900 0.0625 0.5000 0.0312 0.5000 0.0312 1.0000 0.0625 1.0000 0.0312 0.5000 0.0000 0.5000 0.0000 1.0000 0.0312 1.0000 0.7500 0.4900 0.7032 0.4854 0.6582 0.4717 0.6167 0.4496 0.5803 0.4197 0.5504 0.3833 0.5283 0.3418 0.5146 0.2968 0.5100 0.2500 0.5146 0.2032 0.5283 0.1582 0.5504 0.1167 0.5803 0.0803 0.6167 0.0504 0.6582 0.0283 0.7032 0.0146 0.7500 0.0100 0.7968 0.0146 0.8418 0.0283 0.8833 0.0504 0.9197 0.0803 0.9496 0.1167 0.9717 0.1582 0.9854 0.2032 0.9900 0.2500 0.9854 0.2968 0.9717 0.3418 0.9496 0.3833 0.9197 0.4197 0.8833 0.4496 0.8418 0.4717 0.7968 0.4854 " />
						</IndexedFaceSet>
					</Shape>
				</Group>
			</Transform>
		</Transform>
		<Transform DEF="Shape_IndexedFaceSet_052_TRANSFORM"
		           translation="0.000000 0.000000 0.000000"
		           scale="1.000000 1.000000 1.000000"
		           rotation="-0.000000 0.000000 0.000000 0.000000"
		           >
			<Transform DEF="Shape_IndexedFaceSet_052_ifs_TRANSFORM"
			           translation="0.000000 0.000000 0.000000"
			           scale="1.000000 1.000000 1.000000"
			           rotation="0.000000 1.000000 0.000000 0.000000"
			           >
				<Group DEF="group_ME_Shape_IndexedFaceSet_052">
					<Shape>
						<Appearance>
							<Material USE="MA_MA_rozowy" />
						</Appearance>
						<IndexedFaceSet solid="false"
						                texCoordIndex="0 1 2 3 -1 4 5 6 7 -1 8 9 10 11 -1 12 13 14 15 -1 16 17 18 19 -1 20 21 22 23 -1 24 25 26 27 -1 28 29 30 31 -1 32 33 34 35 -1 36 37 38 39 -1 40 41 42 43 -1 44 45 46 47 -1 48 49 50 51 -1 52 53 54 55 -1 56 57 58 59 -1 60 61 62 63 -1 64 65 66 67 -1 68 69 70 71 -1 72 73 74 75 -1 76 77 78 79 -1 80 81 82 83 -1 84 85 86 87 -1 88 89 90 91 -1 92 93 94 95 -1 96 97 98 99 -1 100 101 102 103 -1 104 105 106 107 -1 108 109 110 111 -1 112 113 114 115 -1 116 117 118 119 -1 120 121 122 123 124 125 126 127 128 129 130 131 132 133 134 135 136 137 138 139 140 141 142 143 144 145 146 147 148 149 150 151 -1 152 153 154 155 -1 156 157 158 159 -1 160 161 162 163 164 165 166 167 168 169 170 171 172 173 174 175 176 177 178 179 180 181 182 183 184 185 186 187 188 189 190 191 -1 "
						                coordIndex="0 1 3 2 -1 2 3 5 4 -1 4 5 7 6 -1 6 7 9 8 -1 8 9 11 10 -1 10 11 13 12 -1 12 13 15 14 -1 14 15 17 16 -1 16 17 19 18 -1 18 19 21 20 -1 20 21 23 22 -1 22 23 25 24 -1 24 25 27 26 -1 26 27 29 28 -1 28 29 31 30 -1 30 31 33 32 -1 32 33 35 34 -1 34 35 37 36 -1 36 37 39 38 -1 38 39 41 40 -1 40 41 43 42 -1 42 43 45 44 -1 44 45 47 46 -1 46 47 49 48 -1 48 49 51 50 -1 50 51 53 52 -1 52 53 55 54 -1 54 55 57 56 -1 56 57 59 58 -1 58 59 61 60 -1 3 1 63 61 59 57 55 53 51 49 47 45 43 41 39 37 35 33 31 29 27 25 23 21 19 17 15 13 11 9 7 5 -1 60 61 63 62 -1 62 63 1 0 -1 0 2 4 6 8 10 12 14 16 18 20 22 24 26 28 30 32 34 36 38 40 42 44 46 48 50 52 54 56 58 60 62 -1 "
						                >
							<Coordinate DEF="coords_ME_Shape_IndexedFaceSet_052"
							            point="15.766595 0.279950 2.315171 15.766595 -5.465612 2.315171 15.828372 0.279950 2.307764 15.828372 -5.465612 2.307764 15.887774 0.279950 2.285825 15.887774 -5.465612 2.285825 15.942520 0.279950 2.250200 15.942520 -5.465612 2.250200 15.990505 0.279950 2.202256 15.990505 -5.465612 2.202256 16.029884 0.279950 2.143836 16.029884 -5.465612 2.143836 16.059147 0.279950 2.077185 16.059147 -5.465612 2.077185 16.077168 0.279950 2.004864 16.077168 -5.465612 2.004864 16.083252 0.279950 1.929653 16.083252 -5.465612 1.929653 16.077168 0.279950 1.854442 16.077168 -5.465612 1.854442 16.059147 0.279950 1.782122 16.059147 -5.465612 1.782122 16.029884 0.279950 1.715471 16.029884 -5.465612 1.715471 15.990505 0.279950 1.657050 15.990505 -5.465612 1.657050 15.942520 0.279950 1.609106 15.942520 -5.465612 1.609106 15.887774 0.279950 1.573480 15.887774 -5.465612 1.573480 15.828372 0.279950 1.551542 15.828372 -5.465612 1.551542 15.766595 0.279950 1.544135 15.766595 -5.465612 1.544135 15.704818 0.279950 1.551542 15.704818 -5.465612 1.551542 15.645415 0.279950 1.573480 15.645415 -5.465612 1.573480 15.590670 0.279950 1.609106 15.590670 -5.465612 1.609106 15.542685 0.279950 1.657050 15.542685 -5.465612 1.657050 15.503304 0.279950 1.715471 15.503304 -5.465612 1.715471 15.474042 0.279950 1.782122 15.474042 -5.465612 1.782122 15.456022 0.279950 1.854442 15.456022 -5.465612 1.854442 15.449938 0.279950 1.929653 15.449938 -5.465612 1.929653 15.456022 0.279950 2.004864 15.456022 -5.465612 2.004864 15.474042 0.279950 2.077185 15.474042 -5.465612 2.077185 15.503304 0.279950 2.143836 15.503304 -5.465612 2.143836 15.542685 0.279950 2.202256 15.542685 -5.465612 2.202256 15.590670 0.279950 2.250200 15.590670 -5.465612 2.250200 15.645415 0.279950 2.285825 15.645415 -5.465612 2.285825 15.704818 0.279950 2.307764 15.704818 -5.465612 2.307764 "
							            />
							<TextureCoordinate point="1.0000 0.5000 1.0000 1.0000 0.9688 1.0000 0.9688 0.5000 0.9688 0.5000 0.9688 1.0000 0.9375 1.0000 0.9375 0.5000 0.9375 0.5000 0.9375 1.0000 0.9062 1.0000 0.9062 0.5000 0.9062 0.5000 0.9062 1.0000 0.8750 1.0000 0.8750 0.5000 0.8750 0.5000 0.8750 1.0000 0.8438 1.0000 0.8438 0.5000 0.8438 0.5000 0.8438 1.0000 0.8125 1.0000 0.8125 0.5000 0.8125 0.5000 0.8125 1.0000 0.7812 1.0000 0.7812 0.5000 0.7812 0.5000 0.7812 1.0000 0.7500 1.0000 0.7500 0.5000 0.7500 0.5000 0.7500 1.0000 0.7188 1.0000 0.7188 0.5000 0.7188 0.5000 0.7188 1.0000 0.6875 1.0000 0.6875 0.5000 0.6875 0.5000 0.6875 1.0000 0.6562 1.0000 0.6562 0.5000 0.6562 0.5000 0.6562 1.0000 0.6250 1.0000 0.6250 0.5000 0.6250 0.5000 0.6250 1.0000 0.5938 1.0000 0.5938 0.5000 0.5938 0.5000 0.5938 1.0000 0.5625 1.0000 0.5625 0.5000 0.5625 0.5000 0.5625 1.0000 0.5312 1.0000 0.5312 0.5000 0.5312 0.5000 0.5312 1.0000 0.5000 1.0000 0.5000 0.5000 0.5000 0.5000 0.5000 1.0000 0.4688 1.0000 0.4688 0.5000 0.4688 0.5000 0.4688 1.0000 0.4375 1.0000 0.4375 0.5000 0.4375 0.5000 0.4375 1.0000 0.4062 1.0000 0.4062 0.5000 0.4062 0.5000 0.4062 1.0000 0.3750 1.0000 0.3750 0.5000 0.3750 0.5000 0.3750 1.0000 0.3438 1.0000 0.3438 0.5000 0.3438 0.5000 0.3438 1.0000 0.3125 1.0000 0.3125 0.5000 0.3125 0.5000 0.3125 1.0000 0.2812 1.0000 0.2812 0.5000 0.2812 0.5000 0.2812 1.0000 0.2500 1.0000 0.2500 0.5000 0.2500 0.5000 0.2500 1.0000 0.2188 1.0000 0.2188 0.5000 0.2188 0.5000 0.2188 1.0000 0.1875 1.0000 0.1875 0.5000 0.1875 0.5000 0.1875 1.0000 0.1562 1.0000 0.1562 0.5000 0.1562 0.5000 0.1562 1.0000 0.1250 1.0000 0.1250 0.5000 0.1250 0.5000 0.1250 1.0000 0.0938 1.0000 0.0938 0.5000 0.0938 0.5000 0.0938 1.0000 0.0625 1.0000 0.0625 0.5000 0.2968 0.4854 0.2500 0.4900 0.2032 0.4854 0.1582 0.4717 0.1167 0.4496 0.0803 0.4197 0.0504 0.3833 0.0283 0.3418 0.0146 0.2968 0.0100 0.2500 0.0146 0.2032 0.0283 0.1582 0.0504 0.1167 0.0803 0.0803 0.1167 0.0504 0.1582 0.0283 0.2032 0.0146 0.2500 0.0100 0.2968 0.0146 0.3418 0.0283 0.3833 0.0504 0.4197 0.0803 0.4496 0.1167 0.4717 0.1582 0.4854 0.2032 0.4900 0.2500 0.4854 0.2968 0.4717 0.3418 0.4496 0.3833 0.4197 0.4197 0.3833 0.4496 0.3418 0.4717 0.0625 0.5000 0.0625 1.0000 0.0312 1.0000 0.0312 0.5000 0.0312 0.5000 0.0312 1.0000 0.0000 1.0000 0.0000 0.5000 0.7500 0.4900 0.7968 0.4854 0.8418 0.4717 0.8833 0.4496 0.9197 0.4197 0.9496 0.3833 0.9717 0.3418 0.9854 0.2968 0.9900 0.2500 0.9854 0.2032 0.9717 0.1582 0.9496 0.1167 0.9197 0.0803 0.8833 0.0504 0.8418 0.0283 0.7968 0.0146 0.7500 0.0100 0.7032 0.0146 0.6582 0.0283 0.6167 0.0504 0.5803 0.0803 0.5504 0.1167 0.5283 0.1582 0.5146 0.2032 0.5100 0.2500 0.5146 0.2968 0.5283 0.3418 0.5504 0.3833 0.5803 0.4197 0.6167 0.4496 0.6582 0.4717 0.7032 0.4854 " />
						</IndexedFaceSet>
					</Shape>
				</Group>
			</Transform>
		</Transform>
		<Transform DEF="Shape_IndexedFaceSet_053_TRANSFORM"
		           translation="0.000000 0.000000 0.000000"
		           scale="1.000000 1.000000 1.000000"
		           rotation="-0.000000 0.000000 0.000000 0.000000"
		           >
			<Transform DEF="Shape_IndexedFaceSet_053_ifs_TRANSFORM"
			           translation="0.000000 0.000000 0.000000"
			           scale="1.000000 1.000000 1.000000"
			           rotation="0.000000 1.000000 0.000000 0.000000"
			           >
				<Group DEF="group_ME_Shape_IndexedFaceSet_053">
					<Shape>
						<Appearance>
							<Material USE="MA_MA_rozowy" />
						</Appearance>
						<IndexedFaceSet solid="false"
						                texCoordIndex="0 1 2 3 -1 4 5 6 7 -1 8 9 10 11 -1 12 13 14 15 -1 16 17 18 19 -1 20 21 22 23 -1 24 25 26 27 -1 28 29 30 31 -1 32 33 34 35 -1 36 37 38 39 -1 40 41 42 43 -1 44 45 46 47 -1 48 49 50 51 -1 52 53 54 55 -1 56 57 58 59 -1 60 61 62 63 -1 64 65 66 67 -1 68 69 70 71 -1 72 73 74 75 -1 76 77 78 79 -1 80 81 82 83 -1 84 85 86 87 -1 88 89 90 91 -1 92 93 94 95 -1 96 97 98 99 -1 100 101 102 103 -1 104 105 106 107 -1 108 109 110 111 -1 112 113 114 115 -1 116 117 118 119 -1 120 121 122 123 124 125 126 127 128 129 130 131 132 133 134 135 136 137 138 139 140 141 142 143 144 145 146 147 148 149 150 151 -1 152 153 154 155 -1 156 157 158 159 -1 160 161 162 163 164 165 166 167 168 169 170 171 172 173 174 175 176 177 178 179 180 181 182 183 184 185 186 187 188 189 190 191 -1 "
						                coordIndex="0 1 3 2 -1 2 3 5 4 -1 4 5 7 6 -1 6 7 9 8 -1 8 9 11 10 -1 10 11 13 12 -1 12 13 15 14 -1 14 15 17 16 -1 16 17 19 18 -1 18 19 21 20 -1 20 21 23 22 -1 22 23 25 24 -1 24 25 27 26 -1 26 27 29 28 -1 28 29 31 30 -1 30 31 33 32 -1 32 33 35 34 -1 34 35 37 36 -1 36 37 39 38 -1 38 39 41 40 -1 40 41 43 42 -1 42 43 45 44 -1 44 45 47 46 -1 46 47 49 48 -1 48 49 51 50 -1 50 51 53 52 -1 52 53 55 54 -1 54 55 57 56 -1 56 57 59 58 -1 58 59 61 60 -1 3 1 63 61 59 57 55 53 51 49 47 45 43 41 39 37 35 33 31 29 27 25 23 21 19 17 15 13 11 9 7 5 -1 60 61 63 62 -1 62 63 1 0 -1 0 2 4 6 8 10 12 14 16 18 20 22 24 26 28 30 32 34 36 38 40 42 44 46 48 50 52 54 56 58 60 62 -1 "
						                >
							<Coordinate DEF="coords_ME_Shape_IndexedFaceSet_053"
							            point="15.894734 0.303524 -1.471071 15.894734 -5.442039 -1.471071 15.956511 0.303524 -1.478478 15.956511 -5.442039 -1.478478 16.015913 0.303524 -1.500416 16.015913 -5.442039 -1.500416 16.070660 0.303524 -1.536042 16.070660 -5.442039 -1.536042 16.118645 0.303524 -1.583986 16.118645 -5.442039 -1.583986 16.158024 0.303524 -1.642406 16.158024 -5.442039 -1.642406 16.187286 0.303524 -1.709057 16.187286 -5.442039 -1.709057 16.205307 0.303524 -1.781378 16.205307 -5.442039 -1.781378 16.211391 0.303524 -1.856589 16.211391 -5.442039 -1.856589 16.205307 0.303524 -1.931800 16.205307 -5.442039 -1.931800 16.187286 0.303524 -2.004120 16.187286 -5.442039 -2.004120 16.158024 0.303524 -2.070771 16.158024 -5.442039 -2.070771 16.118645 0.303524 -2.129192 16.118645 -5.442039 -2.129192 16.070660 0.303524 -2.177136 16.070660 -5.442039 -2.177136 16.015913 0.303524 -2.212761 16.015913 -5.442039 -2.212761 15.956511 0.303524 -2.234700 15.956511 -5.442039 -2.234700 15.894734 0.303524 -2.242107 15.894734 -5.442039 -2.242107 15.832957 0.303524 -2.234700 15.832957 -5.442039 -2.234700 15.773555 0.303524 -2.212761 15.773555 -5.442039 -2.212761 15.718809 0.303524 -2.177136 15.718809 -5.442039 -2.177136 15.670824 0.303524 -2.129192 15.670824 -5.442039 -2.129192 15.631444 0.303524 -2.070771 15.631444 -5.442039 -2.070771 15.602181 0.303524 -2.004120 15.602181 -5.442039 -2.004120 15.584162 0.303524 -1.931800 15.584162 -5.442039 -1.931800 15.578077 0.303524 -1.856589 15.578077 -5.442039 -1.856589 15.584162 0.303524 -1.781378 15.584162 -5.442039 -1.781378 15.602181 0.303524 -1.709057 15.602181 -5.442039 -1.709057 15.631444 0.303524 -1.642406 15.631444 -5.442039 -1.642406 15.670824 0.303524 -1.583986 15.670824 -5.442039 -1.583986 15.718809 0.303524 -1.536042 15.718809 -5.442039 -1.536042 15.773555 0.303524 -1.500416 15.773555 -5.442039 -1.500416 15.832957 0.303524 -1.478478 15.832957 -5.442039 -1.478478 "
							            />
							<TextureCoordinate point="1.0000 0.5000 1.0000 1.0000 0.9688 1.0000 0.9688 0.5000 0.9688 0.5000 0.9688 1.0000 0.9375 1.0000 0.9375 0.5000 0.9375 0.5000 0.9375 1.0000 0.9062 1.0000 0.9062 0.5000 0.9062 0.5000 0.9062 1.0000 0.8750 1.0000 0.8750 0.5000 0.8750 0.5000 0.8750 1.0000 0.8438 1.0000 0.8438 0.5000 0.8438 0.5000 0.8438 1.0000 0.8125 1.0000 0.8125 0.5000 0.8125 0.5000 0.8125 1.0000 0.7812 1.0000 0.7812 0.5000 0.7812 0.5000 0.7812 1.0000 0.7500 1.0000 0.7500 0.5000 0.7500 0.5000 0.7500 1.0000 0.7188 1.0000 0.7188 0.5000 0.7188 0.5000 0.7188 1.0000 0.6875 1.0000 0.6875 0.5000 0.6875 0.5000 0.6875 1.0000 0.6562 1.0000 0.6562 0.5000 0.6562 0.5000 0.6562 1.0000 0.6250 1.0000 0.6250 0.5000 0.6250 0.5000 0.6250 1.0000 0.5938 1.0000 0.5938 0.5000 0.5938 0.5000 0.5938 1.0000 0.5625 1.0000 0.5625 0.5000 0.5625 0.5000 0.5625 1.0000 0.5312 1.0000 0.5312 0.5000 0.5312 0.5000 0.5312 1.0000 0.5000 1.0000 0.5000 0.5000 0.5000 0.5000 0.5000 1.0000 0.4688 1.0000 0.4688 0.5000 0.4688 0.5000 0.4688 1.0000 0.4375 1.0000 0.4375 0.5000 0.4375 0.5000 0.4375 1.0000 0.4062 1.0000 0.4062 0.5000 0.4062 0.5000 0.4062 1.0000 0.3750 1.0000 0.3750 0.5000 0.3750 0.5000 0.3750 1.0000 0.3438 1.0000 0.3438 0.5000 0.3438 0.5000 0.3438 1.0000 0.3125 1.0000 0.3125 0.5000 0.3125 0.5000 0.3125 1.0000 0.2812 1.0000 0.2812 0.5000 0.2812 0.5000 0.2812 1.0000 0.2500 1.0000 0.2500 0.5000 0.2500 0.5000 0.2500 1.0000 0.2188 1.0000 0.2188 0.5000 0.2188 0.5000 0.2188 1.0000 0.1875 1.0000 0.1875 0.5000 0.1875 0.5000 0.1875 1.0000 0.1562 1.0000 0.1562 0.5000 0.1562 0.5000 0.1562 1.0000 0.1250 1.0000 0.1250 0.5000 0.1250 0.5000 0.1250 1.0000 0.0938 1.0000 0.0938 0.5000 0.0938 0.5000 0.0938 1.0000 0.0625 1.0000 0.0625 0.5000 0.2968 0.4854 0.2500 0.4900 0.2032 0.4854 0.1582 0.4717 0.1167 0.4496 0.0803 0.4197 0.0504 0.3833 0.0283 0.3418 0.0146 0.2968 0.0100 0.2500 0.0146 0.2032 0.0283 0.1582 0.0504 0.1167 0.0803 0.0803 0.1167 0.0504 0.1582 0.0283 0.2032 0.0146 0.2500 0.0100 0.2968 0.0146 0.3418 0.0283 0.3833 0.0504 0.4197 0.0803 0.4496 0.1167 0.4717 0.1582 0.4854 0.2032 0.4900 0.2500 0.4854 0.2968 0.4717 0.3418 0.4496 0.3833 0.4197 0.4197 0.3833 0.4496 0.3418 0.4717 0.0625 0.5000 0.0625 1.0000 0.0312 1.0000 0.0312 0.5000 0.0312 0.5000 0.0312 1.0000 0.0000 1.0000 0.0000 0.5000 0.7500 0.4900 0.7968 0.4854 0.8418 0.4717 0.8833 0.4496 0.9197 0.4197 0.9496 0.3833 0.9717 0.3418 0.9854 0.2968 0.9900 0.2500 0.9854 0.2032 0.9717 0.1582 0.9496 0.1167 0.9197 0.0803 0.8833 0.0504 0.8418 0.0283 0.7968 0.0146 0.7500 0.0100 0.7032 0.0146 0.6582 0.0283 0.6167 0.0504 0.5803 0.0803 0.5504 0.1167 0.5283 0.1582 0.5146 0.2032 0.5100 0.2500 0.5146 0.2968 0.5283 0.3418 0.5504 0.3833 0.5803 0.4197 0.6167 0.4496 0.6582 0.4717 0.7032 0.4854 " />
						</IndexedFaceSet>
					</Shape>
				</Group>
			</Transform>
		</Transform>
		<Transform DEF="Shape_IndexedFaceSet_055_TRANSFORM"
		           translation="0.000000 0.000000 0.000000"
		           scale="1.000000 1.000000 1.000000"
		           rotation="-0.000000 0.000000 0.000000 0.000000"
		           >
			<Transform DEF="Shape_IndexedFaceSet_055_ifs_TRANSFORM"
			           translation="0.000000 0.000000 0.000000"
			           scale="1.000000 1.000000 1.000000"
			           rotation="0.000000 1.000000 0.000000 0.000000"
			           >
				<Group DEF="group_ME_Shape_IndexedFaceSet_055">
					<Shape>
						<Appearance>
							<Material USE="MA_MA_MA_KolorScian" />
						</Appearance>
						<IndexedFaceSet solid="false"
						                texCoordIndex="0 1 2 3 -1 4 5 6 7 -1 8 9 10 11 -1 12 13 14 15 -1 16 17 18 19 -1 20 21 22 23 -1 24 25 26 27 -1 28 29 30 31 -1 32 33 34 35 -1 36 37 38 39 -1 40 41 42 43 -1 44 45 46 47 -1 48 49 50 51 -1 52 53 54 55 -1 56 57 58 59 -1 60 61 62 63 -1 64 65 66 67 -1 68 69 70 71 -1 72 73 74 75 -1 76 77 78 79 -1 80 81 82 83 -1 84 85 86 87 -1 88 89 90 91 -1 92 93 94 95 -1 96 97 98 99 -1 100 101 102 103 -1 104 105 106 107 -1 108 109 110 111 -1 112 113 114 115 -1 116 117 118 119 -1 120 121 122 123 124 125 126 127 128 129 130 131 132 133 134 135 136 137 138 139 140 141 142 143 144 145 146 147 148 149 150 151 -1 152 153 154 155 -1 156 157 158 159 -1 160 161 162 163 164 165 166 167 168 169 170 171 172 173 174 175 176 177 178 179 180 181 182 183 184 185 186 187 188 189 190 191 -1 "
						                coordIndex="0 1 3 2 -1 2 3 5 4 -1 4 5 7 6 -1 6 7 9 8 -1 8 9 11 10 -1 10 11 13 12 -1 12 13 15 14 -1 14 15 17 16 -1 16 17 19 18 -1 18 19 21 20 -1 20 21 23 22 -1 22 23 25 24 -1 24 25 27 26 -1 26 27 29 28 -1 28 29 31 30 -1 30 31 33 32 -1 32 33 35 34 -1 34 35 37 36 -1 36 37 39 38 -1 38 39 41 40 -1 40 41 43 42 -1 42 43 45 44 -1 44 45 47 46 -1 46 47 49 48 -1 48 49 51 50 -1 50 51 53 52 -1 52 53 55 54 -1 54 55 57 56 -1 56 57 59 58 -1 58 59 61 60 -1 3 1 63 61 59 57 55 53 51 49 47 45 43 41 39 37 35 33 31 29 27 25 23 21 19 17 15 13 11 9 7 5 -1 60 61 63 62 -1 62 63 1 0 -1 0 2 4 6 8 10 12 14 16 18 20 22 24 26 28 30 32 34 36 38 40 42 44 46 48 50 52 54 56 58 60 62 -1 "
						                >
							<Coordinate DEF="coords_ME_Shape_IndexedFaceSet_055"
							            point="12.924784 4.271826 -1.781304 12.924784 -0.701091 -1.781304 12.986561 4.271826 -1.788712 12.986561 -0.701091 -1.788712 13.045963 4.271826 -1.810650 13.045963 -0.701091 -1.810650 13.100709 4.271826 -1.846276 13.100709 -0.701091 -1.846276 13.148694 4.271826 -1.894220 13.148694 -0.701091 -1.894220 13.188074 4.271826 -1.952640 13.188074 -0.701091 -1.952640 13.217337 4.271826 -2.019291 13.217337 -0.701091 -2.019291 13.235355 4.271826 -2.091612 13.235355 -0.701091 -2.091612 13.241441 4.271826 -2.166822 13.241441 -0.701091 -2.166822 13.235355 4.271826 -2.242033 13.235355 -0.701091 -2.242033 13.217337 4.271826 -2.314354 13.217337 -0.701091 -2.314354 13.188074 4.271826 -2.381005 13.188074 -0.701091 -2.381005 13.148694 4.271826 -2.439425 13.148694 -0.701091 -2.439425 13.100709 4.271826 -2.487369 13.100709 -0.701091 -2.487369 13.045963 4.271826 -2.522995 13.045963 -0.701091 -2.522995 12.986561 4.271826 -2.544933 12.986561 -0.701091 -2.544933 12.924784 4.271826 -2.552341 12.924784 -0.701091 -2.552341 12.863007 4.271826 -2.544933 12.863007 -0.701091 -2.544933 12.803604 4.271826 -2.522995 12.803604 -0.701091 -2.522995 12.748858 4.271826 -2.487369 12.748858 -0.701091 -2.487369 12.700873 4.271826 -2.439425 12.700873 -0.701091 -2.439425 12.661493 4.271826 -2.381005 12.661493 -0.701091 -2.381005 12.632231 4.271826 -2.314354 12.632231 -0.701091 -2.314354 12.614212 4.271826 -2.242033 12.614212 -0.701091 -2.242033 12.608127 4.271826 -2.166822 12.608127 -0.701091 -2.166822 12.614212 4.271826 -2.091612 12.614212 -0.701091 -2.091612 12.632231 4.271826 -2.019291 12.632231 -0.701091 -2.019291 12.661493 4.271826 -1.952640 12.661493 -0.701091 -1.952640 12.700873 4.271826 -1.894220 12.700873 -0.701091 -1.894220 12.748858 4.271826 -1.846276 12.748858 -0.701091 -1.846276 12.803604 4.271826 -1.810650 12.803604 -0.701091 -1.810650 12.863007 4.271826 -1.788712 12.863007 -0.701091 -1.788712 "
							            />
							<TextureCoordinate point="1.0000 0.5000 1.0000 1.0000 0.9688 1.0000 0.9688 0.5000 0.9688 0.5000 0.9688 1.0000 0.9375 1.0000 0.9375 0.5000 0.9375 0.5000 0.9375 1.0000 0.9062 1.0000 0.9062 0.5000 0.9062 0.5000 0.9062 1.0000 0.8750 1.0000 0.8750 0.5000 0.8750 0.5000 0.8750 1.0000 0.8438 1.0000 0.8438 0.5000 0.8438 0.5000 0.8438 1.0000 0.8125 1.0000 0.8125 0.5000 0.8125 0.5000 0.8125 1.0000 0.7812 1.0000 0.7812 0.5000 0.7812 0.5000 0.7812 1.0000 0.7500 1.0000 0.7500 0.5000 0.7500 0.5000 0.7500 1.0000 0.7188 1.0000 0.7188 0.5000 0.7188 0.5000 0.7188 1.0000 0.6875 1.0000 0.6875 0.5000 0.6875 0.5000 0.6875 1.0000 0.6562 1.0000 0.6562 0.5000 0.6562 0.5000 0.6562 1.0000 0.6250 1.0000 0.6250 0.5000 0.6250 0.5000 0.6250 1.0000 0.5938 1.0000 0.5938 0.5000 0.5938 0.5000 0.5938 1.0000 0.5625 1.0000 0.5625 0.5000 0.5625 0.5000 0.5625 1.0000 0.5312 1.0000 0.5312 0.5000 0.5312 0.5000 0.5312 1.0000 0.5000 1.0000 0.5000 0.5000 0.5000 0.5000 0.5000 1.0000 0.4688 1.0000 0.4688 0.5000 0.4688 0.5000 0.4688 1.0000 0.4375 1.0000 0.4375 0.5000 0.4375 0.5000 0.4375 1.0000 0.4062 1.0000 0.4062 0.5000 0.4062 0.5000 0.4062 1.0000 0.3750 1.0000 0.3750 0.5000 0.3750 0.5000 0.3750 1.0000 0.3438 1.0000 0.3438 0.5000 0.3438 0.5000 0.3438 1.0000 0.3125 1.0000 0.3125 0.5000 0.3125 0.5000 0.3125 1.0000 0.2812 1.0000 0.2812 0.5000 0.2812 0.5000 0.2812 1.0000 0.2500 1.0000 0.2500 0.5000 0.2500 0.5000 0.2500 1.0000 0.2188 1.0000 0.2188 0.5000 0.2188 0.5000 0.2188 1.0000 0.1875 1.0000 0.1875 0.5000 0.1875 0.5000 0.1875 1.0000 0.1562 1.0000 0.1562 0.5000 0.1562 0.5000 0.1562 1.0000 0.1250 1.0000 0.1250 0.5000 0.1250 0.5000 0.1250 1.0000 0.0938 1.0000 0.0938 0.5000 0.0938 0.5000 0.0938 1.0000 0.0625 1.0000 0.0625 0.5000 0.2968 0.4854 0.2500 0.4900 0.2032 0.4854 0.1582 0.4717 0.1167 0.4496 0.0803 0.4197 0.0504 0.3833 0.0283 0.3418 0.0146 0.2968 0.0100 0.2500 0.0146 0.2032 0.0283 0.1582 0.0504 0.1167 0.0803 0.0803 0.1167 0.0504 0.1582 0.0283 0.2032 0.0146 0.2500 0.0100 0.2968 0.0146 0.3418 0.0283 0.3833 0.0504 0.4197 0.0803 0.4496 0.1167 0.4717 0.1582 0.4854 0.2032 0.4900 0.2500 0.4854 0.2968 0.4717 0.3418 0.4496 0.3833 0.4197 0.4197 0.3833 0.4496 0.3418 0.4717 0.0625 0.5000 0.0625 1.0000 0.0312 1.0000 0.0312 0.5000 0.0312 0.5000 0.0312 1.0000 0.0000 1.0000 0.0000 0.5000 0.7500 0.4900 0.7968 0.4854 0.8418 0.4717 0.8833 0.4496 0.9197 0.4197 0.9496 0.3833 0.9717 0.3418 0.9854 0.2968 0.9900 0.2500 0.9854 0.2032 0.9717 0.1582 0.9496 0.1167 0.9197 0.0803 0.8833 0.0504 0.8418 0.0283 0.7968 0.0146 0.7500 0.0100 0.7032 0.0146 0.6582 0.0283 0.6167 0.0504 0.5803 0.0803 0.5504 0.1167 0.5283 0.1582 0.5146 0.2032 0.5100 0.2500 0.5146 0.2968 0.5283 0.3418 0.5504 0.3833 0.5803 0.4197 0.6167 0.4496 0.6582 0.4717 0.7032 0.4854 " />
						</IndexedFaceSet>
					</Shape>
				</Group>
			</Transform>
		</Transform>
		<Transform DEF="Shape_IndexedFaceSet_056_TRANSFORM"
		           translation="0.000000 0.000000 0.000000"
		           scale="1.000000 1.000000 1.000000"
		           rotation="-0.000000 0.000000 0.000000 0.000000"
		           >
			<Transform DEF="Shape_IndexedFaceSet_056_ifs_TRANSFORM"
			           translation="0.000000 0.000000 0.000000"
			           scale="1.000000 1.000000 1.000000"
			           rotation="0.000000 1.000000 0.000000 0.000000"
			           >
				<Group DEF="group_ME_Shape_IndexedFaceSet_056">
					<Shape>
						<Appearance>
							<Material USE="MA_MA_MA_KolorScian" />
						</Appearance>
						<IndexedFaceSet solid="false"
						                texCoordIndex="0 1 2 3 -1 4 5 6 7 -1 8 9 10 11 -1 12 13 14 15 -1 16 17 18 19 -1 20 21 22 23 -1 24 25 26 27 -1 28 29 30 31 -1 32 33 34 35 -1 36 37 38 39 -1 40 41 42 43 -1 44 45 46 47 -1 48 49 50 51 -1 52 53 54 55 -1 56 57 58 59 -1 60 61 62 63 -1 64 65 66 67 -1 68 69 70 71 -1 72 73 74 75 -1 76 77 78 79 -1 80 81 82 83 -1 84 85 86 87 -1 88 89 90 91 -1 92 93 94 95 -1 96 97 98 99 -1 100 101 102 103 -1 104 105 106 107 -1 108 109 110 111 -1 112 113 114 115 -1 116 117 118 119 -1 120 121 122 123 124 125 126 127 128 129 130 131 132 133 134 135 136 137 138 139 140 141 142 143 144 145 146 147 148 149 150 151 -1 152 153 154 155 -1 156 157 158 159 -1 160 161 162 163 164 165 166 167 168 169 170 171 172 173 174 175 176 177 178 179 180 181 182 183 184 185 186 187 188 189 190 191 -1 "
						                coordIndex="0 1 3 2 -1 2 3 5 4 -1 4 5 7 6 -1 6 7 9 8 -1 8 9 11 10 -1 10 11 13 12 -1 12 13 15 14 -1 14 15 17 16 -1 16 17 19 18 -1 18 19 21 20 -1 20 21 23 22 -1 22 23 25 24 -1 24 25 27 26 -1 26 27 29 28 -1 28 29 31 30 -1 30 31 33 32 -1 32 33 35 34 -1 34 35 37 36 -1 36 37 39 38 -1 38 39 41 40 -1 40 41 43 42 -1 42 43 45 44 -1 44 45 47 46 -1 46 47 49 48 -1 48 49 51 50 -1 50 51 53 52 -1 52 53 55 54 -1 54 55 57 56 -1 56 57 59 58 -1 58 59 61 60 -1 3 1 63 61 59 57 55 53 51 49 47 45 43 41 39 37 35 33 31 29 27 25 23 21 19 17 15 13 11 9 7 5 -1 60 61 63 62 -1 62 63 1 0 -1 0 2 4 6 8 10 12 14 16 18 20 22 24 26 28 30 32 34 36 38 40 42 44 46 48 50 52 54 56 58 60 62 -1 "
						                >
							<Coordinate DEF="coords_ME_Shape_IndexedFaceSet_056"
							            point="6.616057 4.204290 -1.745556 6.616057 -0.768628 -1.745556 6.677834 4.204290 -1.752964 6.677834 -0.768628 -1.752964 6.737236 4.204290 -1.774902 6.737236 -0.768628 -1.774902 6.791982 4.204290 -1.810528 6.791982 -0.768628 -1.810528 6.839967 4.204290 -1.858472 6.839967 -0.768628 -1.858472 6.879347 4.204290 -1.916892 6.879347 -0.768628 -1.916892 6.908609 4.204290 -1.983543 6.908609 -0.768628 -1.983543 6.926629 4.204290 -2.055864 6.926629 -0.768628 -2.055864 6.932714 4.204290 -2.131074 6.932714 -0.768628 -2.131074 6.926629 4.204290 -2.206285 6.926629 -0.768628 -2.206285 6.908609 4.204290 -2.278606 6.908609 -0.768628 -2.278606 6.879347 4.204290 -2.345257 6.879347 -0.768628 -2.345257 6.839967 4.204290 -2.403677 6.839967 -0.768628 -2.403677 6.791982 4.204290 -2.451621 6.791982 -0.768628 -2.451621 6.737236 4.204290 -2.487247 6.737236 -0.768628 -2.487247 6.677834 4.204290 -2.509185 6.677834 -0.768628 -2.509185 6.616057 4.204290 -2.516593 6.616057 -0.768628 -2.516593 6.554280 4.204290 -2.509185 6.554280 -0.768628 -2.509185 6.494878 4.204290 -2.487247 6.494878 -0.768628 -2.487247 6.440132 4.204290 -2.451621 6.440132 -0.768628 -2.451621 6.392147 4.204290 -2.403677 6.392147 -0.768628 -2.403677 6.352767 4.204290 -2.345257 6.352767 -0.768628 -2.345257 6.323504 4.204290 -2.278606 6.323504 -0.768628 -2.278606 6.305485 4.204290 -2.206285 6.305485 -0.768628 -2.206285 6.299400 4.204290 -2.131074 6.299400 -0.768628 -2.131074 6.305485 4.204290 -2.055864 6.305485 -0.768628 -2.055864 6.323504 4.204290 -1.983543 6.323504 -0.768628 -1.983543 6.352767 4.204290 -1.916892 6.352767 -0.768628 -1.916892 6.392147 4.204290 -1.858472 6.392147 -0.768628 -1.858472 6.440132 4.204290 -1.810528 6.440132 -0.768628 -1.810528 6.494878 4.204290 -1.774902 6.494878 -0.768628 -1.774902 6.554280 4.204290 -1.752964 6.554280 -0.768628 -1.752964 "
							            />
							<TextureCoordinate point="1.0000 0.5000 1.0000 1.0000 0.9688 1.0000 0.9688 0.5000 0.9688 0.5000 0.9688 1.0000 0.9375 1.0000 0.9375 0.5000 0.9375 0.5000 0.9375 1.0000 0.9062 1.0000 0.9062 0.5000 0.9062 0.5000 0.9062 1.0000 0.8750 1.0000 0.8750 0.5000 0.8750 0.5000 0.8750 1.0000 0.8438 1.0000 0.8438 0.5000 0.8438 0.5000 0.8438 1.0000 0.8125 1.0000 0.8125 0.5000 0.8125 0.5000 0.8125 1.0000 0.7812 1.0000 0.7812 0.5000 0.7812 0.5000 0.7812 1.0000 0.7500 1.0000 0.7500 0.5000 0.7500 0.5000 0.7500 1.0000 0.7188 1.0000 0.7188 0.5000 0.7188 0.5000 0.7188 1.0000 0.6875 1.0000 0.6875 0.5000 0.6875 0.5000 0.6875 1.0000 0.6562 1.0000 0.6562 0.5000 0.6562 0.5000 0.6562 1.0000 0.6250 1.0000 0.6250 0.5000 0.6250 0.5000 0.6250 1.0000 0.5938 1.0000 0.5938 0.5000 0.5938 0.5000 0.5938 1.0000 0.5625 1.0000 0.5625 0.5000 0.5625 0.5000 0.5625 1.0000 0.5312 1.0000 0.5312 0.5000 0.5312 0.5000 0.5312 1.0000 0.5000 1.0000 0.5000 0.5000 0.5000 0.5000 0.5000 1.0000 0.4688 1.0000 0.4688 0.5000 0.4688 0.5000 0.4688 1.0000 0.4375 1.0000 0.4375 0.5000 0.4375 0.5000 0.4375 1.0000 0.4062 1.0000 0.4062 0.5000 0.4062 0.5000 0.4062 1.0000 0.3750 1.0000 0.3750 0.5000 0.3750 0.5000 0.3750 1.0000 0.3438 1.0000 0.3438 0.5000 0.3438 0.5000 0.3438 1.0000 0.3125 1.0000 0.3125 0.5000 0.3125 0.5000 0.3125 1.0000 0.2812 1.0000 0.2812 0.5000 0.2812 0.5000 0.2812 1.0000 0.2500 1.0000 0.2500 0.5000 0.2500 0.5000 0.2500 1.0000 0.2188 1.0000 0.2188 0.5000 0.2188 0.5000 0.2188 1.0000 0.1875 1.0000 0.1875 0.5000 0.1875 0.5000 0.1875 1.0000 0.1562 1.0000 0.1562 0.5000 0.1562 0.5000 0.1562 1.0000 0.1250 1.0000 0.1250 0.5000 0.1250 0.5000 0.1250 1.0000 0.0938 1.0000 0.0938 0.5000 0.0938 0.5000 0.0938 1.0000 0.0625 1.0000 0.0625 0.5000 0.2968 0.4854 0.2500 0.4900 0.2032 0.4854 0.1582 0.4717 0.1167 0.4496 0.0803 0.4197 0.0504 0.3833 0.0283 0.3418 0.0146 0.2968 0.0100 0.2500 0.0146 0.2032 0.0283 0.1582 0.0504 0.1167 0.0803 0.0803 0.1167 0.0504 0.1582 0.0283 0.2032 0.0146 0.2500 0.0100 0.2968 0.0146 0.3418 0.0283 0.3833 0.0504 0.4197 0.0803 0.4496 0.1167 0.4717 0.1582 0.4854 0.2032 0.4900 0.2500 0.4854 0.2968 0.4717 0.3418 0.4496 0.3833 0.4197 0.4197 0.3833 0.4496 0.3418 0.4717 0.0625 0.5000 0.0625 1.0000 0.0312 1.0000 0.0312 0.5000 0.0312 0.5000 0.0312 1.0000 0.0000 1.0000 0.0000 0.5000 0.7500 0.4900 0.7968 0.4854 0.8418 0.4717 0.8833 0.4496 0.9197 0.4197 0.9496 0.3833 0.9717 0.3418 0.9854 0.2968 0.9900 0.2500 0.9854 0.2032 0.9717 0.1582 0.9496 0.1167 0.9197 0.0803 0.8833 0.0504 0.8418 0.0283 0.7968 0.0146 0.7500 0.0100 0.7032 0.0146 0.6582 0.0283 0.6167 0.0504 0.5803 0.0803 0.5504 0.1167 0.5283 0.1582 0.5146 0.2032 0.5100 0.2500 0.5146 0.2968 0.5283 0.3418 0.5504 0.3833 0.5803 0.4197 0.6167 0.4496 0.6582 0.4717 0.7032 0.4854 " />
						</IndexedFaceSet>
					</Shape>
				</Group>
			</Transform>
		</Transform>
		<Transform DEF="Shape_IndexedFaceSet_057_TRANSFORM"
		           translation="0.000000 0.000000 0.000000"
		           scale="1.000000 1.000000 1.000000"
		           rotation="-0.000000 0.000000 0.000000 0.000000"
		           >
			<Transform DEF="Shape_IndexedFaceSet_057_ifs_TRANSFORM"
			           translation="0.000000 0.000000 0.000000"
			           scale="1.000000 1.000000 1.000000"
			           rotation="0.000000 1.000000 0.000000 0.000000"
			           >
				<Group DEF="group_ME_Shape_IndexedFaceSet_057">
					<Shape>
						<Appearance>
							<Material USE="MA_MA_MA_KolorScian" />
						</Appearance>
						<IndexedFaceSet solid="false"
						                texCoordIndex="0 1 2 3 -1 4 5 6 7 -1 8 9 10 11 -1 12 13 14 15 -1 16 17 18 19 -1 20 21 22 23 -1 24 25 26 27 -1 28 29 30 31 -1 32 33 34 35 -1 36 37 38 39 -1 40 41 42 43 -1 44 45 46 47 -1 48 49 50 51 -1 52 53 54 55 -1 56 57 58 59 -1 60 61 62 63 -1 64 65 66 67 -1 68 69 70 71 -1 72 73 74 75 -1 76 77 78 79 -1 80 81 82 83 -1 84 85 86 87 -1 88 89 90 91 -1 92 93 94 95 -1 96 97 98 99 -1 100 101 102 103 -1 104 105 106 107 -1 108 109 110 111 -1 112 113 114 115 -1 116 117 118 119 -1 120 121 122 123 124 125 126 127 128 129 130 131 132 133 134 135 136 137 138 139 140 141 142 143 144 145 146 147 148 149 150 151 -1 152 153 154 155 -1 156 157 158 159 -1 160 161 162 163 164 165 166 167 168 169 170 171 172 173 174 175 176 177 178 179 180 181 182 183 184 185 186 187 188 189 190 191 -1 "
						                coordIndex="0 1 3 2 -1 2 3 5 4 -1 4 5 7 6 -1 6 7 9 8 -1 8 9 11 10 -1 10 11 13 12 -1 12 13 15 14 -1 14 15 17 16 -1 16 17 19 18 -1 18 19 21 20 -1 20 21 23 22 -1 22 23 25 24 -1 24 25 27 26 -1 26 27 29 28 -1 28 29 31 30 -1 30 31 33 32 -1 32 33 35 34 -1 34 35 37 36 -1 36 37 39 38 -1 38 39 41 40 -1 40 41 43 42 -1 42 43 45 44 -1 44 45 47 46 -1 46 47 49 48 -1 48 49 51 50 -1 50 51 53 52 -1 52 53 55 54 -1 54 55 57 56 -1 56 57 59 58 -1 58 59 61 60 -1 3 1 63 61 59 57 55 53 51 49 47 45 43 41 39 37 35 33 31 29 27 25 23 21 19 17 15 13 11 9 7 5 -1 60 61 63 62 -1 62 63 1 0 -1 0 2 4 6 8 10 12 14 16 18 20 22 24 26 28 30 32 34 36 38 40 42 44 46 48 50 52 54 56 58 60 62 -1 "
						                >
							<Coordinate DEF="coords_ME_Shape_IndexedFaceSet_057"
							            point="12.872834 4.292789 2.638070 12.872834 -0.680129 2.638070 12.934611 4.292789 2.630662 12.934611 -0.680129 2.630662 12.994014 4.292789 2.608724 12.994014 -0.680129 2.608724 13.048759 4.292789 2.573098 13.048759 -0.680129 2.573098 13.096745 4.292789 2.525154 13.096745 -0.680129 2.525154 13.136125 4.292789 2.466734 13.136125 -0.680129 2.466734 13.165387 4.292789 2.400083 13.165387 -0.680129 2.400083 13.183407 4.292789 2.327762 13.183407 -0.680129 2.327762 13.189491 4.292789 2.252551 13.189491 -0.680129 2.252551 13.183407 4.292789 2.177341 13.183407 -0.680129 2.177341 13.165387 4.292789 2.105020 13.165387 -0.680129 2.105020 13.136125 4.292789 2.038369 13.136125 -0.680129 2.038369 13.096745 4.292789 1.979949 13.096745 -0.680129 1.979949 13.048759 4.292789 1.932004 13.048759 -0.680129 1.932004 12.994014 4.292789 1.896379 12.994014 -0.680129 1.896379 12.934611 4.292789 1.874441 12.934611 -0.680129 1.874441 12.872834 4.292789 1.867033 12.872834 -0.680129 1.867033 12.811057 4.292789 1.874441 12.811057 -0.680129 1.874441 12.751655 4.292789 1.896379 12.751655 -0.680129 1.896379 12.696909 4.292789 1.932004 12.696909 -0.680129 1.932004 12.648924 4.292789 1.979949 12.648924 -0.680129 1.979949 12.609544 4.292789 2.038369 12.609544 -0.680129 2.038369 12.580281 4.292789 2.105020 12.580281 -0.680129 2.105020 12.562262 4.292789 2.177341 12.562262 -0.680129 2.177341 12.556177 4.292789 2.252551 12.556177 -0.680129 2.252551 12.562262 4.292789 2.327762 12.562262 -0.680129 2.327762 12.580281 4.292789 2.400083 12.580281 -0.680129 2.400083 12.609544 4.292789 2.466734 12.609544 -0.680129 2.466734 12.648924 4.292789 2.525154 12.648924 -0.680129 2.525154 12.696909 4.292789 2.573098 12.696909 -0.680129 2.573098 12.751655 4.292789 2.608724 12.751655 -0.680129 2.608724 12.811057 4.292789 2.630662 12.811057 -0.680129 2.630662 "
							            />
							<TextureCoordinate point="1.0000 0.5000 1.0000 1.0000 0.9688 1.0000 0.9688 0.5000 0.9688 0.5000 0.9688 1.0000 0.9375 1.0000 0.9375 0.5000 0.9375 0.5000 0.9375 1.0000 0.9062 1.0000 0.9062 0.5000 0.9062 0.5000 0.9062 1.0000 0.8750 1.0000 0.8750 0.5000 0.8750 0.5000 0.8750 1.0000 0.8438 1.0000 0.8438 0.5000 0.8438 0.5000 0.8438 1.0000 0.8125 1.0000 0.8125 0.5000 0.8125 0.5000 0.8125 1.0000 0.7812 1.0000 0.7812 0.5000 0.7812 0.5000 0.7812 1.0000 0.7500 1.0000 0.7500 0.5000 0.7500 0.5000 0.7500 1.0000 0.7188 1.0000 0.7188 0.5000 0.7188 0.5000 0.7188 1.0000 0.6875 1.0000 0.6875 0.5000 0.6875 0.5000 0.6875 1.0000 0.6562 1.0000 0.6562 0.5000 0.6562 0.5000 0.6562 1.0000 0.6250 1.0000 0.6250 0.5000 0.6250 0.5000 0.6250 1.0000 0.5938 1.0000 0.5938 0.5000 0.5938 0.5000 0.5938 1.0000 0.5625 1.0000 0.5625 0.5000 0.5625 0.5000 0.5625 1.0000 0.5312 1.0000 0.5312 0.5000 0.5312 0.5000 0.5312 1.0000 0.5000 1.0000 0.5000 0.5000 0.5000 0.5000 0.5000 1.0000 0.4688 1.0000 0.4688 0.5000 0.4688 0.5000 0.4688 1.0000 0.4375 1.0000 0.4375 0.5000 0.4375 0.5000 0.4375 1.0000 0.4062 1.0000 0.4062 0.5000 0.4062 0.5000 0.4062 1.0000 0.3750 1.0000 0.3750 0.5000 0.3750 0.5000 0.3750 1.0000 0.3438 1.0000 0.3438 0.5000 0.3438 0.5000 0.3438 1.0000 0.3125 1.0000 0.3125 0.5000 0.3125 0.5000 0.3125 1.0000 0.2812 1.0000 0.2812 0.5000 0.2812 0.5000 0.2812 1.0000 0.2500 1.0000 0.2500 0.5000 0.2500 0.5000 0.2500 1.0000 0.2188 1.0000 0.2188 0.5000 0.2188 0.5000 0.2188 1.0000 0.1875 1.0000 0.1875 0.5000 0.1875 0.5000 0.1875 1.0000 0.1562 1.0000 0.1562 0.5000 0.1562 0.5000 0.1562 1.0000 0.1250 1.0000 0.1250 0.5000 0.1250 0.5000 0.1250 1.0000 0.0938 1.0000 0.0938 0.5000 0.0938 0.5000 0.0938 1.0000 0.0625 1.0000 0.0625 0.5000 0.2968 0.4854 0.2500 0.4900 0.2032 0.4854 0.1582 0.4717 0.1167 0.4496 0.0803 0.4197 0.0504 0.3833 0.0283 0.3418 0.0146 0.2968 0.0100 0.2500 0.0146 0.2032 0.0283 0.1582 0.0504 0.1167 0.0803 0.0803 0.1167 0.0504 0.1582 0.0283 0.2032 0.0146 0.2500 0.0100 0.2968 0.0146 0.3418 0.0283 0.3833 0.0504 0.4197 0.0803 0.4496 0.1167 0.4717 0.1582 0.4854 0.2032 0.4900 0.2500 0.4854 0.2968 0.4717 0.3418 0.4496 0.3833 0.4197 0.4197 0.3833 0.4496 0.3418 0.4717 0.0625 0.5000 0.0625 1.0000 0.0312 1.0000 0.0312 0.5000 0.0312 0.5000 0.0312 1.0000 0.0000 1.0000 0.0000 0.5000 0.7500 0.4900 0.7968 0.4854 0.8418 0.4717 0.8833 0.4496 0.9197 0.4197 0.9496 0.3833 0.9717 0.3418 0.9854 0.2968 0.9900 0.2500 0.9854 0.2032 0.9717 0.1582 0.9496 0.1167 0.9197 0.0803 0.8833 0.0504 0.8418 0.0283 0.7968 0.0146 0.7500 0.0100 0.7032 0.0146 0.6582 0.0283 0.6167 0.0504 0.5803 0.0803 0.5504 0.1167 0.5283 0.1582 0.5146 0.2032 0.5100 0.2500 0.5146 0.2968 0.5283 0.3418 0.5504 0.3833 0.5803 0.4197 0.6167 0.4496 0.6582 0.4717 0.7032 0.4854 " />
						</IndexedFaceSet>
					</Shape>
				</Group>
			</Transform>
		</Transform>
		<Transform DEF="Shape_IndexedFaceSet_058_TRANSFORM"
		           translation="0.000000 0.000000 0.000000"
		           scale="1.000000 1.000000 1.000000"
		           rotation="-0.000000 0.000000 0.000000 0.000000"
		           >
			<Transform DEF="Shape_IndexedFaceSet_058_ifs_TRANSFORM"
			           translation="0.000000 0.000000 0.000000"
			           scale="1.000000 1.000000 1.000000"
			           rotation="0.000000 1.000000 0.000000 0.000000"
			           >
				<Group DEF="group_ME_Shape_IndexedFaceSet_058">
					<Shape>
						<Appearance>
							<Material USE="MA_MA_MA_KolorScian" />
						</Appearance>
						<IndexedFaceSet solid="false"
						                texCoordIndex="0 1 2 3 -1 4 5 6 7 -1 8 9 10 11 -1 12 13 14 15 -1 16 17 18 19 -1 20 21 22 23 -1 24 25 26 27 -1 28 29 30 31 -1 32 33 34 35 -1 36 37 38 39 -1 40 41 42 43 -1 44 45 46 47 -1 48 49 50 51 -1 52 53 54 55 -1 56 57 58 59 -1 60 61 62 63 -1 64 65 66 67 -1 68 69 70 71 -1 72 73 74 75 -1 76 77 78 79 -1 80 81 82 83 -1 84 85 86 87 -1 88 89 90 91 -1 92 93 94 95 -1 96 97 98 99 -1 100 101 102 103 -1 104 105 106 107 -1 108 109 110 111 -1 112 113 114 115 -1 116 117 118 119 -1 120 121 122 123 124 125 126 127 128 129 130 131 132 133 134 135 136 137 138 139 140 141 142 143 144 145 146 147 148 149 150 151 -1 152 153 154 155 -1 156 157 158 159 -1 160 161 162 163 164 165 166 167 168 169 170 171 172 173 174 175 176 177 178 179 180 181 182 183 184 185 186 187 188 189 190 191 -1 "
						                coordIndex="0 1 3 2 -1 2 3 5 4 -1 4 5 7 6 -1 6 7 9 8 -1 8 9 11 10 -1 10 11 13 12 -1 12 13 15 14 -1 14 15 17 16 -1 16 17 19 18 -1 18 19 21 20 -1 20 21 23 22 -1 22 23 25 24 -1 24 25 27 26 -1 26 27 29 28 -1 28 29 31 30 -1 30 31 33 32 -1 32 33 35 34 -1 34 35 37 36 -1 36 37 39 38 -1 38 39 41 40 -1 40 41 43 42 -1 42 43 45 44 -1 44 45 47 46 -1 46 47 49 48 -1 48 49 51 50 -1 50 51 53 52 -1 52 53 55 54 -1 54 55 57 56 -1 56 57 59 58 -1 58 59 61 60 -1 3 1 63 61 59 57 55 53 51 49 47 45 43 41 39 37 35 33 31 29 27 25 23 21 19 17 15 13 11 9 7 5 -1 60 61 63 62 -1 62 63 1 0 -1 0 2 4 6 8 10 12 14 16 18 20 22 24 26 28 30 32 34 36 38 40 42 44 46 48 50 52 54 56 58 60 62 -1 "
						                >
							<Coordinate DEF="coords_ME_Shape_IndexedFaceSet_058"
							            point="6.646289 4.205542 2.706479 6.646289 -0.767376 2.706479 6.708066 4.205542 2.699071 6.708066 -0.767376 2.699071 6.767468 4.205542 2.677133 6.767468 -0.767376 2.677133 6.822214 4.205542 2.641507 6.822214 -0.767376 2.641507 6.870199 4.205542 2.593563 6.870199 -0.767376 2.593563 6.909580 4.205542 2.535143 6.909580 -0.767376 2.535143 6.938842 4.205542 2.468492 6.938842 -0.767376 2.468492 6.956861 4.205542 2.396171 6.956861 -0.767376 2.396171 6.962946 4.205542 2.320960 6.962946 -0.767376 2.320960 6.956861 4.205542 2.245749 6.956861 -0.767376 2.245749 6.938842 4.205542 2.173429 6.938842 -0.767376 2.173429 6.909580 4.205542 2.106778 6.909580 -0.767376 2.106778 6.870199 4.205542 2.048358 6.870199 -0.767376 2.048358 6.822214 4.205542 2.000413 6.822214 -0.767376 2.000413 6.767468 4.205542 1.964788 6.767468 -0.767376 1.964788 6.708066 4.205542 1.942850 6.708066 -0.767376 1.942850 6.646289 4.205542 1.935442 6.646289 -0.767376 1.935442 6.584513 4.205542 1.942850 6.584513 -0.767376 1.942850 6.525110 4.205542 1.964788 6.525110 -0.767376 1.964788 6.470365 4.205542 2.000413 6.470365 -0.767376 2.000413 6.422379 4.205542 2.048358 6.422379 -0.767376 2.048358 6.382999 4.205542 2.106778 6.382999 -0.767376 2.106778 6.353737 4.205542 2.173429 6.353737 -0.767376 2.173429 6.335717 4.205542 2.245749 6.335717 -0.767376 2.245749 6.329633 4.205542 2.320960 6.329633 -0.767376 2.320960 6.335717 4.205542 2.396171 6.335717 -0.767376 2.396171 6.353737 4.205542 2.468492 6.353737 -0.767376 2.468492 6.382999 4.205542 2.535143 6.382999 -0.767376 2.535143 6.422379 4.205542 2.593563 6.422379 -0.767376 2.593563 6.470365 4.205542 2.641507 6.470365 -0.767376 2.641507 6.525110 4.205542 2.677133 6.525110 -0.767376 2.677133 6.584513 4.205542 2.699071 6.584513 -0.767376 2.699071 "
							            />
							<TextureCoordinate point="1.0000 0.5000 1.0000 1.0000 0.9688 1.0000 0.9688 0.5000 0.9688 0.5000 0.9688 1.0000 0.9375 1.0000 0.9375 0.5000 0.9375 0.5000 0.9375 1.0000 0.9062 1.0000 0.9062 0.5000 0.9062 0.5000 0.9062 1.0000 0.8750 1.0000 0.8750 0.5000 0.8750 0.5000 0.8750 1.0000 0.8438 1.0000 0.8438 0.5000 0.8438 0.5000 0.8438 1.0000 0.8125 1.0000 0.8125 0.5000 0.8125 0.5000 0.8125 1.0000 0.7812 1.0000 0.7812 0.5000 0.7812 0.5000 0.7812 1.0000 0.7500 1.0000 0.7500 0.5000 0.7500 0.5000 0.7500 1.0000 0.7188 1.0000 0.7188 0.5000 0.7188 0.5000 0.7188 1.0000 0.6875 1.0000 0.6875 0.5000 0.6875 0.5000 0.6875 1.0000 0.6562 1.0000 0.6562 0.5000 0.6562 0.5000 0.6562 1.0000 0.6250 1.0000 0.6250 0.5000 0.6250 0.5000 0.6250 1.0000 0.5938 1.0000 0.5938 0.5000 0.5938 0.5000 0.5938 1.0000 0.5625 1.0000 0.5625 0.5000 0.5625 0.5000 0.5625 1.0000 0.5312 1.0000 0.5312 0.5000 0.5312 0.5000 0.5312 1.0000 0.5000 1.0000 0.5000 0.5000 0.5000 0.5000 0.5000 1.0000 0.4688 1.0000 0.4688 0.5000 0.4688 0.5000 0.4688 1.0000 0.4375 1.0000 0.4375 0.5000 0.4375 0.5000 0.4375 1.0000 0.4062 1.0000 0.4062 0.5000 0.4062 0.5000 0.4062 1.0000 0.3750 1.0000 0.3750 0.5000 0.3750 0.5000 0.3750 1.0000 0.3438 1.0000 0.3438 0.5000 0.3438 0.5000 0.3438 1.0000 0.3125 1.0000 0.3125 0.5000 0.3125 0.5000 0.3125 1.0000 0.2812 1.0000 0.2812 0.5000 0.2812 0.5000 0.2812 1.0000 0.2500 1.0000 0.2500 0.5000 0.2500 0.5000 0.2500 1.0000 0.2188 1.0000 0.2188 0.5000 0.2188 0.5000 0.2188 1.0000 0.1875 1.0000 0.1875 0.5000 0.1875 0.5000 0.1875 1.0000 0.1562 1.0000 0.1562 0.5000 0.1562 0.5000 0.1562 1.0000 0.1250 1.0000 0.1250 0.5000 0.1250 0.5000 0.1250 1.0000 0.0938 1.0000 0.0938 0.5000 0.0938 0.5000 0.0938 1.0000 0.0625 1.0000 0.0625 0.5000 0.2968 0.4854 0.2500 0.4900 0.2032 0.4854 0.1582 0.4717 0.1167 0.4496 0.0803 0.4197 0.0504 0.3833 0.0283 0.3418 0.0146 0.2968 0.0100 0.2500 0.0146 0.2032 0.0283 0.1582 0.0504 0.1167 0.0803 0.0803 0.1167 0.0504 0.1582 0.0283 0.2032 0.0146 0.2500 0.0100 0.2968 0.0146 0.3418 0.0283 0.3833 0.0504 0.4197 0.0803 0.4496 0.1167 0.4717 0.1582 0.4854 0.2032 0.4900 0.2500 0.4854 0.2968 0.4717 0.3418 0.4496 0.3833 0.4197 0.4197 0.3833 0.4496 0.3418 0.4717 0.0625 0.5000 0.0625 1.0000 0.0312 1.0000 0.0312 0.5000 0.0312 0.5000 0.0312 1.0000 0.0000 1.0000 0.0000 0.5000 0.7500 0.4900 0.7968 0.4854 0.8418 0.4717 0.8833 0.4496 0.9197 0.4197 0.9496 0.3833 0.9717 0.3418 0.9854 0.2968 0.9900 0.2500 0.9854 0.2032 0.9717 0.1582 0.9496 0.1167 0.9197 0.0803 0.8833 0.0504 0.8418 0.0283 0.7968 0.0146 0.7500 0.0100 0.7032 0.0146 0.6582 0.0283 0.6167 0.0504 0.5803 0.0803 0.5504 0.1167 0.5283 0.1582 0.5146 0.2032 0.5100 0.2500 0.5146 0.2968 0.5283 0.3418 0.5504 0.3833 0.5803 0.4197 0.6167 0.4496 0.6582 0.4717 0.7032 0.4854 " />
						</IndexedFaceSet>
					</Shape>
				</Group>
			</Transform>
		</Transform>
		<Transform DEF="Shape_IndexedFaceSet_064_TRANSFORM"
		           translation="0.000000 0.000000 0.000000"
		           scale="1.000000 1.000000 1.000000"
		           rotation="-0.000000 0.000000 0.000000 0.000000"
		           >
			<Transform DEF="Shape_IndexedFaceSet_064_ifs_TRANSFORM"
			           translation="0.000000 0.000000 0.000000"
			           scale="1.000000 1.000000 1.000000"
			           rotation="0.000000 1.000000 0.000000 0.000000"
			           >
				<Group DEF="group_ME_Shape_IndexedFaceSet_064">
					<Shape>
						<Appearance>
							<Material USE="MA_MA_MA_KolorScian" />
						</Appearance>
						<IndexedFaceSet solid="false"
						                texCoordIndex="0 1 2 3 -1 4 5 6 7 -1 8 9 10 11 -1 12 13 14 15 -1 16 17 18 19 -1 20 21 22 23 -1 24 25 26 27 -1 28 29 30 31 -1 32 33 34 35 -1 36 37 38 39 -1 40 41 42 43 -1 44 45 46 47 -1 48 49 50 51 -1 52 53 54 55 -1 56 57 58 59 -1 60 61 62 63 -1 64 65 66 67 -1 68 69 70 71 -1 72 73 74 75 -1 76 77 78 79 -1 80 81 82 83 -1 84 85 86 87 -1 88 89 90 91 -1 92 93 94 95 -1 96 97 98 99 -1 100 101 102 103 -1 104 105 106 107 -1 108 109 110 111 -1 112 113 114 115 -1 116 117 118 119 -1 120 121 122 123 124 125 126 127 128 129 130 131 132 133 134 135 136 137 138 139 140 141 142 143 144 145 146 147 148 149 150 151 -1 152 153 154 155 -1 156 157 158 159 -1 160 161 162 163 164 165 166 167 168 169 170 171 172 173 174 175 176 177 178 179 180 181 182 183 184 185 186 187 188 189 190 191 -1 "
						                coordIndex="0 2 3 1 -1 2 4 5 3 -1 4 6 7 5 -1 6 8 9 7 -1 8 10 11 9 -1 10 12 13 11 -1 12 14 15 13 -1 14 16 17 15 -1 16 18 19 17 -1 18 20 21 19 -1 20 22 23 21 -1 22 24 25 23 -1 24 26 27 25 -1 26 28 29 27 -1 28 30 31 29 -1 30 32 33 31 -1 32 34 35 33 -1 34 36 37 35 -1 36 38 39 37 -1 38 40 41 39 -1 40 42 43 41 -1 42 44 45 43 -1 44 46 47 45 -1 46 48 49 47 -1 48 50 51 49 -1 50 52 53 51 -1 52 54 55 53 -1 54 56 57 55 -1 56 58 59 57 -1 58 60 61 59 -1 3 5 7 9 11 13 15 17 19 21 23 25 27 29 31 33 35 37 39 41 43 45 47 49 51 53 55 57 59 61 63 1 -1 60 62 63 61 -1 62 0 1 63 -1 0 62 60 58 56 54 52 50 48 46 44 42 40 38 36 34 32 30 28 26 24 22 20 18 16 14 12 10 8 6 4 2 -1 "
						                >
							<Coordinate DEF="coords_ME_Shape_IndexedFaceSet_064"
							            point="10.788363 0.429685 -3.150572 10.788363 0.249623 -3.150572 12.383929 0.429685 -3.089487 12.383929 0.249623 -3.089487 13.918179 0.429685 -2.908582 13.918179 0.249623 -2.908582 15.332150 0.429685 -2.614809 15.332150 0.249623 -2.614809 16.571507 0.429685 -2.219456 16.571507 0.249623 -2.219456 17.588621 0.429685 -1.737718 17.588621 0.249623 -1.737718 18.344404 0.429685 -1.188106 18.344404 0.249623 -1.188106 18.809814 0.429685 -0.591742 18.809814 0.249623 -0.591742 18.966965 0.429685 0.028455 18.966965 0.249623 0.028455 18.809814 0.429685 0.648653 18.809814 0.249623 0.648653 18.344404 0.429685 1.245016 18.344404 0.249623 1.245016 17.588621 0.429685 1.794628 17.588621 0.249623 1.794628 16.571507 0.429685 2.276367 16.571507 0.249623 2.276367 15.332150 0.429685 2.671719 15.332150 0.249623 2.671719 13.918179 0.429685 2.965493 13.918179 0.249623 2.965493 12.383929 0.429685 3.146398 12.383929 0.249623 3.146398 10.788363 0.429685 3.207482 10.788363 0.249623 3.207482 9.192798 0.429685 3.146398 9.192798 0.249623 3.146398 7.658548 0.429685 2.965493 7.658548 0.249623 2.965493 6.244576 0.429685 2.671719 6.244576 0.249623 2.671719 5.005220 0.429685 2.276367 5.005220 0.249623 2.276367 3.988106 0.429685 1.794628 3.988106 0.249623 1.794628 3.232322 0.429685 1.245016 3.232322 0.249623 1.245016 2.766912 0.429685 0.648653 2.766912 0.249623 0.648653 2.609763 0.429685 0.028455 2.609763 0.249623 0.028455 2.766912 0.429685 -0.591742 2.766912 0.249623 -0.591742 3.232322 0.429685 -1.188106 3.232322 0.249623 -1.188106 3.988106 0.429685 -1.737718 3.988106 0.249623 -1.737718 5.005220 0.429685 -2.219456 5.005220 0.249623 -2.219456 6.244576 0.429685 -2.614809 6.244576 0.249623 -2.614809 7.658548 0.429685 -2.908582 7.658548 0.249623 -2.908582 9.192798 0.429685 -3.089487 9.192798 0.249623 -3.089487 "
							            />
							<TextureCoordinate point="1.0000 0.5000 0.9688 0.5000 0.9688 1.0000 1.0000 1.0000 0.9688 0.5000 0.9375 0.5000 0.9375 1.0000 0.9688 1.0000 0.9375 0.5000 0.9062 0.5000 0.9062 1.0000 0.9375 1.0000 0.9062 0.5000 0.8750 0.5000 0.8750 1.0000 0.9062 1.0000 0.8750 0.5000 0.8438 0.5000 0.8438 1.0000 0.8750 1.0000 0.8438 0.5000 0.8125 0.5000 0.8125 1.0000 0.8438 1.0000 0.8125 0.5000 0.7812 0.5000 0.7812 1.0000 0.8125 1.0000 0.7812 0.5000 0.7500 0.5000 0.7500 1.0000 0.7812 1.0000 0.7500 0.5000 0.7188 0.5000 0.7188 1.0000 0.7500 1.0000 0.7188 0.5000 0.6875 0.5000 0.6875 1.0000 0.7188 1.0000 0.6875 0.5000 0.6562 0.5000 0.6562 1.0000 0.6875 1.0000 0.6562 0.5000 0.6250 0.5000 0.6250 1.0000 0.6562 1.0000 0.6250 0.5000 0.5938 0.5000 0.5938 1.0000 0.6250 1.0000 0.5938 0.5000 0.5625 0.5000 0.5625 1.0000 0.5938 1.0000 0.5625 0.5000 0.5312 0.5000 0.5312 1.0000 0.5625 1.0000 0.5312 0.5000 0.5000 0.5000 0.5000 1.0000 0.5312 1.0000 0.5000 0.5000 0.4688 0.5000 0.4688 1.0000 0.5000 1.0000 0.4688 0.5000 0.4375 0.5000 0.4375 1.0000 0.4688 1.0000 0.4375 0.5000 0.4062 0.5000 0.4062 1.0000 0.4375 1.0000 0.4062 0.5000 0.3750 0.5000 0.3750 1.0000 0.4062 1.0000 0.3750 0.5000 0.3438 0.5000 0.3438 1.0000 0.3750 1.0000 0.3438 0.5000 0.3125 0.5000 0.3125 1.0000 0.3438 1.0000 0.3125 0.5000 0.2812 0.5000 0.2812 1.0000 0.3125 1.0000 0.2812 0.5000 0.2500 0.5000 0.2500 1.0000 0.2812 1.0000 0.2500 0.5000 0.2188 0.5000 0.2188 1.0000 0.2500 1.0000 0.2188 0.5000 0.1875 0.5000 0.1875 1.0000 0.2188 1.0000 0.1875 0.5000 0.1562 0.5000 0.1562 1.0000 0.1875 1.0000 0.1562 0.5000 0.1250 0.5000 0.1250 1.0000 0.1562 1.0000 0.1250 0.5000 0.0938 0.5000 0.0938 1.0000 0.1250 1.0000 0.0938 0.5000 0.0625 0.5000 0.0625 1.0000 0.0938 1.0000 0.2968 0.4854 0.3418 0.4717 0.3833 0.4496 0.4197 0.4197 0.4496 0.3833 0.4717 0.3418 0.4854 0.2968 0.4900 0.2500 0.4854 0.2032 0.4717 0.1582 0.4496 0.1167 0.4197 0.0803 0.3833 0.0504 0.3418 0.0283 0.2968 0.0146 0.2500 0.0100 0.2032 0.0146 0.1582 0.0283 0.1167 0.0504 0.0803 0.0803 0.0504 0.1167 0.0283 0.1582 0.0146 0.2032 0.0100 0.2500 0.0146 0.2968 0.0283 0.3418 0.0504 0.3833 0.0803 0.4197 0.1167 0.4496 0.1582 0.4717 0.2032 0.4854 0.2500 0.4900 0.0625 0.5000 0.0312 0.5000 0.0312 1.0000 0.0625 1.0000 0.0312 0.5000 0.0000 0.5000 0.0000 1.0000 0.0312 1.0000 0.7500 0.4900 0.7032 0.4854 0.6582 0.4717 0.6167 0.4496 0.5803 0.4197 0.5504 0.3833 0.5283 0.3418 0.5146 0.2968 0.5100 0.2500 0.5146 0.2032 0.5283 0.1582 0.5504 0.1167 0.5803 0.0803 0.6167 0.0504 0.6582 0.0283 0.7032 0.0146 0.7500 0.0100 0.7968 0.0146 0.8418 0.0283 0.8833 0.0504 0.9197 0.0803 0.9496 0.1167 0.9717 0.1582 0.9854 0.2032 0.9900 0.2500 0.9854 0.2968 0.9717 0.3418 0.9496 0.3833 0.9197 0.4197 0.8833 0.4496 0.8418 0.4717 0.7968 0.4854 " />
						</IndexedFaceSet>
					</Shape>
				</Group>
			</Transform>
		</Transform>
		<Transform DEF="Shape_IndexedFaceSet_067_TRANSFORM"
		           translation="0.000000 0.000000 0.000000"
		           scale="1.000000 1.000000 1.000000"
		           rotation="-0.000000 0.000000 0.000000 0.000000"
		           >
			<Transform DEF="Shape_IndexedFaceSet_067_ifs_TRANSFORM"
			           translation="0.000000 0.000000 0.000000"
			           scale="1.000000 1.000000 1.000000"
			           rotation="0.000000 1.000000 0.000000 0.000000"
			           >
				<Group DEF="group_ME_Shape_IndexedFaceSet_067">
					<Shape>
						<Appearance>
							<Material USE="MA_MA_MA_KolorScian" />
						</Appearance>
						<IndexedFaceSet solid="false"
						                texCoordIndex="0 1 2 3 -1 4 5 6 7 -1 8 9 10 11 -1 12 13 14 15 -1 16 17 18 19 -1 20 21 22 23 -1 24 25 26 27 -1 28 29 30 31 -1 32 33 34 35 -1 36 37 38 39 -1 40 41 42 43 -1 44 45 46 47 -1 48 49 50 51 -1 52 53 54 55 -1 56 57 58 59 -1 60 61 62 63 -1 64 65 66 67 -1 68 69 70 71 -1 72 73 74 75 -1 76 77 78 79 -1 80 81 82 83 -1 84 85 86 87 -1 88 89 90 91 -1 92 93 94 95 -1 96 97 98 99 -1 100 101 102 103 -1 104 105 106 107 -1 108 109 110 111 -1 112 113 114 115 -1 116 117 118 119 -1 120 121 122 123 124 125 126 127 128 129 130 131 132 133 134 135 136 137 138 139 140 141 142 143 144 145 146 147 148 149 150 151 -1 152 153 154 155 -1 156 157 158 159 -1 160 161 162 163 164 165 166 167 168 169 170 171 172 173 174 175 176 177 178 179 180 181 182 183 184 185 186 187 188 189 190 191 -1 "
						                coordIndex="0 2 3 1 -1 2 4 5 3 -1 4 6 7 5 -1 6 8 9 7 -1 8 10 11 9 -1 10 12 13 11 -1 12 14 15 13 -1 14 16 17 15 -1 16 18 19 17 -1 18 20 21 19 -1 20 22 23 21 -1 22 24 25 23 -1 24 26 27 25 -1 26 28 29 27 -1 28 30 31 29 -1 30 32 33 31 -1 32 34 35 33 -1 34 36 37 35 -1 36 38 39 37 -1 38 40 41 39 -1 40 42 43 41 -1 42 44 45 43 -1 44 46 47 45 -1 46 48 49 47 -1 48 50 51 49 -1 50 52 53 51 -1 52 54 55 53 -1 54 56 57 55 -1 56 58 59 57 -1 58 60 61 59 -1 3 5 7 9 11 13 15 17 19 21 23 25 27 29 31 33 35 37 39 41 43 45 47 49 51 53 55 57 59 61 63 1 -1 60 62 63 61 -1 62 0 1 63 -1 0 62 60 58 56 54 52 50 48 46 44 42 40 38 36 34 32 30 28 26 24 22 20 18 16 14 12 10 8 6 4 2 -1 "
						                >
							<Coordinate DEF="coords_ME_Shape_IndexedFaceSet_067"
							            point="6.698079 4.336592 -3.309741 6.698079 4.235313 -3.309741 8.791288 4.336592 -3.245105 8.791288 4.235313 -3.245105 10.804057 4.336592 -3.053681 10.804057 4.235313 -3.053681 12.659035 4.336592 -2.742826 12.659035 4.235313 -2.742826 14.284937 4.336592 -2.324485 14.284937 4.235313 -2.324485 15.619280 4.336592 -1.814735 15.619280 4.235313 -1.814735 16.610786 4.336592 -1.233165 16.610786 4.235313 -1.233165 17.221354 4.336592 -0.602125 17.221354 4.235313 -0.602125 17.427517 4.336592 0.054135 17.427517 4.235313 0.054135 17.221354 4.336592 0.710394 17.221354 4.235313 0.710394 16.610786 4.336592 1.341434 16.610786 4.235313 1.341434 15.619280 4.336592 1.923004 15.619280 4.235313 1.923004 14.284937 4.336592 2.432755 14.284937 4.235313 2.432755 12.659035 4.336592 2.851095 12.659035 4.235313 2.851095 10.804057 4.336592 3.161951 10.804057 4.235313 3.161951 8.791288 4.336592 3.353375 8.791288 4.235313 3.353375 6.698079 4.336592 3.418011 6.698079 4.235313 3.418011 4.604869 4.336592 3.353375 4.604869 4.235313 3.353375 2.592100 4.336592 3.161951 2.592100 4.235313 3.161951 0.737122 4.336592 2.851095 0.737122 4.235313 2.851095 -0.888780 4.336592 2.432755 -0.888780 4.235313 2.432755 -2.223123 4.336592 1.923004 -2.223123 4.235313 1.923004 -3.214629 4.336592 1.341434 -3.214629 4.235313 1.341434 -3.825196 4.336592 0.710394 -3.825196 4.235313 0.710394 -4.031359 4.336592 0.054135 -4.031359 4.235313 0.054135 -3.825196 4.336592 -0.602125 -3.825196 4.235313 -0.602125 -3.214629 4.336592 -1.233165 -3.214629 4.235313 -1.233165 -2.223123 4.336592 -1.814735 -2.223123 4.235313 -1.814735 -0.888780 4.336592 -2.324485 -0.888780 4.235313 -2.324485 0.737122 4.336592 -2.742826 0.737122 4.235313 -2.742826 2.592100 4.336592 -3.053681 2.592100 4.235313 -3.053681 4.604869 4.336592 -3.245105 4.604869 4.235313 -3.245105 "
							            />
							<TextureCoordinate point="1.0000 0.5000 0.9688 0.5000 0.9688 1.0000 1.0000 1.0000 0.9688 0.5000 0.9375 0.5000 0.9375 1.0000 0.9688 1.0000 0.9375 0.5000 0.9062 0.5000 0.9062 1.0000 0.9375 1.0000 0.9062 0.5000 0.8750 0.5000 0.8750 1.0000 0.9062 1.0000 0.8750 0.5000 0.8438 0.5000 0.8438 1.0000 0.8750 1.0000 0.8438 0.5000 0.8125 0.5000 0.8125 1.0000 0.8438 1.0000 0.8125 0.5000 0.7812 0.5000 0.7812 1.0000 0.8125 1.0000 0.7812 0.5000 0.7500 0.5000 0.7500 1.0000 0.7812 1.0000 0.7500 0.5000 0.7188 0.5000 0.7188 1.0000 0.7500 1.0000 0.7188 0.5000 0.6875 0.5000 0.6875 1.0000 0.7188 1.0000 0.6875 0.5000 0.6562 0.5000 0.6562 1.0000 0.6875 1.0000 0.6562 0.5000 0.6250 0.5000 0.6250 1.0000 0.6562 1.0000 0.6250 0.5000 0.5938 0.5000 0.5938 1.0000 0.6250 1.0000 0.5938 0.5000 0.5625 0.5000 0.5625 1.0000 0.5938 1.0000 0.5625 0.5000 0.5312 0.5000 0.5312 1.0000 0.5625 1.0000 0.5312 0.5000 0.5000 0.5000 0.5000 1.0000 0.5312 1.0000 0.5000 0.5000 0.4688 0.5000 0.4688 1.0000 0.5000 1.0000 0.4688 0.5000 0.4375 0.5000 0.4375 1.0000 0.4688 1.0000 0.4375 0.5000 0.4062 0.5000 0.4062 1.0000 0.4375 1.0000 0.4062 0.5000 0.3750 0.5000 0.3750 1.0000 0.4062 1.0000 0.3750 0.5000 0.3438 0.5000 0.3438 1.0000 0.3750 1.0000 0.3438 0.5000 0.3125 0.5000 0.3125 1.0000 0.3438 1.0000 0.3125 0.5000 0.2812 0.5000 0.2812 1.0000 0.3125 1.0000 0.2812 0.5000 0.2500 0.5000 0.2500 1.0000 0.2812 1.0000 0.2500 0.5000 0.2188 0.5000 0.2188 1.0000 0.2500 1.0000 0.2188 0.5000 0.1875 0.5000 0.1875 1.0000 0.2188 1.0000 0.1875 0.5000 0.1562 0.5000 0.1562 1.0000 0.1875 1.0000 0.1562 0.5000 0.1250 0.5000 0.1250 1.0000 0.1562 1.0000 0.1250 0.5000 0.0938 0.5000 0.0938 1.0000 0.1250 1.0000 0.0938 0.5000 0.0625 0.5000 0.0625 1.0000 0.0938 1.0000 0.2968 0.4854 0.3418 0.4717 0.3833 0.4496 0.4197 0.4197 0.4496 0.3833 0.4717 0.3418 0.4854 0.2968 0.4900 0.2500 0.4854 0.2032 0.4717 0.1582 0.4496 0.1167 0.4197 0.0803 0.3833 0.0504 0.3418 0.0283 0.2968 0.0146 0.2500 0.0100 0.2032 0.0146 0.1582 0.0283 0.1167 0.0504 0.0803 0.0803 0.0504 0.1167 0.0283 0.1582 0.0146 0.2032 0.0100 0.2500 0.0146 0.2968 0.0283 0.3418 0.0504 0.3833 0.0803 0.4197 0.1167 0.4496 0.1582 0.4717 0.2032 0.4854 0.2500 0.4900 0.0625 0.5000 0.0312 0.5000 0.0312 1.0000 0.0625 1.0000 0.0312 0.5000 0.0000 0.5000 0.0000 1.0000 0.0312 1.0000 0.7500 0.4900 0.7032 0.4854 0.6582 0.4717 0.6167 0.4496 0.5803 0.4197 0.5504 0.3833 0.5283 0.3418 0.5146 0.2968 0.5100 0.2500 0.5146 0.2032 0.5283 0.1582 0.5504 0.1167 0.5803 0.0803 0.6167 0.0504 0.6582 0.0283 0.7032 0.0146 0.7500 0.0100 0.7968 0.0146 0.8418 0.0283 0.8833 0.0504 0.9197 0.0803 0.9496 0.1167 0.9717 0.1582 0.9854 0.2032 0.9900 0.2500 0.9854 0.2968 0.9717 0.3418 0.9496 0.3833 0.9197 0.4197 0.8833 0.4496 0.8418 0.4717 0.7968 0.4854 " />
						</IndexedFaceSet>
					</Shape>
				</Group>
			</Transform>
		</Transform>
	</Scene>
</X3D>