<?xml version="1.0" encoding="UTF-8"?>
<!DOCTYPE X3D PUBLIC "ISO//Web3D//DTD X3D 3.0//EN" "http://www.web3d.org/specifications/x3d-3.0.dtd">
<X3D version="3.0" profile="Immersive" xmlns:xsd="http://www.w3.org/2001/XMLSchema-instance" xsd:noNamespaceSchemaLocation="http://www.web3d.org/specifications/x3d-3.0.xsd">
	<head>
		<meta name="filename" content="wizard.x3d" />
		<meta name="generator" content="Blender 4.2.3 LTS" />
	</head>
	<Scene>
		<NavigationInfo headlight="true"
		                visibilityLimit="0.0"
		                type='"EXAMINE", "ANY"'
		                avatarSize="0.25, 1.75, 0.75"
		                />
		<Background DEF="WO_World"
		            groundColor="0.051 0.051 0.051"
		            skyColor="0.051 0.051 0.051"
		            />
		<Transform DEF="Shape_IndexedFaceSet_TRANSFORM"
		           translation="0.000000 0.000000 0.000000"
		           scale="1.000000 1.000000 1.000000"
		           rotation="-0.000000 0.000000 0.000000 0.000000"
		           >
			<Transform DEF="Shape_IndexedFaceSet_ifs_TRANSFORM"
			           translation="0.000000 0.000000 0.000000"
			           scale="1.000000 1.000000 1.000000"
			           rotation="0.000000 1.000000 0.000000 0.000000"
			           >
				<Group DEF="group_ME_Shape_IndexedFaceSet">
					<Shape>
						<Appearance>
							<Material DEF="MA_MA_Material_001"
							          diffuseColor="0.020 0.251 0.471"
							          specularColor="0.401 0.401 0.401"
							          emissiveColor="0.000 0.000 0.000"
							          ambientIntensity="0.000"
							          shininess="0.500"
							          transparency="0.0"
							          />
						</Appearance>
						<IndexedFaceSet solid="false"
						                texCoordIndex="0 1 2 3 -1 4 5 6 7 -1 8 9 10 11 -1 12 13 14 15 -1 16 17 18 19 -1 20 21 22 23 -1 24 25 26 27 -1 28 29 30 31 -1 32 33 34 35 -1 36 37 38 39 -1 40 41 42 43 -1 44 45 46 47 -1 48 49 50 51 -1 52 53 54 55 -1 56 57 58 59 -1 60 61 62 63 -1 64 65 66 67 -1 68 69 70 71 -1 72 73 74 75 -1 76 77 78 79 -1 80 81 82 83 -1 84 85 86 87 -1 88 89 90 91 -1 92 93 94 95 -1 96 97 98 99 -1 100 101 102 103 -1 104 105 106 107 -1 108 109 110 111 -1 112 113 114 115 -1 116 117 118 119 -1 120 121 122 123 -1 124 125 126 127 -1 128 129 130 131 -1 132 133 134 135 -1 136 137 138 139 -1 140 141 142 143 -1 144 145 146 147 -1 148 149 150 151 -1 152 153 154 155 -1 156 157 158 159 -1 160 161 162 163 -1 164 165 166 167 -1 168 169 170 171 -1 172 173 174 175 -1 176 177 178 179 -1 180 181 182 183 -1 184 185 186 187 -1 188 189 190 191 -1 192 193 194 195 -1 196 197 198 199 -1 200 201 202 203 -1 204 205 206 207 -1 208 209 210 211 -1 212 213 214 215 -1 216 217 218 219 -1 220 221 222 223 -1 224 225 226 227 -1 228 229 230 231 -1 232 233 234 235 -1 236 237 238 239 -1 240 241 242 243 -1 244 245 246 247 -1 248 249 250 251 -1 252 253 254 255 -1 256 257 258 259 -1 260 261 262 263 -1 264 265 266 267 -1 268 269 270 271 -1 272 273 274 275 -1 276 277 278 279 -1 280 281 282 283 -1 284 285 286 287 -1 288 289 290 291 -1 292 293 294 295 -1 296 297 298 299 -1 300 301 302 303 -1 304 305 306 307 -1 308 309 310 311 -1 312 313 314 315 -1 316 317 318 319 -1 320 321 322 323 -1 324 325 326 327 -1 328 329 330 331 -1 332 333 334 335 -1 336 337 338 339 -1 340 341 342 343 -1 344 345 346 347 -1 348 349 350 351 -1 352 353 354 355 -1 356 357 358 359 -1 360 361 362 363 -1 364 365 366 367 -1 368 369 370 371 -1 372 373 374 375 -1 376 377 378 379 -1 380 381 382 383 -1 384 385 386 387 -1 388 389 390 391 -1 392 393 394 395 -1 396 397 398 399 -1 400 401 402 403 -1 404 405 406 407 -1 408 409 410 411 -1 412 413 414 415 -1 416 417 418 419 -1 420 421 422 423 -1 424 425 426 427 -1 428 429 430 431 -1 432 433 434 435 -1 436 437 438 439 -1 440 441 442 443 -1 444 445 446 447 -1 448 449 450 451 -1 452 453 454 455 -1 456 457 458 459 -1 460 461 462 463 -1 464 465 466 467 -1 468 469 470 471 -1 472 473 474 475 -1 476 477 478 479 -1 480 481 482 483 -1 484 485 486 487 -1 488 489 490 491 -1 492 493 494 495 -1 496 497 498 499 -1 500 501 502 503 -1 504 505 506 507 -1 508 509 510 511 -1 512 513 514 515 -1 516 517 518 519 -1 520 521 522 523 -1 524 525 526 527 -1 528 529 530 531 -1 532 533 534 535 -1 536 537 538 539 -1 540 541 542 543 -1 544 545 546 547 -1 548 549 550 551 -1 552 553 554 555 -1 556 557 558 559 -1 560 561 562 563 -1 564 565 566 567 -1 568 569 570 571 -1 572 573 574 575 -1 576 577 578 579 -1 580 581 582 583 -1 584 585 586 587 -1 588 589 590 591 -1 592 593 594 595 -1 596 597 598 599 -1 600 601 602 603 -1 604 605 606 607 -1 608 609 610 611 -1 612 613 614 615 -1 616 617 618 619 -1 620 621 622 623 -1 624 625 626 627 -1 628 629 630 631 -1 632 633 634 635 -1 636 637 638 639 -1 640 641 642 643 -1 644 645 646 647 -1 648 649 650 651 -1 652 653 654 655 -1 656 657 658 659 -1 660 661 662 663 -1 664 665 666 667 -1 668 669 670 671 -1 672 673 674 675 -1 676 677 678 679 -1 680 681 682 683 -1 684 685 686 687 -1 688 689 690 691 -1 692 693 694 695 -1 696 697 698 699 -1 700 701 702 703 -1 704 705 706 707 -1 708 709 710 711 -1 712 713 714 715 -1 716 717 718 719 -1 720 721 722 723 -1 724 725 726 727 -1 728 729 730 731 -1 732 733 734 735 -1 736 737 738 739 -1 740 741 742 743 -1 744 745 746 747 -1 748 749 750 751 -1 752 753 754 755 -1 756 757 758 759 -1 760 761 762 763 -1 764 765 766 767 -1 768 769 770 771 -1 772 773 774 775 -1 776 777 778 779 -1 780 781 782 783 -1 784 785 786 787 -1 788 789 790 791 -1 792 793 794 795 -1 796 797 798 799 -1 800 801 802 803 -1 804 805 806 807 -1 808 809 810 811 -1 812 813 814 815 -1 816 817 818 819 -1 820 821 822 823 -1 824 825 826 827 -1 828 829 830 831 -1 832 833 834 835 -1 836 837 838 839 -1 840 841 842 843 -1 844 845 846 847 -1 848 849 850 851 -1 852 853 854 855 -1 856 857 858 859 -1 860 861 862 863 -1 864 865 866 867 -1 868 869 870 871 -1 872 873 874 875 -1 876 877 878 879 -1 880 881 882 883 -1 884 885 886 887 -1 888 889 890 891 -1 892 893 894 895 -1 896 897 898 899 -1 900 901 902 903 -1 904 905 906 907 -1 908 909 910 911 -1 912 913 914 915 -1 916 917 918 919 -1 920 921 922 923 -1 924 925 926 927 -1 928 929 930 931 -1 932 933 934 935 -1 936 937 938 939 -1 940 941 942 943 -1 944 945 946 947 -1 948 949 950 951 -1 952 953 954 955 -1 956 957 958 959 -1 960 961 962 963 -1 964 965 966 967 -1 968 969 970 971 -1 972 973 974 975 -1 976 977 978 979 -1 980 981 982 983 -1 984 985 986 987 -1 988 989 990 991 -1 992 993 994 995 -1 996 997 998 999 -1 1000 1001 1002 1003 -1 1004 1005 1006 1007 -1 1008 1009 1010 1011 -1 1012 1013 1014 1015 -1 1016 1017 1018 1019 -1 1020 1021 1022 1023 -1 1024 1025 1026 1027 -1 1028 1029 1030 1031 -1 1032 1033 1034 1035 -1 1036 1037 1038 1039 -1 1040 1041 1042 1043 -1 1044 1045 1046 1047 -1 1048 1049 1050 1051 -1 1052 1053 1054 1055 -1 1056 1057 1058 1059 -1 1060 1061 1062 1063 -1 1064 1065 1066 1067 -1 1068 1069 1070 1071 -1 1072 1073 1074 1075 -1 1076 1077 1078 1079 -1 1080 1081 1082 1083 -1 1084 1085 1086 1087 -1 1088 1089 1090 1091 -1 1092 1093 1094 1095 -1 1096 1097 1098 1099 -1 1100 1101 1102 1103 -1 1104 1105 1106 1107 -1 1108 1109 1110 1111 -1 1112 1113 1114 1115 -1 1116 1117 1118 1119 -1 1120 1121 1122 1123 -1 1124 1125 1126 1127 -1 1128 1129 1130 1131 -1 1132 1133 1134 1135 -1 1136 1137 1138 1139 -1 1140 1141 1142 1143 -1 1144 1145 1146 1147 -1 1148 1149 1150 1151 -1 1152 1153 1154 1155 -1 1156 1157 1158 1159 -1 1160 1161 1162 1163 -1 1164 1165 1166 1167 -1 1168 1169 1170 1171 -1 1172 1173 1174 1175 -1 1176 1177 1178 1179 -1 1180 1181 1182 1183 -1 1184 1185 1186 1187 -1 1188 1189 1190 1191 -1 1192 1193 1194 1195 -1 1196 1197 1198 1199 -1 1200 1201 1202 1203 -1 1204 1205 1206 1207 -1 1208 1209 1210 1211 -1 1212 1213 1214 1215 -1 1216 1217 1218 1219 -1 1220 1221 1222 1223 -1 1224 1225 1226 1227 -1 1228 1229 1230 1231 -1 1232 1233 1234 1235 -1 1236 1237 1238 1239 -1 1240 1241 1242 1243 -1 1244 1245 1246 1247 -1 1248 1249 1250 1251 -1 1252 1253 1254 1255 -1 1256 1257 1258 1259 -1 1260 1261 1262 1263 -1 1264 1265 1266 1267 -1 1268 1269 1270 1271 -1 1272 1273 1274 1275 -1 1276 1277 1278 1279 -1 1280 1281 1282 1283 -1 1284 1285 1286 1287 -1 1288 1289 1290 1291 -1 1292 1293 1294 1295 -1 1296 1297 1298 1299 -1 1300 1301 1302 1303 -1 1304 1305 1306 1307 -1 1308 1309 1310 1311 -1 1312 1313 1314 1315 -1 1316 1317 1318 1319 -1 1320 1321 1322 1323 -1 1324 1325 1326 1327 -1 1328 1329 1330 1331 -1 1332 1333 1334 1335 -1 1336 1337 1338 1339 -1 1340 1341 1342 1343 -1 1344 1345 1346 1347 -1 1348 1349 1350 1351 -1 1352 1353 1354 1355 -1 1356 1357 1358 1359 -1 1360 1361 1362 1363 -1 1364 1365 1366 1367 -1 1368 1369 1370 1371 -1 1372 1373 1374 1375 -1 1376 1377 1378 1379 -1 1380 1381 1382 1383 -1 1384 1385 1386 1387 -1 1388 1389 1390 1391 -1 1392 1393 1394 1395 -1 1396 1397 1398 1399 -1 1400 1401 1402 1403 -1 1404 1405 1406 1407 -1 1408 1409 1410 1411 -1 1412 1413 1414 1415 -1 1416 1417 1418 1419 -1 1420 1421 1422 1423 -1 1424 1425 1426 1427 -1 1428 1429 1430 1431 -1 1432 1433 1434 1435 -1 1436 1437 1438 1439 -1 1440 1441 1442 1443 -1 1444 1445 1446 1447 -1 1448 1449 1450 1451 -1 1452 1453 1454 1455 -1 1456 1457 1458 1459 -1 1460 1461 1462 1463 -1 1464 1465 1466 1467 -1 1468 1469 1470 1471 -1 1472 1473 1474 1475 -1 1476 1477 1478 1479 -1 1480 1481 1482 1483 -1 1484 1485 1486 1487 -1 1488 1489 1490 1491 -1 1492 1493 1494 1495 -1 1496 1497 1498 1499 -1 1500 1501 1502 1503 -1 1504 1505 1506 1507 -1 1508 1509 1510 1511 -1 1512 1513 1514 1515 -1 1516 1517 1518 1519 -1 1520 1521 1522 1523 -1 1524 1525 1526 1527 -1 1528 1529 1530 1531 -1 1532 1533 1534 1535 -1 1536 1537 1538 1539 -1 1540 1541 1542 1543 -1 1544 1545 1546 1547 -1 1548 1549 1550 1551 -1 1552 1553 1554 1555 -1 1556 1557 1558 1559 -1 1560 1561 1562 1563 -1 1564 1565 1566 1567 -1 1568 1569 1570 1571 -1 1572 1573 1574 1575 -1 1576 1577 1578 1579 -1 1580 1581 1582 1583 -1 1584 1585 1586 1587 -1 1588 1589 1590 1591 -1 1592 1593 1594 1595 -1 1596 1597 1598 1599 -1 1600 1601 1602 1603 -1 1604 1605 1606 1607 -1 1608 1609 1610 1611 -1 1612 1613 1614 1615 -1 1616 1617 1618 1619 -1 1620 1621 1622 1623 -1 1624 1625 1626 1627 -1 1628 1629 1630 1631 -1 1632 1633 1634 1635 -1 1636 1637 1638 1639 -1 1640 1641 1642 1643 -1 1644 1645 1646 1647 -1 1648 1649 1650 1651 -1 1652 1653 1654 1655 -1 1656 1657 1658 1659 -1 1660 1661 1662 1663 -1 1664 1665 1666 1667 -1 1668 1669 1670 1671 -1 1672 1673 1674 1675 -1 1676 1677 1678 1679 -1 1680 1681 1682 1683 -1 1684 1685 1686 1687 -1 1688 1689 1690 1691 -1 1692 1693 1694 1695 -1 1696 1697 1698 1699 -1 1700 1701 1702 1703 -1 1704 1705 1706 1707 -1 1708 1709 1710 1711 -1 1712 1713 1714 1715 -1 1716 1717 1718 1719 -1 1720 1721 1722 1723 -1 1724 1725 1726 1727 -1 1728 1729 1730 1731 -1 1732 1733 1734 1735 -1 1736 1737 1738 1739 -1 1740 1741 1742 1743 -1 1744 1745 1746 1747 -1 1748 1749 1750 1751 -1 1752 1753 1754 1755 -1 1756 1757 1758 1759 -1 1760 1761 1762 1763 -1 1764 1765 1766 1767 -1 1768 1769 1770 1771 -1 1772 1773 1774 1775 -1 1776 1777 1778 1779 -1 1780 1781 1782 1783 -1 1784 1785 1786 1787 -1 1788 1789 1790 1791 -1 1792 1793 1794 1795 -1 1796 1797 1798 1799 -1 1800 1801 1802 1803 -1 1804 1805 1806 1807 -1 1808 1809 1810 1811 -1 1812 1813 1814 1815 -1 1816 1817 1818 1819 -1 1820 1821 1822 1823 -1 1824 1825 1826 1827 -1 1828 1829 1830 1831 -1 1832 1833 1834 1835 -1 1836 1837 1838 1839 -1 1840 1841 1842 1843 -1 1844 1845 1846 1847 -1 1848 1849 1850 1851 -1 1852 1853 1854 1855 -1 1856 1857 1858 1859 -1 1860 1861 1862 1863 -1 1864 1865 1866 1867 -1 1868 1869 1870 1871 -1 1872 1873 1874 1875 -1 1876 1877 1878 1879 -1 1880 1881 1882 1883 -1 1884 1885 1886 1887 -1 1888 1889 1890 1891 -1 1892 1893 1894 1895 -1 1896 1897 1898 1899 -1 1900 1901 1902 1903 -1 1904 1905 1906 1907 -1 1908 1909 1910 1911 -1 1912 1913 1914 1915 -1 1916 1917 1918 1919 -1 1920 1921 1922 1923 -1 1924 1925 1926 1927 -1 1928 1929 1930 1931 -1 1932 1933 1934 1935 -1 1936 1937 1938 1939 -1 1940 1941 1942 1943 -1 1944 1945 1946 1947 -1 1948 1949 1950 1951 -1 1952 1953 1954 1955 -1 1956 1957 1958 1959 -1 1960 1961 1962 1963 -1 1964 1965 1966 1967 -1 1968 1969 1970 1971 -1 1972 1973 1974 1975 -1 1976 1977 1978 1979 -1 1980 1981 1982 1983 -1 1984 1985 1986 1987 -1 1988 1989 1990 1991 -1 1992 1993 1994 1995 -1 1996 1997 1998 1999 -1 2000 2001 2002 2003 -1 2004 2005 2006 2007 -1 2008 2009 2010 2011 -1 2012 2013 2014 2015 -1 2016 2017 2018 2019 -1 2020 2021 2022 2023 -1 2024 2025 2026 2027 -1 2028 2029 2030 2031 -1 2032 2033 2034 2035 -1 2036 2037 2038 2039 -1 2040 2041 2042 2043 -1 2044 2045 2046 2047 -1 2048 2049 2050 2051 -1 2052 2053 2054 2055 -1 2056 2057 2058 2059 -1 2060 2061 2062 2063 -1 2064 2065 2066 2067 -1 2068 2069 2070 2071 -1 2072 2073 2074 2075 -1 2076 2077 2078 2079 -1 2080 2081 2082 2083 -1 2084 2085 2086 2087 -1 2088 2089 2090 2091 -1 2092 2093 2094 2095 -1 2096 2097 2098 2099 -1 2100 2101 2102 2103 -1 2104 2105 2106 2107 -1 2108 2109 2110 2111 -1 2112 2113 2114 2115 -1 2116 2117 2118 2119 -1 2120 2121 2122 2123 -1 2124 2125 2126 2127 -1 2128 2129 2130 2131 -1 2132 2133 2134 2135 -1 2136 2137 2138 2139 -1 2140 2141 2142 2143 -1 2144 2145 2146 2147 -1 2148 2149 2150 2151 -1 2152 2153 2154 2155 -1 2156 2157 2158 2159 -1 2160 2161 2162 2163 -1 2164 2165 2166 2167 -1 2168 2169 2170 2171 -1 2172 2173 2174 2175 -1 2176 2177 2178 2179 -1 2180 2181 2182 2183 -1 2184 2185 2186 2187 -1 2188 2189 2190 2191 -1 2192 2193 2194 2195 -1 2196 2197 2198 2199 -1 2200 2201 2202 2203 -1 2204 2205 2206 2207 -1 2208 2209 2210 2211 -1 2212 2213 2214 2215 -1 2216 2217 2218 2219 -1 2220 2221 2222 2223 -1 2224 2225 2226 2227 -1 2228 2229 2230 2231 -1 2232 2233 2234 2235 -1 2236 2237 2238 2239 -1 2240 2241 2242 2243 -1 2244 2245 2246 2247 -1 2248 2249 2250 2251 -1 2252 2253 2254 2255 -1 2256 2257 2258 2259 -1 2260 2261 2262 2263 -1 2264 2265 2266 2267 -1 2268 2269 2270 2271 -1 2272 2273 2274 2275 -1 2276 2277 2278 2279 -1 2280 2281 2282 2283 -1 2284 2285 2286 2287 -1 2288 2289 2290 2291 -1 2292 2293 2294 2295 -1 2296 2297 2298 2299 -1 2300 2301 2302 2303 -1 2304 2305 2306 2307 -1 2308 2309 2310 2311 -1 2312 2313 2314 2315 -1 2316 2317 2318 2319 -1 2320 2321 2322 2323 -1 2324 2325 2326 2327 -1 2328 2329 2330 2331 -1 2332 2333 2334 2335 -1 2336 2337 2338 2339 -1 2340 2341 2342 2343 -1 2344 2345 2346 2347 -1 2348 2349 2350 2351 -1 2352 2353 2354 2355 -1 2356 2357 2358 2359 -1 2360 2361 2362 2363 -1 2364 2365 2366 2367 -1 2368 2369 2370 2371 -1 2372 2373 2374 2375 -1 2376 2377 2378 2379 -1 2380 2381 2382 2383 -1 2384 2385 2386 2387 -1 2388 2389 2390 2391 -1 2392 2393 2394 2395 -1 2396 2397 2398 2399 -1 2400 2401 2402 2403 -1 2404 2405 2406 2407 -1 2408 2409 2410 2411 -1 2412 2413 2414 2415 -1 2416 2417 2418 2419 -1 2420 2421 2422 2423 -1 2424 2425 2426 2427 -1 2428 2429 2430 2431 -1 2432 2433 2434 2435 -1 2436 2437 2438 2439 -1 2440 2441 2442 2443 -1 2444 2445 2446 2447 -1 2448 2449 2450 2451 -1 2452 2453 2454 2455 -1 2456 2457 2458 2459 -1 2460 2461 2462 2463 -1 2464 2465 2466 2467 -1 2468 2469 2470 2471 -1 2472 2473 2474 2475 -1 2476 2477 2478 2479 -1 2480 2481 2482 2483 -1 2484 2485 2486 2487 -1 2488 2489 2490 2491 -1 2492 2493 2494 2495 -1 2496 2497 2498 2499 -1 2500 2501 2502 2503 -1 2504 2505 2506 2507 -1 2508 2509 2510 2511 -1 2512 2513 2514 2515 -1 2516 2517 2518 2519 -1 2520 2521 2522 2523 -1 2524 2525 2526 2527 -1 2528 2529 2530 2531 -1 2532 2533 2534 2535 -1 2536 2537 2538 2539 -1 2540 2541 2542 2543 -1 2544 2545 2546 2547 -1 2548 2549 2550 2551 -1 2552 2553 2554 2555 -1 2556 2557 2558 2559 -1 2560 2561 2562 2563 -1 2564 2565 2566 2567 -1 2568 2569 2570 2571 -1 2572 2573 2574 2575 -1 2576 2577 2578 2579 -1 2580 2581 2582 2583 -1 2584 2585 2586 2587 -1 2588 2589 2590 2591 -1 2592 2593 2594 2595 -1 2596 2597 2598 2599 -1 2600 2601 2602 2603 -1 2604 2605 2606 2607 -1 2608 2609 2610 2611 -1 2612 2613 2614 2615 -1 2616 2617 2618 2619 -1 2620 2621 2622 2623 -1 2624 2625 2626 2627 -1 2628 2629 2630 2631 -1 2632 2633 2634 2635 -1 2636 2637 2638 2639 -1 2640 2641 2642 2643 -1 2644 2645 2646 2647 -1 2648 2649 2650 2651 -1 2652 2653 2654 2655 -1 2656 2657 2658 2659 -1 2660 2661 2662 2663 -1 2664 2665 2666 2667 -1 2668 2669 2670 2671 -1 2672 2673 2674 2675 -1 2676 2677 2678 2679 -1 2680 2681 2682 2683 -1 2684 2685 2686 2687 -1 2688 2689 2690 2691 -1 2692 2693 2694 2695 -1 2696 2697 2698 2699 -1 2700 2701 2702 2703 -1 2704 2705 2706 2707 -1 2708 2709 2710 2711 -1 2712 2713 2714 2715 -1 2716 2717 2718 2719 -1 2720 2721 2722 2723 -1 2724 2725 2726 2727 -1 2728 2729 2730 2731 -1 2732 2733 2734 2735 -1 2736 2737 2738 2739 -1 2740 2741 2742 2743 -1 2744 2745 2746 2747 -1 2748 2749 2750 2751 -1 2752 2753 2754 2755 -1 2756 2757 2758 2759 -1 2760 2761 2762 2763 -1 2764 2765 2766 2767 -1 2768 2769 2770 2771 -1 2772 2773 2774 2775 -1 2776 2777 2778 2779 -1 2780 2781 2782 2783 -1 2784 2785 2786 2787 -1 2788 2789 2790 2791 -1 2792 2793 2794 2795 -1 2796 2797 2798 2799 -1 2800 2801 2802 2803 -1 2804 2805 2806 2807 -1 2808 2809 2810 2811 -1 2812 2813 2814 2815 -1 2816 2817 2818 2819 -1 2820 2821 2822 2823 -1 2824 2825 2826 2827 -1 2828 2829 2830 2831 -1 2832 2833 2834 2835 -1 2836 2837 2838 2839 -1 2840 2841 2842 2843 -1 2844 2845 2846 2847 -1 2848 2849 2850 2851 -1 2852 2853 2854 2855 -1 2856 2857 2858 2859 -1 2860 2861 2862 2863 -1 2864 2865 2866 2867 -1 2868 2869 2870 2871 -1 2872 2873 2874 2875 -1 2876 2877 2878 2879 -1 2880 2881 2882 2883 -1 2884 2885 2886 2887 -1 2888 2889 2890 2891 -1 2892 2893 2894 2895 -1 2896 2897 2898 2899 -1 2900 2901 2902 2903 -1 2904 2905 2906 2907 -1 2908 2909 2910 2911 -1 2912 2913 2914 2915 -1 2916 2917 2918 2919 -1 2920 2921 2922 2923 -1 2924 2925 2926 2927 -1 2928 2929 2930 2931 -1 2932 2933 2934 2935 -1 2936 2937 2938 2939 -1 2940 2941 2942 2943 -1 2944 2945 2946 2947 -1 2948 2949 2950 2951 -1 2952 2953 2954 2955 -1 2956 2957 2958 2959 -1 2960 2961 2962 2963 -1 2964 2965 2966 2967 -1 2968 2969 2970 2971 -1 2972 2973 2974 2975 -1 2976 2977 2978 2979 -1 2980 2981 2982 2983 -1 2984 2985 2986 2987 -1 2988 2989 2990 2991 -1 2992 2993 2994 2995 -1 2996 2997 2998 2999 -1 3000 3001 3002 3003 -1 3004 3005 3006 3007 -1 3008 3009 3010 3011 -1 3012 3013 3014 3015 -1 3016 3017 3018 3019 -1 3020 3021 3022 3023 -1 3024 3025 3026 3027 -1 3028 3029 3030 3031 -1 3032 3033 3034 3035 -1 3036 3037 3038 3039 -1 3040 3041 3042 3043 -1 3044 3045 3046 3047 -1 3048 3049 3050 3051 -1 3052 3053 3054 3055 -1 3056 3057 3058 3059 -1 3060 3061 3062 3063 -1 3064 3065 3066 3067 -1 3068 3069 3070 3071 -1 3072 3073 3074 3075 -1 3076 3077 3078 3079 -1 3080 3081 3082 3083 -1 3084 3085 3086 3087 -1 3088 3089 3090 3091 -1 3092 3093 3094 3095 -1 3096 3097 3098 3099 -1 3100 3101 3102 3103 -1 3104 3105 3106 3107 -1 3108 3109 3110 3111 -1 3112 3113 3114 3115 -1 3116 3117 3118 3119 -1 3120 3121 3122 3123 -1 3124 3125 3126 3127 -1 3128 3129 3130 3131 -1 3132 3133 3134 3135 -1 3136 3137 3138 3139 -1 3140 3141 3142 3143 -1 3144 3145 3146 3147 -1 3148 3149 3150 3151 -1 3152 3153 3154 3155 -1 3156 3157 3158 3159 -1 3160 3161 3162 3163 -1 3164 3165 3166 3167 -1 3168 3169 3170 3171 -1 3172 3173 3174 3175 -1 3176 3177 3178 3179 -1 3180 3181 3182 3183 -1 3184 3185 3186 3187 -1 3188 3189 3190 3191 -1 3192 3193 3194 3195 -1 3196 3197 3198 3199 -1 3200 3201 3202 3203 -1 3204 3205 3206 3207 -1 3208 3209 3210 3211 -1 3212 3213 3214 3215 -1 3216 3217 3218 3219 -1 3220 3221 3222 3223 -1 3224 3225 3226 3227 -1 3228 3229 3230 3231 -1 3232 3233 3234 3235 -1 3236 3237 3238 3239 -1 3240 3241 3242 3243 -1 3244 3245 3246 3247 -1 3248 3249 3250 3251 -1 3252 3253 3254 3255 -1 3256 3257 3258 3259 -1 3260 3261 3262 3263 -1 3264 3265 3266 3267 -1 3268 3269 3270 3271 -1 3272 3273 3274 3275 -1 3276 3277 3278 3279 -1 3280 3281 3282 3283 -1 3284 3285 3286 3287 -1 3288 3289 3290 3291 -1 3292 3293 3294 3295 -1 3296 3297 3298 3299 -1 3300 3301 3302 3303 -1 3304 3305 3306 3307 -1 3308 3309 3310 3311 -1 3312 3313 3314 3315 -1 3316 3317 3318 3319 -1 3320 3321 3322 3323 -1 3324 3325 3326 3327 -1 3328 3329 3330 3331 -1 3332 3333 3334 3335 -1 3336 3337 3338 3339 -1 3340 3341 3342 3343 -1 3344 3345 3346 3347 -1 3348 3349 3350 3351 -1 3352 3353 3354 3355 -1 3356 3357 3358 3359 -1 3360 3361 3362 3363 -1 3364 3365 3366 3367 -1 3368 3369 3370 3371 -1 3372 3373 3374 3375 -1 3376 3377 3378 3379 -1 3380 3381 3382 3383 -1 3384 3385 3386 3387 -1 3388 3389 3390 3391 -1 3392 3393 3394 3395 -1 3396 3397 3398 3399 -1 3400 3401 3402 3403 -1 3404 3405 3406 3407 -1 3408 3409 3410 3411 -1 3412 3413 3414 3415 -1 3416 3417 3418 3419 -1 3420 3421 3422 3423 -1 3424 3425 3426 3427 -1 3428 3429 3430 3431 -1 3432 3433 3434 3435 -1 3436 3437 3438 3439 -1 3440 3441 3442 3443 -1 3444 3445 3446 3447 -1 3448 3449 3450 3451 -1 3452 3453 3454 3455 -1 3456 3457 3458 3459 -1 3460 3461 3462 3463 -1 3464 3465 3466 3467 -1 3468 3469 3470 3471 -1 3472 3473 3474 3475 -1 3476 3477 3478 3479 -1 3480 3481 3482 3483 -1 3484 3485 3486 3487 -1 3488 3489 3490 3491 -1 3492 3493 3494 3495 -1 3496 3497 3498 3499 -1 3500 3501 3502 3503 -1 3504 3505 3506 3507 -1 3508 3509 3510 3511 -1 3512 3513 3514 3515 -1 3516 3517 3518 3519 -1 3520 3521 3522 3523 -1 3524 3525 3526 3527 -1 3528 3529 3530 3531 -1 3532 3533 3534 3535 -1 3536 3537 3538 3539 -1 3540 3541 3542 3543 -1 3544 3545 3546 3547 -1 3548 3549 3550 3551 -1 3552 3553 3554 3555 -1 3556 3557 3558 3559 -1 3560 3561 3562 3563 -1 3564 3565 3566 3567 -1 3568 3569 3570 3571 -1 3572 3573 3574 3575 -1 3576 3577 3578 3579 -1 3580 3581 3582 3583 -1 "
						                coordIndex="212 213 220 219 -1 213 214 221 220 -1 214 215 222 221 -1 215 216 223 222 -1 216 217 224 223 -1 217 218 225 224 -1 219 220 227 226 -1 220 221 228 227 -1 221 222 229 228 -1 222 223 230 229 -1 223 224 231 230 -1 224 225 232 231 -1 226 227 234 233 -1 227 228 235 234 -1 228 229 236 235 -1 229 230 237 236 -1 230 231 238 237 -1 231 232 239 238 -1 233 234 241 240 -1 234 235 242 241 -1 235 236 243 242 -1 236 237 244 243 -1 237 238 245 244 -1 238 239 246 245 -1 240 241 248 247 -1 241 242 249 248 -1 242 243 250 249 -1 243 244 251 250 -1 244 245 252 251 -1 245 246 253 252 -1 247 248 255 254 -1 248 249 256 255 -1 249 250 257 256 -1 250 251 258 257 -1 251 252 259 258 -1 252 253 260 259 -1 15 183 212 205 -1 183 182 213 212 -1 182 181 214 213 -1 181 180 215 214 -1 180 179 216 215 -1 179 178 217 216 -1 178 177 218 217 -1 177 4 85 218 -1 218 85 84 225 -1 225 84 83 232 -1 232 83 82 239 -1 239 82 81 246 -1 246 81 80 253 -1 253 80 79 260 -1 260 79 6 64 -1 259 260 64 63 -1 258 259 63 62 -1 257 258 62 61 -1 256 257 61 60 -1 255 256 60 59 -1 254 255 59 58 -1 211 254 58 13 -1 210 247 254 211 -1 209 240 247 210 -1 208 233 240 209 -1 207 226 233 208 -1 206 219 226 207 -1 205 212 219 206 -1 261 262 269 268 -1 262 263 270 269 -1 263 264 271 270 -1 264 265 272 271 -1 265 266 273 272 -1 266 267 274 273 -1 268 269 276 275 -1 269 270 277 276 -1 270 271 278 277 -1 271 272 279 278 -1 272 273 280 279 -1 273 274 281 280 -1 275 276 283 282 -1 276 277 284 283 -1 277 278 285 284 -1 278 279 286 285 -1 279 280 287 286 -1 280 281 288 287 -1 282 283 290 289 -1 283 284 291 290 -1 284 285 292 291 -1 285 286 293 292 -1 286 287 294 293 -1 287 288 295 294 -1 289 290 297 296 -1 290 291 298 297 -1 291 292 299 298 -1 292 293 300 299 -1 293 294 301 300 -1 294 295 302 301 -1 296 297 304 303 -1 297 298 305 304 -1 298 299 306 305 -1 299 300 307 306 -1 300 301 308 307 -1 301 302 309 308 -1 14 204 261 176 -1 204 203 262 261 -1 203 202 263 262 -1 202 201 264 263 -1 201 200 265 264 -1 200 199 266 265 -1 199 198 267 266 -1 198 13 58 267 -1 267 58 59 274 -1 274 59 60 281 -1 281 60 61 288 -1 288 61 62 295 -1 295 62 63 302 -1 302 63 64 309 -1 309 64 6 43 -1 308 309 43 42 -1 307 308 42 41 -1 306 307 41 40 -1 305 306 40 39 -1 304 305 39 38 -1 303 304 38 37 -1 170 303 37 7 -1 171 296 303 170 -1 172 289 296 171 -1 173 282 289 172 -1 174 275 282 173 -1 175 268 275 174 -1 176 261 268 175 -1 310 311 318 317 -1 311 312 319 318 -1 312 313 320 319 -1 313 314 321 320 -1 314 315 322 321 -1 315 316 323 322 -1 317 318 325 324 -1 318 319 326 325 -1 319 320 327 326 -1 320 321 328 327 -1 321 322 329 328 -1 322 323 330 329 -1 324 325 332 331 -1 325 326 333 332 -1 326 327 334 333 -1 327 328 335 334 -1 328 329 336 335 -1 329 330 337 336 -1 331 332 339 338 -1 332 333 340 339 -1 333 334 341 340 -1 334 335 342 341 -1 335 336 343 342 -1 336 337 344 343 -1 338 339 346 345 -1 339 340 347 346 -1 340 341 348 347 -1 341 342 349 348 -1 342 343 350 349 -1 343 344 351 350 -1 345 346 353 352 -1 346 347 354 353 -1 347 348 355 354 -1 348 349 356 355 -1 349 350 357 356 -1 350 351 358 357 -1 7 37 310 22 -1 37 38 311 310 -1 38 39 312 311 -1 39 40 313 312 -1 40 41 314 313 -1 41 42 315 314 -1 42 43 316 315 -1 43 6 79 316 -1 316 79 80 323 -1 323 80 81 330 -1 330 81 82 337 -1 337 82 83 344 -1 344 83 84 351 -1 351 84 85 358 -1 358 85 4 51 -1 357 358 51 52 -1 356 357 52 53 -1 355 356 53 54 -1 354 355 54 55 -1 353 354 55 56 -1 352 353 56 57 -1 16 352 57 5 -1 17 345 352 16 -1 18 338 345 17 -1 19 331 338 18 -1 20 324 331 19 -1 21 317 324 20 -1 22 310 317 21 -1 359 360 367 366 -1 360 361 368 367 -1 361 362 369 368 -1 362 363 370 369 -1 363 364 371 370 -1 364 365 372 371 -1 366 367 374 373 -1 367 368 375 374 -1 368 369 376 375 -1 369 370 377 376 -1 370 371 378 377 -1 371 372 379 378 -1 373 374 381 380 -1 374 375 382 381 -1 375 376 383 382 -1 376 377 384 383 -1 377 378 385 384 -1 378 379 386 385 -1 380 381 388 387 -1 381 382 389 388 -1 382 383 390 389 -1 383 384 391 390 -1 384 385 392 391 -1 385 386 393 392 -1 387 388 395 394 -1 388 389 396 395 -1 389 390 397 396 -1 390 391 398 397 -1 391 392 399 398 -1 392 393 400 399 -1 394 395 402 401 -1 395 396 403 402 -1 396 397 404 403 -1 397 398 405 404 -1 398 399 406 405 -1 399 400 407 406 -1 8 106 359 135 -1 106 105 360 359 -1 105 104 361 360 -1 104 103 362 361 -1 103 102 363 362 -1 102 101 364 363 -1 101 100 365 364 -1 100 1 99 365 -1 365 99 98 372 -1 372 98 97 379 -1 379 97 96 386 -1 386 96 95 393 -1 393 95 94 400 -1 400 94 93 407 -1 407 93 3 78 -1 406 407 78 77 -1 405 406 77 76 -1 404 405 76 75 -1 403 404 75 74 -1 402 403 74 73 -1 401 402 73 72 -1 141 401 72 10 -1 140 394 401 141 -1 139 387 394 140 -1 138 380 387 139 -1 137 373 380 138 -1 136 366 373 137 -1 135 359 366 136 -1 408 409 416 415 -1 409 410 417 416 -1 410 411 418 417 -1 411 412 419 418 -1 412 413 420 419 -1 413 414 421 420 -1 415 416 423 422 -1 416 417 424 423 -1 417 418 425 424 -1 418 419 426 425 -1 419 420 427 426 -1 420 421 428 427 -1 422 423 430 429 -1 423 424 431 430 -1 424 425 432 431 -1 425 426 433 432 -1 426 427 434 433 -1 427 428 435 434 -1 429 430 437 436 -1 430 431 438 437 -1 431 432 439 438 -1 432 433 440 439 -1 433 434 441 440 -1 434 435 442 441 -1 436 437 444 443 -1 437 438 445 444 -1 438 439 446 445 -1 439 440 447 446 -1 440 441 448 447 -1 441 442 449 448 -1 443 444 451 450 -1 444 445 452 451 -1 445 446 453 452 -1 446 447 454 453 -1 447 448 455 454 -1 448 449 456 455 -1 1 36 408 99 -1 36 35 409 408 -1 35 34 410 409 -1 34 33 411 410 -1 33 32 412 411 -1 32 31 413 412 -1 31 30 414 413 -1 30 0 65 414 -1 414 65 66 421 -1 421 66 67 428 -1 428 67 68 435 -1 435 68 69 442 -1 442 69 70 449 -1 449 70 71 456 -1 456 71 2 44 -1 455 456 44 45 -1 454 455 45 46 -1 453 454 46 47 -1 452 453 47 48 -1 451 452 48 49 -1 450 451 49 50 -1 93 450 50 3 -1 94 443 450 93 -1 95 436 443 94 -1 96 429 436 95 -1 97 422 429 96 -1 98 415 422 97 -1 99 408 415 98 -1 457 458 465 464 -1 458 459 466 465 -1 459 460 467 466 -1 460 461 468 467 -1 461 462 469 468 -1 462 463 470 469 -1 464 465 472 471 -1 465 466 473 472 -1 466 467 474 473 -1 467 468 475 474 -1 468 469 476 475 -1 469 470 477 476 -1 471 472 479 478 -1 472 473 480 479 -1 473 474 481 480 -1 474 475 482 481 -1 475 476 483 482 -1 476 477 484 483 -1 478 479 486 485 -1 479 480 487 486 -1 480 481 488 487 -1 481 482 489 488 -1 482 483 490 489 -1 483 484 491 490 -1 485 486 493 492 -1 486 487 494 493 -1 487 488 495 494 -1 488 489 496 495 -1 489 490 497 496 -1 490 491 498 497 -1 492 493 500 499 -1 493 494 501 500 -1 494 495 502 501 -1 495 496 503 502 -1 496 497 504 503 -1 497 498 505 504 -1 8 134 457 106 -1 134 133 458 457 -1 133 132 459 458 -1 132 131 460 459 -1 131 130 461 460 -1 130 129 462 461 -1 129 128 463 462 -1 128 11 86 463 -1 463 86 87 470 -1 470 87 88 477 -1 477 88 89 484 -1 484 89 90 491 -1 491 90 91 498 -1 498 91 92 505 -1 505 92 0 30 -1 504 505 30 31 -1 503 504 31 32 -1 502 503 32 33 -1 501 502 33 34 -1 500 501 34 35 -1 499 500 35 36 -1 100 499 36 1 -1 101 492 499 100 -1 102 485 492 101 -1 103 478 485 102 -1 104 471 478 103 -1 105 464 471 104 -1 106 457 464 105 -1 506 507 514 513 -1 507 508 515 514 -1 508 509 516 515 -1 509 510 517 516 -1 510 511 518 517 -1 511 512 519 518 -1 513 514 521 520 -1 514 515 522 521 -1 515 516 523 522 -1 516 517 524 523 -1 517 518 525 524 -1 518 519 526 525 -1 520 521 528 527 -1 521 522 529 528 -1 522 523 530 529 -1 523 524 531 530 -1 524 525 532 531 -1 525 526 533 532 -1 527 528 535 534 -1 528 529 536 535 -1 529 530 537 536 -1 530 531 538 537 -1 531 532 539 538 -1 532 533 540 539 -1 534 535 542 541 -1 535 536 543 542 -1 536 537 544 543 -1 537 538 545 544 -1 538 539 546 545 -1 539 540 547 546 -1 541 542 549 548 -1 542 543 550 549 -1 543 544 551 550 -1 544 545 552 551 -1 545 546 553 552 -1 546 547 554 553 -1 12 197 506 162 -1 197 196 507 506 -1 196 195 508 507 -1 195 194 509 508 -1 194 193 510 509 -1 193 192 511 510 -1 192 191 512 511 -1 191 15 121 512 -1 512 121 122 519 -1 519 122 123 526 -1 526 123 124 533 -1 533 124 125 540 -1 540 125 126 547 -1 547 126 127 554 -1 554 127 11 128 -1 553 554 128 129 -1 552 553 129 130 -1 551 552 130 131 -1 550 551 131 132 -1 549 550 132 133 -1 548 549 133 134 -1 156 548 134 8 -1 157 541 548 156 -1 158 534 541 157 -1 159 527 534 158 -1 160 520 527 159 -1 161 513 520 160 -1 162 506 513 161 -1 555 556 563 562 -1 556 557 564 563 -1 557 558 565 564 -1 558 559 566 565 -1 559 560 567 566 -1 560 561 568 567 -1 562 563 570 569 -1 563 564 571 570 -1 564 565 572 571 -1 565 566 573 572 -1 566 567 574 573 -1 567 568 575 574 -1 569 570 577 576 -1 570 571 578 577 -1 571 572 579 578 -1 572 573 580 579 -1 573 574 581 580 -1 574 575 582 581 -1 576 577 584 583 -1 577 578 585 584 -1 578 579 586 585 -1 579 580 587 586 -1 580 581 588 587 -1 581 582 589 588 -1 583 584 591 590 -1 584 585 592 591 -1 585 586 593 592 -1 586 587 594 593 -1 587 588 595 594 -1 588 589 596 595 -1 590 591 598 597 -1 591 592 599 598 -1 592 593 600 599 -1 593 594 601 600 -1 594 595 602 601 -1 595 596 603 602 -1 12 162 555 184 -1 162 161 556 555 -1 161 160 557 556 -1 160 159 558 557 -1 159 158 559 558 -1 158 157 560 559 -1 157 156 561 560 -1 156 8 135 561 -1 561 135 136 568 -1 568 136 137 575 -1 575 137 138 582 -1 582 138 139 589 -1 589 139 140 596 -1 596 140 141 603 -1 603 141 10 120 -1 602 603 120 119 -1 601 602 119 118 -1 600 601 118 117 -1 599 600 117 116 -1 598 599 116 115 -1 597 598 115 114 -1 190 597 114 14 -1 189 590 597 190 -1 188 583 590 189 -1 187 576 583 188 -1 186 569 576 187 -1 185 562 569 186 -1 184 555 562 185 -1 604 605 612 611 -1 605 606 613 612 -1 606 607 614 613 -1 607 608 615 614 -1 608 609 616 615 -1 609 610 617 616 -1 611 612 619 618 -1 612 613 620 619 -1 613 614 621 620 -1 614 615 622 621 -1 615 616 623 622 -1 616 617 624 623 -1 618 619 626 625 -1 619 620 627 626 -1 620 621 628 627 -1 621 622 629 628 -1 622 623 630 629 -1 623 624 631 630 -1 625 626 633 632 -1 626 627 634 633 -1 627 628 635 634 -1 628 629 636 635 -1 629 630 637 636 -1 630 631 638 637 -1 632 633 640 639 -1 633 634 641 640 -1 634 635 642 641 -1 635 636 643 642 -1 636 637 644 643 -1 637 638 645 644 -1 639 640 647 646 -1 640 641 648 647 -1 641 642 649 648 -1 642 643 650 649 -1 643 644 651 650 -1 644 645 652 651 -1 3 50 604 78 -1 50 49 605 604 -1 49 48 606 605 -1 48 47 607 606 -1 47 46 608 607 -1 46 45 609 608 -1 45 44 610 609 -1 44 2 107 610 -1 610 107 108 617 -1 617 108 109 624 -1 624 109 110 631 -1 631 110 111 638 -1 638 111 112 645 -1 645 112 113 652 -1 652 113 9 142 -1 651 652 142 143 -1 650 651 143 144 -1 649 650 144 145 -1 648 649 145 146 -1 647 648 146 147 -1 646 647 147 148 -1 72 646 148 10 -1 73 639 646 72 -1 74 632 639 73 -1 75 625 632 74 -1 76 618 625 75 -1 77 611 618 76 -1 78 604 611 77 -1 653 654 661 660 -1 654 655 662 661 -1 655 656 663 662 -1 656 657 664 663 -1 657 658 665 664 -1 658 659 666 665 -1 660 661 668 667 -1 661 662 669 668 -1 662 663 670 669 -1 663 664 671 670 -1 664 665 672 671 -1 665 666 673 672 -1 667 668 675 674 -1 668 669 676 675 -1 669 670 677 676 -1 670 671 678 677 -1 671 672 679 678 -1 672 673 680 679 -1 674 675 682 681 -1 675 676 683 682 -1 676 677 684 683 -1 677 678 685 684 -1 678 679 686 685 -1 679 680 687 686 -1 681 682 689 688 -1 682 683 690 689 -1 683 684 691 690 -1 684 685 692 691 -1 685 686 693 692 -1 686 687 694 693 -1 688 689 696 695 -1 689 690 697 696 -1 690 691 698 697 -1 691 692 699 698 -1 692 693 700 699 -1 693 694 701 700 -1 0 92 653 65 -1 92 91 654 653 -1 91 90 655 654 -1 90 89 656 655 -1 89 88 657 656 -1 88 87 658 657 -1 87 86 659 658 -1 86 11 149 659 -1 659 149 150 666 -1 666 150 151 673 -1 673 151 152 680 -1 680 152 153 687 -1 687 153 154 694 -1 694 154 155 701 -1 701 155 9 113 -1 700 701 113 112 -1 699 700 112 111 -1 698 699 111 110 -1 697 698 110 109 -1 696 697 109 108 -1 695 696 108 107 -1 71 695 107 2 -1 70 688 695 71 -1 69 681 688 70 -1 68 674 681 69 -1 67 667 674 68 -1 66 660 667 67 -1 65 653 660 66 -1 702 703 710 709 -1 703 704 711 710 -1 704 705 712 711 -1 705 706 713 712 -1 706 707 714 713 -1 707 708 715 714 -1 709 710 717 716 -1 710 711 718 717 -1 711 712 719 718 -1 712 713 720 719 -1 713 714 721 720 -1 714 715 722 721 -1 716 717 724 723 -1 717 718 725 724 -1 718 719 726 725 -1 719 720 727 726 -1 720 721 728 727 -1 721 722 729 728 -1 723 724 731 730 -1 724 725 732 731 -1 725 726 733 732 -1 726 727 734 733 -1 727 728 735 734 -1 728 729 736 735 -1 730 731 738 737 -1 731 732 739 738 -1 732 733 740 739 -1 733 734 741 740 -1 734 735 742 741 -1 735 736 743 742 -1 737 738 745 744 -1 738 739 746 745 -1 739 740 747 746 -1 740 741 748 747 -1 741 742 749 748 -1 742 743 750 749 -1 5 29 702 16 -1 29 28 703 702 -1 28 27 704 703 -1 27 26 705 704 -1 26 25 706 705 -1 25 24 707 706 -1 24 23 708 707 -1 23 12 184 708 -1 708 184 185 715 -1 715 185 186 722 -1 722 186 187 729 -1 729 187 188 736 -1 736 188 189 743 -1 743 189 190 750 -1 750 190 14 176 -1 749 750 176 175 -1 748 749 175 174 -1 747 748 174 173 -1 746 747 173 172 -1 745 746 172 171 -1 744 745 171 170 -1 22 744 170 7 -1 21 737 744 22 -1 20 730 737 21 -1 19 723 730 20 -1 18 716 723 19 -1 17 709 716 18 -1 16 702 709 17 -1 751 752 759 758 -1 752 753 760 759 -1 753 754 761 760 -1 754 755 762 761 -1 755 756 763 762 -1 756 757 764 763 -1 758 759 766 765 -1 759 760 767 766 -1 760 761 768 767 -1 761 762 769 768 -1 762 763 770 769 -1 763 764 771 770 -1 765 766 773 772 -1 766 767 774 773 -1 767 768 775 774 -1 768 769 776 775 -1 769 770 777 776 -1 770 771 778 777 -1 772 773 780 779 -1 773 774 781 780 -1 774 775 782 781 -1 775 776 783 782 -1 776 777 784 783 -1 777 778 785 784 -1 779 780 787 786 -1 780 781 788 787 -1 781 782 789 788 -1 782 783 790 789 -1 783 784 791 790 -1 784 785 792 791 -1 786 787 794 793 -1 787 788 795 794 -1 788 789 796 795 -1 789 790 797 796 -1 790 791 798 797 -1 791 792 799 798 -1 5 57 751 29 -1 57 56 752 751 -1 56 55 753 752 -1 55 54 754 753 -1 54 53 755 754 -1 53 52 756 755 -1 52 51 757 756 -1 51 4 177 757 -1 757 177 178 764 -1 764 178 179 771 -1 771 179 180 778 -1 778 180 181 785 -1 785 181 182 792 -1 792 182 183 799 -1 799 183 15 191 -1 798 799 191 192 -1 797 798 192 193 -1 796 797 193 194 -1 795 796 194 195 -1 794 795 195 196 -1 793 794 196 197 -1 23 793 197 12 -1 24 786 793 23 -1 25 779 786 24 -1 26 772 779 25 -1 27 765 772 26 -1 28 758 765 27 -1 29 751 758 28 -1 800 801 808 807 -1 801 802 809 808 -1 802 803 810 809 -1 803 804 811 810 -1 804 805 812 811 -1 805 806 813 812 -1 807 808 815 814 -1 808 809 816 815 -1 809 810 817 816 -1 810 811 818 817 -1 811 812 819 818 -1 812 813 820 819 -1 814 815 822 821 -1 815 816 823 822 -1 816 817 824 823 -1 817 818 825 824 -1 818 819 826 825 -1 819 820 827 826 -1 821 822 829 828 -1 822 823 830 829 -1 823 824 831 830 -1 824 825 832 831 -1 825 826 833 832 -1 826 827 834 833 -1 828 829 836 835 -1 829 830 837 836 -1 830 831 838 837 -1 831 832 839 838 -1 832 833 840 839 -1 833 834 841 840 -1 835 836 843 842 -1 836 837 844 843 -1 837 838 845 844 -1 838 839 846 845 -1 839 840 847 846 -1 840 841 848 847 -1 10 148 800 120 -1 148 147 801 800 -1 147 146 802 801 -1 146 145 803 802 -1 145 144 804 803 -1 144 143 805 804 -1 143 142 806 805 -1 142 9 163 806 -1 806 163 164 813 -1 813 164 165 820 -1 820 165 166 827 -1 827 166 167 834 -1 834 167 168 841 -1 841 168 169 848 -1 848 169 13 198 -1 847 848 198 199 -1 846 847 199 200 -1 845 846 200 201 -1 844 845 201 202 -1 843 844 202 203 -1 842 843 203 204 -1 114 842 204 14 -1 115 835 842 114 -1 116 828 835 115 -1 117 821 828 116 -1 118 814 821 117 -1 119 807 814 118 -1 120 800 807 119 -1 849 850 857 856 -1 850 851 858 857 -1 851 852 859 858 -1 852 853 860 859 -1 853 854 861 860 -1 854 855 862 861 -1 856 857 864 863 -1 857 858 865 864 -1 858 859 866 865 -1 859 860 867 866 -1 860 861 868 867 -1 861 862 869 868 -1 863 864 871 870 -1 864 865 872 871 -1 865 866 873 872 -1 866 867 874 873 -1 867 868 875 874 -1 868 869 876 875 -1 870 871 878 877 -1 871 872 879 878 -1 872 873 880 879 -1 873 874 881 880 -1 874 875 882 881 -1 875 876 883 882 -1 877 878 885 884 -1 878 879 886 885 -1 879 880 887 886 -1 880 881 888 887 -1 881 882 889 888 -1 882 883 890 889 -1 884 885 892 891 -1 885 886 893 892 -1 886 887 894 893 -1 887 888 895 894 -1 888 889 896 895 -1 889 890 897 896 -1 11 127 849 149 -1 127 126 850 849 -1 126 125 851 850 -1 125 124 852 851 -1 124 123 853 852 -1 123 122 854 853 -1 122 121 855 854 -1 121 15 205 855 -1 855 205 206 862 -1 862 206 207 869 -1 869 207 208 876 -1 876 208 209 883 -1 883 209 210 890 -1 890 210 211 897 -1 897 211 13 169 -1 896 897 169 168 -1 895 896 168 167 -1 894 895 167 166 -1 893 894 166 165 -1 892 893 165 164 -1 891 892 164 163 -1 155 891 163 9 -1 154 884 891 155 -1 153 877 884 154 -1 152 870 877 153 -1 151 863 870 152 -1 150 856 863 151 -1 149 849 856 150 -1 "
						                >
							<Coordinate DEF="coords_ME_Shape_IndexedFaceSet"
							            point="1.891446 0.246905 -1.217146 1.944647 -1.646430 -1.217146 1.786787 -0.285188 0.158896 1.881852 -1.913401 0.158896 -0.061008 0.241972 -1.217146 -0.095711 -1.647664 -1.217146 0.012818 -0.296287 0.158896 -0.051415 -1.918335 0.158896 1.146224 -1.939276 -1.446486 1.093604 -0.109486 0.388236 1.132270 -2.201931 0.388236 1.135468 0.678478 -1.446486 0.685945 -1.939276 -1.446486 0.722121 -0.112775 0.388236 0.695788 -2.202753 0.388236 0.692590 0.677655 -1.446486 -0.117106 -1.733859 -1.105480 -0.138673 -1.834383 -0.937328 -0.151435 -1.919010 -0.740211 -0.151764 -1.975763 -0.529125 -0.137845 -1.997585 -0.318039 -0.112392 -1.988281 -0.120922 -0.079999 -1.955743 0.047230 0.591382 -1.938481 -1.445873 0.482425 -1.932914 -1.441576 0.365947 -1.917801 -1.429913 0.248822 -1.888373 -1.407201 0.137705 -1.841352 -1.370822 0.038372 -1.779437 -1.322415 -0.043216 -1.708467 -1.266083 1.922553 0.109635 -1.265469 1.957990 -0.105785 -1.317504 1.986107 -0.367496 -1.354249 2.001887 -0.656215 -1.367916 2.002347 -0.952841 -1.354249 1.989432 -1.235791 -1.317505 1.967031 -1.481268 -1.265470 -0.066264 -1.798874 0.207220 -0.079580 -1.615562 0.259254 -0.084892 -1.395582 0.295999 -0.080040 -1.153273 0.309666 -0.064258 -0.902614 0.295999 -0.040082 -0.660207 0.259254 -0.011448 -0.445173 0.207219 1.812132 -0.434151 0.207219 1.843126 -0.649509 0.259254 1.870864 -0.892523 0.295999 1.891220 -1.144058 0.309666 1.901379 -1.387467 0.295999 1.901548 -1.608648 0.259254 1.893235 -1.793110 0.207220 -0.089339 0.105119 -1.265470 -0.121107 -0.109716 -1.317505 -0.145551 -0.370797 -1.354249 -0.158104 -0.658910 -1.367916 -0.156116 -0.955007 -1.354249 -0.141573 -1.237527 -1.317505 -0.118320 -1.482684 -1.265470 0.642493 -0.116602 0.387623 0.549895 -0.123346 0.383326 0.449234 -0.135154 0.371663 0.345418 -0.154175 0.348951 0.243460 -0.181992 0.312572 0.148798 -0.217953 0.264165 0.067593 -0.259734 0.207833 1.902574 0.267752 -1.105480 1.910263 0.269917 -0.937328 1.909085 0.239321 -0.740211 1.897560 0.172795 -0.529125 1.875545 0.071481 -0.318039 1.846027 -0.052653 -0.120922 1.813346 -0.182976 0.047229 1.223718 -2.201676 0.387623 1.328919 -2.196887 0.383326 1.441051 -2.182914 0.371663 1.553290 -2.155107 0.348951 1.659165 -2.110036 0.312572 1.753591 -2.049144 0.264165 1.831391 -1.977016 0.207833 -0.012662 -0.193998 0.047229 -0.042982 -0.063352 -0.120922 -0.068939 0.061390 -0.318039 -0.086380 0.163580 -0.529125 -0.092598 0.231206 -0.740211 -0.088295 0.263003 -0.937328 -0.075604 0.261987 -1.105480 1.228236 0.676804 -1.445873 1.334883 0.668101 -1.441576 1.448413 0.645455 -1.429913 1.561829 0.601949 -1.407201 1.668513 0.532794 -1.370822 1.763352 0.441694 -1.322415 1.841186 0.336948 -1.266083 1.913213 -1.951227 0.047229 1.949275 -1.984350 -0.120922 1.978401 -1.994284 -0.318039 1.995546 -1.973068 -0.529125 1.997666 -1.916844 -0.740211 1.986531 -1.832647 -0.937328 1.965816 -1.732443 -1.105480 1.891995 -1.707522 -1.266083 1.809532 -1.778807 -1.322415 1.708526 -1.840976 -1.370822 1.595057 -1.888180 -1.407201 1.475078 -1.917719 -1.429913 1.355508 -1.932889 -1.441576 1.243504 -1.938478 -1.445873 1.730818 -0.248716 0.207833 1.648913 -0.207285 0.264165 1.554700 -0.172002 0.312572 1.454554 -0.145199 0.348951 1.353934 -0.127501 0.371663 1.257371 -0.117188 0.383326 1.169161 -0.111952 0.387622 0.767850 -2.202077 0.388236 0.824682 -2.201584 0.388236 0.871398 -2.201264 0.388236 0.913113 -2.201108 0.388236 0.954943 -2.201107 0.388236 1.002003 -2.201250 0.388236 1.059407 -2.201528 0.388236 0.765714 0.678330 -1.446486 0.823383 0.678823 -1.446487 0.870786 0.679143 -1.446486 0.913113 0.679299 -1.446486 0.955555 0.679300 -1.446486 1.003302 0.679157 -1.446486 1.061543 0.678879 -1.446486 1.139740 0.464193 -1.596991 1.142811 0.177732 -1.704494 1.144863 -0.160953 -1.768996 1.146079 -0.531905 -1.790497 1.146641 -0.915167 -1.768996 1.146731 -1.290787 -1.704494 1.146531 -1.638809 -1.596991 1.145935 -2.176073 -1.254772 1.145557 -2.348437 -1.030807 1.144926 -2.459449 -0.785341 1.143880 -2.512184 -0.529125 1.142255 -2.509722 -0.272909 1.139888 -2.455142 -0.027443 1.136614 -2.351518 0.196522 1.094497 -0.387382 0.538741 1.097459 -0.675895 0.646244 1.102018 -0.967384 0.710746 1.107704 -1.254204 0.732247 1.114044 -1.528712 0.710746 1.120566 -1.783265 0.646244 1.126799 -2.010219 0.538741 1.129925 0.805493 -1.254772 1.123489 0.849608 -1.030807 1.116652 0.820058 -0.785341 1.109903 0.726077 -0.529125 1.103733 0.576898 -0.272909 1.098633 0.381754 -0.027443 1.095093 0.149882 0.196522 1.068736 -1.939276 -1.446486 1.007736 -1.939276 -1.446486 0.957831 -1.939276 -1.446486 0.913627 -1.939276 -1.446486 0.869731 -1.939276 -1.446486 0.820747 -1.939276 -1.446486 0.761283 -1.939276 -1.446486 1.033555 -0.107874 0.388236 0.986102 -0.106763 0.388236 0.946892 -0.106191 0.388236 0.911572 -0.106198 0.388236 0.875788 -0.106821 0.388236 0.835187 -0.108099 0.388236 0.785416 -0.110071 0.388236 -0.000466 -1.981531 0.207833 0.077833 -2.053069 0.264165 0.172525 -2.113320 0.312572 0.278284 -2.157762 0.348951 0.389950 -2.185001 0.371663 0.501181 -2.198478 0.383326 0.605339 -2.202845 0.387622 -0.010261 0.332433 -1.266083 0.068072 0.437770 -1.322415 0.163176 0.529510 -1.370822 0.269746 0.599294 -1.407201 0.382588 0.643368 -1.429913 0.495217 0.666510 -1.441576 0.600821 0.675635 -1.445873 0.686226 -2.176075 -1.254772 0.686548 -2.348450 -1.030807 0.687026 -2.459492 -0.785341 0.687775 -2.512287 -0.529125 0.688910 -2.509923 -0.272909 0.690547 -2.455488 -0.027443 0.692801 -2.352068 0.196522 0.689675 0.463642 -1.596991 0.687624 0.177384 -1.704494 0.686302 -0.161154 -1.768996 0.685576 -0.532007 -1.790497 0.685312 -0.915211 -1.768996 0.685374 -1.290800 -1.704494 0.685630 -1.638811 -1.596991 0.721590 -0.390598 0.538741 0.719616 -0.678914 0.646244 0.716525 -0.970109 0.710746 0.712646 -1.256568 0.732247 0.708305 -1.530676 0.710746 0.703831 -1.784819 0.646244 0.699549 -2.011383 0.538741 0.696423 0.804327 -1.254772 0.700908 0.848054 -1.030807 0.705698 0.818094 -0.785341 0.710447 0.723713 -0.529125 0.714811 0.574172 -0.272909 0.718441 0.378736 -0.027443 0.720994 0.146665 0.196522 0.606221 0.801883 -1.254285 0.502245 0.791862 -1.250872 0.391006 0.766963 -1.241607 0.279017 0.719884 -1.223566 0.172381 0.644933 -1.195084 0.075562 0.542869 -1.159541 -0.007720 0.415710 -1.123731 0.612517 0.845205 -1.030469 0.510291 0.834737 -1.028103 0.400260 0.809393 -1.021680 0.288455 0.761919 -1.009174 0.180428 0.686009 -0.989689 0.079822 0.579159 -0.966875 -0.010424 0.439386 -0.946380 0.619241 0.814881 -0.785168 0.518878 0.804355 -0.783958 0.410119 0.779666 -0.780673 0.298473 0.733960 -0.774276 0.189052 0.660819 -0.764393 0.085364 0.555555 -0.753311 -0.009508 0.413858 -0.744086 0.625926 0.720191 -0.529125 0.527528 0.709941 -0.529125 0.420350 0.686791 -0.529125 0.309488 0.644566 -0.529125 0.199763 0.577126 -0.529125 0.094906 0.478464 -0.529125 -0.001628 0.342607 -0.529125 0.632096 0.570415 -0.273082 0.535711 0.560721 -0.274292 0.430549 0.539791 -0.277577 0.321501 0.502327 -0.283974 0.213255 0.442738 -0.293857 0.109679 0.354256 -0.304939 0.014420 0.229698 -0.314164 0.637251 0.374836 -0.027781 0.542691 0.365936 -0.030147 0.439612 0.347741 -0.036570 0.332866 0.315960 -0.049076 0.227176 0.265945 -0.068561 0.126752 0.191640 -0.091375 0.035549 0.085651 -0.111870 0.640886 0.142736 0.196035 0.547681 0.134832 0.192621 0.446266 0.119730 0.183357 0.341524 0.094210 0.165316 0.238363 0.055063 0.136834 0.141761 -0.000875 0.101291 0.056640 -0.078599 0.065481 0.610638 -2.011947 0.538030 0.616648 -1.785917 0.645467 0.622927 -1.532336 0.709929 0.629034 -1.258787 0.731417 0.634520 -0.972855 0.709929 0.638912 -0.682124 0.645467 0.641729 -0.394178 0.538030 0.508077 -2.008801 0.533057 0.515749 -1.784124 0.640023 0.523753 -1.531985 0.704212 0.531642 -1.259921 0.725611 0.538922 -0.975473 0.704212 0.544892 -0.686193 0.640023 0.548800 -0.399632 0.533057 0.398209 -1.997962 0.519557 0.407011 -1.776188 0.625247 0.416159 -1.527153 0.688693 0.425459 -1.258329 0.709850 0.434542 -0.977196 0.688692 0.442352 -0.691273 0.625247 0.447659 -0.408084 0.519557 0.287379 -1.975446 0.493268 0.296310 -1.758855 0.596474 0.305524 -1.515369 0.658471 0.315470 -1.252370 0.679159 0.326189 -0.977257 0.658471 0.336087 -0.697517 0.596474 0.343164 -0.420654 0.493268 0.181547 -1.938652 0.450572 0.189065 -1.730084 0.549280 0.196835 -1.494872 0.608709 0.206392 -1.240423 0.628592 0.218463 -0.974238 0.608709 0.230758 -0.704030 0.549280 0.240187 -0.437487 0.450572 0.085145 -1.890501 0.390434 0.088875 -1.692691 0.480217 0.093537 -1.466733 0.534818 0.101867 -1.220943 0.553340 0.115131 -0.964115 0.534818 0.130482 -0.705727 0.480217 0.143654 -0.454813 0.390434 0.001898 -1.837685 0.311605 -0.001346 -1.651631 0.385527 -0.001344 -1.432850 0.432205 0.005266 -1.192402 0.448624 0.019733 -0.942058 0.432205 0.039104 -0.695234 0.385527 0.058401 -0.465001 0.311605 -0.120311 -1.792868 0.064993 -0.144251 -1.590487 0.097390 -0.154524 -1.356518 0.123669 -0.151078 -1.102778 0.134110 -0.133865 -0.842548 0.123669 -0.104558 -0.592165 0.097390 -0.064729 -0.369273 0.064993 -0.163062 -1.795810 -0.112208 -0.194638 -1.568100 -0.094080 -0.208871 -1.313695 -0.077687 -0.206479 -1.043129 -0.070710 -0.188011 -0.768111 -0.077687 -0.154368 -0.503068 -0.094080 -0.106221 -0.263108 -0.112208 -0.193997 -1.785553 -0.314337 -0.230018 -1.537524 -0.306323 -0.246842 -1.264389 -0.298525 -0.245271 -0.977288 -0.295040 -0.226058 -0.687821 -0.298525 -0.189881 -0.409167 -0.306323 -0.137354 -0.154904 -0.314337 -0.210518 -1.752504 -0.529125 -0.248794 -1.491927 -0.529125 -0.267235 -1.206382 -0.529125 -0.266483 -0.908219 -0.529125 -0.247212 -0.609788 -0.529125 -0.210219 -0.323443 -0.529125 -0.156332 -0.061536 -0.529125 -0.210478 -1.692719 -0.743913 -0.249495 -1.428378 -0.751928 -0.268947 -1.139273 -0.759725 -0.269177 -0.838882 -0.763210 -0.250633 -0.540332 -0.759725 -0.214306 -0.255177 -0.751928 -0.161296 0.005536 -0.743913 -0.194709 -1.615108 -0.946042 -0.232021 -1.355510 -0.964171 -0.251364 -1.069433 -0.980563 -0.252535 -0.772242 -0.987540 -0.235453 -0.479006 -0.980563 -0.201502 -0.202108 -0.964171 -0.152220 0.047640 -0.946042 -0.164416 -1.534853 -1.123243 -0.196372 -1.286051 -1.155640 -0.213968 -1.005075 -1.181919 -0.215772 -0.711263 -1.192361 -0.200769 -0.423500 -1.181919 -0.171031 -0.157683 -1.155640 -0.129123 0.072594 -1.123243 1.243110 -2.175131 -1.254285 1.355092 -2.168539 -1.250871 1.474830 -2.150639 -1.241607 1.595276 -2.115782 -1.223566 1.709692 -2.059175 -1.195084 1.812589 -1.979477 -1.159541 1.899083 -1.874589 -1.123731 1.242609 -2.347418 -1.030469 1.354654 -2.340234 -1.028103 1.474862 -2.320718 -1.021680 1.596406 -2.282706 -1.009174 1.712856 -2.220307 -0.989689 1.819379 -2.128746 -0.966875 1.911745 -2.002585 -0.946380 1.241749 -2.458412 -0.785168 1.353724 -2.450997 -0.783958 1.474238 -2.430820 -0.780673 1.596684 -2.391495 -0.774276 1.714824 -2.326683 -0.764393 1.823914 -2.230210 -0.753311 1.919609 -2.095835 -0.744086 1.240279 -2.511189 -0.529125 1.351830 -2.503850 -0.529125 1.472023 -2.483802 -0.529125 1.594346 -2.444689 -0.529125 1.712616 -2.380192 -0.529125 1.821946 -2.284163 -0.529125 1.917776 -2.150490 -0.529125 1.237953 -2.508826 -0.273082 1.348560 -2.501814 -0.274292 1.467474 -2.482544 -0.277577 1.588094 -2.444873 -0.283974 1.704173 -2.382774 -0.293857 1.810885 -2.290685 -0.304939 1.903771 -2.163102 -0.314164 1.234557 -2.454399 -0.027781 1.343733 -2.447940 -0.030147 1.460636 -2.429997 -0.036570 1.578485 -2.394804 -0.049076 1.690888 -2.336936 -0.068561 1.793020 -2.252339 -0.091375 1.880512 -2.136832 -0.111870 1.229881 -2.350990 0.196035 1.337227 -2.345280 0.192621 1.451749 -2.329130 0.183357 1.566542 -2.297281 0.165316 1.675063 -2.245259 0.136834 1.772193 -2.171727 0.101291 1.853167 -2.075559 0.065481 2.012435 -1.533003 -1.123243 2.042907 -1.283692 -1.155640 2.058185 -1.002118 -1.181919 2.056879 -0.707638 -1.192361 2.038103 -0.419167 -1.181919 2.004349 -0.152681 -1.155640 1.958724 0.078129 -1.123243 2.041244 -1.612749 -0.946042 2.076271 -1.352439 -0.964171 2.092486 -1.065582 -0.980563 2.089833 -0.767572 -0.987540 2.068442 -0.473528 -0.980563 2.030140 -0.195914 -0.964171 1.976987 0.054352 -0.946042 2.054696 -1.689763 -0.743913 2.090617 -1.424526 -0.751927 2.106151 -1.134471 -0.759725 2.101900 -0.833128 -0.763210 2.078605 -0.533683 -0.759725 2.037682 -0.247776 -0.751928 1.980688 0.013457 -0.743913 2.051625 -1.748879 -0.529125 2.086092 -1.487258 -0.529125 2.099958 -1.200628 -0.529125 2.094231 -0.901413 -0.529125 2.069951 -0.602038 -0.529125 2.028283 -0.314927 -0.529125 1.970421 -0.052508 -0.529125 2.031331 -1.781221 -0.314337 2.063007 -1.532046 -0.306323 2.074814 -1.257741 -0.298525 2.068010 -0.969538 -0.295040 2.043768 -0.679120 -0.298525 2.003056 -0.399726 -0.306323 1.946747 -0.144983 -0.314337 1.996380 -1.790808 -0.112208 2.023276 -1.561907 -0.094080 2.032247 -1.306294 -0.077687 2.024543 -1.034613 -0.070710 2.001186 -0.758670 -0.077687 1.963321 -0.492937 -0.094080 1.911778 -0.252553 -0.112208 1.949912 -1.787333 0.064993 1.969018 -1.583775 0.097390 1.973915 -1.348597 0.123669 1.965167 -1.093749 0.134111 1.943257 -0.832628 0.123669 1.910116 -0.581610 0.097390 1.867436 -0.358360 0.064993 1.243954 -1.638219 -1.596280 1.244270 -1.290458 -1.703717 1.244173 -0.915142 -1.768179 1.243387 -0.532212 -1.789667 1.241639 -0.161610 -1.768179 1.238687 0.176721 -1.703717 1.234298 0.462840 -1.596280 1.356210 -1.634074 -1.591307 1.356854 -1.288105 -1.698273 1.356935 -0.914804 -1.762462 1.355944 -0.533987 -1.783861 1.353434 -0.165475 -1.762462 1.349191 0.170920 -1.698273 1.343059 0.455384 -1.591307 1.476223 -1.622824 -1.577807 1.477602 -1.281705 -1.683497 1.478232 -0.913832 -1.746943 1.477131 -0.538684 -1.768100 1.473514 -0.175726 -1.746943 1.467387 0.155584 -1.683498 1.458952 0.435794 -1.577807 1.596915 -1.600917 -1.551518 1.599627 -1.269230 -1.654724 1.601372 -0.911911 -1.716721 1.600328 -0.547755 -1.737409 1.595144 -0.195544 -1.716721 1.586339 0.125970 -1.654724 1.574904 0.398049 -1.551518 1.711516 -1.566625 -1.508822 1.716439 -1.250332 -1.607531 1.720031 -0.909706 -1.666959 1.719245 -0.562643 -1.686843 1.711956 -0.227084 -1.666959 1.699526 0.079157 -1.607531 1.684230 0.338326 -1.508822 1.814482 -1.525540 -1.448684 1.823110 -1.231378 -1.538467 1.829365 -0.911839 -1.593068 1.828907 -0.584754 -1.611590 1.819058 -0.268398 -1.593068 1.802072 0.019509 -1.538467 1.781776 0.261642 -1.448684 1.900844 -1.488187 -1.369856 1.915300 -1.221699 -1.443777 1.924922 -0.924079 -1.490455 1.924670 -0.615480 -1.506874 1.911934 -0.316394 -1.490455 1.889591 -0.045815 -1.443777 1.862786 0.177835 -1.369855 0.761073 -1.638809 -1.596991 0.760902 -1.290790 -1.704494 0.760860 -0.915175 -1.768996 0.761036 -0.531923 -1.790497 0.761520 -0.160989 -1.768996 0.762402 0.177670 -1.704494 0.763770 0.464095 -1.596991 0.820619 -1.638808 -1.596991 0.820514 -1.290782 -1.704494 0.820487 -0.915149 -1.768996 0.820590 -0.531861 -1.790497 0.820877 -0.160868 -1.768996 0.821402 0.177878 -1.704494 0.822220 0.464425 -1.596991 0.869670 -1.638808 -1.596991 0.869618 -1.290777 -1.704494 0.869598 -0.915133 -1.768996 0.869633 -0.531821 -1.790497 0.869746 -0.160789 -1.768996 0.869961 0.178012 -1.704494 0.870300 0.464639 -1.596991 0.913626 -1.638808 -1.596991 0.913619 -1.290776 -1.704494 0.913600 -0.915124 -1.768996 0.913563 -0.531802 -1.790497 0.913502 -0.160751 -1.768996 0.913411 0.178079 -1.704494 0.913283 0.464744 -1.596991 0.957889 -1.638808 -1.596991 0.957925 -1.290776 -1.704494 0.957899 -0.915124 -1.768996 0.957776 -0.531802 -1.790497 0.957518 -0.160751 -1.768996 0.957086 0.178079 -1.704494 0.956445 0.464746 -1.596991 1.007860 -1.638808 -1.596991 1.007941 -1.290777 -1.704494 1.007902 -0.915131 -1.768996 1.007669 -0.531820 -1.790497 1.007167 -0.160787 -1.768996 1.006322 0.178020 -1.704494 1.005058 0.464649 -1.596991 1.068941 -1.638808 -1.596991 1.069074 -1.290781 -1.704494 1.069013 -0.915146 -1.768996 1.068638 -0.531853 -1.790497 1.067824 -0.160855 -1.768996 1.066452 0.177902 -1.704494 1.064399 0.464463 -1.596991 0.761471 -2.176074 -1.254772 0.820862 -2.176073 -1.254772 0.869784 -2.176071 -1.254772 0.913626 -2.176071 -1.254772 0.957775 -2.176071 -1.254772 1.007618 -2.176071 -1.254772 1.068542 -2.176073 -1.254772 0.761686 -2.348440 -1.030807 0.820992 -2.348433 -1.030807 0.869843 -2.348427 -1.030807 0.913619 -2.348424 -1.030807 0.957700 -2.348424 -1.030807 1.007464 -2.348427 -1.030807 1.068290 -2.348431 -1.030807 0.762005 -2.459456 -0.785341 0.821183 -2.459430 -0.785341 0.869926 -2.459414 -0.785341 0.913600 -2.459405 -0.785341 0.957571 -2.459405 -0.785341 1.007205 -2.459414 -0.785341 1.067868 -2.459427 -0.785341 0.762505 -2.512203 -0.529125 0.821483 -2.512141 -0.529125 0.870054 -2.512101 -0.529125 0.913563 -2.512081 -0.529125 0.957355 -2.512081 -0.529125 1.006776 -2.512099 -0.529125 1.067169 -2.512135 -0.529125 0.763262 -2.509758 -0.272909 0.821936 -2.509638 -0.272909 0.870245 -2.509560 -0.272909 0.913502 -2.509522 -0.272909 0.957018 -2.509521 -0.272909 1.006108 -2.509556 -0.272909 1.066083 -2.509624 -0.272909 0.764354 -2.455204 -0.027443 0.822590 -2.454995 -0.027443 0.870520 -2.454860 -0.027443 0.913411 -2.454794 -0.027443 0.956527 -2.454793 -0.027443 1.005135 -2.454854 -0.027443 1.064500 -2.454971 -0.027443 0.765858 -2.351616 0.196522 0.823490 -2.351285 0.196522 0.870898 -2.351071 0.196522 0.913283 -2.350967 0.196522 0.955846 -2.350966 0.196522 1.003789 -2.351061 0.196522 1.062311 -2.351248 0.196522 1.824186 -1.832151 0.311605 1.822006 -1.644919 0.385527 1.816340 -1.424930 0.432205 1.804344 -1.183375 0.448624 1.785269 -0.932139 0.432204 1.762357 -0.684683 0.385527 1.740805 -0.454091 0.311605 1.741048 -1.885504 0.390434 1.731631 -1.686502 0.480217 1.721179 -1.459338 0.534818 1.707394 -1.212436 0.553340 1.689430 -0.954689 0.534818 1.670424 -0.695618 0.480217 1.654893 -0.444286 0.390434 1.645047 -1.934335 0.450572 1.631942 -1.724621 0.549280 1.618481 -1.488242 0.608709 1.603530 -1.232702 0.628592 1.586745 -0.965587 0.608709 1.570726 -0.694662 0.549280 1.558852 -0.427659 0.450572 1.539568 -1.971859 0.493268 1.525482 -1.754222 0.596474 1.510956 -1.509659 0.658471 1.495912 -1.245634 0.679159 1.480674 -0.969624 0.658471 1.467157 -0.689175 0.596474 1.457679 -0.411846 0.493268 1.428828 -1.995079 0.519557 1.415558 -1.772406 0.625247 1.401761 -1.522435 0.688693 1.387960 -1.252707 0.709850 1.374846 -0.970772 0.688693 1.363783 -0.684204 0.625247 1.356301 -0.400586 0.519557 1.318826 -2.006570 0.533057 1.307522 -1.781165 0.640023 1.295719 -1.528264 0.704212 1.284131 -1.255460 0.725611 1.273520 -0.970346 0.704212 1.264848 -0.680527 0.640023 1.259127 -0.393606 0.533057 1.216002 -2.010295 0.538030 1.207237 -1.783713 0.645467 1.198068 -1.529554 0.709929 1.189140 -1.255441 0.731417 1.181106 -0.969000 0.709929 1.174643 -0.677854 0.645467 1.170434 -0.389630 0.538030 1.833805 0.421244 -1.123731 1.750632 0.547866 -1.159541 1.654214 0.649249 -1.195084 1.547930 0.723471 -1.223566 1.436032 0.769845 -1.241607 1.324658 0.794094 -1.250872 1.220419 0.803536 -1.254285 1.831085 0.446098 -0.946380 1.740683 0.585347 -0.966875 1.640580 0.691472 -0.989689 1.533337 0.766551 -1.009174 1.422309 0.813174 -1.021680 1.312980 0.837696 -1.028103 1.211367 0.847408 -1.030469 1.824504 0.421778 -0.744086 1.729352 0.562950 -0.753311 1.626265 0.667449 -0.764393 1.518006 0.739670 -0.774276 1.407801 0.784384 -0.780673 1.300593 0.808077 -0.783958 1.201753 0.817663 -0.785168 1.811237 0.351634 -0.529125 1.714355 0.486972 -0.529125 1.610159 0.584847 -0.529125 1.501894 0.651302 -0.529125 1.393069 0.692412 -0.529125 1.288245 0.714403 -0.529125 1.192248 0.723536 -0.529125 1.790582 0.239616 -0.314164 1.694882 0.363682 -0.304939 1.591953 0.451389 -0.293857 1.485362 0.509961 -0.283974 1.378840 0.546215 -0.277577 1.276731 0.565848 -0.274292 1.183530 0.574271 -0.273082 1.765912 0.096203 -0.111870 1.674155 0.201749 -0.091375 1.574308 0.275313 -0.068561 1.470378 0.324302 -0.049076 1.366522 0.354811 -0.036570 1.267048 0.371601 -0.030147 1.176303 0.379106 -0.027781 1.742567 -0.067689 0.065481 1.656785 0.009652 0.101291 1.560676 0.064890 0.136834 1.459318 0.103018 0.165316 1.357694 0.127228 0.183357 1.260246 0.140858 0.192621 1.171277 0.147284 0.196034 -0.050415 -1.875607 -1.123731 0.035237 -1.980148 -1.159541 0.136485 -2.059575 -1.195084 0.248566 -2.115989 -1.223566 0.366170 -2.150728 -1.241607 0.482824 -2.168566 -1.250871 0.591764 -2.175138 -1.254285 -0.063600 -2.003800 -0.946380 0.028076 -2.129544 -0.966875 0.133043 -2.220791 -0.989689 0.247228 -2.282970 -1.009174 0.365984 -2.320845 -1.021680 0.483150 -2.340286 -1.028103 0.592185 -2.347439 -1.030469 -0.072626 -2.097357 -0.744086 0.022674 -2.231231 -0.753311 0.130409 -2.327328 -0.764393 0.246431 -2.391877 -0.774276 0.366210 -2.431032 -0.780673 0.483782 -2.451111 -0.783958 0.592827 -2.458477 -0.785168 -0.072719 -2.152427 -0.529125 0.023112 -2.285511 -0.529125 0.131396 -2.381096 -0.529125 0.247797 -2.445273 -0.529125 0.367666 -2.484169 -0.529125 0.485099 -2.504079 -0.529125 0.593875 -2.511339 -0.529125 -0.061453 -2.165557 -0.314164 0.031864 -2.292474 -0.304939 0.137922 -2.384048 -0.293857 0.252491 -2.445762 -0.283974 0.370982 -2.483155 -0.277577 0.487425 -2.502233 -0.274292 0.595505 -2.509115 -0.273082 -0.041569 -2.139887 -0.111870 0.046670 -2.254691 -0.091375 0.148540 -2.338716 -0.068561 0.259870 -2.396124 -0.049076 0.376020 -2.430963 -0.036570 0.490854 -2.448637 -0.030147 0.597865 -2.454896 -0.027781 -0.018026 -2.079282 0.065481 0.063733 -2.174778 0.101291 0.160912 -2.247699 0.136834 0.268834 -2.299183 0.165316 0.382452 -2.330580 0.183357 0.495426 -2.346361 0.192621 0.601096 -2.351775 0.196034 -0.052176 -1.489204 -1.369855 -0.067156 -1.222914 -1.443777 -0.077939 -0.925602 -1.490455 -0.079612 -0.617418 -1.506874 -0.069617 -0.318850 -1.490455 -0.050647 -0.048871 -1.443777 -0.027645 0.174112 -1.369855 0.033345 -1.526209 -1.448684 0.024345 -1.232177 -1.538467 0.017222 -0.912861 -1.593068 0.016151 -0.586102 -1.611590 0.023691 -0.270187 -1.593068 0.037617 0.017157 -1.538467 0.054150 0.258592 -1.448684 0.134660 -1.567025 -1.508822 0.129461 -1.250818 -1.607531 0.125201 -0.910352 -1.666959 0.124766 -0.563547 -1.686842 0.130139 -0.228358 -1.666959 0.139902 0.077379 -1.607531 0.151745 0.335884 -1.508822 0.246926 -1.601125 -1.551518 0.244007 -1.269493 -1.654724 0.241744 -0.912293 -1.716721 0.241814 -0.548339 -1.737409 0.245441 -0.196434 -1.716721 0.252016 0.124650 -1.654724 0.260472 0.396147 -1.551518 0.364777 -1.622915 -1.577807 0.363245 -1.281830 -1.683497 0.362217 -0.914044 -1.746943 0.362558 -0.539051 -1.768100 0.364942 -0.176337 -1.746943 0.369269 0.154619 -1.683498 0.375249 0.434345 -1.577807 0.481706 -1.634102 -1.591307 0.480950 -1.288159 -1.698273 0.480571 -0.914917 -1.762462 0.480985 -0.534218 -1.783861 0.482550 -0.165892 -1.762462 0.485396 0.170223 -1.698273 0.489594 0.454301 -1.591307 0.590921 -1.638224 -1.596280 0.590525 -1.290480 -1.703717 0.590404 -0.915208 -1.768179 0.590768 -0.532362 -1.789667 0.591820 -0.161898 -1.768179 0.593735 0.176225 -1.703717 0.596680 0.462055 -1.596280 1.055749 -2.009648 0.538741 1.051582 -1.782503 0.646244 1.047221 -1.527749 0.710746 1.042982 -1.253045 0.732247 1.039181 -0.966048 0.710746 1.036132 -0.674415 0.646244 1.034152 -0.385805 0.538741 0.999753 -2.009255 0.538741 0.997191 -1.781978 0.646244 0.994509 -1.527086 0.710746 0.991902 -1.252247 0.732247 0.989564 -0.965127 0.710746 0.987689 -0.673395 0.646244 0.986470 -0.384718 0.538741 0.953806 -2.009052 0.538741 0.952510 -1.781708 0.646244 0.951154 -1.526744 0.710746 0.949835 -1.251836 0.732247 0.948651 -0.964654 0.710746 0.947701 -0.672871 0.646244 0.947082 -0.384159 0.538741 0.912900 -2.009055 0.538741 0.912656 -1.781711 0.646244 0.912400 -1.526748 0.710746 0.912150 -1.251840 0.732247 0.911924 -0.964659 0.710746 0.911740 -0.672876 0.646244 0.911617 -0.384165 0.538741 0.872028 -2.009275 0.538741 0.872744 -1.782005 0.646244 0.873493 -1.527120 0.710746 0.874218 -1.252288 0.732247 0.874865 -0.965175 0.710746 0.875380 -0.673448 0.646244 0.875705 -0.384775 0.538741 0.826183 -2.009728 0.538741 0.827892 -1.782609 0.646244 0.829678 -1.527884 0.710746 0.831410 -1.253207 0.732247 0.832958 -0.966234 0.710746 0.834190 -0.674622 0.646244 0.834977 -0.386025 0.538741 0.770359 -2.010426 0.538741 0.773215 -1.783541 0.646244 0.776200 -1.529061 0.710746 0.779096 -1.254624 0.732247 0.781683 -0.967868 0.710746 0.783745 -0.676432 0.646244 0.785062 -0.387953 0.538741 1.057837 0.806064 -1.254772 1.001023 0.806457 -1.254772 0.954404 0.806659 -1.254772 0.912900 0.806657 -1.254772 0.871429 0.806436 -1.254772 0.824913 0.805984 -1.254772 0.768271 0.805286 -1.254772 1.053534 0.850370 -1.030807 0.998378 0.850896 -1.030807 0.953070 0.851166 -1.030807 0.912656 0.851163 -1.030807 0.872185 0.850868 -1.030807 0.826705 0.850264 -1.030807 0.771263 0.849332 -1.030807 1.048963 0.821021 -0.785341 0.995569 0.821685 -0.785341 0.951653 0.822026 -0.785341 0.912400 0.822021 -0.785341 0.872994 0.821650 -0.785341 0.828619 0.820887 -0.785341 0.774459 0.819709 -0.785341 1.044451 0.727235 -0.529125 0.992796 0.728034 -0.529125 0.950256 0.728445 -0.529125 0.912150 0.728440 -0.529125 0.873797 0.727992 -0.529125 0.830517 0.727074 -0.529125 0.777627 0.725656 -0.529125 1.040326 0.578233 -0.272909 0.990261 0.579154 -0.272909 0.948979 0.579628 -0.272909 0.911924 0.579623 -0.272909 0.874537 0.579106 -0.272909 0.832261 0.578047 -0.272909 0.780538 0.576413 -0.272909 1.036917 0.383235 -0.027443 0.988166 0.384254 -0.027443 0.947926 0.384780 -0.027443 0.911740 0.384774 -0.027443 0.875155 0.384202 -0.027443 0.833713 0.383028 -0.027443 0.782961 0.381218 -0.027443 1.034550 0.151459 0.196522 0.986713 0.152546 0.196522 0.947196 0.153105 0.196522 0.911617 0.153099 0.196522 0.875591 0.152489 0.196522 0.834735 0.151239 0.196522 0.784663 0.149310 0.196522 "
							            />
							<TextureCoordinate point="0.7718 0.5312 0.7850 0.5312 0.7870 0.5625 0.7752 0.5625 0.7850 0.5312 0.7993 0.5312 0.8003 0.5625 0.7870 0.5625 0.7993 0.5312 0.8140 0.5312 0.8146 0.5625 0.8003 0.5625 0.8140 0.5312 0.8291 0.5312 0.8293 0.5625 0.8146 0.5625 0.8291 0.5312 0.8443 0.5312 0.8443 0.5625 0.8293 0.5625 0.8443 0.5312 0.8596 0.5312 0.8596 0.5625 0.8443 0.5625 0.7752 0.5625 0.7870 0.5625 0.7883 0.5938 0.7772 0.5938 0.7870 0.5625 0.8003 0.5625 0.8011 0.5938 0.7883 0.5938 0.8003 0.5625 0.8146 0.5625 0.8150 0.5938 0.8011 0.5938 0.8146 0.5625 0.8293 0.5625 0.8295 0.5938 0.8150 0.5938 0.8293 0.5625 0.8443 0.5625 0.8444 0.5938 0.8295 0.5938 0.8443 0.5625 0.8596 0.5625 0.8596 0.5938 0.8444 0.5938 0.7772 0.5938 0.7883 0.5938 0.7888 0.6250 0.7778 0.6250 0.7883 0.5938 0.8011 0.5938 0.8014 0.6250 0.7888 0.6250 0.8011 0.5938 0.8150 0.5938 0.8151 0.6250 0.8014 0.6250 0.8150 0.5938 0.8295 0.5938 0.8295 0.6250 0.8151 0.6250 0.8295 0.5938 0.8444 0.5938 0.8444 0.6250 0.8295 0.6250 0.8444 0.5938 0.8596 0.5938 0.8596 0.6250 0.8444 0.6250 0.7778 0.6250 0.7888 0.6250 0.7883 0.6562 0.7772 0.6562 0.7888 0.6250 0.8014 0.6250 0.8011 0.6562 0.7883 0.6562 0.8014 0.6250 0.8151 0.6250 0.8150 0.6562 0.8011 0.6562 0.8151 0.6250 0.8295 0.6250 0.8295 0.6562 0.8150 0.6562 0.8295 0.6250 0.8444 0.6250 0.8444 0.6562 0.8295 0.6562 0.8444 0.6250 0.8596 0.6250 0.8596 0.6562 0.8444 0.6562 0.7772 0.6562 0.7883 0.6562 0.7870 0.6875 0.7752 0.6875 0.7883 0.6562 0.8011 0.6562 0.8003 0.6875 0.7870 0.6875 0.8011 0.6562 0.8150 0.6562 0.8146 0.6875 0.8003 0.6875 0.8150 0.6562 0.8295 0.6562 0.8293 0.6875 0.8146 0.6875 0.8295 0.6562 0.8444 0.6562 0.8443 0.6875 0.8293 0.6875 0.8444 0.6562 0.8596 0.6562 0.8596 0.6875 0.8443 0.6875 0.7752 0.6875 0.7870 0.6875 0.7850 0.7188 0.7718 0.7188 0.7870 0.6875 0.8003 0.6875 0.7993 0.7188 0.7850 0.7188 0.8003 0.6875 0.8146 0.6875 0.8140 0.7188 0.7993 0.7188 0.8146 0.6875 0.8293 0.6875 0.8291 0.7188 0.8140 0.7188 0.8293 0.6875 0.8443 0.6875 0.8443 0.7188 0.8291 0.7188 0.8443 0.6875 0.8596 0.6875 0.8596 0.7188 0.8443 0.7188 0.7518 0.5000 0.7672 0.5000 0.7718 0.5312 0.7615 0.5312 0.7672 0.5000 0.7826 0.5000 0.7850 0.5312 0.7718 0.5312 0.7826 0.5000 0.7980 0.5000 0.7993 0.5312 0.7850 0.5312 0.7980 0.5000 0.8134 0.5000 0.8140 0.5312 0.7993 0.5312 0.8134 0.5000 0.8288 0.5000 0.8291 0.5312 0.8140 0.5312 0.8288 0.5000 0.8442 0.5000 0.8443 0.5312 0.8291 0.5312 0.8442 0.5000 0.8596 0.5000 0.8596 0.5312 0.8443 0.5312 0.8596 0.5000 0.8750 0.5000 0.8750 0.5312 0.8596 0.5312 0.8596 0.5312 0.8750 0.5312 0.8750 0.5625 0.8596 0.5625 0.8596 0.5625 0.8750 0.5625 0.8750 0.5938 0.8596 0.5938 0.8596 0.5938 0.8750 0.5938 0.8750 0.6250 0.8596 0.6250 0.8596 0.6250 0.8750 0.6250 0.8750 0.6562 0.8596 0.6562 0.8596 0.6562 0.8750 0.6562 0.8750 0.6875 0.8596 0.6875 0.8596 0.6875 0.8750 0.6875 0.8750 0.7188 0.8596 0.7188 0.8596 0.7188 0.8750 0.7188 0.8750 0.7500 0.8596 0.7500 0.8443 0.7188 0.8596 0.7188 0.8596 0.7500 0.8442 0.7500 0.8291 0.7188 0.8443 0.7188 0.8442 0.7500 0.8288 0.7500 0.8140 0.7188 0.8291 0.7188 0.8288 0.7500 0.8134 0.7500 0.7993 0.7188 0.8140 0.7188 0.8134 0.7500 0.7980 0.7500 0.7850 0.7188 0.7993 0.7188 0.7980 0.7500 0.7826 0.7500 0.7718 0.7188 0.7850 0.7188 0.7826 0.7500 0.7672 0.7500 0.7615 0.7188 0.7718 0.7188 0.7672 0.7500 0.7518 0.7500 0.7659 0.6875 0.7752 0.6875 0.7718 0.7188 0.7615 0.7188 0.7682 0.6562 0.7772 0.6562 0.7752 0.6875 0.7659 0.6875 0.7689 0.6250 0.7778 0.6250 0.7772 0.6562 0.7682 0.6562 0.7682 0.5938 0.7772 0.5938 0.7778 0.6250 0.7689 0.6250 0.7659 0.5625 0.7752 0.5625 0.7772 0.5938 0.7682 0.5938 0.7615 0.5312 0.7718 0.5312 0.7752 0.5625 0.7659 0.5625 0.4062 0.8968 0.4375 0.9002 0.4375 0.9120 0.4062 0.9100 0.4375 0.9002 0.4688 0.9022 0.4688 0.9133 0.4375 0.9120 0.4688 0.9022 0.5000 0.9028 0.5000 0.9138 0.4688 0.9133 0.5000 0.9028 0.5312 0.9022 0.5312 0.9133 0.5000 0.9138 0.5312 0.9022 0.5625 0.9002 0.5625 0.9120 0.5312 0.9133 0.5625 0.9002 0.5938 0.8968 0.5938 0.9100 0.5625 0.9120 0.4062 0.9100 0.4375 0.9120 0.4375 0.9253 0.4062 0.9243 0.4375 0.9120 0.4688 0.9133 0.4688 0.9261 0.4375 0.9253 0.4688 0.9133 0.5000 0.9138 0.5000 0.9264 0.4688 0.9261 0.5000 0.9138 0.5312 0.9133 0.5312 0.9261 0.5000 0.9264 0.5312 0.9133 0.5625 0.9120 0.5625 0.9253 0.5312 0.9261 0.5625 0.9120 0.5938 0.9100 0.5938 0.9243 0.5625 0.9253 0.4062 0.9243 0.4375 0.9253 0.4375 0.9396 0.4062 0.9390 0.4375 0.9253 0.4688 0.9261 0.4688 0.9400 0.4375 0.9396 0.4688 0.9261 0.5000 0.9264 0.5000 0.9401 0.4688 0.9400 0.5000 0.9264 0.5312 0.9261 0.5312 0.9400 0.5000 0.9401 0.5312 0.9261 0.5625 0.9253 0.5625 0.9396 0.5312 0.9400 0.5625 0.9253 0.5938 0.9243 0.5938 0.9390 0.5625 0.9396 0.4062 0.9390 0.4375 0.9396 0.4375 0.9543 0.4062 0.9541 0.4375 0.9396 0.4688 0.9400 0.4688 0.9545 0.4375 0.9543 0.4688 0.9400 0.5000 0.9401 0.5000 0.9545 0.4688 0.9545 0.5000 0.9401 0.5312 0.9400 0.5312 0.9545 0.5000 0.9545 0.5312 0.9400 0.5625 0.9396 0.5625 0.9543 0.5312 0.9545 0.5625 0.9396 0.5938 0.9390 0.5938 0.9541 0.5625 0.9543 0.4062 0.9541 0.4375 0.9543 0.4375 0.9693 0.4062 0.9693 0.4375 0.9543 0.4688 0.9545 0.4688 0.9694 0.4375 0.9693 0.4688 0.9545 0.5000 0.9545 0.5000 0.9694 0.4688 0.9694 0.5000 0.9545 0.5312 0.9545 0.5312 0.9694 0.5000 0.9694 0.5312 0.9545 0.5625 0.9543 0.5625 0.9693 0.5312 0.9694 0.5625 0.9543 0.5938 0.9541 0.5938 0.9693 0.5625 0.9693 0.4062 0.9693 0.4375 0.9693 0.4375 0.9846 0.4062 0.9846 0.4375 0.9693 0.4688 0.9694 0.4688 0.9846 0.4375 0.9846 0.4688 0.9694 0.5000 0.9694 0.5000 0.9846 0.4688 0.9846 0.5000 0.9694 0.5312 0.9694 0.5312 0.9846 0.5000 0.9846 0.5312 0.9694 0.5625 0.9693 0.5625 0.9846 0.5312 0.9846 0.5625 0.9693 0.5938 0.9693 0.5938 0.9846 0.5625 0.9846 0.3750 0.8768 0.4062 0.8865 0.4062 0.8968 0.3750 0.8922 0.4062 0.8865 0.4375 0.8909 0.4375 0.9002 0.4062 0.8968 0.4375 0.8909 0.4688 0.8932 0.4688 0.9022 0.4375 0.9002 0.4688 0.8932 0.5000 0.8939 0.5000 0.9028 0.4688 0.9022 0.5000 0.8939 0.5312 0.8932 0.5312 0.9022 0.5000 0.9028 0.5312 0.8932 0.5625 0.8909 0.5625 0.9002 0.5312 0.9022 0.5625 0.8909 0.5938 0.8865 0.5938 0.8968 0.5625 0.9002 0.5938 0.8865 0.6250 0.8768 0.6250 0.8922 0.5938 0.8968 0.5938 0.8968 0.6250 0.8922 0.6250 0.9076 0.5938 0.9100 0.5938 0.9100 0.6250 0.9076 0.6250 0.9230 0.5938 0.9243 0.5938 0.9243 0.6250 0.9230 0.6250 0.9384 0.5938 0.9390 0.5938 0.9390 0.6250 0.9384 0.6250 0.9538 0.5938 0.9541 0.5938 0.9541 0.6250 0.9538 0.6250 0.9692 0.5938 0.9693 0.5938 0.9693 0.6250 0.9692 0.6250 0.9846 0.5938 0.9846 0.5938 0.9846 0.6250 0.9846 0.6250 1.0000 0.5938 1.0000 0.5625 0.9846 0.5938 0.9846 0.5938 1.0000 0.5625 1.0000 0.5312 0.9846 0.5625 0.9846 0.5625 1.0000 0.5312 1.0000 0.5000 0.9846 0.5312 0.9846 0.5312 1.0000 0.5000 1.0000 0.4688 0.9846 0.5000 0.9846 0.5000 1.0000 0.4688 1.0000 0.4375 0.9846 0.4688 0.9846 0.4688 1.0000 0.4375 1.0000 0.4062 0.9846 0.4375 0.9846 0.4375 1.0000 0.4062 1.0000 0.3750 0.9846 0.4062 0.9846 0.4062 1.0000 0.3750 1.0000 0.3750 0.9692 0.4062 0.9693 0.4062 0.9846 0.3750 0.9846 0.3750 0.9538 0.4062 0.9541 0.4062 0.9693 0.3750 0.9692 0.3750 0.9384 0.4062 0.9390 0.4062 0.9541 0.3750 0.9538 0.3750 0.9230 0.4062 0.9243 0.4062 0.9390 0.3750 0.9384 0.3750 0.9076 0.4062 0.9100 0.4062 0.9243 0.3750 0.9230 0.3750 0.8922 0.4062 0.8968 0.4062 0.9100 0.3750 0.9076 0.4062 0.0312 0.4375 0.0312 0.4375 0.0623 0.4062 0.0624 0.4375 0.0312 0.4688 0.0312 0.4688 0.0623 0.4375 0.0623 0.4688 0.0312 0.5000 0.0312 0.5000 0.0623 0.4688 0.0623 0.5000 0.0312 0.5312 0.0312 0.5312 0.0623 0.5000 0.0623 0.5312 0.0312 0.5625 0.0312 0.5625 0.0623 0.5312 0.0623 0.5625 0.0312 0.5938 0.0312 0.5938 0.0624 0.5625 0.0623 0.4062 0.0624 0.4375 0.0623 0.4375 0.0932 0.4062 0.0935 0.4375 0.0623 0.4688 0.0623 0.4688 0.0931 0.4375 0.0932 0.4688 0.0623 0.5000 0.0623 0.5000 0.0930 0.4688 0.0931 0.5000 0.0623 0.5312 0.0623 0.5312 0.0931 0.5000 0.0930 0.5312 0.0623 0.5625 0.0623 0.5625 0.0932 0.5312 0.0931 0.5625 0.0623 0.5938 0.0624 0.5938 0.0935 0.5625 0.0932 0.4062 0.0935 0.4375 0.0932 0.4375 0.1238 0.4062 0.1244 0.4375 0.0932 0.4688 0.0931 0.4688 0.1234 0.4375 0.1238 0.4688 0.0931 0.5000 0.0930 0.5000 0.1232 0.4688 0.1234 0.5000 0.0930 0.5312 0.0931 0.5312 0.1234 0.5000 0.1232 0.5312 0.0931 0.5625 0.0932 0.5625 0.1238 0.5312 0.1234 0.5625 0.0932 0.5938 0.0935 0.5938 0.1244 0.5625 0.1238 0.4062 0.1244 0.4375 0.1238 0.4375 0.1538 0.4062 0.1549 0.4375 0.1238 0.4688 0.1234 0.4688 0.1530 0.4375 0.1538 0.4688 0.1234 0.5000 0.1232 0.5000 0.1528 0.4688 0.1530 0.5000 0.1232 0.5312 0.1234 0.5312 0.1530 0.5000 0.1528 0.5312 0.1234 0.5625 0.1238 0.5625 0.1538 0.5312 0.1530 0.5625 0.1238 0.5938 0.1244 0.5938 0.1549 0.5625 0.1538 0.4062 0.1549 0.4375 0.1538 0.4375 0.1829 0.4062 0.1850 0.4375 0.1538 0.4688 0.1530 0.4688 0.1816 0.4375 0.1829 0.4688 0.1530 0.5000 0.1528 0.5000 0.1811 0.4688 0.1816 0.5000 0.1528 0.5312 0.1530 0.5312 0.1816 0.5000 0.1811 0.5312 0.1530 0.5625 0.1538 0.5625 0.1829 0.5312 0.1816 0.5625 0.1538 0.5938 0.1549 0.5938 0.1850 0.5625 0.1829 0.4062 0.1850 0.4375 0.1829 0.4375 0.2105 0.4062 0.2140 0.4375 0.1829 0.4688 0.1816 0.4688 0.2085 0.4375 0.2105 0.4688 0.1816 0.5000 0.1811 0.5000 0.2078 0.4688 0.2085 0.5000 0.1811 0.5312 0.1816 0.5312 0.2085 0.5000 0.2078 0.5312 0.1816 0.5625 0.1829 0.5625 0.2105 0.5312 0.2085 0.5625 0.1829 0.5938 0.1850 0.5938 0.2140 0.5625 0.2105 0.3750 0.0000 0.4062 0.0000 0.4062 0.0312 0.3750 0.0312 0.4062 0.0000 0.4375 0.0000 0.4375 0.0312 0.4062 0.0312 0.4375 0.0000 0.4688 0.0000 0.4688 0.0312 0.4375 0.0312 0.4688 0.0000 0.5000 0.0000 0.5000 0.0312 0.4688 0.0312 0.5000 0.0000 0.5312 0.0000 0.5312 0.0312 0.5000 0.0312 0.5312 0.0000 0.5625 0.0000 0.5625 0.0312 0.5312 0.0312 0.5625 0.0000 0.5938 0.0000 0.5938 0.0312 0.5625 0.0312 0.5938 0.0000 0.6250 0.0000 0.6250 0.0312 0.5938 0.0312 0.5938 0.0312 0.6250 0.0312 0.6250 0.0625 0.5938 0.0624 0.5938 0.0624 0.6250 0.0625 0.6250 0.0938 0.5938 0.0935 0.5938 0.0935 0.6250 0.0938 0.6250 0.1250 0.5938 0.1244 0.5938 0.1244 0.6250 0.1250 0.6250 0.1562 0.5938 0.1549 0.5938 0.1549 0.6250 0.1562 0.6250 0.1875 0.5938 0.1850 0.5938 0.1850 0.6250 0.1875 0.6250 0.2188 0.5938 0.2140 0.5938 0.2140 0.6250 0.2188 0.6250 0.2500 0.5938 0.2400 0.5625 0.2105 0.5938 0.2140 0.5938 0.2400 0.5625 0.2355 0.5312 0.2085 0.5625 0.2105 0.5625 0.2355 0.5312 0.2331 0.5000 0.2078 0.5312 0.2085 0.5312 0.2331 0.5000 0.2324 0.4688 0.2085 0.5000 0.2078 0.5000 0.2324 0.4688 0.2331 0.4375 0.2105 0.4688 0.2085 0.4688 0.2331 0.4375 0.2355 0.4062 0.2140 0.4375 0.2105 0.4375 0.2355 0.4062 0.2400 0.3750 0.2188 0.4062 0.2140 0.4062 0.2400 0.3750 0.2500 0.3750 0.1875 0.4062 0.1850 0.4062 0.2140 0.3750 0.2188 0.3750 0.1562 0.4062 0.1549 0.4062 0.1850 0.3750 0.1875 0.3750 0.1250 0.4062 0.1244 0.4062 0.1549 0.3750 0.1562 0.3750 0.0938 0.4062 0.0935 0.4062 0.1244 0.3750 0.1250 0.3750 0.0625 0.4062 0.0624 0.4062 0.0935 0.3750 0.0938 0.3750 0.0312 0.4062 0.0312 0.4062 0.0624 0.3750 0.0625 0.2688 0.5312 0.2825 0.5312 0.2846 0.5625 0.2724 0.5625 0.2825 0.5312 0.2973 0.5312 0.2987 0.5625 0.2846 0.5625 0.2973 0.5312 0.3129 0.5312 0.3140 0.5625 0.2987 0.5625 0.3129 0.5312 0.3290 0.5313 0.3303 0.5625 0.3140 0.5625 0.3290 0.5313 0.3458 0.5313 0.3479 0.5626 0.3303 0.5625 0.3458 0.5313 0.3638 0.5316 0.3672 0.5629 0.3479 0.5626 0.2724 0.5625 0.2846 0.5625 0.2860 0.5938 0.2744 0.5938 0.2846 0.5625 0.2987 0.5625 0.2996 0.5938 0.2860 0.5938 0.2987 0.5625 0.3140 0.5625 0.3148 0.5938 0.2996 0.5938 0.3140 0.5625 0.3303 0.5625 0.3312 0.5938 0.3148 0.5938 0.3303 0.5625 0.3479 0.5626 0.3493 0.5938 0.3312 0.5938 0.3479 0.5626 0.3672 0.5629 0.3692 0.5940 0.3493 0.5938 0.2744 0.5938 0.2860 0.5938 0.2865 0.6250 0.2750 0.6250 0.2860 0.5938 0.2996 0.5938 0.3000 0.6250 0.2865 0.6250 0.2996 0.5938 0.3148 0.5938 0.3151 0.6250 0.3000 0.6250 0.3148 0.5938 0.3312 0.5938 0.3316 0.6250 0.3151 0.6250 0.3312 0.5938 0.3493 0.5938 0.3497 0.6250 0.3316 0.6250 0.3493 0.5938 0.3692 0.5940 0.3698 0.6250 0.3497 0.6250 0.2750 0.6250 0.2865 0.6250 0.2860 0.6562 0.2744 0.6562 0.2865 0.6250 0.3000 0.6250 0.2996 0.6562 0.2860 0.6562 0.3000 0.6250 0.3151 0.6250 0.3148 0.6562 0.2996 0.6562 0.3151 0.6250 0.3316 0.6250 0.3312 0.6562 0.3148 0.6562 0.3316 0.6250 0.3497 0.6250 0.3493 0.6562 0.3312 0.6562 0.3497 0.6250 0.3698 0.6250 0.3692 0.6560 0.3493 0.6562 0.2744 0.6562 0.2860 0.6562 0.2846 0.6875 0.2724 0.6875 0.2860 0.6562 0.2996 0.6562 0.2987 0.6875 0.2846 0.6875 0.2996 0.6562 0.3148 0.6562 0.3140 0.6875 0.2987 0.6875 0.3148 0.6562 0.3312 0.6562 0.3303 0.6875 0.3140 0.6875 0.3312 0.6562 0.3493 0.6562 0.3479 0.6874 0.3303 0.6875 0.3493 0.6562 0.3692 0.6560 0.3672 0.6871 0.3479 0.6874 0.2724 0.6875 0.2846 0.6875 0.2825 0.7188 0.2688 0.7188 0.2846 0.6875 0.2987 0.6875 0.2973 0.7188 0.2825 0.7188 0.2987 0.6875 0.3140 0.6875 0.3129 0.7188 0.2973 0.7188 0.3140 0.6875 0.3303 0.6875 0.3290 0.7187 0.3129 0.7188 0.3303 0.6875 0.3479 0.6874 0.3458 0.7187 0.3290 0.7187 0.3479 0.6874 0.3672 0.6871 0.3638 0.7184 0.3458 0.7187 0.2482 0.5000 0.2641 0.5000 0.2688 0.5312 0.2582 0.5312 0.2641 0.5000 0.2799 0.5000 0.2825 0.5312 0.2688 0.5312 0.2799 0.5000 0.2958 0.5000 0.2973 0.5312 0.2825 0.5312 0.2958 0.5000 0.3116 0.5000 0.3129 0.5312 0.2973 0.5312 0.3116 0.5000 0.3275 0.5000 0.3290 0.5313 0.3129 0.5312 0.3275 0.5000 0.3433 0.5000 0.3458 0.5313 0.3290 0.5313 0.3433 0.5000 0.3592 0.5000 0.3638 0.5316 0.3458 0.5313 0.3592 0.5000 0.3750 0.5000 0.3848 0.5329 0.3638 0.5316 0.3638 0.5316 0.3848 0.5329 0.3891 0.5637 0.3672 0.5629 0.3672 0.5629 0.3891 0.5637 0.3914 0.5944 0.3692 0.5940 0.3692 0.5940 0.3914 0.5944 0.3921 0.6250 0.3698 0.6250 0.3698 0.6250 0.3921 0.6250 0.3914 0.6556 0.3692 0.6560 0.3692 0.6560 0.3914 0.6556 0.3891 0.6863 0.3672 0.6871 0.3672 0.6871 0.3891 0.6863 0.3848 0.7171 0.3638 0.7184 0.3638 0.7184 0.3848 0.7171 0.3750 0.7500 0.3592 0.7500 0.3458 0.7187 0.3638 0.7184 0.3592 0.7500 0.3433 0.7500 0.3290 0.7187 0.3458 0.7187 0.3433 0.7500 0.3275 0.7500 0.3129 0.7188 0.3290 0.7187 0.3275 0.7500 0.3116 0.7500 0.2973 0.7188 0.3129 0.7188 0.3116 0.7500 0.2958 0.7500 0.2825 0.7188 0.2973 0.7188 0.2958 0.7500 0.2799 0.7500 0.2688 0.7188 0.2825 0.7188 0.2799 0.7500 0.2641 0.7500 0.2582 0.7188 0.2688 0.7188 0.2641 0.7500 0.2482 0.7500 0.2627 0.6875 0.2724 0.6875 0.2688 0.7188 0.2582 0.7188 0.2651 0.6562 0.2744 0.6562 0.2724 0.6875 0.2627 0.6875 0.2658 0.6250 0.2750 0.6250 0.2744 0.6562 0.2651 0.6562 0.2651 0.5938 0.2744 0.5938 0.2750 0.6250 0.2658 0.6250 0.2627 0.5625 0.2724 0.5625 0.2744 0.5938 0.2651 0.5938 0.2582 0.5312 0.2688 0.5312 0.2724 0.5625 0.2627 0.5625 0.4112 0.5362 0.4403 0.5393 0.4419 0.5669 0.4143 0.5653 0.4403 0.5393 0.4700 0.5412 0.4707 0.5681 0.4419 0.5669 0.4700 0.5412 0.5000 0.5418 0.5000 0.5685 0.4707 0.5681 0.5000 0.5418 0.5300 0.5412 0.5293 0.5681 0.5000 0.5685 0.5300 0.5412 0.5597 0.5393 0.5581 0.5669 0.5293 0.5681 0.5597 0.5393 0.5888 0.5362 0.5857 0.5653 0.5581 0.5669 0.4143 0.5653 0.4419 0.5669 0.4431 0.5957 0.4162 0.5950 0.4419 0.5669 0.4707 0.5681 0.4712 0.5962 0.4431 0.5957 0.4707 0.5681 0.5000 0.5685 0.5000 0.5964 0.4712 0.5962 0.5000 0.5685 0.5293 0.5681 0.5288 0.5962 0.5000 0.5964 0.5293 0.5681 0.5581 0.5669 0.5569 0.5957 0.5288 0.5962 0.5581 0.5669 0.5857 0.5653 0.5838 0.5950 0.5569 0.5957 0.4162 0.5950 0.4431 0.5957 0.4435 0.6250 0.4168 0.6250 0.4431 0.5957 0.4712 0.5962 0.4714 0.6250 0.4435 0.6250 0.4712 0.5962 0.5000 0.5964 0.5000 0.6250 0.4714 0.6250 0.5000 0.5964 0.5288 0.5962 0.5286 0.6250 0.5000 0.6250 0.5288 0.5962 0.5569 0.5957 0.5565 0.6250 0.5286 0.6250 0.5569 0.5957 0.5838 0.5950 0.5832 0.6250 0.5565 0.6250 0.4168 0.6250 0.4435 0.6250 0.4431 0.6543 0.4162 0.6550 0.4435 0.6250 0.4714 0.6250 0.4712 0.6538 0.4431 0.6543 0.4714 0.6250 0.5000 0.6250 0.5000 0.6536 0.4712 0.6538 0.5000 0.6250 0.5286 0.6250 0.5288 0.6538 0.5000 0.6536 0.5286 0.6250 0.5565 0.6250 0.5569 0.6543 0.5288 0.6538 0.5565 0.6250 0.5832 0.6250 0.5838 0.6550 0.5569 0.6543 0.4162 0.6550 0.4431 0.6543 0.4419 0.6831 0.4143 0.6847 0.4431 0.6543 0.4712 0.6538 0.4707 0.6819 0.4419 0.6831 0.4712 0.6538 0.5000 0.6536 0.5000 0.6815 0.4707 0.6819 0.5000 0.6536 0.5288 0.6538 0.5293 0.6819 0.5000 0.6815 0.5288 0.6538 0.5569 0.6543 0.5581 0.6831 0.5293 0.6819 0.5569 0.6543 0.5838 0.6550 0.5857 0.6847 0.5581 0.6831 0.4143 0.6847 0.4419 0.6831 0.4403 0.7107 0.4112 0.7138 0.4419 0.6831 0.4707 0.6819 0.4700 0.7088 0.4403 0.7107 0.4707 0.6819 0.5000 0.6815 0.5000 0.7082 0.4700 0.7088 0.5000 0.6815 0.5293 0.6819 0.5300 0.7088 0.5000 0.7082 0.5293 0.6819 0.5581 0.6831 0.5597 0.7107 0.5300 0.7088 0.5581 0.6831 0.5857 0.6847 0.5888 0.7138 0.5597 0.7107 0.3750 0.5000 0.4079 0.5098 0.4112 0.5362 0.3848 0.5329 0.4079 0.5098 0.4387 0.5141 0.4403 0.5393 0.4112 0.5362 0.4387 0.5141 0.4694 0.5164 0.4700 0.5412 0.4403 0.5393 0.4694 0.5164 0.5000 0.5171 0.5000 0.5418 0.4700 0.5412 0.5000 0.5171 0.5306 0.5164 0.5300 0.5412 0.5000 0.5418 0.5306 0.5164 0.5613 0.5141 0.5597 0.5393 0.5300 0.5412 0.5613 0.5141 0.5921 0.5098 0.5888 0.5362 0.5597 0.5393 0.5921 0.5098 0.6250 0.5000 0.6152 0.5329 0.5888 0.5362 0.5888 0.5362 0.6152 0.5329 0.6109 0.5637 0.5857 0.5653 0.5857 0.5653 0.6109 0.5637 0.6086 0.5944 0.5838 0.5950 0.5838 0.5950 0.6086 0.5944 0.6079 0.6250 0.5832 0.6250 0.5832 0.6250 0.6079 0.6250 0.6086 0.6556 0.5838 0.6550 0.5838 0.6550 0.6086 0.6556 0.6109 0.6863 0.5857 0.6847 0.5857 0.6847 0.6109 0.6863 0.6152 0.7171 0.5888 0.7138 0.5888 0.7138 0.6152 0.7171 0.6250 0.7500 0.5921 0.7402 0.5597 0.7107 0.5888 0.7138 0.5921 0.7402 0.5613 0.7359 0.5300 0.7088 0.5597 0.7107 0.5613 0.7359 0.5306 0.7336 0.5000 0.7082 0.5300 0.7088 0.5306 0.7336 0.5000 0.7329 0.4700 0.7088 0.5000 0.7082 0.5000 0.7329 0.4694 0.7336 0.4403 0.7107 0.4700 0.7088 0.4694 0.7336 0.4387 0.7359 0.4112 0.7138 0.4403 0.7107 0.4387 0.7359 0.4079 0.7402 0.3848 0.7171 0.4112 0.7138 0.4079 0.7402 0.3750 0.7500 0.3891 0.6863 0.4143 0.6847 0.4112 0.7138 0.3848 0.7171 0.3914 0.6556 0.4162 0.6550 0.4143 0.6847 0.3891 0.6863 0.3921 0.6250 0.4168 0.6250 0.4162 0.6550 0.3914 0.6556 0.3914 0.5944 0.4162 0.5950 0.4168 0.6250 0.3921 0.6250 0.3891 0.5637 0.4143 0.5653 0.4162 0.5950 0.3914 0.5944 0.3848 0.5329 0.4112 0.5362 0.4143 0.5653 0.3891 0.5637 0.4062 0.3938 0.4375 0.3974 0.4375 0.4096 0.4062 0.4075 0.4375 0.3974 0.4688 0.3994 0.4688 0.4110 0.4375 0.4096 0.4688 0.3994 0.5000 0.4000 0.5000 0.4115 0.4688 0.4110 0.5000 0.4000 0.5312 0.3994 0.5312 0.4110 0.5000 0.4115 0.5312 0.3994 0.5625 0.3974 0.5625 0.4096 0.5312 0.4110 0.5625 0.3974 0.5938 0.3938 0.5938 0.4075 0.5625 0.4096 0.4062 0.4075 0.4375 0.4096 0.4375 0.4237 0.4062 0.4223 0.4375 0.4096 0.4688 0.4110 0.4688 0.4246 0.4375 0.4237 0.4688 0.4110 0.5000 0.4115 0.5000 0.4250 0.4688 0.4246 0.5000 0.4115 0.5312 0.4110 0.5312 0.4246 0.5000 0.4250 0.5312 0.4110 0.5625 0.4096 0.5625 0.4237 0.5312 0.4246 0.5625 0.4096 0.5938 0.4075 0.5938 0.4223 0.5625 0.4237 0.4062 0.4223 0.4375 0.4237 0.4375 0.4390 0.4062 0.4379 0.4375 0.4237 0.4688 0.4246 0.4688 0.4398 0.4375 0.4390 0.4688 0.4246 0.5000 0.4250 0.5000 0.4401 0.4688 0.4398 0.5000 0.4250 0.5312 0.4246 0.5312 0.4398 0.5000 0.4401 0.5312 0.4246 0.5625 0.4237 0.5625 0.4390 0.5312 0.4398 0.5625 0.4237 0.5938 0.4223 0.5938 0.4379 0.5625 0.4390 0.4062 0.4379 0.4375 0.4390 0.4375 0.4553 0.4063 0.4540 0.4375 0.4390 0.4688 0.4398 0.4688 0.4562 0.4375 0.4553 0.4688 0.4398 0.5000 0.4401 0.5000 0.4566 0.4688 0.4562 0.5000 0.4401 0.5312 0.4398 0.5312 0.4562 0.5000 0.4566 0.5312 0.4398 0.5625 0.4390 0.5625 0.4553 0.5312 0.4562 0.5625 0.4390 0.5938 0.4379 0.5937 0.4540 0.5625 0.4553 0.4063 0.4540 0.4375 0.4553 0.4376 0.4729 0.4063 0.4708 0.4375 0.4553 0.4688 0.4562 0.4688 0.4743 0.4376 0.4729 0.4688 0.4562 0.5000 0.4566 0.5000 0.4747 0.4688 0.4743 0.5000 0.4566 0.5312 0.4562 0.5312 0.4743 0.5000 0.4747 0.5312 0.4562 0.5625 0.4553 0.5624 0.4729 0.5312 0.4743 0.5625 0.4553 0.5937 0.4540 0.5937 0.4708 0.5624 0.4729 0.4063 0.4708 0.4376 0.4729 0.4379 0.4922 0.4066 0.4888 0.4376 0.4729 0.4688 0.4743 0.4690 0.4942 0.4379 0.4922 0.4688 0.4743 0.5000 0.4747 0.5000 0.4948 0.4690 0.4942 0.5000 0.4747 0.5312 0.4743 0.5310 0.4942 0.5000 0.4948 0.5312 0.4743 0.5624 0.4729 0.5621 0.4922 0.5310 0.4942 0.5624 0.4729 0.5937 0.4708 0.5934 0.4888 0.5621 0.4922 0.3750 0.3732 0.4062 0.3832 0.4062 0.3938 0.3750 0.3891 0.4062 0.3832 0.4375 0.3877 0.4375 0.3974 0.4062 0.3938 0.4375 0.3877 0.4688 0.3901 0.4688 0.3994 0.4375 0.3974 0.4688 0.3901 0.5000 0.3908 0.5000 0.4000 0.4688 0.3994 0.5000 0.3908 0.5312 0.3901 0.5312 0.3994 0.5000 0.4000 0.5312 0.3901 0.5625 0.3877 0.5625 0.3974 0.5312 0.3994 0.5625 0.3877 0.5938 0.3832 0.5938 0.3938 0.5625 0.3974 0.5938 0.3832 0.6250 0.3732 0.6250 0.3891 0.5938 0.3938 0.5938 0.3938 0.6250 0.3891 0.6250 0.4049 0.5938 0.4075 0.5938 0.4075 0.6250 0.4049 0.6250 0.4208 0.5938 0.4223 0.5938 0.4223 0.6250 0.4208 0.6250 0.4366 0.5938 0.4379 0.5938 0.4379 0.6250 0.4366 0.6250 0.4525 0.5937 0.4540 0.5937 0.4540 0.6250 0.4525 0.6250 0.4683 0.5937 0.4708 0.5937 0.4708 0.6250 0.4683 0.6250 0.4842 0.5934 0.4888 0.5934 0.4888 0.6250 0.4842 0.6250 0.5000 0.5921 0.5098 0.5621 0.4922 0.5934 0.4888 0.5921 0.5098 0.5613 0.5141 0.5310 0.4942 0.5621 0.4922 0.5613 0.5141 0.5306 0.5164 0.5000 0.4948 0.5310 0.4942 0.5306 0.5164 0.5000 0.5171 0.4690 0.4942 0.5000 0.4948 0.5000 0.5171 0.4694 0.5164 0.4379 0.4922 0.4690 0.4942 0.4694 0.5164 0.4387 0.5141 0.4066 0.4888 0.4379 0.4922 0.4387 0.5141 0.4079 0.5098 0.3750 0.4842 0.4066 0.4888 0.4079 0.5098 0.3750 0.5000 0.3750 0.4683 0.4063 0.4708 0.4066 0.4888 0.3750 0.4842 0.3750 0.4525 0.4063 0.4540 0.4063 0.4708 0.3750 0.4683 0.3750 0.4366 0.4062 0.4379 0.4063 0.4540 0.3750 0.4525 0.3750 0.4208 0.4062 0.4223 0.4062 0.4379 0.3750 0.4366 0.3750 0.4049 0.4062 0.4075 0.4062 0.4223 0.3750 0.4208 0.3750 0.3891 0.4062 0.3938 0.4062 0.4075 0.3750 0.4049 0.4062 0.3686 0.4375 0.3652 0.4375 0.3689 0.4062 0.3709 0.4375 0.3652 0.4688 0.3632 0.4688 0.3677 0.4375 0.3689 0.4688 0.3632 0.5000 0.3626 0.5000 0.3672 0.4688 0.3677 0.5000 0.3626 0.5312 0.3632 0.5312 0.3677 0.5000 0.3672 0.5312 0.3632 0.5625 0.3652 0.5625 0.3689 0.5312 0.3677 0.5625 0.3652 0.5938 0.3686 0.5938 0.3709 0.5625 0.3689 0.4062 0.3709 0.4375 0.3689 0.4375 0.3714 0.4062 0.3722 0.4375 0.3689 0.4688 0.3677 0.4688 0.3708 0.4375 0.3714 0.4688 0.3677 0.5000 0.3672 0.5000 0.3706 0.4688 0.3708 0.5000 0.3672 0.5312 0.3677 0.5312 0.3708 0.5000 0.3706 0.5312 0.3677 0.5625 0.3689 0.5625 0.3714 0.5312 0.3708 0.5625 0.3689 0.5938 0.3709 0.5938 0.3722 0.5625 0.3714 0.4062 0.3722 0.4375 0.3714 0.4375 0.3732 0.4062 0.3732 0.4375 0.3714 0.4688 0.3708 0.4688 0.3733 0.4375 0.3732 0.4688 0.3708 0.5000 0.3706 0.5000 0.3733 0.4688 0.3733 0.5000 0.3706 0.5312 0.3708 0.5312 0.3733 0.5000 0.3733 0.5312 0.3708 0.5625 0.3714 0.5625 0.3732 0.5312 0.3733 0.5625 0.3714 0.5938 0.3722 0.5938 0.3732 0.5625 0.3732 0.4062 0.3732 0.4375 0.3732 0.4375 0.3751 0.4062 0.3743 0.4375 0.3732 0.4688 0.3733 0.4688 0.3758 0.4375 0.3751 0.4688 0.3733 0.5000 0.3733 0.5000 0.3760 0.4688 0.3758 0.5000 0.3733 0.5312 0.3733 0.5312 0.3758 0.5000 0.3760 0.5312 0.3733 0.5625 0.3732 0.5625 0.3751 0.5312 0.3758 0.5625 0.3732 0.5938 0.3732 0.5938 0.3743 0.5625 0.3751 0.4062 0.3743 0.4375 0.3751 0.4375 0.3776 0.4062 0.3756 0.4375 0.3751 0.4688 0.3758 0.4688 0.3789 0.4375 0.3776 0.4688 0.3758 0.5000 0.3760 0.5000 0.3794 0.4688 0.3789 0.5000 0.3760 0.5312 0.3758 0.5312 0.3789 0.5000 0.3794 0.5312 0.3758 0.5625 0.3751 0.5625 0.3776 0.5312 0.3789 0.5625 0.3751 0.5938 0.3743 0.5938 0.3756 0.5625 0.3776 0.4062 0.3756 0.4375 0.3776 0.4375 0.3815 0.4062 0.3779 0.4375 0.3776 0.4688 0.3789 0.4688 0.3835 0.4375 0.3815 0.4688 0.3789 0.5000 0.3794 0.5000 0.3841 0.4688 0.3835 0.5000 0.3794 0.5312 0.3789 0.5312 0.3835 0.5000 0.3841 0.5312 0.3789 0.5625 0.3776 0.5625 0.3815 0.5312 0.3835 0.5625 0.3776 0.5938 0.3756 0.5938 0.3779 0.5625 0.3815 0.3750 0.3732 0.4062 0.3635 0.4062 0.3686 0.3750 0.3732 0.4062 0.3635 0.4375 0.3591 0.4375 0.3652 0.4062 0.3686 0.4375 0.3591 0.4688 0.3568 0.4688 0.3632 0.4375 0.3652 0.4688 0.3568 0.5000 0.3561 0.5000 0.3626 0.4688 0.3632 0.5000 0.3561 0.5312 0.3568 0.5312 0.3632 0.5000 0.3626 0.5312 0.3568 0.5625 0.3591 0.5625 0.3652 0.5312 0.3632 0.5625 0.3591 0.5938 0.3635 0.5938 0.3686 0.5625 0.3652 0.5938 0.3635 0.6250 0.3732 0.6250 0.3732 0.5938 0.3686 0.5938 0.3686 0.6250 0.3732 0.6250 0.3732 0.5938 0.3709 0.5938 0.3709 0.6250 0.3732 0.6250 0.3732 0.5938 0.3722 0.5938 0.3722 0.6250 0.3732 0.6250 0.3732 0.5938 0.3732 0.5938 0.3732 0.6250 0.3732 0.6250 0.3732 0.5938 0.3743 0.5938 0.3743 0.6250 0.3732 0.6250 0.3732 0.5938 0.3756 0.5938 0.3756 0.6250 0.3732 0.6250 0.3732 0.5938 0.3779 0.5938 0.3779 0.6250 0.3732 0.6250 0.3732 0.5938 0.3832 0.5625 0.3815 0.5938 0.3779 0.5938 0.3832 0.5625 0.3877 0.5312 0.3835 0.5625 0.3815 0.5625 0.3877 0.5312 0.3901 0.5000 0.3841 0.5312 0.3835 0.5312 0.3901 0.5000 0.3908 0.4688 0.3835 0.5000 0.3841 0.5000 0.3908 0.4688 0.3901 0.4375 0.3815 0.4688 0.3835 0.4688 0.3901 0.4375 0.3877 0.4062 0.3779 0.4375 0.3815 0.4375 0.3877 0.4062 0.3832 0.3750 0.3732 0.4062 0.3779 0.4062 0.3832 0.3750 0.3732 0.3750 0.3732 0.4062 0.3756 0.4062 0.3779 0.3750 0.3732 0.3750 0.3732 0.4062 0.3743 0.4062 0.3756 0.3750 0.3732 0.3750 0.3732 0.4062 0.3732 0.4062 0.3743 0.3750 0.3732 0.3750 0.3732 0.4062 0.3722 0.4062 0.3732 0.3750 0.3732 0.3750 0.3732 0.4062 0.3709 0.4062 0.3722 0.3750 0.3732 0.3750 0.3732 0.4062 0.3686 0.4062 0.3709 0.3750 0.3732 0.2436 0.5312 0.2459 0.5312 0.2439 0.5625 0.2402 0.5625 0.2459 0.5312 0.2472 0.5312 0.2464 0.5625 0.2439 0.5625 0.2472 0.5312 0.2482 0.5312 0.2482 0.5625 0.2464 0.5625 0.2482 0.5312 0.2493 0.5312 0.2501 0.5625 0.2482 0.5625 0.2493 0.5312 0.2506 0.5312 0.2526 0.5625 0.2501 0.5625 0.2506 0.5312 0.2529 0.5312 0.2565 0.5625 0.2526 0.5625 0.2402 0.5625 0.2439 0.5625 0.2427 0.5938 0.2382 0.5938 0.2439 0.5625 0.2464 0.5625 0.2458 0.5938 0.2427 0.5938 0.2464 0.5625 0.2482 0.5625 0.2483 0.5938 0.2458 0.5938 0.2482 0.5625 0.2501 0.5625 0.2508 0.5938 0.2483 0.5938 0.2501 0.5625 0.2526 0.5625 0.2539 0.5938 0.2508 0.5938 0.2526 0.5625 0.2565 0.5625 0.2585 0.5938 0.2539 0.5938 0.2382 0.5938 0.2427 0.5938 0.2422 0.6250 0.2376 0.6250 0.2427 0.5938 0.2458 0.5938 0.2456 0.6250 0.2422 0.6250 0.2458 0.5938 0.2483 0.5938 0.2483 0.6250 0.2456 0.6250 0.2483 0.5938 0.2508 0.5938 0.2510 0.6250 0.2483 0.6250 0.2508 0.5938 0.2539 0.5938 0.2544 0.6250 0.2510 0.6250 0.2539 0.5938 0.2585 0.5938 0.2591 0.6250 0.2544 0.6250 0.2376 0.6250 0.2422 0.6250 0.2427 0.6562 0.2382 0.6562 0.2422 0.6250 0.2456 0.6250 0.2458 0.6562 0.2427 0.6562 0.2456 0.6250 0.2483 0.6250 0.2483 0.6562 0.2458 0.6562 0.2483 0.6250 0.2510 0.6250 0.2508 0.6562 0.2483 0.6562 0.2510 0.6250 0.2544 0.6250 0.2539 0.6562 0.2508 0.6562 0.2544 0.6250 0.2591 0.6250 0.2585 0.6562 0.2539 0.6562 0.2382 0.6562 0.2427 0.6562 0.2439 0.6875 0.2402 0.6875 0.2427 0.6562 0.2458 0.6562 0.2464 0.6875 0.2439 0.6875 0.2458 0.6562 0.2483 0.6562 0.2482 0.6875 0.2464 0.6875 0.2483 0.6562 0.2508 0.6562 0.2501 0.6875 0.2482 0.6875 0.2508 0.6562 0.2539 0.6562 0.2526 0.6875 0.2501 0.6875 0.2539 0.6562 0.2585 0.6562 0.2565 0.6875 0.2526 0.6875 0.2402 0.6875 0.2439 0.6875 0.2459 0.7188 0.2436 0.7188 0.2439 0.6875 0.2464 0.6875 0.2472 0.7188 0.2459 0.7188 0.2464 0.6875 0.2482 0.6875 0.2482 0.7188 0.2472 0.7188 0.2482 0.6875 0.2501 0.6875 0.2493 0.7188 0.2482 0.7188 0.2501 0.6875 0.2526 0.6875 0.2506 0.7188 0.2493 0.7188 0.2526 0.6875 0.2565 0.6875 0.2529 0.7188 0.2506 0.7188 0.2482 0.5000 0.2482 0.5000 0.2436 0.5312 0.2385 0.5312 0.2482 0.5000 0.2482 0.5000 0.2459 0.5312 0.2436 0.5312 0.2482 0.5000 0.2482 0.5000 0.2472 0.5312 0.2459 0.5312 0.2482 0.5000 0.2482 0.5000 0.2482 0.5312 0.2472 0.5312 0.2482 0.5000 0.2482 0.5000 0.2493 0.5312 0.2482 0.5312 0.2482 0.5000 0.2482 0.5000 0.2506 0.5312 0.2493 0.5312 0.2482 0.5000 0.2482 0.5000 0.2529 0.5312 0.2506 0.5312 0.2482 0.5000 0.2482 0.5000 0.2582 0.5312 0.2529 0.5312 0.2529 0.5312 0.2582 0.5312 0.2627 0.5625 0.2565 0.5625 0.2565 0.5625 0.2627 0.5625 0.2651 0.5938 0.2585 0.5938 0.2585 0.5938 0.2651 0.5938 0.2658 0.6250 0.2591 0.6250 0.2591 0.6250 0.2658 0.6250 0.2651 0.6562 0.2585 0.6562 0.2585 0.6562 0.2651 0.6562 0.2627 0.6875 0.2565 0.6875 0.2565 0.6875 0.2627 0.6875 0.2582 0.7188 0.2529 0.7188 0.2529 0.7188 0.2582 0.7188 0.2482 0.7500 0.2482 0.7500 0.2506 0.7188 0.2529 0.7188 0.2482 0.7500 0.2482 0.7500 0.2493 0.7188 0.2506 0.7188 0.2482 0.7500 0.2482 0.7500 0.2482 0.7188 0.2493 0.7188 0.2482 0.7500 0.2482 0.7500 0.2472 0.7188 0.2482 0.7188 0.2482 0.7500 0.2482 0.7500 0.2459 0.7188 0.2472 0.7188 0.2482 0.7500 0.2482 0.7500 0.2436 0.7188 0.2459 0.7188 0.2482 0.7500 0.2482 0.7500 0.2385 0.7188 0.2436 0.7188 0.2482 0.7500 0.2482 0.7500 0.2341 0.6875 0.2402 0.6875 0.2436 0.7188 0.2385 0.7188 0.2318 0.6562 0.2382 0.6562 0.2402 0.6875 0.2341 0.6875 0.2311 0.6250 0.2376 0.6250 0.2382 0.6562 0.2318 0.6562 0.2318 0.5938 0.2382 0.5938 0.2376 0.6250 0.2311 0.6250 0.2341 0.5625 0.2402 0.5625 0.2382 0.5938 0.2318 0.5938 0.2385 0.5312 0.2436 0.5312 0.2402 0.5625 0.2341 0.5625 0.4066 0.7612 0.4379 0.7578 0.4376 0.7771 0.4063 0.7792 0.4379 0.7578 0.4690 0.7558 0.4688 0.7757 0.4376 0.7771 0.4690 0.7558 0.5000 0.7552 0.5000 0.7753 0.4688 0.7757 0.5000 0.7552 0.5310 0.7558 0.5312 0.7757 0.5000 0.7753 0.5310 0.7558 0.5621 0.7578 0.5624 0.7771 0.5312 0.7757 0.5621 0.7578 0.5934 0.7612 0.5937 0.7792 0.5624 0.7771 0.4063 0.7792 0.4376 0.7771 0.4375 0.7947 0.4063 0.7960 0.4376 0.7771 0.4688 0.7757 0.4688 0.7938 0.4375 0.7947 0.4688 0.7757 0.5000 0.7753 0.5000 0.7934 0.4688 0.7938 0.5000 0.7753 0.5312 0.7757 0.5312 0.7938 0.5000 0.7934 0.5312 0.7757 0.5624 0.7771 0.5625 0.7947 0.5312 0.7938 0.5624 0.7771 0.5937 0.7792 0.5937 0.7960 0.5625 0.7947 0.4063 0.7960 0.4375 0.7947 0.4375 0.8110 0.4062 0.8121 0.4375 0.7947 0.4688 0.7938 0.4688 0.8102 0.4375 0.8110 0.4688 0.7938 0.5000 0.7934 0.5000 0.8099 0.4688 0.8102 0.5000 0.7934 0.5312 0.7938 0.5312 0.8102 0.5000 0.8099 0.5312 0.7938 0.5625 0.7947 0.5625 0.8110 0.5312 0.8102 0.5625 0.7947 0.5937 0.7960 0.5938 0.8121 0.5625 0.8110 0.4062 0.8121 0.4375 0.8110 0.4375 0.8263 0.4062 0.8277 0.4375 0.8110 0.4688 0.8102 0.4688 0.8254 0.4375 0.8263 0.4688 0.8102 0.5000 0.8099 0.5000 0.8250 0.4688 0.8254 0.5000 0.8099 0.5312 0.8102 0.5312 0.8254 0.5000 0.8250 0.5312 0.8102 0.5625 0.8110 0.5625 0.8263 0.5312 0.8254 0.5625 0.8110 0.5938 0.8121 0.5938 0.8277 0.5625 0.8263 0.4062 0.8277 0.4375 0.8263 0.4375 0.8404 0.4062 0.8425 0.4375 0.8263 0.4688 0.8254 0.4688 0.8390 0.4375 0.8404 0.4688 0.8254 0.5000 0.8250 0.5000 0.8385 0.4688 0.8390 0.5000 0.8250 0.5312 0.8254 0.5312 0.8390 0.5000 0.8385 0.5312 0.8254 0.5625 0.8263 0.5625 0.8404 0.5312 0.8390 0.5625 0.8263 0.5938 0.8277 0.5938 0.8425 0.5625 0.8404 0.4062 0.8425 0.4375 0.8404 0.4375 0.8526 0.4062 0.8562 0.4375 0.8404 0.4688 0.8390 0.4688 0.8506 0.4375 0.8526 0.4688 0.8390 0.5000 0.8385 0.5000 0.8500 0.4688 0.8506 0.5000 0.8385 0.5312 0.8390 0.5312 0.8506 0.5000 0.8500 0.5312 0.8390 0.5625 0.8404 0.5625 0.8526 0.5312 0.8506 0.5625 0.8404 0.5938 0.8425 0.5938 0.8562 0.5625 0.8526 0.3750 0.7500 0.4079 0.7402 0.4066 0.7612 0.3750 0.7658 0.4079 0.7402 0.4387 0.7359 0.4379 0.7578 0.4066 0.7612 0.4387 0.7359 0.4694 0.7336 0.4690 0.7558 0.4379 0.7578 0.4694 0.7336 0.5000 0.7329 0.5000 0.7552 0.4690 0.7558 0.5000 0.7329 0.5306 0.7336 0.5310 0.7558 0.5000 0.7552 0.5306 0.7336 0.5613 0.7359 0.5621 0.7578 0.5310 0.7558 0.5613 0.7359 0.5921 0.7402 0.5934 0.7612 0.5621 0.7578 0.5921 0.7402 0.6250 0.7500 0.6250 0.7658 0.5934 0.7612 0.5934 0.7612 0.6250 0.7658 0.6250 0.7817 0.5937 0.7792 0.5937 0.7792 0.6250 0.7817 0.6250 0.7975 0.5937 0.7960 0.5937 0.7960 0.6250 0.7975 0.6250 0.8134 0.5938 0.8121 0.5938 0.8121 0.6250 0.8134 0.6250 0.8292 0.5938 0.8277 0.5938 0.8277 0.6250 0.8292 0.6250 0.8451 0.5938 0.8425 0.5938 0.8425 0.6250 0.8451 0.6250 0.8609 0.5938 0.8562 0.5938 0.8562 0.6250 0.8609 0.6250 0.8768 0.5938 0.8668 0.5625 0.8526 0.5938 0.8562 0.5938 0.8668 0.5625 0.8623 0.5312 0.8506 0.5625 0.8526 0.5625 0.8623 0.5312 0.8599 0.5000 0.8500 0.5312 0.8506 0.5312 0.8599 0.5000 0.8592 0.4688 0.8506 0.5000 0.8500 0.5000 0.8592 0.4688 0.8599 0.4375 0.8526 0.4688 0.8506 0.4688 0.8599 0.4375 0.8623 0.4062 0.8562 0.4375 0.8526 0.4375 0.8623 0.4062 0.8668 0.3750 0.8609 0.4062 0.8562 0.4062 0.8668 0.3750 0.8768 0.3750 0.8451 0.4062 0.8425 0.4062 0.8562 0.3750 0.8609 0.3750 0.8292 0.4062 0.8277 0.4062 0.8425 0.3750 0.8451 0.3750 0.8134 0.4062 0.8121 0.4062 0.8277 0.3750 0.8292 0.3750 0.7975 0.4063 0.7960 0.4062 0.8121 0.3750 0.8134 0.3750 0.7817 0.4063 0.7792 0.4063 0.7960 0.3750 0.7975 0.3750 0.7658 0.4066 0.7612 0.4063 0.7792 0.3750 0.7817 0.6362 0.5316 0.6542 0.5313 0.6521 0.5626 0.6328 0.5629 0.6542 0.5313 0.6710 0.5313 0.6697 0.5625 0.6521 0.5626 0.6710 0.5313 0.6871 0.5312 0.6860 0.5625 0.6697 0.5625 0.6871 0.5312 0.7027 0.5312 0.7013 0.5625 0.6860 0.5625 0.7027 0.5312 0.7175 0.5312 0.7154 0.5625 0.7013 0.5625 0.7175 0.5312 0.7312 0.5312 0.7276 0.5625 0.7154 0.5625 0.6328 0.5629 0.6521 0.5626 0.6507 0.5938 0.6308 0.5940 0.6521 0.5626 0.6697 0.5625 0.6688 0.5938 0.6507 0.5938 0.6697 0.5625 0.6860 0.5625 0.6852 0.5938 0.6688 0.5938 0.6860 0.5625 0.7013 0.5625 0.7004 0.5938 0.6852 0.5938 0.7013 0.5625 0.7154 0.5625 0.7140 0.5938 0.7004 0.5938 0.7154 0.5625 0.7276 0.5625 0.7256 0.5938 0.7140 0.5938 0.6308 0.5940 0.6507 0.5938 0.6503 0.6250 0.6302 0.6250 0.6507 0.5938 0.6688 0.5938 0.6684 0.6250 0.6503 0.6250 0.6688 0.5938 0.6852 0.5938 0.6849 0.6250 0.6684 0.6250 0.6852 0.5938 0.7004 0.5938 0.7000 0.6250 0.6849 0.6250 0.7004 0.5938 0.7140 0.5938 0.7135 0.6250 0.7000 0.6250 0.7140 0.5938 0.7256 0.5938 0.7250 0.6250 0.7135 0.6250 0.6302 0.6250 0.6503 0.6250 0.6507 0.6562 0.6308 0.6560 0.6503 0.6250 0.6684 0.6250 0.6688 0.6562 0.6507 0.6562 0.6684 0.6250 0.6849 0.6250 0.6852 0.6562 0.6688 0.6562 0.6849 0.6250 0.7000 0.6250 0.7004 0.6562 0.6852 0.6562 0.7000 0.6250 0.7135 0.6250 0.7140 0.6562 0.7004 0.6562 0.7135 0.6250 0.7250 0.6250 0.7256 0.6562 0.7140 0.6562 0.6308 0.6560 0.6507 0.6562 0.6521 0.6874 0.6328 0.6871 0.6507 0.6562 0.6688 0.6562 0.6697 0.6875 0.6521 0.6874 0.6688 0.6562 0.6852 0.6562 0.6860 0.6875 0.6697 0.6875 0.6852 0.6562 0.7004 0.6562 0.7013 0.6875 0.6860 0.6875 0.7004 0.6562 0.7140 0.6562 0.7154 0.6875 0.7013 0.6875 0.7140 0.6562 0.7256 0.6562 0.7276 0.6875 0.7154 0.6875 0.6328 0.6871 0.6521 0.6874 0.6542 0.7187 0.6362 0.7184 0.6521 0.6874 0.6697 0.6875 0.6710 0.7187 0.6542 0.7187 0.6697 0.6875 0.6860 0.6875 0.6871 0.7188 0.6710 0.7187 0.6860 0.6875 0.7013 0.6875 0.7027 0.7188 0.6871 0.7188 0.7013 0.6875 0.7154 0.6875 0.7175 0.7188 0.7027 0.7188 0.7154 0.6875 0.7276 0.6875 0.7312 0.7188 0.7175 0.7188 0.6250 0.5000 0.6408 0.5000 0.6362 0.5316 0.6152 0.5329 0.6408 0.5000 0.6567 0.5000 0.6542 0.5313 0.6362 0.5316 0.6567 0.5000 0.6725 0.5000 0.6710 0.5313 0.6542 0.5313 0.6725 0.5000 0.6884 0.5000 0.6871 0.5312 0.6710 0.5313 0.6884 0.5000 0.7042 0.5000 0.7027 0.5312 0.6871 0.5312 0.7042 0.5000 0.7201 0.5000 0.7175 0.5312 0.7027 0.5312 0.7201 0.5000 0.7359 0.5000 0.7312 0.5312 0.7175 0.5312 0.7359 0.5000 0.7518 0.5000 0.7418 0.5312 0.7312 0.5312 0.7312 0.5312 0.7418 0.5312 0.7373 0.5625 0.7276 0.5625 0.7276 0.5625 0.7373 0.5625 0.7349 0.5938 0.7256 0.5938 0.7256 0.5938 0.7349 0.5938 0.7342 0.6250 0.7250 0.6250 0.7250 0.6250 0.7342 0.6250 0.7349 0.6562 0.7256 0.6562 0.7256 0.6562 0.7349 0.6562 0.7373 0.6875 0.7276 0.6875 0.7276 0.6875 0.7373 0.6875 0.7418 0.7188 0.7312 0.7188 0.7312 0.7188 0.7418 0.7188 0.7518 0.7500 0.7359 0.7500 0.7175 0.7188 0.7312 0.7188 0.7359 0.7500 0.7201 0.7500 0.7027 0.7188 0.7175 0.7188 0.7201 0.7500 0.7042 0.7500 0.6871 0.7188 0.7027 0.7188 0.7042 0.7500 0.6884 0.7500 0.6710 0.7187 0.6871 0.7188 0.6884 0.7500 0.6725 0.7500 0.6542 0.7187 0.6710 0.7187 0.6725 0.7500 0.6567 0.7500 0.6362 0.7184 0.6542 0.7187 0.6567 0.7500 0.6408 0.7500 0.6152 0.7171 0.6362 0.7184 0.6408 0.7500 0.6250 0.7500 0.6109 0.6863 0.6328 0.6871 0.6362 0.7184 0.6152 0.7171 0.6086 0.6556 0.6308 0.6560 0.6328 0.6871 0.6109 0.6863 0.6079 0.6250 0.6302 0.6250 0.6308 0.6560 0.6086 0.6556 0.6086 0.5944 0.6308 0.5940 0.6302 0.6250 0.6079 0.6250 0.6109 0.5637 0.6328 0.5629 0.6308 0.5940 0.6086 0.5944 0.6152 0.5329 0.6362 0.5316 0.6328 0.5629 0.6109 0.5637 0.1404 0.5312 0.1557 0.5312 0.1557 0.5625 0.1404 0.5625 0.1557 0.5312 0.1709 0.5312 0.1707 0.5625 0.1557 0.5625 0.1709 0.5312 0.1860 0.5312 0.1854 0.5625 0.1707 0.5625 0.1860 0.5312 0.2007 0.5312 0.1997 0.5625 0.1854 0.5625 0.2007 0.5312 0.2150 0.5312 0.2130 0.5625 0.1997 0.5625 0.2150 0.5312 0.2282 0.5312 0.2248 0.5625 0.2130 0.5625 0.1404 0.5625 0.1557 0.5625 0.1556 0.5938 0.1404 0.5938 0.1557 0.5625 0.1707 0.5625 0.1705 0.5938 0.1556 0.5938 0.1707 0.5625 0.1854 0.5625 0.1850 0.5938 0.1705 0.5938 0.1854 0.5625 0.1997 0.5625 0.1989 0.5938 0.1850 0.5938 0.1997 0.5625 0.2130 0.5625 0.2117 0.5938 0.1989 0.5938 0.2130 0.5625 0.2248 0.5625 0.2228 0.5938 0.2117 0.5938 0.1404 0.5938 0.1556 0.5938 0.1556 0.6250 0.1404 0.6250 0.1556 0.5938 0.1705 0.5938 0.1705 0.6250 0.1556 0.6250 0.1705 0.5938 0.1850 0.5938 0.1849 0.6250 0.1705 0.6250 0.1850 0.5938 0.1989 0.5938 0.1986 0.6250 0.1849 0.6250 0.1989 0.5938 0.2117 0.5938 0.2112 0.6250 0.1986 0.6250 0.2117 0.5938 0.2228 0.5938 0.2222 0.6250 0.2112 0.6250 0.1404 0.6250 0.1556 0.6250 0.1556 0.6562 0.1404 0.6562 0.1556 0.6250 0.1705 0.6250 0.1705 0.6562 0.1556 0.6562 0.1705 0.6250 0.1849 0.6250 0.1850 0.6562 0.1705 0.6562 0.1849 0.6250 0.1986 0.6250 0.1989 0.6562 0.1850 0.6562 0.1986 0.6250 0.2112 0.6250 0.2117 0.6562 0.1989 0.6562 0.2112 0.6250 0.2222 0.6250 0.2228 0.6562 0.2117 0.6562 0.1404 0.6562 0.1556 0.6562 0.1557 0.6875 0.1404 0.6875 0.1556 0.6562 0.1705 0.6562 0.1707 0.6875 0.1557 0.6875 0.1705 0.6562 0.1850 0.6562 0.1854 0.6875 0.1707 0.6875 0.1850 0.6562 0.1989 0.6562 0.1997 0.6875 0.1854 0.6875 0.1989 0.6562 0.2117 0.6562 0.2130 0.6875 0.1997 0.6875 0.2117 0.6562 0.2228 0.6562 0.2248 0.6875 0.2130 0.6875 0.1404 0.6875 0.1557 0.6875 0.1557 0.7188 0.1404 0.7188 0.1557 0.6875 0.1707 0.6875 0.1709 0.7188 0.1557 0.7188 0.1707 0.6875 0.1854 0.6875 0.1860 0.7188 0.1709 0.7188 0.1854 0.6875 0.1997 0.6875 0.2007 0.7188 0.1860 0.7188 0.1997 0.6875 0.2130 0.6875 0.2150 0.7188 0.2007 0.7188 0.2130 0.6875 0.2248 0.6875 0.2282 0.7188 0.2150 0.7188 0.1250 0.5000 0.1404 0.5000 0.1404 0.5312 0.1250 0.5312 0.1404 0.5000 0.1558 0.5000 0.1557 0.5312 0.1404 0.5312 0.1558 0.5000 0.1712 0.5000 0.1709 0.5312 0.1557 0.5312 0.1712 0.5000 0.1866 0.5000 0.1860 0.5312 0.1709 0.5312 0.1866 0.5000 0.2020 0.5000 0.2007 0.5312 0.1860 0.5312 0.2020 0.5000 0.2174 0.5000 0.2150 0.5312 0.2007 0.5312 0.2174 0.5000 0.2328 0.5000 0.2282 0.5312 0.2150 0.5312 0.2328 0.5000 0.2482 0.5000 0.2385 0.5312 0.2282 0.5312 0.2282 0.5312 0.2385 0.5312 0.2341 0.5625 0.2248 0.5625 0.2248 0.5625 0.2341 0.5625 0.2318 0.5938 0.2228 0.5938 0.2228 0.5938 0.2318 0.5938 0.2311 0.6250 0.2222 0.6250 0.2222 0.6250 0.2311 0.6250 0.2318 0.6562 0.2228 0.6562 0.2228 0.6562 0.2318 0.6562 0.2341 0.6875 0.2248 0.6875 0.2248 0.6875 0.2341 0.6875 0.2385 0.7188 0.2282 0.7188 0.2282 0.7188 0.2385 0.7188 0.2482 0.7500 0.2328 0.7500 0.2150 0.7188 0.2282 0.7188 0.2328 0.7500 0.2174 0.7500 0.2007 0.7188 0.2150 0.7188 0.2174 0.7500 0.2020 0.7500 0.1860 0.7188 0.2007 0.7188 0.2020 0.7500 0.1866 0.7500 0.1709 0.7188 0.1860 0.7188 0.1866 0.7500 0.1712 0.7500 0.1557 0.7188 0.1709 0.7188 0.1712 0.7500 0.1558 0.7500 0.1404 0.7188 0.1557 0.7188 0.1558 0.7500 0.1404 0.7500 0.1250 0.7188 0.1404 0.7188 0.1404 0.7500 0.1250 0.7500 0.1250 0.6875 0.1404 0.6875 0.1404 0.7188 0.1250 0.7188 0.1250 0.6562 0.1404 0.6562 0.1404 0.6875 0.1250 0.6875 0.1250 0.6250 0.1404 0.6250 0.1404 0.6562 0.1250 0.6562 0.1250 0.5938 0.1404 0.5938 0.1404 0.6250 0.1250 0.6250 0.1250 0.5625 0.1404 0.5625 0.1404 0.5938 0.1250 0.5938 0.1250 0.5312 0.1404 0.5312 0.1404 0.5625 0.1250 0.5625 0.4062 0.2606 0.4375 0.2571 0.4375 0.2761 0.4062 0.2782 0.4375 0.2571 0.4688 0.2551 0.4688 0.2747 0.4375 0.2761 0.4688 0.2551 0.5000 0.2545 0.5000 0.2742 0.4688 0.2747 0.5000 0.2545 0.5312 0.2551 0.5312 0.2747 0.5000 0.2742 0.5312 0.2551 0.5625 0.2571 0.5625 0.2761 0.5312 0.2747 0.5625 0.2571 0.5938 0.2606 0.5938 0.2782 0.5625 0.2761 0.4062 0.2782 0.4375 0.2761 0.4375 0.2933 0.4062 0.2946 0.4375 0.2761 0.4688 0.2747 0.4688 0.2923 0.4375 0.2933 0.4688 0.2747 0.5000 0.2742 0.5000 0.2920 0.4688 0.2923 0.5000 0.2742 0.5312 0.2747 0.5312 0.2923 0.5000 0.2920 0.5312 0.2747 0.5625 0.2761 0.5625 0.2933 0.5312 0.2923 0.5625 0.2761 0.5938 0.2782 0.5938 0.2946 0.5625 0.2933 0.4062 0.2946 0.4375 0.2933 0.4375 0.3092 0.4062 0.3103 0.4375 0.2933 0.4688 0.2923 0.4688 0.3084 0.4375 0.3092 0.4688 0.2923 0.5000 0.2920 0.5000 0.3081 0.4688 0.3084 0.5000 0.2920 0.5312 0.2923 0.5312 0.3084 0.5000 0.3081 0.5312 0.2923 0.5625 0.2933 0.5625 0.3092 0.5312 0.3084 0.5625 0.2933 0.5938 0.2946 0.5938 0.3103 0.5625 0.3092 0.4062 0.3103 0.4375 0.3092 0.4375 0.3241 0.4062 0.3255 0.4375 0.3092 0.4688 0.3084 0.4688 0.3232 0.4375 0.3241 0.4688 0.3084 0.5000 0.3081 0.5000 0.3229 0.4688 0.3232 0.5000 0.3081 0.5312 0.3084 0.5312 0.3232 0.5000 0.3229 0.5312 0.3084 0.5625 0.3092 0.5625 0.3241 0.5312 0.3232 0.5625 0.3092 0.5938 0.3103 0.5938 0.3255 0.5625 0.3241 0.4062 0.3255 0.4375 0.3241 0.4375 0.3378 0.4062 0.3399 0.4375 0.3241 0.4688 0.3232 0.4688 0.3365 0.4375 0.3378 0.4688 0.3232 0.5000 0.3229 0.5000 0.3360 0.4688 0.3365 0.5000 0.3229 0.5312 0.3232 0.5312 0.3365 0.5000 0.3360 0.5312 0.3232 0.5625 0.3241 0.5625 0.3378 0.5312 0.3365 0.5625 0.3241 0.5938 0.3255 0.5938 0.3399 0.5625 0.3378 0.4062 0.3399 0.4375 0.3378 0.4375 0.3498 0.4062 0.3532 0.4375 0.3378 0.4688 0.3365 0.4688 0.3478 0.4375 0.3498 0.4688 0.3365 0.5000 0.3360 0.5000 0.3472 0.4688 0.3478 0.5000 0.3360 0.5312 0.3365 0.5312 0.3478 0.5000 0.3472 0.5312 0.3365 0.5625 0.3378 0.5625 0.3498 0.5312 0.3478 0.5625 0.3378 0.5938 0.3399 0.5938 0.3532 0.5625 0.3498 0.3750 0.2500 0.4062 0.2400 0.4062 0.2606 0.3750 0.2654 0.4062 0.2400 0.4375 0.2355 0.4375 0.2571 0.4062 0.2606 0.4375 0.2355 0.4688 0.2331 0.4688 0.2551 0.4375 0.2571 0.4688 0.2331 0.5000 0.2324 0.5000 0.2545 0.4688 0.2551 0.5000 0.2324 0.5312 0.2331 0.5312 0.2551 0.5000 0.2545 0.5312 0.2331 0.5625 0.2355 0.5625 0.2571 0.5312 0.2551 0.5625 0.2355 0.5938 0.2400 0.5938 0.2606 0.5625 0.2571 0.5938 0.2400 0.6250 0.2500 0.6250 0.2654 0.5938 0.2606 0.5938 0.2606 0.6250 0.2654 0.6250 0.2808 0.5938 0.2782 0.5938 0.2782 0.6250 0.2808 0.6250 0.2962 0.5938 0.2946 0.5938 0.2946 0.6250 0.2962 0.6250 0.3116 0.5938 0.3103 0.5938 0.3103 0.6250 0.3116 0.6250 0.3270 0.5938 0.3255 0.5938 0.3255 0.6250 0.3270 0.6250 0.3424 0.5938 0.3399 0.5938 0.3399 0.6250 0.3424 0.6250 0.3578 0.5938 0.3532 0.5938 0.3532 0.6250 0.3578 0.6250 0.3732 0.5938 0.3635 0.5625 0.3498 0.5938 0.3532 0.5938 0.3635 0.5625 0.3591 0.5312 0.3478 0.5625 0.3498 0.5625 0.3591 0.5312 0.3568 0.5000 0.3472 0.5312 0.3478 0.5312 0.3568 0.5000 0.3561 0.4688 0.3478 0.5000 0.3472 0.5000 0.3561 0.4688 0.3568 0.4375 0.3498 0.4688 0.3478 0.4688 0.3568 0.4375 0.3591 0.4062 0.3532 0.4375 0.3498 0.4375 0.3591 0.4062 0.3635 0.3750 0.3578 0.4062 0.3532 0.4062 0.3635 0.3750 0.3732 0.3750 0.3424 0.4062 0.3399 0.4062 0.3532 0.3750 0.3578 0.3750 0.3270 0.4062 0.3255 0.4062 0.3399 0.3750 0.3424 0.3750 0.3116 0.4062 0.3103 0.4062 0.3255 0.3750 0.3270 0.3750 0.2962 0.4062 0.2946 0.4062 0.3103 0.3750 0.3116 0.3750 0.2808 0.4062 0.2782 0.4062 0.2946 0.3750 0.2962 0.3750 0.2654 0.4062 0.2606 0.4062 0.2782 0.3750 0.2808 0.4062 0.8721 0.4375 0.8685 0.4375 0.8724 0.4062 0.8744 0.4375 0.8685 0.4688 0.8665 0.4688 0.8711 0.4375 0.8724 0.4688 0.8665 0.5000 0.8659 0.5000 0.8706 0.4688 0.8711 0.5000 0.8659 0.5312 0.8665 0.5312 0.8711 0.5000 0.8706 0.5312 0.8665 0.5625 0.8685 0.5625 0.8724 0.5312 0.8711 0.5625 0.8685 0.5938 0.8721 0.5938 0.8744 0.5625 0.8724 0.4062 0.8744 0.4375 0.8724 0.4375 0.8749 0.4062 0.8757 0.4375 0.8724 0.4688 0.8711 0.4688 0.8742 0.4375 0.8749 0.4688 0.8711 0.5000 0.8706 0.5000 0.8740 0.4688 0.8742 0.5000 0.8706 0.5312 0.8711 0.5312 0.8742 0.5000 0.8740 0.5312 0.8711 0.5625 0.8724 0.5625 0.8749 0.5312 0.8742 0.5625 0.8724 0.5938 0.8744 0.5938 0.8757 0.5625 0.8749 0.4062 0.8757 0.4375 0.8749 0.4375 0.8768 0.4062 0.8768 0.4375 0.8749 0.4688 0.8742 0.4688 0.8767 0.4375 0.8768 0.4688 0.8742 0.5000 0.8740 0.5000 0.8767 0.4688 0.8767 0.5000 0.8740 0.5312 0.8742 0.5312 0.8767 0.5000 0.8767 0.5312 0.8742 0.5625 0.8749 0.5625 0.8768 0.5312 0.8767 0.5625 0.8749 0.5938 0.8757 0.5938 0.8768 0.5625 0.8768 0.4062 0.8768 0.4375 0.8768 0.4375 0.8786 0.4062 0.8778 0.4375 0.8768 0.4688 0.8767 0.4688 0.8792 0.4375 0.8786 0.4688 0.8767 0.5000 0.8767 0.5000 0.8794 0.4688 0.8792 0.5000 0.8767 0.5312 0.8767 0.5312 0.8792 0.5000 0.8794 0.5312 0.8767 0.5625 0.8768 0.5625 0.8786 0.5312 0.8792 0.5625 0.8768 0.5938 0.8768 0.5938 0.8778 0.5625 0.8786 0.4062 0.8778 0.4375 0.8786 0.4375 0.8811 0.4062 0.8791 0.4375 0.8786 0.4688 0.8792 0.4688 0.8823 0.4375 0.8811 0.4688 0.8792 0.5000 0.8794 0.5000 0.8828 0.4688 0.8823 0.5000 0.8794 0.5312 0.8792 0.5312 0.8823 0.5000 0.8828 0.5312 0.8792 0.5625 0.8786 0.5625 0.8811 0.5312 0.8823 0.5625 0.8786 0.5938 0.8778 0.5938 0.8791 0.5625 0.8811 0.4062 0.8791 0.4375 0.8811 0.4375 0.8848 0.4062 0.8814 0.4375 0.8811 0.4688 0.8823 0.4688 0.8868 0.4375 0.8848 0.4688 0.8823 0.5000 0.8828 0.5000 0.8874 0.4688 0.8868 0.5000 0.8828 0.5312 0.8823 0.5312 0.8868 0.5000 0.8874 0.5312 0.8823 0.5625 0.8811 0.5625 0.8848 0.5312 0.8868 0.5625 0.8811 0.5938 0.8791 0.5938 0.8814 0.5625 0.8848 0.3750 0.8768 0.4062 0.8668 0.4062 0.8721 0.3750 0.8768 0.4062 0.8668 0.4375 0.8623 0.4375 0.8685 0.4062 0.8721 0.4375 0.8623 0.4688 0.8599 0.4688 0.8665 0.4375 0.8685 0.4688 0.8599 0.5000 0.8592 0.5000 0.8659 0.4688 0.8665 0.5000 0.8592 0.5312 0.8599 0.5312 0.8665 0.5000 0.8659 0.5312 0.8599 0.5625 0.8623 0.5625 0.8685 0.5312 0.8665 0.5625 0.8623 0.5938 0.8668 0.5938 0.8721 0.5625 0.8685 0.5938 0.8668 0.6250 0.8768 0.6250 0.8768 0.5938 0.8721 0.5938 0.8721 0.6250 0.8768 0.6250 0.8768 0.5938 0.8744 0.5938 0.8744 0.6250 0.8768 0.6250 0.8768 0.5938 0.8757 0.5938 0.8757 0.6250 0.8768 0.6250 0.8768 0.5938 0.8768 0.5938 0.8768 0.6250 0.8768 0.6250 0.8768 0.5938 0.8778 0.5938 0.8778 0.6250 0.8768 0.6250 0.8768 0.5938 0.8791 0.5938 0.8791 0.6250 0.8768 0.6250 0.8768 0.5938 0.8814 0.5938 0.8814 0.6250 0.8768 0.6250 0.8768 0.5938 0.8865 0.5625 0.8848 0.5938 0.8814 0.5938 0.8865 0.5625 0.8909 0.5312 0.8868 0.5625 0.8848 0.5625 0.8909 0.5312 0.8932 0.5000 0.8874 0.5312 0.8868 0.5312 0.8932 0.5000 0.8939 0.4688 0.8868 0.5000 0.8874 0.5000 0.8939 0.4688 0.8932 0.4375 0.8848 0.4688 0.8868 0.4688 0.8932 0.4375 0.8909 0.4062 0.8814 0.4375 0.8848 0.4375 0.8909 0.4062 0.8865 0.3750 0.8768 0.4062 0.8814 0.4062 0.8865 0.3750 0.8768 0.3750 0.8768 0.4062 0.8791 0.4062 0.8814 0.3750 0.8768 0.3750 0.8768 0.4062 0.8778 0.4062 0.8791 0.3750 0.8768 0.3750 0.8768 0.4062 0.8768 0.4062 0.8778 0.3750 0.8768 0.3750 0.8768 0.4062 0.8757 0.4062 0.8768 0.3750 0.8768 0.3750 0.8768 0.4062 0.8744 0.4062 0.8757 0.3750 0.8768 0.3750 0.8768 0.4062 0.8721 0.4062 0.8744 0.3750 0.8768 0.7471 0.5312 0.7494 0.5312 0.7474 0.5625 0.7435 0.5625 0.7494 0.5312 0.7507 0.5312 0.7499 0.5625 0.7474 0.5625 0.7507 0.5312 0.7518 0.5312 0.7518 0.5625 0.7499 0.5625 0.7518 0.5312 0.7528 0.5312 0.7536 0.5625 0.7518 0.5625 0.7528 0.5312 0.7541 0.5312 0.7561 0.5625 0.7536 0.5625 0.7541 0.5312 0.7564 0.5312 0.7598 0.5625 0.7561 0.5625 0.7435 0.5625 0.7474 0.5625 0.7461 0.5938 0.7415 0.5938 0.7474 0.5625 0.7499 0.5625 0.7492 0.5938 0.7461 0.5938 0.7499 0.5625 0.7518 0.5625 0.7517 0.5938 0.7492 0.5938 0.7518 0.5625 0.7536 0.5625 0.7542 0.5938 0.7517 0.5938 0.7536 0.5625 0.7561 0.5625 0.7573 0.5938 0.7542 0.5938 0.7561 0.5625 0.7598 0.5625 0.7618 0.5938 0.7573 0.5938 0.7415 0.5938 0.7461 0.5938 0.7456 0.6250 0.7409 0.6250 0.7461 0.5938 0.7492 0.5938 0.7490 0.6250 0.7456 0.6250 0.7492 0.5938 0.7517 0.5938 0.7517 0.6250 0.7490 0.6250 0.7517 0.5938 0.7542 0.5938 0.7544 0.6250 0.7517 0.6250 0.7542 0.5938 0.7573 0.5938 0.7578 0.6250 0.7544 0.6250 0.7573 0.5938 0.7618 0.5938 0.7624 0.6250 0.7578 0.6250 0.7409 0.6250 0.7456 0.6250 0.7461 0.6562 0.7415 0.6562 0.7456 0.6250 0.7490 0.6250 0.7492 0.6562 0.7461 0.6562 0.7490 0.6250 0.7517 0.6250 0.7517 0.6562 0.7492 0.6562 0.7517 0.6250 0.7544 0.6250 0.7542 0.6562 0.7517 0.6562 0.7544 0.6250 0.7578 0.6250 0.7573 0.6562 0.7542 0.6562 0.7578 0.6250 0.7624 0.6250 0.7618 0.6562 0.7573 0.6562 0.7415 0.6562 0.7461 0.6562 0.7474 0.6875 0.7435 0.6875 0.7461 0.6562 0.7492 0.6562 0.7499 0.6875 0.7474 0.6875 0.7492 0.6562 0.7517 0.6562 0.7518 0.6875 0.7499 0.6875 0.7517 0.6562 0.7542 0.6562 0.7536 0.6875 0.7518 0.6875 0.7542 0.6562 0.7573 0.6562 0.7561 0.6875 0.7536 0.6875 0.7573 0.6562 0.7618 0.6562 0.7598 0.6875 0.7561 0.6875 0.7435 0.6875 0.7474 0.6875 0.7494 0.7188 0.7471 0.7188 0.7474 0.6875 0.7499 0.6875 0.7507 0.7188 0.7494 0.7188 0.7499 0.6875 0.7518 0.6875 0.7518 0.7188 0.7507 0.7188 0.7518 0.6875 0.7536 0.6875 0.7528 0.7188 0.7518 0.7188 0.7536 0.6875 0.7561 0.6875 0.7541 0.7188 0.7528 0.7188 0.7561 0.6875 0.7598 0.6875 0.7564 0.7188 0.7541 0.7188 0.7518 0.5000 0.7518 0.5000 0.7471 0.5312 0.7418 0.5312 0.7518 0.5000 0.7518 0.5000 0.7494 0.5312 0.7471 0.5312 0.7518 0.5000 0.7518 0.5000 0.7507 0.5312 0.7494 0.5312 0.7518 0.5000 0.7518 0.5000 0.7518 0.5312 0.7507 0.5312 0.7518 0.5000 0.7518 0.5000 0.7528 0.5312 0.7518 0.5312 0.7518 0.5000 0.7518 0.5000 0.7541 0.5312 0.7528 0.5312 0.7518 0.5000 0.7518 0.5000 0.7564 0.5312 0.7541 0.5312 0.7518 0.5000 0.7518 0.5000 0.7615 0.5312 0.7564 0.5312 0.7564 0.5312 0.7615 0.5312 0.7659 0.5625 0.7598 0.5625 0.7598 0.5625 0.7659 0.5625 0.7682 0.5938 0.7618 0.5938 0.7618 0.5938 0.7682 0.5938 0.7689 0.6250 0.7624 0.6250 0.7624 0.6250 0.7689 0.6250 0.7682 0.6562 0.7618 0.6562 0.7618 0.6562 0.7682 0.6562 0.7659 0.6875 0.7598 0.6875 0.7598 0.6875 0.7659 0.6875 0.7615 0.7188 0.7564 0.7188 0.7564 0.7188 0.7615 0.7188 0.7518 0.7500 0.7518 0.7500 0.7541 0.7188 0.7564 0.7188 0.7518 0.7500 0.7518 0.7500 0.7528 0.7188 0.7541 0.7188 0.7518 0.7500 0.7518 0.7500 0.7518 0.7188 0.7528 0.7188 0.7518 0.7500 0.7518 0.7500 0.7507 0.7188 0.7518 0.7188 0.7518 0.7500 0.7518 0.7500 0.7494 0.7188 0.7507 0.7188 0.7518 0.7500 0.7518 0.7500 0.7471 0.7188 0.7494 0.7188 0.7518 0.7500 0.7518 0.7500 0.7418 0.7188 0.7471 0.7188 0.7518 0.7500 0.7518 0.7500 0.7373 0.6875 0.7435 0.6875 0.7471 0.7188 0.7418 0.7188 0.7349 0.6562 0.7415 0.6562 0.7435 0.6875 0.7373 0.6875 0.7342 0.6250 0.7409 0.6250 0.7415 0.6562 0.7349 0.6562 0.7349 0.5938 0.7415 0.5938 0.7409 0.6250 0.7342 0.6250 0.7373 0.5625 0.7435 0.5625 0.7415 0.5938 0.7349 0.5938 0.7418 0.5312 0.7471 0.5312 0.7435 0.5625 0.7373 0.5625 " />
						</IndexedFaceSet>
					</Shape>
				</Group>
			</Transform>
		</Transform>
		<Transform DEF="Shape_IndexedFaceSet_001_TRANSFORM"
		           translation="0.000000 0.000000 0.000000"
		           scale="1.000000 1.000000 1.000000"
		           rotation="-0.000000 0.000000 0.000000 0.000000"
		           >
			<Transform DEF="Shape_IndexedFaceSet_001_ifs_TRANSFORM"
			           translation="0.000000 0.000000 0.000000"
			           scale="1.000000 1.000000 1.000000"
			           rotation="0.000000 1.000000 0.000000 0.000000"
			           >
				<Group DEF="group_ME_Shape_IndexedFaceSet_001">
					<Shape>
						<Appearance>
							<Material USE="MA_MA_Material_001" />
						</Appearance>
						<IndexedFaceSet solid="false"
						                texCoordIndex="0 1 2 3 -1 4 5 6 7 -1 8 9 10 11 -1 12 13 14 15 -1 16 17 18 19 -1 20 21 22 23 -1 24 25 26 27 -1 28 29 30 31 -1 32 33 34 35 -1 36 37 38 39 -1 40 41 42 43 -1 44 45 46 47 -1 48 49 50 51 -1 52 53 54 55 -1 56 57 58 59 -1 60 61 62 63 -1 64 65 66 67 -1 68 69 70 71 -1 72 73 74 75 -1 76 77 78 79 -1 80 81 82 83 -1 84 85 86 87 -1 88 89 90 91 -1 92 93 94 95 -1 96 97 98 99 -1 100 101 102 103 -1 104 105 106 107 -1 108 109 110 111 -1 112 113 114 115 -1 116 117 118 119 -1 120 121 122 123 -1 124 125 126 127 -1 128 129 130 131 -1 132 133 134 135 -1 136 137 138 139 -1 140 141 142 143 -1 144 145 146 147 -1 148 149 150 151 -1 152 153 154 155 -1 156 157 158 159 -1 160 161 162 163 -1 164 165 166 167 -1 168 169 170 171 -1 172 173 174 175 -1 176 177 178 179 -1 180 181 182 183 -1 184 185 186 187 -1 188 189 190 191 -1 192 193 194 195 -1 196 197 198 199 -1 200 201 202 203 -1 204 205 206 207 -1 208 209 210 211 -1 212 213 214 215 -1 216 217 218 219 -1 220 221 222 223 -1 224 225 226 227 -1 228 229 230 231 -1 232 233 234 235 -1 236 237 238 239 -1 240 241 242 243 -1 244 245 246 247 -1 248 249 250 251 -1 252 253 254 255 -1 256 257 258 259 -1 260 261 262 263 -1 264 265 266 267 -1 268 269 270 271 -1 272 273 274 275 -1 276 277 278 279 -1 280 281 282 283 -1 284 285 286 287 -1 288 289 290 291 -1 292 293 294 295 -1 296 297 298 299 -1 300 301 302 303 -1 304 305 306 307 -1 308 309 310 311 -1 312 313 314 315 -1 316 317 318 319 -1 320 321 322 323 -1 324 325 326 327 -1 328 329 330 331 -1 332 333 334 335 -1 336 337 338 339 -1 340 341 342 343 -1 344 345 346 347 -1 348 349 350 351 -1 352 353 354 355 -1 356 357 358 359 -1 360 361 362 363 -1 364 365 366 367 -1 368 369 370 371 -1 372 373 374 375 -1 376 377 378 379 -1 380 381 382 383 -1 384 385 386 387 -1 388 389 390 391 -1 392 393 394 395 -1 396 397 398 399 -1 400 401 402 403 -1 404 405 406 407 -1 408 409 410 411 -1 412 413 414 415 -1 416 417 418 419 -1 420 421 422 423 -1 424 425 426 427 -1 428 429 430 431 -1 432 433 434 435 -1 436 437 438 439 -1 440 441 442 443 -1 444 445 446 447 -1 448 449 450 451 -1 452 453 454 455 -1 456 457 458 459 -1 460 461 462 463 -1 464 465 466 467 -1 468 469 470 471 -1 472 473 474 475 -1 476 477 478 479 -1 480 481 482 483 -1 484 485 486 487 -1 488 489 490 491 -1 492 493 494 495 -1 496 497 498 499 -1 500 501 502 503 -1 504 505 506 507 -1 508 509 510 511 -1 512 513 514 515 -1 516 517 518 519 -1 520 521 522 523 -1 524 525 526 527 -1 528 529 530 531 -1 532 533 534 535 -1 536 537 538 539 -1 540 541 542 543 -1 544 545 546 547 -1 548 549 550 551 -1 552 553 554 555 -1 556 557 558 559 -1 560 561 562 563 -1 564 565 566 567 -1 568 569 570 571 -1 572 573 574 575 -1 576 577 578 579 -1 580 581 582 583 -1 584 585 586 587 -1 588 589 590 591 -1 592 593 594 595 -1 596 597 598 599 -1 600 601 602 603 -1 604 605 606 607 -1 608 609 610 611 -1 612 613 614 615 -1 616 617 618 619 -1 620 621 622 623 -1 624 625 626 627 -1 628 629 630 631 -1 632 633 634 635 -1 636 637 638 639 -1 640 641 642 643 -1 644 645 646 647 -1 648 649 650 651 -1 652 653 654 655 -1 656 657 658 659 -1 660 661 662 663 -1 664 665 666 667 -1 668 669 670 671 -1 672 673 674 675 -1 676 677 678 679 -1 680 681 682 683 -1 684 685 686 687 -1 688 689 690 691 -1 692 693 694 695 -1 696 697 698 699 -1 700 701 702 703 -1 704 705 706 707 -1 708 709 710 711 -1 712 713 714 715 -1 716 717 718 719 -1 720 721 722 723 -1 724 725 726 727 -1 728 729 730 731 -1 732 733 734 735 -1 736 737 738 739 -1 740 741 742 743 -1 744 745 746 747 -1 748 749 750 751 -1 752 753 754 755 -1 756 757 758 759 -1 760 761 762 763 -1 764 765 766 767 -1 768 769 770 771 -1 772 773 774 775 -1 776 777 778 779 -1 780 781 782 783 -1 784 785 786 787 -1 788 789 790 791 -1 792 793 794 795 -1 796 797 798 799 -1 800 801 802 803 -1 804 805 806 807 -1 808 809 810 811 -1 812 813 814 815 -1 816 817 818 819 -1 820 821 822 823 -1 824 825 826 827 -1 828 829 830 831 -1 832 833 834 835 -1 836 837 838 839 -1 840 841 842 843 -1 844 845 846 847 -1 848 849 850 851 -1 852 853 854 855 -1 856 857 858 859 -1 860 861 862 863 -1 864 865 866 867 -1 868 869 870 871 -1 872 873 874 875 -1 876 877 878 879 -1 880 881 882 883 -1 884 885 886 887 -1 888 889 890 891 -1 892 893 894 895 -1 896 897 898 899 -1 900 901 902 903 -1 904 905 906 907 -1 908 909 910 911 -1 912 913 914 915 -1 916 917 918 919 -1 920 921 922 923 -1 924 925 926 927 -1 928 929 930 931 -1 932 933 934 935 -1 936 937 938 939 -1 940 941 942 943 -1 944 945 946 947 -1 948 949 950 951 -1 952 953 954 955 -1 956 957 958 959 -1 960 961 962 963 -1 964 965 966 967 -1 968 969 970 971 -1 972 973 974 975 -1 976 977 978 979 -1 980 981 982 983 -1 984 985 986 987 -1 988 989 990 991 -1 992 993 994 995 -1 996 997 998 999 -1 1000 1001 1002 1003 -1 1004 1005 1006 1007 -1 1008 1009 1010 1011 -1 1012 1013 1014 1015 -1 1016 1017 1018 1019 -1 1020 1021 1022 1023 -1 1024 1025 1026 1027 -1 1028 1029 1030 1031 -1 1032 1033 1034 1035 -1 1036 1037 1038 1039 -1 1040 1041 1042 1043 -1 1044 1045 1046 1047 -1 1048 1049 1050 1051 -1 1052 1053 1054 1055 -1 1056 1057 1058 1059 -1 1060 1061 1062 1063 -1 1064 1065 1066 1067 -1 1068 1069 1070 1071 -1 1072 1073 1074 1075 -1 1076 1077 1078 1079 -1 1080 1081 1082 1083 -1 1084 1085 1086 1087 -1 1088 1089 1090 1091 -1 1092 1093 1094 1095 -1 1096 1097 1098 1099 -1 1100 1101 1102 1103 -1 1104 1105 1106 1107 -1 1108 1109 1110 1111 -1 1112 1113 1114 1115 -1 1116 1117 1118 1119 -1 1120 1121 1122 1123 -1 1124 1125 1126 1127 -1 1128 1129 1130 1131 -1 1132 1133 1134 1135 -1 1136 1137 1138 1139 -1 1140 1141 1142 1143 -1 1144 1145 1146 1147 -1 1148 1149 1150 1151 -1 1152 1153 1154 1155 -1 1156 1157 1158 1159 -1 1160 1161 1162 1163 -1 1164 1165 1166 1167 -1 1168 1169 1170 1171 -1 1172 1173 1174 1175 -1 1176 1177 1178 1179 -1 1180 1181 1182 1183 -1 1184 1185 1186 1187 -1 1188 1189 1190 1191 -1 1192 1193 1194 1195 -1 1196 1197 1198 1199 -1 1200 1201 1202 1203 -1 1204 1205 1206 1207 -1 1208 1209 1210 1211 -1 1212 1213 1214 1215 -1 1216 1217 1218 1219 -1 1220 1221 1222 1223 -1 1224 1225 1226 1227 -1 1228 1229 1230 1231 -1 1232 1233 1234 1235 -1 1236 1237 1238 1239 -1 1240 1241 1242 1243 -1 1244 1245 1246 1247 -1 1248 1249 1250 1251 -1 1252 1253 1254 1255 -1 1256 1257 1258 1259 -1 1260 1261 1262 1263 -1 1264 1265 1266 1267 -1 1268 1269 1270 1271 -1 1272 1273 1274 1275 -1 1276 1277 1278 1279 -1 1280 1281 1282 1283 -1 1284 1285 1286 1287 -1 1288 1289 1290 1291 -1 1292 1293 1294 1295 -1 1296 1297 1298 1299 -1 1300 1301 1302 1303 -1 1304 1305 1306 1307 -1 1308 1309 1310 1311 -1 1312 1313 1314 1315 -1 1316 1317 1318 1319 -1 1320 1321 1322 1323 -1 1324 1325 1326 1327 -1 1328 1329 1330 1331 -1 1332 1333 1334 1335 -1 1336 1337 1338 1339 -1 1340 1341 1342 1343 -1 1344 1345 1346 1347 -1 1348 1349 1350 1351 -1 1352 1353 1354 1355 -1 1356 1357 1358 1359 -1 1360 1361 1362 1363 -1 1364 1365 1366 1367 -1 1368 1369 1370 1371 -1 1372 1373 1374 1375 -1 1376 1377 1378 1379 -1 1380 1381 1382 1383 -1 1384 1385 1386 1387 -1 1388 1389 1390 1391 -1 1392 1393 1394 1395 -1 1396 1397 1398 1399 -1 1400 1401 1402 1403 -1 1404 1405 1406 1407 -1 1408 1409 1410 1411 -1 1412 1413 1414 1415 -1 1416 1417 1418 1419 -1 1420 1421 1422 1423 -1 1424 1425 1426 1427 -1 1428 1429 1430 1431 -1 1432 1433 1434 1435 -1 1436 1437 1438 1439 -1 1440 1441 1442 1443 -1 1444 1445 1446 1447 -1 1448 1449 1450 1451 -1 1452 1453 1454 1455 -1 1456 1457 1458 1459 -1 1460 1461 1462 1463 -1 1464 1465 1466 1467 -1 1468 1469 1470 1471 -1 1472 1473 1474 1475 -1 1476 1477 1478 1479 -1 1480 1481 1482 1483 -1 1484 1485 1486 1487 -1 1488 1489 1490 1491 -1 1492 1493 1494 1495 -1 1496 1497 1498 1499 -1 1500 1501 1502 1503 -1 1504 1505 1506 1507 -1 1508 1509 1510 1511 -1 1512 1513 1514 1515 -1 1516 1517 1518 1519 -1 1520 1521 1522 1523 -1 1524 1525 1526 1527 -1 1528 1529 1530 1531 -1 1532 1533 1534 1535 -1 "
						                coordIndex="92 93 100 99 -1 93 94 101 100 -1 94 95 102 101 -1 95 96 103 102 -1 96 97 104 103 -1 97 98 105 104 -1 99 100 107 106 -1 100 101 108 107 -1 101 102 109 108 -1 102 103 110 109 -1 103 104 111 110 -1 104 105 112 111 -1 106 107 114 113 -1 107 108 115 114 -1 108 109 116 115 -1 109 110 117 116 -1 110 111 118 117 -1 111 112 119 118 -1 113 114 121 120 -1 114 115 122 121 -1 115 116 123 122 -1 116 117 124 123 -1 117 118 125 124 -1 118 119 126 125 -1 120 121 128 127 -1 121 122 129 128 -1 122 123 130 129 -1 123 124 131 130 -1 124 125 132 131 -1 125 126 133 132 -1 127 128 135 134 -1 128 129 136 135 -1 129 130 137 136 -1 130 131 138 137 -1 131 132 139 138 -1 132 133 140 139 -1 0 15 92 14 -1 15 16 93 92 -1 16 17 94 93 -1 17 18 95 94 -1 18 19 96 95 -1 19 20 97 96 -1 20 21 98 97 -1 21 1 22 98 -1 98 22 23 105 -1 105 23 24 112 -1 112 24 25 119 -1 119 25 26 126 -1 126 26 27 133 -1 133 27 28 140 -1 140 28 3 29 -1 139 140 29 30 -1 138 139 30 31 -1 137 138 31 32 -1 136 137 32 33 -1 135 136 33 34 -1 134 135 34 35 -1 8 134 35 2 -1 9 127 134 8 -1 10 120 127 9 -1 11 113 120 10 -1 12 106 113 11 -1 13 99 106 12 -1 14 92 99 13 -1 141 142 149 148 -1 142 143 150 149 -1 143 144 151 150 -1 144 145 152 151 -1 145 146 153 152 -1 146 147 154 153 -1 148 149 156 155 -1 149 150 157 156 -1 150 151 158 157 -1 151 152 159 158 -1 152 153 160 159 -1 153 154 161 160 -1 155 156 163 162 -1 156 157 164 163 -1 157 158 165 164 -1 158 159 166 165 -1 159 160 167 166 -1 160 161 168 167 -1 162 163 170 169 -1 163 164 171 170 -1 164 165 172 171 -1 165 166 173 172 -1 166 167 174 173 -1 167 168 175 174 -1 169 170 177 176 -1 170 171 178 177 -1 171 172 179 178 -1 172 173 180 179 -1 173 174 181 180 -1 174 175 182 181 -1 176 177 184 183 -1 177 178 185 184 -1 178 179 186 185 -1 179 180 187 186 -1 180 181 188 187 -1 181 182 189 188 -1 2 35 141 42 -1 35 34 142 141 -1 34 33 143 142 -1 33 32 144 143 -1 32 31 145 144 -1 31 30 146 145 -1 30 29 147 146 -1 29 3 43 147 -1 147 43 44 154 -1 154 44 45 161 -1 161 45 46 168 -1 168 46 47 175 -1 175 47 48 182 -1 182 48 49 189 -1 189 49 7 50 -1 188 189 50 51 -1 187 188 51 52 -1 186 187 52 53 -1 185 186 53 54 -1 184 185 54 55 -1 183 184 55 56 -1 36 183 56 6 -1 37 176 183 36 -1 38 169 176 37 -1 39 162 169 38 -1 40 155 162 39 -1 41 148 155 40 -1 42 141 148 41 -1 190 191 198 197 -1 191 192 199 198 -1 192 193 200 199 -1 193 194 201 200 -1 194 195 202 201 -1 195 196 203 202 -1 197 198 205 204 -1 198 199 206 205 -1 199 200 207 206 -1 200 201 208 207 -1 201 202 209 208 -1 202 203 210 209 -1 204 205 212 211 -1 205 206 213 212 -1 206 207 214 213 -1 207 208 215 214 -1 208 209 216 215 -1 209 210 217 216 -1 211 212 219 218 -1 212 213 220 219 -1 213 214 221 220 -1 214 215 222 221 -1 215 216 223 222 -1 216 217 224 223 -1 218 219 226 225 -1 219 220 227 226 -1 220 221 228 227 -1 221 222 229 228 -1 222 223 230 229 -1 223 224 231 230 -1 225 226 233 232 -1 226 227 234 233 -1 227 228 235 234 -1 228 229 236 235 -1 229 230 237 236 -1 230 231 238 237 -1 6 56 190 63 -1 56 55 191 190 -1 55 54 192 191 -1 54 53 193 192 -1 53 52 194 193 -1 52 51 195 194 -1 51 50 196 195 -1 50 7 64 196 -1 196 64 65 203 -1 203 65 66 210 -1 210 66 67 217 -1 217 67 68 224 -1 224 68 69 231 -1 231 69 70 238 -1 238 70 5 71 -1 237 238 71 72 -1 236 237 72 73 -1 235 236 73 74 -1 234 235 74 75 -1 233 234 75 76 -1 232 233 76 77 -1 57 232 77 4 -1 58 225 232 57 -1 59 218 225 58 -1 60 211 218 59 -1 61 204 211 60 -1 62 197 204 61 -1 63 190 197 62 -1 239 240 247 246 -1 240 241 248 247 -1 241 242 249 248 -1 242 243 250 249 -1 243 244 251 250 -1 244 245 252 251 -1 246 247 254 253 -1 247 248 255 254 -1 248 249 256 255 -1 249 250 257 256 -1 250 251 258 257 -1 251 252 259 258 -1 253 254 261 260 -1 254 255 262 261 -1 255 256 263 262 -1 256 257 264 263 -1 257 258 265 264 -1 258 259 266 265 -1 260 261 268 267 -1 261 262 269 268 -1 262 263 270 269 -1 263 264 271 270 -1 264 265 272 271 -1 265 266 273 272 -1 267 268 275 274 -1 268 269 276 275 -1 269 270 277 276 -1 270 271 278 277 -1 271 272 279 278 -1 272 273 280 279 -1 274 275 282 281 -1 275 276 283 282 -1 276 277 284 283 -1 277 278 285 284 -1 278 279 286 285 -1 279 280 287 286 -1 4 77 239 84 -1 77 76 240 239 -1 76 75 241 240 -1 75 74 242 241 -1 74 73 243 242 -1 73 72 244 243 -1 72 71 245 244 -1 71 5 85 245 -1 245 85 86 252 -1 252 86 87 259 -1 259 87 88 266 -1 266 88 89 273 -1 273 89 90 280 -1 280 90 91 287 -1 287 91 1 21 -1 286 287 21 20 -1 285 286 20 19 -1 284 285 19 18 -1 283 284 18 17 -1 282 283 17 16 -1 281 282 16 15 -1 78 281 15 0 -1 79 274 281 78 -1 80 267 274 79 -1 81 260 267 80 -1 82 253 260 81 -1 83 246 253 82 -1 84 239 246 83 -1 288 289 296 295 -1 289 290 297 296 -1 290 291 298 297 -1 291 292 299 298 -1 292 293 300 299 -1 293 294 301 300 -1 295 296 303 302 -1 296 297 304 303 -1 297 298 305 304 -1 298 299 306 305 -1 299 300 307 306 -1 300 301 308 307 -1 302 303 310 309 -1 303 304 311 310 -1 304 305 312 311 -1 305 306 313 312 -1 306 307 314 313 -1 307 308 315 314 -1 309 310 317 316 -1 310 311 318 317 -1 311 312 319 318 -1 312 313 320 319 -1 313 314 321 320 -1 314 315 322 321 -1 316 317 324 323 -1 317 318 325 324 -1 318 319 326 325 -1 319 320 327 326 -1 320 321 328 327 -1 321 322 329 328 -1 323 324 331 330 -1 324 325 332 331 -1 325 326 333 332 -1 326 327 334 333 -1 327 328 335 334 -1 328 329 336 335 -1 2 42 288 8 -1 42 41 289 288 -1 41 40 290 289 -1 40 39 291 290 -1 39 38 292 291 -1 38 37 293 292 -1 37 36 294 293 -1 36 6 63 294 -1 294 63 62 301 -1 301 62 61 308 -1 308 61 60 315 -1 315 60 59 322 -1 322 59 58 329 -1 329 58 57 336 -1 336 57 4 84 -1 335 336 84 83 -1 334 335 83 82 -1 333 334 82 81 -1 332 333 81 80 -1 331 332 80 79 -1 330 331 79 78 -1 14 330 78 0 -1 13 323 330 14 -1 12 316 323 13 -1 11 309 316 12 -1 10 302 309 11 -1 9 295 302 10 -1 8 288 295 9 -1 337 338 345 344 -1 338 339 346 345 -1 339 340 347 346 -1 340 341 348 347 -1 341 342 349 348 -1 342 343 350 349 -1 344 345 352 351 -1 345 346 353 352 -1 346 347 354 353 -1 347 348 355 354 -1 348 349 356 355 -1 349 350 357 356 -1 351 352 359 358 -1 352 353 360 359 -1 353 354 361 360 -1 354 355 362 361 -1 355 356 363 362 -1 356 357 364 363 -1 358 359 366 365 -1 359 360 367 366 -1 360 361 368 367 -1 361 362 369 368 -1 362 363 370 369 -1 363 364 371 370 -1 365 366 373 372 -1 366 367 374 373 -1 367 368 375 374 -1 368 369 376 375 -1 369 370 377 376 -1 370 371 378 377 -1 372 373 380 379 -1 373 374 381 380 -1 374 375 382 381 -1 375 376 383 382 -1 376 377 384 383 -1 377 378 385 384 -1 7 49 337 64 -1 49 48 338 337 -1 48 47 339 338 -1 47 46 340 339 -1 46 45 341 340 -1 45 44 342 341 -1 44 43 343 342 -1 43 3 28 343 -1 343 28 27 350 -1 350 27 26 357 -1 357 26 25 364 -1 364 25 24 371 -1 371 24 23 378 -1 378 23 22 385 -1 385 22 1 91 -1 384 385 91 90 -1 383 384 90 89 -1 382 383 89 88 -1 381 382 88 87 -1 380 381 87 86 -1 379 380 86 85 -1 70 379 85 5 -1 69 372 379 70 -1 68 365 372 69 -1 67 358 365 68 -1 66 351 358 67 -1 65 344 351 66 -1 64 337 344 65 -1 "
						                >
							<Coordinate DEF="coords_ME_Shape_IndexedFaceSet_001"
							            point="-0.040903 0.638373 -0.648960 0.072559 2.142632 -0.648960 -0.151898 0.810415 -2.240166 -0.040903 2.229579 -2.240166 1.898088 0.632823 -0.648960 1.779693 2.140783 -0.648960 2.018950 0.801165 -2.240166 1.898088 2.224029 -2.240166 -0.223981 0.746252 -2.111039 -0.296912 0.670604 -1.916594 -0.341070 0.606799 -1.688655 -0.344943 0.565225 -1.444563 -0.303097 0.552499 -1.200471 -0.225188 0.566260 -0.972531 -0.126739 0.600483 -0.778087 -0.091099 0.755225 -0.593080 -0.139011 0.933943 -0.532909 -0.164281 1.146363 -0.490419 -0.160533 1.376543 -0.474614 -0.125467 1.609264 -0.490419 -0.065698 1.828504 -0.532909 0.008302 2.016855 -0.593080 0.008302 2.201862 -0.778087 -0.065698 2.268126 -0.972531 -0.125467 2.319316 -1.200471 -0.160533 2.346491 -1.444563 -0.164281 2.344599 -1.688655 -0.139012 2.317629 -1.916594 -0.091099 2.273183 -2.111039 -0.126739 2.118441 -2.296046 -0.225188 1.949945 -2.356217 -0.303097 1.750734 -2.398707 -0.344942 1.535173 -2.414511 -0.341070 1.316850 -2.398706 -0.296912 1.110227 -2.356217 -0.223982 0.931258 -2.296046 1.847469 0.758968 -2.296046 1.584231 0.714145 -2.356217 1.271584 0.683263 -2.398706 0.934725 0.672812 -2.414511 0.597641 0.686227 -2.398706 0.284400 0.719823 -2.356217 0.020336 0.766854 -2.296046 0.116330 2.280972 -2.296046 0.353141 2.335875 -2.356217 0.630800 2.374136 -2.398707 0.928204 2.387754 -2.414511 1.225686 2.372433 -2.398706 1.503544 2.332582 -2.356217 1.740621 2.276322 -2.296045 1.984939 2.111919 -2.296046 2.084856 1.942177 -2.356217 2.164397 1.741810 -2.398707 2.207872 1.525392 -2.414511 2.205482 1.306665 -2.398706 2.162560 1.100076 -2.356217 2.090538 0.921500 -2.296046 1.984939 0.593961 -0.778087 2.084856 0.558493 -0.972531 2.164397 0.543575 -1.200471 2.207872 0.555444 -1.444563 2.205482 0.596614 -1.688655 2.162560 0.660453 -1.916594 2.090538 0.736493 -2.111039 1.947578 2.267826 -2.111039 1.994591 2.312677 -1.916594 2.018977 2.340212 -1.688655 2.014441 2.342740 -1.444563 1.978734 2.316189 -1.200471 1.918477 2.265560 -0.972531 1.844137 2.199741 -0.778087 1.844137 2.014734 -0.593080 1.918477 1.825936 -0.532909 1.978734 1.606137 -0.490419 2.014441 1.372792 -0.474614 2.018977 1.141976 -0.490419 1.994591 0.928992 -0.532909 1.947578 0.749868 -0.593080 0.116330 0.578007 -0.593080 0.353141 0.512567 -0.532909 0.630800 0.465849 -0.490419 0.928204 0.447858 -0.474615 1.225686 0.464146 -0.490419 1.503544 0.509275 -0.532908 1.740621 0.573358 -0.593080 1.636708 2.191952 -0.593080 1.426324 2.247312 -0.532909 1.183652 2.286652 -0.490419 0.925704 2.301477 -0.474615 0.667825 2.287094 -0.490419 0.425348 2.248221 -0.532908 0.215259 2.193364 -0.593080 -0.254893 0.754229 -0.757545 -0.332001 0.943834 -0.720083 -0.367635 1.161046 -0.689694 -0.362816 1.393515 -0.677621 -0.318360 1.627894 -0.689694 -0.239575 1.849879 -0.720083 -0.131625 2.045269 -0.757545 -0.385676 0.741223 -0.962455 -0.484499 0.946424 -0.941492 -0.528940 1.173806 -0.922536 -0.523041 1.413254 -0.914468 -0.470209 1.653930 -0.922536 -0.374551 1.884121 -0.941492 -0.239574 2.092251 -0.962455 -0.481190 0.737662 -1.196190 -0.592853 0.952877 -1.186922 -0.643097 1.188539 -1.177905 -0.636525 1.434787 -1.173875 -0.577549 1.681566 -1.177905 -0.470209 1.918315 -1.186922 -0.318360 2.134389 -1.196190 -0.531935 0.752374 -1.444563 -0.650459 0.970279 -1.444563 -0.704635 1.208634 -1.444563 -0.698586 1.457134 -1.444563 -0.636525 1.705475 -1.444563 -0.523041 1.943350 -1.444563 -0.362816 2.160457 -1.444563 -0.529842 0.789059 -1.692936 -0.651171 1.002295 -1.702204 -0.708439 1.235943 -1.711220 -0.704635 1.479322 -1.715251 -0.643097 1.721853 -1.711220 -0.528940 1.953473 -1.702204 -0.367635 2.164288 -1.692936 -0.476904 0.840750 -1.926670 -0.593633 1.042972 -1.947634 -0.651171 1.266681 -1.966589 -0.650459 1.500374 -1.974658 -0.592853 1.732544 -1.966589 -0.484499 1.952567 -1.947634 -0.332001 2.150422 -1.926671 -0.376466 0.895690 -2.131580 -0.476904 1.083121 -2.169042 -0.529842 1.295553 -2.199431 -0.531935 1.519315 -2.211505 -0.481190 1.740902 -2.199431 -0.385676 1.947809 -2.169042 -0.254893 2.128263 -2.131580 -0.006076 0.925577 -2.415932 -0.052145 1.115240 -2.501335 -0.084880 1.326513 -2.555266 -0.089077 1.547148 -2.574238 -0.057280 1.764549 -2.555266 0.000952 1.966684 -2.501335 0.069044 2.142013 -2.415932 0.271458 0.901085 -2.501335 0.245563 1.106295 -2.604536 0.224698 1.327520 -2.667313 0.221204 1.555156 -2.688614 0.242292 1.779237 -2.667313 0.280318 1.990052 -2.604536 0.322845 2.178273 -2.501335 0.592067 0.879228 -2.555266 0.580403 1.094856 -2.667313 0.570055 1.324487 -2.734812 0.567726 1.559287 -2.757408 0.577798 1.790391 -2.734812 0.596074 2.009019 -2.667313 0.616079 2.206452 -2.555266 0.934538 0.869366 -2.574238 0.934025 1.088534 -2.688613 0.933260 1.321546 -2.757408 0.932315 1.559633 -2.780390 0.931263 1.794033 -2.757408 0.930178 2.016008 -2.688613 0.929134 2.216825 -2.574238 1.276793 0.876228 -2.555266 1.287458 1.091796 -2.667313 1.296313 1.321408 -2.734812 1.296798 1.556292 -2.757408 1.284671 1.787621 -2.734812 1.264274 2.006578 -2.667313 1.242228 2.204387 -2.555266 1.596828 0.895322 -2.501335 1.621780 1.100389 -2.604536 1.641240 1.321576 -2.667313 1.643000 1.549385 -2.688614 1.619979 1.773913 -2.667313 1.579965 1.985368 -2.604536 1.535535 2.174308 -2.501335 1.873543 0.917509 -2.415932 1.918721 1.106912 -2.501335 1.950152 1.318131 -2.555266 1.952749 1.539043 -2.574238 1.919175 1.757102 -2.555266 1.859138 1.960153 -2.501335 1.789361 2.136487 -2.415932 2.242122 0.884905 -2.131580 2.341532 1.071873 -2.169042 2.393237 1.284356 -2.199431 2.393920 1.508680 -2.211505 2.341652 1.731305 -2.199431 2.244622 1.939563 -2.169042 2.112464 2.121487 -2.131580 2.341532 0.829502 -1.926670 2.457138 1.031310 -1.947634 2.513422 1.255206 -1.966589 2.511342 1.489624 -1.974658 2.452295 1.722975 -1.966589 2.342511 1.944475 -1.947634 2.188693 2.143925 -1.926670 2.393237 0.777862 -1.692936 2.513422 0.990821 -1.702204 2.569441 1.224814 -1.711220 2.564313 1.469057 -1.715251 2.501412 1.712854 -1.711220 2.385923 1.945984 -1.702204 2.223386 2.158389 -1.692936 2.393920 0.741738 -1.444563 2.511342 0.959529 -1.444563 2.564313 1.198370 -1.444563 2.557005 1.447817 -1.444563 2.493685 1.697424 -1.444563 2.378995 1.936743 -1.444563 2.217668 2.155332 -1.444563 2.341652 0.728064 -1.196190 2.452295 0.943308 -1.186922 2.501412 1.179538 -1.177905 2.493685 1.426736 -1.173875 2.433590 1.674694 -1.177905 2.325209 1.912732 -1.186922 2.172425 2.130090 -1.196190 2.244622 0.732977 -0.962455 2.342511 0.938333 -0.941492 2.385923 1.166316 -0.922536 2.378994 1.406649 -0.914468 2.325209 1.648346 -0.922536 2.228698 1.879600 -0.941492 2.092981 2.088756 -0.962455 2.112464 0.747452 -0.757546 2.188693 0.937337 -0.720083 2.223386 1.155148 -0.689694 2.217668 1.388390 -0.677621 2.172425 1.623595 -0.689694 2.092981 1.846384 -0.720083 1.984501 2.042503 -0.757546 1.742075 0.717566 -0.473193 1.763934 0.905218 -0.387790 1.778425 1.124188 -0.333860 1.774810 1.360557 -0.314888 1.748515 1.599948 -0.333860 1.706353 1.827509 -0.387790 1.660564 2.028752 -0.473193 1.496261 0.672640 -0.387790 1.503315 0.875010 -0.284589 1.510053 1.105476 -0.221813 1.507332 1.351866 -0.200512 1.490063 1.601652 -0.221813 1.463881 1.842113 -0.284589 1.438135 2.060903 -0.387790 1.219743 0.637894 -0.333860 1.220721 0.850747 -0.221813 1.222918 1.090994 -0.154314 1.221323 1.346770 -0.131718 1.212695 1.606157 -0.154314 1.200194 1.857186 -0.221813 1.188711 2.087926 -0.333860 0.927447 0.624746 -0.314887 0.926858 0.841273 -0.200512 0.926417 1.085457 -0.131718 0.926103 1.345317 -0.108735 0.925896 1.608864 -0.131718 0.925775 1.864086 -0.200512 0.925718 2.098963 -0.314888 0.635254 0.639295 -0.333860 0.633110 0.851901 -0.221813 0.630031 1.091944 -0.154314 0.630990 1.347551 -0.131718 0.639193 1.606798 -0.154314 0.651439 1.857720 -0.221813 0.662799 2.088391 -0.333860 0.359029 0.675401 -0.387791 0.350859 0.877345 -0.284589 0.343242 1.107434 -0.221812 0.345302 1.353492 -0.200512 0.362107 1.602991 -0.221813 0.387994 1.843227 -0.284589 0.413583 2.061866 -0.387790 0.113685 0.721625 -0.473193 0.090811 0.908795 -0.387790 0.075450 1.127272 -0.333860 0.078355 1.363151 -0.314887 0.104117 1.602097 -0.333860 0.145910 1.829288 -0.387791 0.191478 2.030269 -0.473193 -0.006076 0.641225 -2.131580 0.271458 0.568794 -2.169042 0.592067 0.523394 -2.199431 0.934538 0.506634 -2.211505 1.276793 0.520393 -2.199431 1.596828 0.563030 -2.169042 1.873544 0.633157 -2.131580 -0.052145 0.540576 -1.926670 0.245563 0.449392 -1.947634 0.580403 0.394132 -1.966589 0.934025 0.374578 -1.974658 1.287458 0.391073 -1.966589 1.621780 0.443488 -1.947634 1.918721 0.532247 -1.926670 -0.084880 0.464183 -1.692936 0.224698 0.362411 -1.702204 0.570055 0.300895 -1.711220 0.933260 0.279388 -1.715251 1.296313 0.297817 -1.711220 1.641240 0.356467 -1.702204 1.950152 0.455801 -1.692936 -0.089077 0.417473 -1.444563 0.221204 0.311105 -1.444563 0.567726 0.246442 -1.444563 0.932315 0.223805 -1.444563 1.296798 0.243447 -1.444563 1.643000 0.305336 -1.444563 1.952749 0.409369 -1.444563 -0.057280 0.405474 -1.196190 0.242292 0.298847 -1.186922 0.577798 0.233485 -1.177905 0.931264 0.210501 -1.173875 1.284671 0.230715 -1.177905 1.619979 0.293523 -1.186922 1.919175 0.398027 -1.196190 0.000952 0.427804 -0.962455 0.280318 0.327008 -0.941492 0.596074 0.264242 -0.922536 0.930179 0.241862 -0.914468 1.264275 0.261802 -0.922536 1.579965 0.322325 -0.941492 1.859138 0.421274 -0.962455 0.069044 0.483627 -0.757546 0.322845 0.397022 -0.720083 0.616079 0.340882 -0.689694 0.929134 0.320209 -0.677621 1.242228 0.338817 -0.689694 1.535535 0.393057 -0.720083 1.789361 0.478102 -0.757546 1.742075 2.375952 -2.131580 1.496261 2.453891 -2.169042 1.219743 2.503465 -2.199431 0.927447 2.521362 -2.211505 0.635254 2.504865 -2.199431 0.359029 2.456652 -2.169042 0.113685 2.380011 -2.131580 1.763934 2.444098 -1.926670 1.503315 2.538054 -1.947634 1.220721 2.595524 -1.966589 0.926858 2.615419 -1.974658 0.633110 2.596677 -1.966589 0.350859 2.540389 -1.947634 0.090811 2.447675 -1.926670 1.778425 2.483263 -1.692936 1.510053 2.585867 -1.702204 1.222919 2.647901 -1.711220 0.926417 2.668990 -1.715251 0.630031 2.648851 -1.711220 0.343242 2.587825 -1.702204 0.075450 2.486348 -1.692936 1.774810 2.490233 -1.444563 1.507332 2.595917 -1.444563 1.221323 2.659615 -1.444563 0.926103 2.681145 -1.444563 0.630990 2.660396 -1.444563 0.345302 2.597543 -1.444563 0.078355 2.492827 -1.444563 1.748515 2.462278 -1.196190 1.490063 2.566761 -1.186922 1.212695 2.629748 -1.177905 0.925896 2.651021 -1.173875 0.639193 2.630388 -1.177905 0.362107 2.568099 -1.186922 0.104117 2.464427 -1.196190 1.706353 2.402174 -0.962455 1.463881 2.499016 -0.941492 1.200194 2.557909 -0.922536 0.925775 2.578041 -0.914468 0.651439 2.558443 -0.922536 0.387994 2.500129 -0.941492 0.145910 2.403953 -0.962455 1.660564 2.313105 -0.757546 1.438135 2.393196 -0.720083 1.188711 2.443760 -0.689694 0.925718 2.461696 -0.677621 0.662799 2.444225 -0.689694 0.413583 2.394159 -0.720083 0.191478 2.314620 -0.757546 "
							            />
							<TextureCoordinate point="0.4062 0.0312 0.4375 0.0312 0.4375 0.0625 0.4062 0.0625 0.4375 0.0312 0.4688 0.0312 0.4688 0.0625 0.4375 0.0625 0.4688 0.0312 0.5000 0.0312 0.5000 0.0625 0.4688 0.0625 0.5000 0.0312 0.5312 0.0312 0.5312 0.0625 0.5000 0.0625 0.5312 0.0312 0.5625 0.0312 0.5625 0.0625 0.5312 0.0625 0.5625 0.0312 0.5938 0.0312 0.5938 0.0625 0.5625 0.0625 0.4062 0.0625 0.4375 0.0625 0.4375 0.0938 0.4062 0.0938 0.4375 0.0625 0.4688 0.0625 0.4688 0.0938 0.4375 0.0938 0.4688 0.0625 0.5000 0.0625 0.5000 0.0938 0.4688 0.0938 0.5000 0.0625 0.5312 0.0625 0.5312 0.0938 0.5000 0.0938 0.5312 0.0625 0.5625 0.0625 0.5625 0.0938 0.5312 0.0938 0.5625 0.0625 0.5938 0.0625 0.5938 0.0938 0.5625 0.0938 0.4062 0.0938 0.4375 0.0938 0.4375 0.1250 0.4062 0.1250 0.4375 0.0938 0.4688 0.0938 0.4688 0.1250 0.4375 0.1250 0.4688 0.0938 0.5000 0.0938 0.5000 0.1250 0.4688 0.1250 0.5000 0.0938 0.5312 0.0938 0.5312 0.1250 0.5000 0.1250 0.5312 0.0938 0.5625 0.0938 0.5625 0.1250 0.5312 0.1250 0.5625 0.0938 0.5938 0.0938 0.5938 0.1250 0.5625 0.1250 0.4062 0.1250 0.4375 0.1250 0.4375 0.1562 0.4062 0.1562 0.4375 0.1250 0.4688 0.1250 0.4688 0.1562 0.4375 0.1562 0.4688 0.1250 0.5000 0.1250 0.5000 0.1562 0.4688 0.1562 0.5000 0.1250 0.5312 0.1250 0.5312 0.1562 0.5000 0.1562 0.5312 0.1250 0.5625 0.1250 0.5625 0.1562 0.5312 0.1562 0.5625 0.1250 0.5938 0.1250 0.5938 0.1562 0.5625 0.1562 0.4062 0.1562 0.4375 0.1562 0.4375 0.1875 0.4062 0.1875 0.4375 0.1562 0.4688 0.1562 0.4688 0.1875 0.4375 0.1875 0.4688 0.1562 0.5000 0.1562 0.5000 0.1875 0.4688 0.1875 0.5000 0.1562 0.5312 0.1562 0.5312 0.1875 0.5000 0.1875 0.5312 0.1562 0.5625 0.1562 0.5625 0.1875 0.5312 0.1875 0.5625 0.1562 0.5938 0.1562 0.5938 0.1875 0.5625 0.1875 0.4062 0.1875 0.4375 0.1875 0.4375 0.2188 0.4062 0.2188 0.4375 0.1875 0.4688 0.1875 0.4688 0.2188 0.4375 0.2188 0.4688 0.1875 0.5000 0.1875 0.5000 0.2188 0.4688 0.2188 0.5000 0.1875 0.5312 0.1875 0.5312 0.2188 0.5000 0.2188 0.5312 0.1875 0.5625 0.1875 0.5625 0.2188 0.5312 0.2188 0.5625 0.1875 0.5938 0.1875 0.5938 0.2188 0.5625 0.2188 0.3750 0.0000 0.4062 0.0000 0.4062 0.0312 0.3750 0.0312 0.4062 0.0000 0.4375 0.0000 0.4375 0.0312 0.4062 0.0312 0.4375 0.0000 0.4688 0.0000 0.4688 0.0312 0.4375 0.0312 0.4688 0.0000 0.5000 0.0000 0.5000 0.0312 0.4688 0.0312 0.5000 0.0000 0.5312 0.0000 0.5312 0.0312 0.5000 0.0312 0.5312 0.0000 0.5625 0.0000 0.5625 0.0312 0.5312 0.0312 0.5625 0.0000 0.5938 0.0000 0.5938 0.0312 0.5625 0.0312 0.5938 0.0000 0.6250 0.0000 0.6250 0.0312 0.5938 0.0312 0.5938 0.0312 0.6250 0.0312 0.6250 0.0625 0.5938 0.0625 0.5938 0.0625 0.6250 0.0625 0.6250 0.0938 0.5938 0.0938 0.5938 0.0938 0.6250 0.0938 0.6250 0.1250 0.5938 0.1250 0.5938 0.1250 0.6250 0.1250 0.6250 0.1562 0.5938 0.1562 0.5938 0.1562 0.6250 0.1562 0.6250 0.1875 0.5938 0.1875 0.5938 0.1875 0.6250 0.1875 0.6250 0.2188 0.5938 0.2188 0.5938 0.2188 0.6250 0.2188 0.6250 0.2500 0.5938 0.2500 0.5625 0.2188 0.5938 0.2188 0.5938 0.2500 0.5625 0.2500 0.5312 0.2188 0.5625 0.2188 0.5625 0.2500 0.5312 0.2500 0.5000 0.2188 0.5312 0.2188 0.5312 0.2500 0.5000 0.2500 0.4688 0.2188 0.5000 0.2188 0.5000 0.2500 0.4688 0.2500 0.4375 0.2188 0.4688 0.2188 0.4688 0.2500 0.4375 0.2500 0.4062 0.2188 0.4375 0.2188 0.4375 0.2500 0.4062 0.2500 0.3750 0.2188 0.4062 0.2188 0.4062 0.2500 0.3750 0.2500 0.3750 0.1875 0.4062 0.1875 0.4062 0.2188 0.3750 0.2188 0.3750 0.1562 0.4062 0.1562 0.4062 0.1875 0.3750 0.1875 0.3750 0.1250 0.4062 0.1250 0.4062 0.1562 0.3750 0.1562 0.3750 0.0938 0.4062 0.0938 0.4062 0.1250 0.3750 0.1250 0.3750 0.0625 0.4062 0.0625 0.4062 0.0938 0.3750 0.0938 0.3750 0.0312 0.4062 0.0312 0.4062 0.0625 0.3750 0.0625 0.4062 0.2812 0.4375 0.2812 0.4375 0.3125 0.4062 0.3125 0.4375 0.2812 0.4688 0.2812 0.4688 0.3125 0.4375 0.3125 0.4688 0.2812 0.5000 0.2812 0.5000 0.3125 0.4688 0.3125 0.5000 0.2812 0.5312 0.2812 0.5312 0.3125 0.5000 0.3125 0.5312 0.2812 0.5625 0.2812 0.5625 0.3125 0.5312 0.3125 0.5625 0.2812 0.5938 0.2812 0.5938 0.3125 0.5625 0.3125 0.4062 0.3125 0.4375 0.3125 0.4375 0.3438 0.4062 0.3438 0.4375 0.3125 0.4688 0.3125 0.4688 0.3438 0.4375 0.3438 0.4688 0.3125 0.5000 0.3125 0.5000 0.3438 0.4688 0.3438 0.5000 0.3125 0.5312 0.3125 0.5312 0.3438 0.5000 0.3438 0.5312 0.3125 0.5625 0.3125 0.5625 0.3438 0.5312 0.3438 0.5625 0.3125 0.5938 0.3125 0.5938 0.3438 0.5625 0.3438 0.4062 0.3438 0.4375 0.3438 0.4375 0.3750 0.4062 0.3750 0.4375 0.3438 0.4688 0.3438 0.4688 0.3750 0.4375 0.3750 0.4688 0.3438 0.5000 0.3438 0.5000 0.3750 0.4688 0.3750 0.5000 0.3438 0.5312 0.3438 0.5312 0.3750 0.5000 0.3750 0.5312 0.3438 0.5625 0.3438 0.5625 0.3750 0.5312 0.3750 0.5625 0.3438 0.5938 0.3438 0.5938 0.3750 0.5625 0.3750 0.4062 0.3750 0.4375 0.3750 0.4375 0.4062 0.4062 0.4062 0.4375 0.3750 0.4688 0.3750 0.4688 0.4062 0.4375 0.4062 0.4688 0.3750 0.5000 0.3750 0.5000 0.4062 0.4688 0.4062 0.5000 0.3750 0.5312 0.3750 0.5312 0.4062 0.5000 0.4062 0.5312 0.3750 0.5625 0.3750 0.5625 0.4062 0.5312 0.4062 0.5625 0.3750 0.5938 0.3750 0.5938 0.4062 0.5625 0.4062 0.4062 0.4062 0.4375 0.4062 0.4375 0.4375 0.4062 0.4375 0.4375 0.4062 0.4688 0.4062 0.4688 0.4375 0.4375 0.4375 0.4688 0.4062 0.5000 0.4062 0.5000 0.4375 0.4688 0.4375 0.5000 0.4062 0.5312 0.4062 0.5312 0.4375 0.5000 0.4375 0.5312 0.4062 0.5625 0.4062 0.5625 0.4375 0.5312 0.4375 0.5625 0.4062 0.5938 0.4062 0.5938 0.4375 0.5625 0.4375 0.4062 0.4375 0.4375 0.4375 0.4375 0.4688 0.4062 0.4688 0.4375 0.4375 0.4688 0.4375 0.4688 0.4688 0.4375 0.4688 0.4688 0.4375 0.5000 0.4375 0.5000 0.4688 0.4688 0.4688 0.5000 0.4375 0.5312 0.4375 0.5312 0.4688 0.5000 0.4688 0.5312 0.4375 0.5625 0.4375 0.5625 0.4688 0.5312 0.4688 0.5625 0.4375 0.5938 0.4375 0.5938 0.4688 0.5625 0.4688 0.3750 0.2500 0.4062 0.2500 0.4062 0.2812 0.3750 0.2812 0.4062 0.2500 0.4375 0.2500 0.4375 0.2812 0.4062 0.2812 0.4375 0.2500 0.4688 0.2500 0.4688 0.2812 0.4375 0.2812 0.4688 0.2500 0.5000 0.2500 0.5000 0.2812 0.4688 0.2812 0.5000 0.2500 0.5312 0.2500 0.5312 0.2812 0.5000 0.2812 0.5312 0.2500 0.5625 0.2500 0.5625 0.2812 0.5312 0.2812 0.5625 0.2500 0.5938 0.2500 0.5938 0.2812 0.5625 0.2812 0.5938 0.2500 0.6250 0.2500 0.6250 0.2812 0.5938 0.2812 0.5938 0.2812 0.6250 0.2812 0.6250 0.3125 0.5938 0.3125 0.5938 0.3125 0.6250 0.3125 0.6250 0.3438 0.5938 0.3438 0.5938 0.3438 0.6250 0.3438 0.6250 0.3750 0.5938 0.3750 0.5938 0.3750 0.6250 0.3750 0.6250 0.4062 0.5938 0.4062 0.5938 0.4062 0.6250 0.4062 0.6250 0.4375 0.5938 0.4375 0.5938 0.4375 0.6250 0.4375 0.6250 0.4688 0.5938 0.4688 0.5938 0.4688 0.6250 0.4688 0.6250 0.5000 0.5938 0.5000 0.5625 0.4688 0.5938 0.4688 0.5938 0.5000 0.5625 0.5000 0.5312 0.4688 0.5625 0.4688 0.5625 0.5000 0.5312 0.5000 0.5000 0.4688 0.5312 0.4688 0.5312 0.5000 0.5000 0.5000 0.4688 0.4688 0.5000 0.4688 0.5000 0.5000 0.4688 0.5000 0.4375 0.4688 0.4688 0.4688 0.4688 0.5000 0.4375 0.5000 0.4062 0.4688 0.4375 0.4688 0.4375 0.5000 0.4062 0.5000 0.3750 0.4688 0.4062 0.4688 0.4062 0.5000 0.3750 0.5000 0.3750 0.4375 0.4062 0.4375 0.4062 0.4688 0.3750 0.4688 0.3750 0.4062 0.4062 0.4062 0.4062 0.4375 0.3750 0.4375 0.3750 0.3750 0.4062 0.3750 0.4062 0.4062 0.3750 0.4062 0.3750 0.3438 0.4062 0.3438 0.4062 0.3750 0.3750 0.3750 0.3750 0.3125 0.4062 0.3125 0.4062 0.3438 0.3750 0.3438 0.3750 0.2812 0.4062 0.2812 0.4062 0.3125 0.3750 0.3125 0.4062 0.5312 0.4375 0.5312 0.4375 0.5625 0.4062 0.5625 0.4375 0.5312 0.4688 0.5312 0.4688 0.5625 0.4375 0.5625 0.4688 0.5312 0.5000 0.5312 0.5000 0.5625 0.4688 0.5625 0.5000 0.5312 0.5312 0.5312 0.5312 0.5625 0.5000 0.5625 0.5312 0.5312 0.5625 0.5312 0.5625 0.5625 0.5312 0.5625 0.5625 0.5312 0.5938 0.5312 0.5938 0.5625 0.5625 0.5625 0.4062 0.5625 0.4375 0.5625 0.4375 0.5938 0.4062 0.5938 0.4375 0.5625 0.4688 0.5625 0.4688 0.5938 0.4375 0.5938 0.4688 0.5625 0.5000 0.5625 0.5000 0.5938 0.4688 0.5938 0.5000 0.5625 0.5312 0.5625 0.5312 0.5938 0.5000 0.5938 0.5312 0.5625 0.5625 0.5625 0.5625 0.5938 0.5312 0.5938 0.5625 0.5625 0.5938 0.5625 0.5938 0.5938 0.5625 0.5938 0.4062 0.5938 0.4375 0.5938 0.4375 0.6250 0.4062 0.6250 0.4375 0.5938 0.4688 0.5938 0.4688 0.6250 0.4375 0.6250 0.4688 0.5938 0.5000 0.5938 0.5000 0.6250 0.4688 0.6250 0.5000 0.5938 0.5312 0.5938 0.5312 0.6250 0.5000 0.6250 0.5312 0.5938 0.5625 0.5938 0.5625 0.6250 0.5312 0.6250 0.5625 0.5938 0.5938 0.5938 0.5938 0.6250 0.5625 0.6250 0.4062 0.6250 0.4375 0.6250 0.4375 0.6562 0.4062 0.6562 0.4375 0.6250 0.4688 0.6250 0.4688 0.6562 0.4375 0.6562 0.4688 0.6250 0.5000 0.6250 0.5000 0.6562 0.4688 0.6562 0.5000 0.6250 0.5312 0.6250 0.5312 0.6562 0.5000 0.6562 0.5312 0.6250 0.5625 0.6250 0.5625 0.6562 0.5312 0.6562 0.5625 0.6250 0.5938 0.6250 0.5938 0.6562 0.5625 0.6562 0.4062 0.6562 0.4375 0.6562 0.4375 0.6875 0.4062 0.6875 0.4375 0.6562 0.4688 0.6562 0.4688 0.6875 0.4375 0.6875 0.4688 0.6562 0.5000 0.6562 0.5000 0.6875 0.4688 0.6875 0.5000 0.6562 0.5312 0.6562 0.5312 0.6875 0.5000 0.6875 0.5312 0.6562 0.5625 0.6562 0.5625 0.6875 0.5312 0.6875 0.5625 0.6562 0.5938 0.6562 0.5938 0.6875 0.5625 0.6875 0.4062 0.6875 0.4375 0.6875 0.4375 0.7188 0.4062 0.7188 0.4375 0.6875 0.4688 0.6875 0.4688 0.7188 0.4375 0.7188 0.4688 0.6875 0.5000 0.6875 0.5000 0.7188 0.4688 0.7188 0.5000 0.6875 0.5312 0.6875 0.5312 0.7188 0.5000 0.7188 0.5312 0.6875 0.5625 0.6875 0.5625 0.7188 0.5312 0.7188 0.5625 0.6875 0.5938 0.6875 0.5938 0.7188 0.5625 0.7188 0.3750 0.5000 0.4062 0.5000 0.4062 0.5312 0.3750 0.5312 0.4062 0.5000 0.4375 0.5000 0.4375 0.5312 0.4062 0.5312 0.4375 0.5000 0.4688 0.5000 0.4688 0.5312 0.4375 0.5312 0.4688 0.5000 0.5000 0.5000 0.5000 0.5312 0.4688 0.5312 0.5000 0.5000 0.5312 0.5000 0.5312 0.5312 0.5000 0.5312 0.5312 0.5000 0.5625 0.5000 0.5625 0.5312 0.5312 0.5312 0.5625 0.5000 0.5938 0.5000 0.5938 0.5312 0.5625 0.5312 0.5938 0.5000 0.6250 0.5000 0.6250 0.5312 0.5938 0.5312 0.5938 0.5312 0.6250 0.5312 0.6250 0.5625 0.5938 0.5625 0.5938 0.5625 0.6250 0.5625 0.6250 0.5938 0.5938 0.5938 0.5938 0.5938 0.6250 0.5938 0.6250 0.6250 0.5938 0.6250 0.5938 0.6250 0.6250 0.6250 0.6250 0.6562 0.5938 0.6562 0.5938 0.6562 0.6250 0.6562 0.6250 0.6875 0.5938 0.6875 0.5938 0.6875 0.6250 0.6875 0.6250 0.7188 0.5938 0.7188 0.5938 0.7188 0.6250 0.7188 0.6250 0.7500 0.5938 0.7500 0.5625 0.7188 0.5938 0.7188 0.5938 0.7500 0.5625 0.7500 0.5312 0.7188 0.5625 0.7188 0.5625 0.7500 0.5312 0.7500 0.5000 0.7188 0.5312 0.7188 0.5312 0.7500 0.5000 0.7500 0.4688 0.7188 0.5000 0.7188 0.5000 0.7500 0.4688 0.7500 0.4375 0.7188 0.4688 0.7188 0.4688 0.7500 0.4375 0.7500 0.4062 0.7188 0.4375 0.7188 0.4375 0.7500 0.4062 0.7500 0.3750 0.7188 0.4062 0.7188 0.4062 0.7500 0.3750 0.7500 0.3750 0.6875 0.4062 0.6875 0.4062 0.7188 0.3750 0.7188 0.3750 0.6562 0.4062 0.6562 0.4062 0.6875 0.3750 0.6875 0.3750 0.6250 0.4062 0.6250 0.4062 0.6562 0.3750 0.6562 0.3750 0.5938 0.4062 0.5938 0.4062 0.6250 0.3750 0.6250 0.3750 0.5625 0.4062 0.5625 0.4062 0.5938 0.3750 0.5938 0.3750 0.5312 0.4062 0.5312 0.4062 0.5625 0.3750 0.5625 0.4062 0.7812 0.4375 0.7812 0.4375 0.8125 0.4062 0.8125 0.4375 0.7812 0.4688 0.7812 0.4688 0.8125 0.4375 0.8125 0.4688 0.7812 0.5000 0.7812 0.5000 0.8125 0.4688 0.8125 0.5000 0.7812 0.5312 0.7812 0.5312 0.8125 0.5000 0.8125 0.5312 0.7812 0.5625 0.7812 0.5625 0.8125 0.5312 0.8125 0.5625 0.7812 0.5938 0.7812 0.5938 0.8125 0.5625 0.8125 0.4062 0.8125 0.4375 0.8125 0.4375 0.8438 0.4062 0.8438 0.4375 0.8125 0.4688 0.8125 0.4688 0.8438 0.4375 0.8438 0.4688 0.8125 0.5000 0.8125 0.5000 0.8438 0.4688 0.8438 0.5000 0.8125 0.5312 0.8125 0.5312 0.8438 0.5000 0.8438 0.5312 0.8125 0.5625 0.8125 0.5625 0.8438 0.5312 0.8438 0.5625 0.8125 0.5938 0.8125 0.5938 0.8438 0.5625 0.8438 0.4062 0.8438 0.4375 0.8438 0.4375 0.8750 0.4062 0.8750 0.4375 0.8438 0.4688 0.8438 0.4688 0.8750 0.4375 0.8750 0.4688 0.8438 0.5000 0.8438 0.5000 0.8750 0.4688 0.8750 0.5000 0.8438 0.5312 0.8438 0.5312 0.8750 0.5000 0.8750 0.5312 0.8438 0.5625 0.8438 0.5625 0.8750 0.5312 0.8750 0.5625 0.8438 0.5938 0.8438 0.5938 0.8750 0.5625 0.8750 0.4062 0.8750 0.4375 0.8750 0.4375 0.9062 0.4062 0.9062 0.4375 0.8750 0.4688 0.8750 0.4688 0.9062 0.4375 0.9062 0.4688 0.8750 0.5000 0.8750 0.5000 0.9062 0.4688 0.9062 0.5000 0.8750 0.5312 0.8750 0.5312 0.9062 0.5000 0.9062 0.5312 0.8750 0.5625 0.8750 0.5625 0.9062 0.5312 0.9062 0.5625 0.8750 0.5938 0.8750 0.5938 0.9062 0.5625 0.9062 0.4062 0.9062 0.4375 0.9062 0.4375 0.9375 0.4062 0.9375 0.4375 0.9062 0.4688 0.9062 0.4688 0.9375 0.4375 0.9375 0.4688 0.9062 0.5000 0.9062 0.5000 0.9375 0.4688 0.9375 0.5000 0.9062 0.5312 0.9062 0.5312 0.9375 0.5000 0.9375 0.5312 0.9062 0.5625 0.9062 0.5625 0.9375 0.5312 0.9375 0.5625 0.9062 0.5938 0.9062 0.5938 0.9375 0.5625 0.9375 0.4062 0.9375 0.4375 0.9375 0.4375 0.9688 0.4062 0.9688 0.4375 0.9375 0.4688 0.9375 0.4688 0.9688 0.4375 0.9688 0.4688 0.9375 0.5000 0.9375 0.5000 0.9688 0.4688 0.9688 0.5000 0.9375 0.5312 0.9375 0.5312 0.9688 0.5000 0.9688 0.5312 0.9375 0.5625 0.9375 0.5625 0.9688 0.5312 0.9688 0.5625 0.9375 0.5938 0.9375 0.5938 0.9688 0.5625 0.9688 0.3750 0.7500 0.4062 0.7500 0.4062 0.7812 0.3750 0.7812 0.4062 0.7500 0.4375 0.7500 0.4375 0.7812 0.4062 0.7812 0.4375 0.7500 0.4688 0.7500 0.4688 0.7812 0.4375 0.7812 0.4688 0.7500 0.5000 0.7500 0.5000 0.7812 0.4688 0.7812 0.5000 0.7500 0.5312 0.7500 0.5312 0.7812 0.5000 0.7812 0.5312 0.7500 0.5625 0.7500 0.5625 0.7812 0.5312 0.7812 0.5625 0.7500 0.5938 0.7500 0.5938 0.7812 0.5625 0.7812 0.5938 0.7500 0.6250 0.7500 0.6250 0.7812 0.5938 0.7812 0.5938 0.7812 0.6250 0.7812 0.6250 0.8125 0.5938 0.8125 0.5938 0.8125 0.6250 0.8125 0.6250 0.8438 0.5938 0.8438 0.5938 0.8438 0.6250 0.8438 0.6250 0.8750 0.5938 0.8750 0.5938 0.8750 0.6250 0.8750 0.6250 0.9062 0.5938 0.9062 0.5938 0.9062 0.6250 0.9062 0.6250 0.9375 0.5938 0.9375 0.5938 0.9375 0.6250 0.9375 0.6250 0.9688 0.5938 0.9688 0.5938 0.9688 0.6250 0.9688 0.6250 1.0000 0.5938 1.0000 0.5625 0.9688 0.5938 0.9688 0.5938 1.0000 0.5625 1.0000 0.5312 0.9688 0.5625 0.9688 0.5625 1.0000 0.5312 1.0000 0.5000 0.9688 0.5312 0.9688 0.5312 1.0000 0.5000 1.0000 0.4688 0.9688 0.5000 0.9688 0.5000 1.0000 0.4688 1.0000 0.4375 0.9688 0.4688 0.9688 0.4688 1.0000 0.4375 1.0000 0.4062 0.9688 0.4375 0.9688 0.4375 1.0000 0.4062 1.0000 0.3750 0.9688 0.4062 0.9688 0.4062 1.0000 0.3750 1.0000 0.3750 0.9375 0.4062 0.9375 0.4062 0.9688 0.3750 0.9688 0.3750 0.9062 0.4062 0.9062 0.4062 0.9375 0.3750 0.9375 0.3750 0.8750 0.4062 0.8750 0.4062 0.9062 0.3750 0.9062 0.3750 0.8438 0.4062 0.8438 0.4062 0.8750 0.3750 0.8750 0.3750 0.8125 0.4062 0.8125 0.4062 0.8438 0.3750 0.8438 0.3750 0.7812 0.4062 0.7812 0.4062 0.8125 0.3750 0.8125 0.1562 0.5312 0.1875 0.5312 0.1875 0.5625 0.1562 0.5625 0.1875 0.5312 0.2188 0.5312 0.2188 0.5625 0.1875 0.5625 0.2188 0.5312 0.2500 0.5312 0.2500 0.5625 0.2188 0.5625 0.2500 0.5312 0.2812 0.5312 0.2812 0.5625 0.2500 0.5625 0.2812 0.5312 0.3125 0.5312 0.3125 0.5625 0.2812 0.5625 0.3125 0.5312 0.3438 0.5312 0.3438 0.5625 0.3125 0.5625 0.1562 0.5625 0.1875 0.5625 0.1875 0.5938 0.1562 0.5938 0.1875 0.5625 0.2188 0.5625 0.2188 0.5938 0.1875 0.5938 0.2188 0.5625 0.2500 0.5625 0.2500 0.5938 0.2188 0.5938 0.2500 0.5625 0.2812 0.5625 0.2812 0.5938 0.2500 0.5938 0.2812 0.5625 0.3125 0.5625 0.3125 0.5938 0.2812 0.5938 0.3125 0.5625 0.3438 0.5625 0.3438 0.5938 0.3125 0.5938 0.1562 0.5938 0.1875 0.5938 0.1875 0.6250 0.1562 0.6250 0.1875 0.5938 0.2188 0.5938 0.2188 0.6250 0.1875 0.6250 0.2188 0.5938 0.2500 0.5938 0.2500 0.6250 0.2188 0.6250 0.2500 0.5938 0.2812 0.5938 0.2812 0.6250 0.2500 0.6250 0.2812 0.5938 0.3125 0.5938 0.3125 0.6250 0.2812 0.6250 0.3125 0.5938 0.3438 0.5938 0.3438 0.6250 0.3125 0.6250 0.1562 0.6250 0.1875 0.6250 0.1875 0.6562 0.1562 0.6562 0.1875 0.6250 0.2188 0.6250 0.2188 0.6562 0.1875 0.6562 0.2188 0.6250 0.2500 0.6250 0.2500 0.6562 0.2188 0.6562 0.2500 0.6250 0.2812 0.6250 0.2812 0.6562 0.2500 0.6562 0.2812 0.6250 0.3125 0.6250 0.3125 0.6562 0.2812 0.6562 0.3125 0.6250 0.3438 0.6250 0.3438 0.6562 0.3125 0.6562 0.1562 0.6562 0.1875 0.6562 0.1875 0.6875 0.1562 0.6875 0.1875 0.6562 0.2188 0.6562 0.2188 0.6875 0.1875 0.6875 0.2188 0.6562 0.2500 0.6562 0.2500 0.6875 0.2188 0.6875 0.2500 0.6562 0.2812 0.6562 0.2812 0.6875 0.2500 0.6875 0.2812 0.6562 0.3125 0.6562 0.3125 0.6875 0.2812 0.6875 0.3125 0.6562 0.3438 0.6562 0.3438 0.6875 0.3125 0.6875 0.1562 0.6875 0.1875 0.6875 0.1875 0.7188 0.1562 0.7188 0.1875 0.6875 0.2188 0.6875 0.2188 0.7188 0.1875 0.7188 0.2188 0.6875 0.2500 0.6875 0.2500 0.7188 0.2188 0.7188 0.2500 0.6875 0.2812 0.6875 0.2812 0.7188 0.2500 0.7188 0.2812 0.6875 0.3125 0.6875 0.3125 0.7188 0.2812 0.7188 0.3125 0.6875 0.3438 0.6875 0.3438 0.7188 0.3125 0.7188 0.1250 0.5000 0.1562 0.5000 0.1562 0.5312 0.1250 0.5312 0.1562 0.5000 0.1875 0.5000 0.1875 0.5312 0.1562 0.5312 0.1875 0.5000 0.2188 0.5000 0.2188 0.5312 0.1875 0.5312 0.2188 0.5000 0.2500 0.5000 0.2500 0.5312 0.2188 0.5312 0.2500 0.5000 0.2812 0.5000 0.2812 0.5312 0.2500 0.5312 0.2812 0.5000 0.3125 0.5000 0.3125 0.5312 0.2812 0.5312 0.3125 0.5000 0.3438 0.5000 0.3438 0.5312 0.3125 0.5312 0.3438 0.5000 0.3750 0.5000 0.3750 0.5312 0.3438 0.5312 0.3438 0.5312 0.3750 0.5312 0.3750 0.5625 0.3438 0.5625 0.3438 0.5625 0.3750 0.5625 0.3750 0.5938 0.3438 0.5938 0.3438 0.5938 0.3750 0.5938 0.3750 0.6250 0.3438 0.6250 0.3438 0.6250 0.3750 0.6250 0.3750 0.6562 0.3438 0.6562 0.3438 0.6562 0.3750 0.6562 0.3750 0.6875 0.3438 0.6875 0.3438 0.6875 0.3750 0.6875 0.3750 0.7188 0.3438 0.7188 0.3438 0.7188 0.3750 0.7188 0.3750 0.7500 0.3438 0.7500 0.3125 0.7188 0.3438 0.7188 0.3438 0.7500 0.3125 0.7500 0.2812 0.7188 0.3125 0.7188 0.3125 0.7500 0.2812 0.7500 0.2500 0.7188 0.2812 0.7188 0.2812 0.7500 0.2500 0.7500 0.2188 0.7188 0.2500 0.7188 0.2500 0.7500 0.2188 0.7500 0.1875 0.7188 0.2188 0.7188 0.2188 0.7500 0.1875 0.7500 0.1562 0.7188 0.1875 0.7188 0.1875 0.7500 0.1562 0.7500 0.1250 0.7188 0.1562 0.7188 0.1562 0.7500 0.1250 0.7500 0.1250 0.6875 0.1562 0.6875 0.1562 0.7188 0.1250 0.7188 0.1250 0.6562 0.1562 0.6562 0.1562 0.6875 0.1250 0.6875 0.1250 0.6250 0.1562 0.6250 0.1562 0.6562 0.1250 0.6562 0.1250 0.5938 0.1562 0.5938 0.1562 0.6250 0.1250 0.6250 0.1250 0.5625 0.1562 0.5625 0.1562 0.5938 0.1250 0.5938 0.1250 0.5312 0.1562 0.5312 0.1562 0.5625 0.1250 0.5625 0.6562 0.5312 0.6875 0.5312 0.6875 0.5625 0.6562 0.5625 0.6875 0.5312 0.7188 0.5312 0.7188 0.5625 0.6875 0.5625 0.7188 0.5312 0.7500 0.5312 0.7500 0.5625 0.7188 0.5625 0.7500 0.5312 0.7812 0.5312 0.7812 0.5625 0.7500 0.5625 0.7812 0.5312 0.8125 0.5312 0.8125 0.5625 0.7812 0.5625 0.8125 0.5312 0.8438 0.5312 0.8438 0.5625 0.8125 0.5625 0.6562 0.5625 0.6875 0.5625 0.6875 0.5938 0.6562 0.5938 0.6875 0.5625 0.7188 0.5625 0.7188 0.5938 0.6875 0.5938 0.7188 0.5625 0.7500 0.5625 0.7500 0.5938 0.7188 0.5938 0.7500 0.5625 0.7812 0.5625 0.7812 0.5938 0.7500 0.5938 0.7812 0.5625 0.8125 0.5625 0.8125 0.5938 0.7812 0.5938 0.8125 0.5625 0.8438 0.5625 0.8438 0.5938 0.8125 0.5938 0.6562 0.5938 0.6875 0.5938 0.6875 0.6250 0.6562 0.6250 0.6875 0.5938 0.7188 0.5938 0.7188 0.6250 0.6875 0.6250 0.7188 0.5938 0.7500 0.5938 0.7500 0.6250 0.7188 0.6250 0.7500 0.5938 0.7812 0.5938 0.7812 0.6250 0.7500 0.6250 0.7812 0.5938 0.8125 0.5938 0.8125 0.6250 0.7812 0.6250 0.8125 0.5938 0.8438 0.5938 0.8438 0.6250 0.8125 0.6250 0.6562 0.6250 0.6875 0.6250 0.6875 0.6562 0.6562 0.6562 0.6875 0.6250 0.7188 0.6250 0.7188 0.6562 0.6875 0.6562 0.7188 0.6250 0.7500 0.6250 0.7500 0.6562 0.7188 0.6562 0.7500 0.6250 0.7812 0.6250 0.7812 0.6562 0.7500 0.6562 0.7812 0.6250 0.8125 0.6250 0.8125 0.6562 0.7812 0.6562 0.8125 0.6250 0.8438 0.6250 0.8438 0.6562 0.8125 0.6562 0.6562 0.6562 0.6875 0.6562 0.6875 0.6875 0.6562 0.6875 0.6875 0.6562 0.7188 0.6562 0.7188 0.6875 0.6875 0.6875 0.7188 0.6562 0.7500 0.6562 0.7500 0.6875 0.7188 0.6875 0.7500 0.6562 0.7812 0.6562 0.7812 0.6875 0.7500 0.6875 0.7812 0.6562 0.8125 0.6562 0.8125 0.6875 0.7812 0.6875 0.8125 0.6562 0.8438 0.6562 0.8438 0.6875 0.8125 0.6875 0.6562 0.6875 0.6875 0.6875 0.6875 0.7188 0.6562 0.7188 0.6875 0.6875 0.7188 0.6875 0.7188 0.7188 0.6875 0.7188 0.7188 0.6875 0.7500 0.6875 0.7500 0.7188 0.7188 0.7188 0.7500 0.6875 0.7812 0.6875 0.7812 0.7188 0.7500 0.7188 0.7812 0.6875 0.8125 0.6875 0.8125 0.7188 0.7812 0.7188 0.8125 0.6875 0.8438 0.6875 0.8438 0.7188 0.8125 0.7188 0.6250 0.5000 0.6562 0.5000 0.6562 0.5312 0.6250 0.5312 0.6562 0.5000 0.6875 0.5000 0.6875 0.5312 0.6562 0.5312 0.6875 0.5000 0.7188 0.5000 0.7188 0.5312 0.6875 0.5312 0.7188 0.5000 0.7500 0.5000 0.7500 0.5312 0.7188 0.5312 0.7500 0.5000 0.7812 0.5000 0.7812 0.5312 0.7500 0.5312 0.7812 0.5000 0.8125 0.5000 0.8125 0.5312 0.7812 0.5312 0.8125 0.5000 0.8438 0.5000 0.8438 0.5312 0.8125 0.5312 0.8438 0.5000 0.8750 0.5000 0.8750 0.5312 0.8438 0.5312 0.8438 0.5312 0.8750 0.5312 0.8750 0.5625 0.8438 0.5625 0.8438 0.5625 0.8750 0.5625 0.8750 0.5938 0.8438 0.5938 0.8438 0.5938 0.8750 0.5938 0.8750 0.6250 0.8438 0.6250 0.8438 0.6250 0.8750 0.6250 0.8750 0.6562 0.8438 0.6562 0.8438 0.6562 0.8750 0.6562 0.8750 0.6875 0.8438 0.6875 0.8438 0.6875 0.8750 0.6875 0.8750 0.7188 0.8438 0.7188 0.8438 0.7188 0.8750 0.7188 0.8750 0.7500 0.8438 0.7500 0.8125 0.7188 0.8438 0.7188 0.8438 0.7500 0.8125 0.7500 0.7812 0.7188 0.8125 0.7188 0.8125 0.7500 0.7812 0.7500 0.7500 0.7188 0.7812 0.7188 0.7812 0.7500 0.7500 0.7500 0.7188 0.7188 0.7500 0.7188 0.7500 0.7500 0.7188 0.7500 0.6875 0.7188 0.7188 0.7188 0.7188 0.7500 0.6875 0.7500 0.6562 0.7188 0.6875 0.7188 0.6875 0.7500 0.6562 0.7500 0.6250 0.7188 0.6562 0.7188 0.6562 0.7500 0.6250 0.7500 0.6250 0.6875 0.6562 0.6875 0.6562 0.7188 0.6250 0.7188 0.6250 0.6562 0.6562 0.6562 0.6562 0.6875 0.6250 0.6875 0.6250 0.6250 0.6562 0.6250 0.6562 0.6562 0.6250 0.6562 0.6250 0.5938 0.6562 0.5938 0.6562 0.6250 0.6250 0.6250 0.6250 0.5625 0.6562 0.5625 0.6562 0.5938 0.6250 0.5938 0.6250 0.5312 0.6562 0.5312 0.6562 0.5625 0.6250 0.5625 " />
						</IndexedFaceSet>
					</Shape>
				</Group>
			</Transform>
		</Transform>
		<Transform DEF="Shape_IndexedFaceSet_002_TRANSFORM"
		           translation="0.000000 0.000000 0.000000"
		           scale="1.000000 1.000000 1.000000"
		           rotation="-0.000000 0.000000 0.000000 0.000000"
		           >
			<Transform DEF="Shape_IndexedFaceSet_002_ifs_TRANSFORM"
			           translation="0.000000 0.000000 0.000000"
			           scale="1.000000 1.000000 1.000000"
			           rotation="0.000000 1.000000 0.000000 0.000000"
			           >
				<Group DEF="group_ME_Shape_IndexedFaceSet_002">
					<Shape>
						<Appearance>
							<Material USE="MA_MA_Material_001" />
						</Appearance>
						<IndexedFaceSet solid="false"
						                texCoordIndex="0 1 2 3 -1 4 5 6 7 -1 8 9 10 11 -1 12 13 14 15 -1 16 17 18 19 -1 20 21 22 23 -1 24 25 26 27 -1 28 29 30 31 -1 32 33 34 35 -1 36 37 38 39 -1 40 41 42 43 -1 44 45 46 47 -1 48 49 50 51 -1 52 53 54 55 -1 56 57 58 59 -1 60 61 62 63 -1 64 65 66 67 -1 68 69 70 71 -1 72 73 74 75 -1 76 77 78 79 -1 80 81 82 83 -1 84 85 86 87 -1 88 89 90 91 -1 92 93 94 95 -1 96 97 98 99 -1 100 101 102 103 -1 104 105 106 107 -1 108 109 110 111 -1 112 113 114 115 -1 116 117 118 119 -1 120 121 122 123 -1 124 125 126 127 -1 128 129 130 131 -1 132 133 134 135 -1 136 137 138 139 -1 140 141 142 143 -1 144 145 146 147 -1 148 149 150 151 -1 152 153 154 155 -1 156 157 158 159 -1 160 161 162 163 -1 164 165 166 167 -1 168 169 170 171 -1 172 173 174 175 -1 176 177 178 179 -1 180 181 182 183 -1 184 185 186 187 -1 188 189 190 191 -1 192 193 194 195 -1 196 197 198 199 -1 200 201 202 203 -1 204 205 206 207 -1 208 209 210 211 -1 212 213 214 215 -1 216 217 218 219 -1 220 221 222 223 -1 224 225 226 227 -1 228 229 230 231 -1 232 233 234 235 -1 236 237 238 239 -1 240 241 242 243 -1 244 245 246 247 -1 248 249 250 251 -1 252 253 254 255 -1 256 257 258 259 -1 260 261 262 263 -1 264 265 266 267 -1 268 269 270 271 -1 272 273 274 275 -1 276 277 278 279 -1 280 281 282 283 -1 284 285 286 287 -1 288 289 290 291 -1 292 293 294 295 -1 296 297 298 299 -1 300 301 302 303 -1 304 305 306 307 -1 308 309 310 311 -1 312 313 314 315 -1 316 317 318 319 -1 320 321 322 323 -1 324 325 326 327 -1 328 329 330 331 -1 332 333 334 335 -1 336 337 338 339 -1 340 341 342 343 -1 344 345 346 347 -1 348 349 350 351 -1 352 353 354 355 -1 356 357 358 359 -1 360 361 362 363 -1 364 365 366 367 -1 368 369 370 371 -1 372 373 374 375 -1 376 377 378 379 -1 380 381 382 383 -1 "
						                coordIndex="44 45 48 47 -1 45 46 49 48 -1 47 48 51 50 -1 48 49 52 51 -1 0 11 44 10 -1 11 12 45 44 -1 12 13 46 45 -1 13 1 14 46 -1 46 14 15 49 -1 49 15 16 52 -1 52 16 3 17 -1 51 52 17 18 -1 50 51 18 19 -1 8 50 19 2 -1 9 47 50 8 -1 10 44 47 9 -1 53 54 57 56 -1 54 55 58 57 -1 56 57 60 59 -1 57 58 61 60 -1 2 19 53 22 -1 19 18 54 53 -1 18 17 55 54 -1 17 3 23 55 -1 55 23 24 58 -1 58 24 25 61 -1 61 25 7 26 -1 60 61 26 27 -1 59 60 27 28 -1 20 59 28 6 -1 21 56 59 20 -1 22 53 56 21 -1 62 63 66 65 -1 63 64 67 66 -1 65 66 69 68 -1 66 67 70 69 -1 6 28 62 31 -1 28 27 63 62 -1 27 26 64 63 -1 26 7 32 64 -1 64 32 33 67 -1 67 33 34 70 -1 70 34 5 35 -1 69 70 35 36 -1 68 69 36 37 -1 29 68 37 4 -1 30 65 68 29 -1 31 62 65 30 -1 71 72 75 74 -1 72 73 76 75 -1 74 75 78 77 -1 75 76 79 78 -1 4 37 71 40 -1 37 36 72 71 -1 36 35 73 72 -1 35 5 41 73 -1 73 41 42 76 -1 76 42 43 79 -1 79 43 1 13 -1 78 79 13 12 -1 77 78 12 11 -1 38 77 11 0 -1 39 74 77 38 -1 40 71 74 39 -1 80 81 84 83 -1 81 82 85 84 -1 83 84 87 86 -1 84 85 88 87 -1 2 22 80 8 -1 22 21 81 80 -1 21 20 82 81 -1 20 6 31 82 -1 82 31 30 85 -1 85 30 29 88 -1 88 29 4 40 -1 87 88 40 39 -1 86 87 39 38 -1 10 86 38 0 -1 9 83 86 10 -1 8 80 83 9 -1 89 90 93 92 -1 90 91 94 93 -1 92 93 96 95 -1 93 94 97 96 -1 7 25 89 32 -1 25 24 90 89 -1 24 23 91 90 -1 23 3 16 91 -1 91 16 15 94 -1 94 15 14 97 -1 97 14 1 43 -1 96 97 43 42 -1 95 96 42 41 -1 34 95 41 5 -1 33 92 95 34 -1 32 89 92 33 -1 "
						                >
							<Coordinate DEF="coords_ME_Shape_IndexedFaceSet_002"
							            point="0.610071 0.985638 -2.428154 0.542734 1.646707 -2.428154 0.578253 1.071474 -3.112902 0.509436 1.708864 -3.112902 1.289639 0.988598 -2.428154 1.354017 1.649667 -2.428154 1.318498 1.077394 -3.112902 1.381396 1.714784 -3.112902 0.540901 1.006611 -2.973658 0.530139 0.956935 -2.770528 0.561294 0.955154 -2.567397 0.547779 1.114235 -2.378213 0.501198 1.307882 -2.353128 0.504495 1.507053 -2.378213 0.466666 1.706714 -2.567397 0.420110 1.748434 -2.770528 0.445319 1.742910 -2.973658 0.458834 1.583829 -3.162842 0.449051 1.397487 -3.187928 0.503072 1.206272 -3.162842 1.167210 1.036783 -3.162842 0.948608 1.015297 -3.187928 0.729841 1.033195 -3.162843 0.683813 1.760485 -3.162842 0.944696 1.787501 -3.187928 1.206070 1.764073 -3.162843 1.432839 1.590996 -3.162842 1.444254 1.405311 -3.187928 1.392189 1.213439 -3.162842 1.338101 0.959288 -2.567397 1.368578 0.962348 -2.770528 1.356814 1.012652 -2.973658 1.446354 1.748951 -2.973658 1.473194 1.753847 -2.770528 1.428595 1.710847 -2.567397 1.393220 1.510060 -2.378213 1.397519 1.310883 -2.353128 1.351616 1.117242 -2.378213 0.750897 0.931023 -2.378213 0.950109 0.903986 -2.353128 1.149161 0.932703 -2.378213 1.190101 1.693273 -2.378213 0.948608 1.714779 -2.353128 0.706950 1.691592 -2.378213 0.430181 1.121792 -2.554040 0.359226 1.327604 -2.542411 0.365464 1.536219 -2.554040 0.379123 1.135635 -2.770528 0.296747 1.351663 -2.770528 0.303859 1.568204 -2.770528 0.399743 1.171999 -2.987016 0.323756 1.376235 -2.998645 0.334537 1.578606 -2.987016 0.698418 1.208749 -3.269702 0.670836 1.412093 -3.305883 0.674551 1.607840 -3.269702 0.947424 1.204749 -3.305883 0.946142 1.418754 -3.345378 0.945116 1.624053 -3.305883 1.196474 1.212985 -3.269702 1.221704 1.416709 -3.305883 1.216106 1.612076 -3.269702 1.496513 1.179901 -2.987016 1.570776 1.384835 -2.998645 1.558422 1.586508 -2.987016 1.518367 1.142577 -2.770528 1.599264 1.359118 -2.770528 1.590673 1.575147 -2.770528 1.468392 1.126837 -2.554040 1.538264 1.332888 -2.542411 1.530791 1.541264 -2.554040 1.169717 1.090087 -2.271354 1.191184 1.297031 -2.235172 1.190777 1.512030 -2.271354 0.950066 1.073464 -2.235172 0.949869 1.292028 -2.195678 0.949416 1.519298 -2.235172 0.730219 1.088708 -2.271354 0.708298 1.295731 -2.235172 0.707781 1.510651 -2.271354 0.730785 0.910037 -2.987016 0.949416 0.879581 -2.998645 1.167773 0.913333 -2.987016 0.728195 0.846326 -2.770528 0.949869 0.810359 -2.770528 1.171287 0.849284 -2.770528 0.741494 0.851374 -2.554040 0.950066 0.816028 -2.542411 1.158443 0.853693 -2.554040 1.227380 1.848470 -2.987016 0.945116 1.881489 -2.998645 0.663276 1.845174 -2.987016 1.241600 1.864456 -2.770528 0.946142 1.900423 -2.770528 0.650939 1.861498 -2.770528 1.219479 1.811682 -2.554040 0.947424 1.844465 -2.542411 0.675413 1.809364 -2.554040 "
							            />
							<TextureCoordinate point="0.4375 0.0625 0.5000 0.0625 0.5000 0.1250 0.4375 0.1250 0.5000 0.0625 0.5625 0.0625 0.5625 0.1250 0.5000 0.1250 0.4375 0.1250 0.5000 0.1250 0.5000 0.1875 0.4375 0.1875 0.5000 0.1250 0.5625 0.1250 0.5625 0.1875 0.5000 0.1875 0.3750 0.0000 0.4375 0.0000 0.4375 0.0625 0.3750 0.0625 0.4375 0.0000 0.5000 0.0000 0.5000 0.0625 0.4375 0.0625 0.5000 0.0000 0.5625 0.0000 0.5625 0.0625 0.5000 0.0625 0.5625 0.0000 0.6250 0.0000 0.6250 0.0625 0.5625 0.0625 0.5625 0.0625 0.6250 0.0625 0.6250 0.1250 0.5625 0.1250 0.5625 0.1250 0.6250 0.1250 0.6250 0.1875 0.5625 0.1875 0.5625 0.1875 0.6250 0.1875 0.6250 0.2500 0.5625 0.2500 0.5000 0.1875 0.5625 0.1875 0.5625 0.2500 0.5000 0.2500 0.4375 0.1875 0.5000 0.1875 0.5000 0.2500 0.4375 0.2500 0.3750 0.1875 0.4375 0.1875 0.4375 0.2500 0.3750 0.2500 0.3750 0.1250 0.4375 0.1250 0.4375 0.1875 0.3750 0.1875 0.3750 0.0625 0.4375 0.0625 0.4375 0.1250 0.3750 0.1250 0.4375 0.3125 0.5000 0.3125 0.5000 0.3750 0.4375 0.3750 0.5000 0.3125 0.5625 0.3125 0.5625 0.3750 0.5000 0.3750 0.4375 0.3750 0.5000 0.3750 0.5000 0.4375 0.4375 0.4375 0.5000 0.3750 0.5625 0.3750 0.5625 0.4375 0.5000 0.4375 0.3750 0.2500 0.4375 0.2500 0.4375 0.3125 0.3750 0.3125 0.4375 0.2500 0.5000 0.2500 0.5000 0.3125 0.4375 0.3125 0.5000 0.2500 0.5625 0.2500 0.5625 0.3125 0.5000 0.3125 0.5625 0.2500 0.6250 0.2500 0.6250 0.3125 0.5625 0.3125 0.5625 0.3125 0.6250 0.3125 0.6250 0.3750 0.5625 0.3750 0.5625 0.3750 0.6250 0.3750 0.6250 0.4375 0.5625 0.4375 0.5625 0.4375 0.6250 0.4375 0.6250 0.5000 0.5625 0.5000 0.5000 0.4375 0.5625 0.4375 0.5625 0.5000 0.5000 0.5000 0.4375 0.4375 0.5000 0.4375 0.5000 0.5000 0.4375 0.5000 0.3750 0.4375 0.4375 0.4375 0.4375 0.5000 0.3750 0.5000 0.3750 0.3750 0.4375 0.3750 0.4375 0.4375 0.3750 0.4375 0.3750 0.3125 0.4375 0.3125 0.4375 0.3750 0.3750 0.3750 0.4375 0.5625 0.5000 0.5625 0.5000 0.6250 0.4375 0.6250 0.5000 0.5625 0.5625 0.5625 0.5625 0.6250 0.5000 0.6250 0.4375 0.6250 0.5000 0.6250 0.5000 0.6875 0.4375 0.6875 0.5000 0.6250 0.5625 0.6250 0.5625 0.6875 0.5000 0.6875 0.3750 0.5000 0.4375 0.5000 0.4375 0.5625 0.3750 0.5625 0.4375 0.5000 0.5000 0.5000 0.5000 0.5625 0.4375 0.5625 0.5000 0.5000 0.5625 0.5000 0.5625 0.5625 0.5000 0.5625 0.5625 0.5000 0.6250 0.5000 0.6250 0.5625 0.5625 0.5625 0.5625 0.5625 0.6250 0.5625 0.6250 0.6250 0.5625 0.6250 0.5625 0.6250 0.6250 0.6250 0.6250 0.6875 0.5625 0.6875 0.5625 0.6875 0.6250 0.6875 0.6250 0.7500 0.5625 0.7500 0.5000 0.6875 0.5625 0.6875 0.5625 0.7500 0.5000 0.7500 0.4375 0.6875 0.5000 0.6875 0.5000 0.7500 0.4375 0.7500 0.3750 0.6875 0.4375 0.6875 0.4375 0.7500 0.3750 0.7500 0.3750 0.6250 0.4375 0.6250 0.4375 0.6875 0.3750 0.6875 0.3750 0.5625 0.4375 0.5625 0.4375 0.6250 0.3750 0.6250 0.4375 0.8125 0.5000 0.8125 0.5000 0.8750 0.4375 0.8750 0.5000 0.8125 0.5625 0.8125 0.5625 0.8750 0.5000 0.8750 0.4375 0.8750 0.5000 0.8750 0.5000 0.9375 0.4375 0.9375 0.5000 0.8750 0.5625 0.8750 0.5625 0.9375 0.5000 0.9375 0.3750 0.7500 0.4375 0.7500 0.4375 0.8125 0.3750 0.8125 0.4375 0.7500 0.5000 0.7500 0.5000 0.8125 0.4375 0.8125 0.5000 0.7500 0.5625 0.7500 0.5625 0.8125 0.5000 0.8125 0.5625 0.7500 0.6250 0.7500 0.6250 0.8125 0.5625 0.8125 0.5625 0.8125 0.6250 0.8125 0.6250 0.8750 0.5625 0.8750 0.5625 0.8750 0.6250 0.8750 0.6250 0.9375 0.5625 0.9375 0.5625 0.9375 0.6250 0.9375 0.6250 1.0000 0.5625 1.0000 0.5000 0.9375 0.5625 0.9375 0.5625 1.0000 0.5000 1.0000 0.4375 0.9375 0.5000 0.9375 0.5000 1.0000 0.4375 1.0000 0.3750 0.9375 0.4375 0.9375 0.4375 1.0000 0.3750 1.0000 0.3750 0.8750 0.4375 0.8750 0.4375 0.9375 0.3750 0.9375 0.3750 0.8125 0.4375 0.8125 0.4375 0.8750 0.3750 0.8750 0.1875 0.5625 0.2500 0.5625 0.2500 0.6250 0.1875 0.6250 0.2500 0.5625 0.3125 0.5625 0.3125 0.6250 0.2500 0.6250 0.1875 0.6250 0.2500 0.6250 0.2500 0.6875 0.1875 0.6875 0.2500 0.6250 0.3125 0.6250 0.3125 0.6875 0.2500 0.6875 0.1250 0.5000 0.1875 0.5000 0.1875 0.5625 0.1250 0.5625 0.1875 0.5000 0.2500 0.5000 0.2500 0.5625 0.1875 0.5625 0.2500 0.5000 0.3125 0.5000 0.3125 0.5625 0.2500 0.5625 0.3125 0.5000 0.3750 0.5000 0.3750 0.5625 0.3125 0.5625 0.3125 0.5625 0.3750 0.5625 0.3750 0.6250 0.3125 0.6250 0.3125 0.6250 0.3750 0.6250 0.3750 0.6875 0.3125 0.6875 0.3125 0.6875 0.3750 0.6875 0.3750 0.7500 0.3125 0.7500 0.2500 0.6875 0.3125 0.6875 0.3125 0.7500 0.2500 0.7500 0.1875 0.6875 0.2500 0.6875 0.2500 0.7500 0.1875 0.7500 0.1250 0.6875 0.1875 0.6875 0.1875 0.7500 0.1250 0.7500 0.1250 0.6250 0.1875 0.6250 0.1875 0.6875 0.1250 0.6875 0.1250 0.5625 0.1875 0.5625 0.1875 0.6250 0.1250 0.6250 0.6875 0.5625 0.7500 0.5625 0.7500 0.6250 0.6875 0.6250 0.7500 0.5625 0.8125 0.5625 0.8125 0.6250 0.7500 0.6250 0.6875 0.6250 0.7500 0.6250 0.7500 0.6875 0.6875 0.6875 0.7500 0.6250 0.8125 0.6250 0.8125 0.6875 0.7500 0.6875 0.6250 0.5000 0.6875 0.5000 0.6875 0.5625 0.6250 0.5625 0.6875 0.5000 0.7500 0.5000 0.7500 0.5625 0.6875 0.5625 0.7500 0.5000 0.8125 0.5000 0.8125 0.5625 0.7500 0.5625 0.8125 0.5000 0.8750 0.5000 0.8750 0.5625 0.8125 0.5625 0.8125 0.5625 0.8750 0.5625 0.8750 0.6250 0.8125 0.6250 0.8125 0.6250 0.8750 0.6250 0.8750 0.6875 0.8125 0.6875 0.8125 0.6875 0.8750 0.6875 0.8750 0.7500 0.8125 0.7500 0.7500 0.6875 0.8125 0.6875 0.8125 0.7500 0.7500 0.7500 0.6875 0.6875 0.7500 0.6875 0.7500 0.7500 0.6875 0.7500 0.6250 0.6875 0.6875 0.6875 0.6875 0.7500 0.6250 0.7500 0.6250 0.6250 0.6875 0.6250 0.6875 0.6875 0.6250 0.6875 0.6250 0.5625 0.6875 0.5625 0.6875 0.6250 0.6250 0.6250 " />
						</IndexedFaceSet>
					</Shape>
				</Group>
			</Transform>
		</Transform>
		<Transform DEF="Shape_IndexedFaceSet_003_TRANSFORM"
		           translation="0.000000 0.000000 0.000000"
		           scale="1.000000 1.000000 1.000000"
		           rotation="-0.000000 0.000000 0.000000 0.000000"
		           >
			<Transform DEF="Shape_IndexedFaceSet_003_ifs_TRANSFORM"
			           translation="0.000000 0.000000 0.000000"
			           scale="1.000000 1.000000 1.000000"
			           rotation="0.000000 1.000000 0.000000 0.000000"
			           >
				<Group DEF="group_ME_Shape_IndexedFaceSet_003">
					<Shape>
						<Appearance>
							<Material USE="MA_MA_Material_001" />
						</Appearance>
						<IndexedFaceSet solid="false"
						                texCoordIndex="0 1 2 3 -1 4 5 6 7 -1 8 9 10 11 -1 12 13 14 15 -1 16 17 18 19 -1 20 21 22 23 -1 24 25 26 27 -1 28 29 30 31 -1 32 33 34 35 -1 36 37 38 39 -1 40 41 42 43 -1 44 45 46 47 -1 48 49 50 51 -1 52 53 54 55 -1 56 57 58 59 -1 60 61 62 63 -1 64 65 66 67 -1 68 69 70 71 -1 72 73 74 75 -1 76 77 78 79 -1 80 81 82 83 -1 84 85 86 87 -1 88 89 90 91 -1 92 93 94 95 -1 96 97 98 99 -1 100 101 102 103 -1 104 105 106 107 -1 108 109 110 111 -1 112 113 114 115 -1 116 117 118 119 -1 120 121 122 123 -1 124 125 126 127 -1 128 129 130 131 -1 132 133 134 135 -1 136 137 138 139 -1 140 141 142 143 -1 144 145 146 147 -1 148 149 150 151 -1 152 153 154 155 -1 156 157 158 159 -1 160 161 162 163 -1 164 165 166 167 -1 168 169 170 171 -1 172 173 174 175 -1 176 177 178 179 -1 180 181 182 183 -1 184 185 186 187 -1 188 189 190 191 -1 192 193 194 195 -1 196 197 198 199 -1 200 201 202 203 -1 204 205 206 207 -1 208 209 210 211 -1 212 213 214 215 -1 216 217 218 219 -1 220 221 222 223 -1 224 225 226 227 -1 228 229 230 231 -1 232 233 234 235 -1 236 237 238 239 -1 240 241 242 243 -1 244 245 246 247 -1 248 249 250 251 -1 252 253 254 255 -1 256 257 258 259 -1 260 261 262 263 -1 264 265 266 267 -1 268 269 270 271 -1 272 273 274 275 -1 276 277 278 279 -1 280 281 282 283 -1 284 285 286 287 -1 288 289 290 291 -1 292 293 294 295 -1 296 297 298 299 -1 300 301 302 303 -1 304 305 306 307 -1 308 309 310 311 -1 312 313 314 315 -1 316 317 318 319 -1 320 321 322 323 -1 324 325 326 327 -1 328 329 330 331 -1 332 333 334 335 -1 336 337 338 339 -1 340 341 342 343 -1 344 345 346 347 -1 348 349 350 351 -1 352 353 354 355 -1 356 357 358 359 -1 360 361 362 363 -1 364 365 366 367 -1 368 369 370 371 -1 372 373 374 375 -1 376 377 378 379 -1 380 381 382 383 -1 384 385 386 387 -1 388 389 390 391 -1 392 393 394 395 -1 396 397 398 399 -1 400 401 402 403 -1 404 405 406 407 -1 408 409 410 411 -1 412 413 414 415 -1 416 417 418 419 -1 420 421 422 423 -1 424 425 426 427 -1 428 429 430 431 -1 432 433 434 435 -1 436 437 438 439 -1 440 441 442 443 -1 444 445 446 447 -1 448 449 450 451 -1 452 453 454 455 -1 456 457 458 459 -1 460 461 462 463 -1 464 465 466 467 -1 468 469 470 471 -1 472 473 474 475 -1 476 477 478 479 -1 480 481 482 483 -1 484 485 486 487 -1 488 489 490 491 -1 492 493 494 495 -1 496 497 498 499 -1 500 501 502 503 -1 504 505 506 507 -1 508 509 510 511 -1 512 513 514 515 -1 516 517 518 519 -1 520 521 522 523 -1 524 525 526 527 -1 528 529 530 531 -1 532 533 534 535 -1 536 537 538 539 -1 540 541 542 543 -1 544 545 546 547 -1 548 549 550 551 -1 552 553 554 555 -1 556 557 558 559 -1 560 561 562 563 -1 564 565 566 567 -1 568 569 570 571 -1 572 573 574 575 -1 576 577 578 579 -1 580 581 582 583 -1 584 585 586 587 -1 588 589 590 591 -1 592 593 594 595 -1 596 597 598 599 -1 600 601 602 603 -1 604 605 606 607 -1 608 609 610 611 -1 612 613 614 615 -1 616 617 618 619 -1 620 621 622 623 -1 624 625 626 627 -1 628 629 630 631 -1 632 633 634 635 -1 636 637 638 639 -1 640 641 642 643 -1 644 645 646 647 -1 648 649 650 651 -1 652 653 654 655 -1 656 657 658 659 -1 660 661 662 663 -1 664 665 666 667 -1 668 669 670 671 -1 672 673 674 675 -1 676 677 678 679 -1 680 681 682 683 -1 684 685 686 687 -1 688 689 690 691 -1 692 693 694 695 -1 696 697 698 699 -1 700 701 702 703 -1 704 705 706 707 -1 708 709 710 711 -1 712 713 714 715 -1 716 717 718 719 -1 720 721 722 723 -1 724 725 726 727 -1 728 729 730 731 -1 732 733 734 735 -1 736 737 738 739 -1 740 741 742 743 -1 744 745 746 747 -1 748 749 750 751 -1 752 753 754 755 -1 756 757 758 759 -1 760 761 762 763 -1 764 765 766 767 -1 768 769 770 771 -1 772 773 774 775 -1 776 777 778 779 -1 780 781 782 783 -1 784 785 786 787 -1 788 789 790 791 -1 792 793 794 795 -1 796 797 798 799 -1 800 801 802 803 -1 804 805 806 807 -1 808 809 810 811 -1 812 813 814 815 -1 816 817 818 819 -1 820 821 822 823 -1 824 825 826 827 -1 828 829 830 831 -1 832 833 834 835 -1 836 837 838 839 -1 840 841 842 843 -1 844 845 846 847 -1 848 849 850 851 -1 852 853 854 855 -1 856 857 858 859 -1 860 861 862 863 -1 864 865 866 867 -1 868 869 870 871 -1 872 873 874 875 -1 876 877 878 879 -1 880 881 882 883 -1 884 885 886 887 -1 888 889 890 891 -1 892 893 894 895 -1 896 897 898 899 -1 900 901 902 903 -1 904 905 906 907 -1 908 909 910 911 -1 912 913 914 915 -1 916 917 918 919 -1 920 921 922 923 -1 924 925 926 927 -1 928 929 930 931 -1 932 933 934 935 -1 936 937 938 939 -1 940 941 942 943 -1 944 945 946 947 -1 948 949 950 951 -1 952 953 954 955 -1 956 957 958 959 -1 960 961 962 963 -1 964 965 966 967 -1 968 969 970 971 -1 972 973 974 975 -1 976 977 978 979 -1 980 981 982 983 -1 984 985 986 987 -1 988 989 990 991 -1 992 993 994 995 -1 996 997 998 999 -1 1000 1001 1002 1003 -1 1004 1005 1006 1007 -1 1008 1009 1010 1011 -1 1012 1013 1014 1015 -1 1016 1017 1018 1019 -1 1020 1021 1022 1023 -1 1024 1025 1026 1027 -1 1028 1029 1030 1031 -1 1032 1033 1034 1035 -1 1036 1037 1038 1039 -1 1040 1041 1042 1043 -1 1044 1045 1046 1047 -1 1048 1049 1050 1051 -1 1052 1053 1054 1055 -1 1056 1057 1058 1059 -1 1060 1061 1062 1063 -1 1064 1065 1066 1067 -1 1068 1069 1070 1071 -1 1072 1073 1074 1075 -1 1076 1077 1078 1079 -1 1080 1081 1082 1083 -1 1084 1085 1086 1087 -1 1088 1089 1090 1091 -1 1092 1093 1094 1095 -1 1096 1097 1098 1099 -1 1100 1101 1102 1103 -1 1104 1105 1106 1107 -1 1108 1109 1110 1111 -1 1112 1113 1114 1115 -1 1116 1117 1118 1119 -1 1120 1121 1122 1123 -1 1124 1125 1126 1127 -1 1128 1129 1130 1131 -1 1132 1133 1134 1135 -1 1136 1137 1138 1139 -1 1140 1141 1142 1143 -1 1144 1145 1146 1147 -1 1148 1149 1150 1151 -1 1152 1153 1154 1155 -1 1156 1157 1158 1159 -1 1160 1161 1162 1163 -1 1164 1165 1166 1167 -1 1168 1169 1170 1171 -1 1172 1173 1174 1175 -1 1176 1177 1178 1179 -1 1180 1181 1182 1183 -1 1184 1185 1186 1187 -1 1188 1189 1190 1191 -1 1192 1193 1194 1195 -1 1196 1197 1198 1199 -1 1200 1201 1202 1203 -1 1204 1205 1206 1207 -1 1208 1209 1210 1211 -1 1212 1213 1214 1215 -1 1216 1217 1218 1219 -1 1220 1221 1222 1223 -1 1224 1225 1226 1227 -1 1228 1229 1230 1231 -1 1232 1233 1234 1235 -1 1236 1237 1238 1239 -1 1240 1241 1242 1243 -1 1244 1245 1246 1247 -1 1248 1249 1250 1251 -1 1252 1253 1254 1255 -1 1256 1257 1258 1259 -1 1260 1261 1262 1263 -1 1264 1265 1266 1267 -1 1268 1269 1270 1271 -1 1272 1273 1274 1275 -1 1276 1277 1278 1279 -1 1280 1281 1282 1283 -1 1284 1285 1286 1287 -1 1288 1289 1290 1291 -1 1292 1293 1294 1295 -1 1296 1297 1298 1299 -1 1300 1301 1302 1303 -1 1304 1305 1306 1307 -1 1308 1309 1310 1311 -1 1312 1313 1314 1315 -1 1316 1317 1318 1319 -1 1320 1321 1322 1323 -1 1324 1325 1326 1327 -1 1328 1329 1330 1331 -1 1332 1333 1334 1335 -1 1336 1337 1338 1339 -1 1340 1341 1342 1343 -1 1344 1345 1346 1347 -1 1348 1349 1350 1351 -1 1352 1353 1354 1355 -1 1356 1357 1358 1359 -1 1360 1361 1362 1363 -1 1364 1365 1366 1367 -1 1368 1369 1370 1371 -1 1372 1373 1374 1375 -1 1376 1377 1378 1379 -1 1380 1381 1382 1383 -1 1384 1385 1386 1387 -1 1388 1389 1390 1391 -1 1392 1393 1394 1395 -1 1396 1397 1398 1399 -1 1400 1401 1402 1403 -1 1404 1405 1406 1407 -1 1408 1409 1410 1411 -1 1412 1413 1414 1415 -1 1416 1417 1418 1419 -1 1420 1421 1422 1423 -1 1424 1425 1426 1427 -1 1428 1429 1430 1431 -1 1432 1433 1434 1435 -1 1436 1437 1438 1439 -1 1440 1441 1442 1443 -1 1444 1445 1446 1447 -1 1448 1449 1450 1451 -1 1452 1453 1454 1455 -1 1456 1457 1458 1459 -1 1460 1461 1462 1463 -1 1464 1465 1466 1467 -1 1468 1469 1470 1471 -1 1472 1473 1474 1475 -1 1476 1477 1478 1479 -1 1480 1481 1482 1483 -1 1484 1485 1486 1487 -1 1488 1489 1490 1491 -1 1492 1493 1494 1495 -1 1496 1497 1498 1499 -1 1500 1501 1502 1503 -1 1504 1505 1506 1507 -1 1508 1509 1510 1511 -1 1512 1513 1514 1515 -1 1516 1517 1518 1519 -1 1520 1521 1522 1523 -1 1524 1525 1526 1527 -1 1528 1529 1530 1531 -1 1532 1533 1534 1535 -1 1536 1537 1538 1539 -1 1540 1541 1542 1543 -1 1544 1545 1546 1547 -1 1548 1549 1550 1551 -1 1552 1553 1554 1555 -1 1556 1557 1558 1559 -1 1560 1561 1562 1563 -1 1564 1565 1566 1567 -1 1568 1569 1570 1571 -1 1572 1573 1574 1575 -1 1576 1577 1578 1579 -1 1580 1581 1582 1583 -1 1584 1585 1586 1587 -1 1588 1589 1590 1591 -1 1592 1593 1594 1595 -1 1596 1597 1598 1599 -1 1600 1601 1602 1603 -1 1604 1605 1606 1607 -1 1608 1609 1610 1611 -1 1612 1613 1614 1615 -1 1616 1617 1618 1619 -1 1620 1621 1622 1623 -1 1624 1625 1626 1627 -1 1628 1629 1630 1631 -1 1632 1633 1634 1635 -1 1636 1637 1638 1639 -1 1640 1641 1642 1643 -1 1644 1645 1646 1647 -1 1648 1649 1650 1651 -1 1652 1653 1654 1655 -1 1656 1657 1658 1659 -1 1660 1661 1662 1663 -1 1664 1665 1666 1667 -1 1668 1669 1670 1671 -1 1672 1673 1674 1675 -1 1676 1677 1678 1679 -1 1680 1681 1682 1683 -1 1684 1685 1686 1687 -1 1688 1689 1690 1691 -1 1692 1693 1694 1695 -1 1696 1697 1698 1699 -1 1700 1701 1702 1703 -1 1704 1705 1706 1707 -1 1708 1709 1710 1711 -1 1712 1713 1714 1715 -1 1716 1717 1718 1719 -1 1720 1721 1722 1723 -1 1724 1725 1726 1727 -1 1728 1729 1730 1731 -1 1732 1733 1734 1735 -1 1736 1737 1738 1739 -1 1740 1741 1742 1743 -1 1744 1745 1746 1747 -1 1748 1749 1750 1751 -1 1752 1753 1754 1755 -1 1756 1757 1758 1759 -1 1760 1761 1762 1763 -1 1764 1765 1766 1767 -1 1768 1769 1770 1771 -1 1772 1773 1774 1775 -1 1776 1777 1778 1779 -1 1780 1781 1782 1783 -1 1784 1785 1786 1787 -1 1788 1789 1790 1791 -1 1792 1793 1794 1795 -1 1796 1797 1798 1799 -1 1800 1801 1802 1803 -1 1804 1805 1806 1807 -1 1808 1809 1810 1811 -1 1812 1813 1814 1815 -1 1816 1817 1818 1819 -1 1820 1821 1822 1823 -1 1824 1825 1826 1827 -1 1828 1829 1830 1831 -1 1832 1833 1834 1835 -1 1836 1837 1838 1839 -1 1840 1841 1842 1843 -1 1844 1845 1846 1847 -1 1848 1849 1850 1851 -1 1852 1853 1854 1855 -1 1856 1857 1858 1859 -1 1860 1861 1862 1863 -1 1864 1865 1866 1867 -1 1868 1869 1870 1871 -1 1872 1873 1874 1875 -1 1876 1877 1878 1879 -1 1880 1881 1882 1883 -1 1884 1885 1886 1887 -1 1888 1889 1890 1891 -1 1892 1893 1894 1895 -1 1896 1897 1898 1899 -1 1900 1901 1902 1903 -1 1904 1905 1906 1907 -1 1908 1909 1910 1911 -1 1912 1913 1914 1915 -1 1916 1917 1918 1919 -1 1920 1921 1922 1923 -1 1924 1925 1926 1927 -1 1928 1929 1930 1931 -1 1932 1933 1934 1935 -1 1936 1937 1938 1939 -1 1940 1941 1942 1943 -1 1944 1945 1946 1947 -1 1948 1949 1950 1951 -1 1952 1953 1954 1955 -1 1956 1957 1958 1959 -1 1960 1961 1962 1963 -1 1964 1965 1966 1967 -1 1968 1969 1970 1971 -1 1972 1973 1974 1975 -1 1976 1977 1978 1979 -1 1980 1981 1982 1983 -1 1984 1985 1986 1987 -1 1988 1989 1990 1991 -1 1992 1993 1994 1995 -1 1996 1997 1998 1999 -1 2000 2001 2002 2003 -1 2004 2005 2006 2007 -1 2008 2009 2010 2011 -1 2012 2013 2014 2015 -1 2016 2017 2018 2019 -1 2020 2021 2022 2023 -1 2024 2025 2026 2027 -1 2028 2029 2030 2031 -1 2032 2033 2034 2035 -1 2036 2037 2038 2039 -1 2040 2041 2042 2043 -1 2044 2045 2046 2047 -1 2048 2049 2050 2051 -1 2052 2053 2054 2055 -1 2056 2057 2058 2059 -1 2060 2061 2062 2063 -1 2064 2065 2066 2067 -1 2068 2069 2070 2071 -1 2072 2073 2074 2075 -1 2076 2077 2078 2079 -1 2080 2081 2082 2083 -1 2084 2085 2086 2087 -1 2088 2089 2090 2091 -1 2092 2093 2094 2095 -1 2096 2097 2098 2099 -1 2100 2101 2102 2103 -1 2104 2105 2106 2107 -1 2108 2109 2110 2111 -1 2112 2113 2114 2115 -1 2116 2117 2118 2119 -1 2120 2121 2122 2123 -1 2124 2125 2126 2127 -1 2128 2129 2130 2131 -1 2132 2133 2134 2135 -1 2136 2137 2138 2139 -1 2140 2141 2142 2143 -1 2144 2145 2146 2147 -1 2148 2149 2150 2151 -1 2152 2153 2154 2155 -1 2156 2157 2158 2159 -1 2160 2161 2162 2163 -1 2164 2165 2166 2167 -1 2168 2169 2170 2171 -1 2172 2173 2174 2175 -1 2176 2177 2178 2179 -1 2180 2181 2182 2183 -1 2184 2185 2186 2187 -1 2188 2189 2190 2191 -1 2192 2193 2194 2195 -1 2196 2197 2198 2199 -1 2200 2201 2202 2203 -1 2204 2205 2206 2207 -1 2208 2209 2210 2211 -1 2212 2213 2214 2215 -1 2216 2217 2218 2219 -1 2220 2221 2222 2223 -1 2224 2225 2226 2227 -1 2228 2229 2230 2231 -1 2232 2233 2234 2235 -1 2236 2237 2238 2239 -1 2240 2241 2242 2243 -1 2244 2245 2246 2247 -1 2248 2249 2250 2251 -1 2252 2253 2254 2255 -1 2256 2257 2258 2259 -1 2260 2261 2262 2263 -1 2264 2265 2266 2267 -1 2268 2269 2270 2271 -1 2272 2273 2274 2275 -1 2276 2277 2278 2279 -1 2280 2281 2282 2283 -1 2284 2285 2286 2287 -1 2288 2289 2290 2291 -1 2292 2293 2294 2295 -1 2296 2297 2298 2299 -1 2300 2301 2302 2303 -1 2304 2305 2306 2307 -1 2308 2309 2310 2311 -1 2312 2313 2314 2315 -1 2316 2317 2318 2319 -1 2320 2321 2322 2323 -1 2324 2325 2326 2327 -1 2328 2329 2330 2331 -1 2332 2333 2334 2335 -1 2336 2337 2338 2339 -1 2340 2341 2342 2343 -1 2344 2345 2346 2347 -1 2348 2349 2350 2351 -1 2352 2353 2354 2355 -1 2356 2357 2358 2359 -1 2360 2361 2362 2363 -1 2364 2365 2366 2367 -1 2368 2369 2370 2371 -1 2372 2373 2374 2375 -1 2376 2377 2378 2379 -1 2380 2381 2382 2383 -1 2384 2385 2386 2387 -1 2388 2389 2390 2391 -1 2392 2393 2394 2395 -1 2396 2397 2398 2399 -1 2400 2401 2402 2403 -1 2404 2405 2406 2407 -1 2408 2409 2410 2411 -1 2412 2413 2414 2415 -1 2416 2417 2418 2419 -1 2420 2421 2422 2423 -1 2424 2425 2426 2427 -1 2428 2429 2430 2431 -1 2432 2433 2434 2435 -1 2436 2437 2438 2439 -1 2440 2441 2442 2443 -1 2444 2445 2446 2447 -1 2448 2449 2450 2451 -1 2452 2453 2454 2455 -1 2456 2457 2458 2459 -1 2460 2461 2462 2463 -1 2464 2465 2466 2467 -1 2468 2469 2470 2471 -1 2472 2473 2474 2475 -1 2476 2477 2478 2479 -1 2480 2481 2482 2483 -1 2484 2485 2486 2487 -1 2488 2489 2490 2491 -1 2492 2493 2494 2495 -1 2496 2497 2498 2499 -1 2500 2501 2502 2503 -1 2504 2505 2506 2507 -1 2508 2509 2510 2511 -1 2512 2513 2514 2515 -1 2516 2517 2518 2519 -1 2520 2521 2522 2523 -1 2524 2525 2526 2527 -1 2528 2529 2530 2531 -1 2532 2533 2534 2535 -1 2536 2537 2538 2539 -1 2540 2541 2542 2543 -1 2544 2545 2546 2547 -1 2548 2549 2550 2551 -1 2552 2553 2554 2555 -1 2556 2557 2558 2559 -1 2560 2561 2562 2563 -1 2564 2565 2566 2567 -1 2568 2569 2570 2571 -1 2572 2573 2574 2575 -1 2576 2577 2578 2579 -1 2580 2581 2582 2583 -1 2584 2585 2586 2587 -1 2588 2589 2590 2591 -1 2592 2593 2594 2595 -1 2596 2597 2598 2599 -1 2600 2601 2602 2603 -1 2604 2605 2606 2607 -1 2608 2609 2610 2611 -1 2612 2613 2614 2615 -1 2616 2617 2618 2619 -1 2620 2621 2622 2623 -1 2624 2625 2626 2627 -1 2628 2629 2630 2631 -1 2632 2633 2634 2635 -1 2636 2637 2638 2639 -1 2640 2641 2642 2643 -1 2644 2645 2646 2647 -1 2648 2649 2650 2651 -1 2652 2653 2654 2655 -1 2656 2657 2658 2659 -1 2660 2661 2662 2663 -1 2664 2665 2666 2667 -1 2668 2669 2670 2671 -1 2672 2673 2674 2675 -1 2676 2677 2678 2679 -1 2680 2681 2682 2683 -1 2684 2685 2686 2687 -1 2688 2689 2690 2691 -1 2692 2693 2694 2695 -1 2696 2697 2698 2699 -1 2700 2701 2702 2703 -1 2704 2705 2706 2707 -1 2708 2709 2710 2711 -1 2712 2713 2714 2715 -1 2716 2717 2718 2719 -1 2720 2721 2722 2723 -1 2724 2725 2726 2727 -1 2728 2729 2730 2731 -1 2732 2733 2734 2735 -1 2736 2737 2738 2739 -1 2740 2741 2742 2743 -1 2744 2745 2746 2747 -1 2748 2749 2750 2751 -1 2752 2753 2754 2755 -1 2756 2757 2758 2759 -1 2760 2761 2762 2763 -1 2764 2765 2766 2767 -1 2768 2769 2770 2771 -1 2772 2773 2774 2775 -1 2776 2777 2778 2779 -1 2780 2781 2782 2783 -1 2784 2785 2786 2787 -1 2788 2789 2790 2791 -1 2792 2793 2794 2795 -1 2796 2797 2798 2799 -1 2800 2801 2802 2803 -1 2804 2805 2806 2807 -1 2808 2809 2810 2811 -1 2812 2813 2814 2815 -1 2816 2817 2818 2819 -1 2820 2821 2822 2823 -1 2824 2825 2826 2827 -1 2828 2829 2830 2831 -1 2832 2833 2834 2835 -1 2836 2837 2838 2839 -1 2840 2841 2842 2843 -1 2844 2845 2846 2847 -1 2848 2849 2850 2851 -1 2852 2853 2854 2855 -1 2856 2857 2858 2859 -1 2860 2861 2862 2863 -1 2864 2865 2866 2867 -1 2868 2869 2870 2871 -1 2872 2873 2874 2875 -1 2876 2877 2878 2879 -1 2880 2881 2882 2883 -1 2884 2885 2886 2887 -1 2888 2889 2890 2891 -1 2892 2893 2894 2895 -1 2896 2897 2898 2899 -1 2900 2901 2902 2903 -1 2904 2905 2906 2907 -1 2908 2909 2910 2911 -1 2912 2913 2914 2915 -1 2916 2917 2918 2919 -1 2920 2921 2922 2923 -1 2924 2925 2926 2927 -1 2928 2929 2930 2931 -1 2932 2933 2934 2935 -1 2936 2937 2938 2939 -1 2940 2941 2942 2943 -1 2944 2945 2946 2947 -1 2948 2949 2950 2951 -1 2952 2953 2954 2955 -1 2956 2957 2958 2959 -1 2960 2961 2962 2963 -1 2964 2965 2966 2967 -1 2968 2969 2970 2971 -1 2972 2973 2974 2975 -1 2976 2977 2978 2979 -1 2980 2981 2982 2983 -1 2984 2985 2986 2987 -1 2988 2989 2990 2991 -1 2992 2993 2994 2995 -1 2996 2997 2998 2999 -1 3000 3001 3002 3003 -1 3004 3005 3006 3007 -1 3008 3009 3010 3011 -1 3012 3013 3014 3015 -1 3016 3017 3018 3019 -1 3020 3021 3022 3023 -1 3024 3025 3026 3027 -1 3028 3029 3030 3031 -1 3032 3033 3034 3035 -1 3036 3037 3038 3039 -1 3040 3041 3042 3043 -1 3044 3045 3046 3047 -1 3048 3049 3050 3051 -1 3052 3053 3054 3055 -1 3056 3057 3058 3059 -1 3060 3061 3062 3063 -1 3064 3065 3066 3067 -1 3068 3069 3070 3071 -1 "
						                coordIndex="184 185 192 191 -1 185 186 193 192 -1 186 187 194 193 -1 187 188 195 194 -1 188 189 196 195 -1 189 190 197 196 -1 191 192 199 198 -1 192 193 200 199 -1 193 194 201 200 -1 194 195 202 201 -1 195 196 203 202 -1 196 197 204 203 -1 198 199 206 205 -1 199 200 207 206 -1 200 201 208 207 -1 201 202 209 208 -1 202 203 210 209 -1 203 204 211 210 -1 205 206 213 212 -1 206 207 214 213 -1 207 208 215 214 -1 208 209 216 215 -1 209 210 217 216 -1 210 211 218 217 -1 212 213 220 219 -1 213 214 221 220 -1 214 215 222 221 -1 215 216 223 222 -1 216 217 224 223 -1 217 218 225 224 -1 219 220 227 226 -1 220 221 228 227 -1 221 222 229 228 -1 222 223 230 229 -1 223 224 231 230 -1 224 225 232 231 -1 0 23 184 22 -1 23 24 185 184 -1 24 25 186 185 -1 25 26 187 186 -1 26 27 188 187 -1 27 28 189 188 -1 28 29 190 189 -1 29 1 30 190 -1 190 30 31 197 -1 197 31 32 204 -1 204 32 33 211 -1 211 33 34 218 -1 218 34 35 225 -1 225 35 36 232 -1 232 36 3 37 -1 231 232 37 38 -1 230 231 38 39 -1 229 230 39 40 -1 228 229 40 41 -1 227 228 41 42 -1 226 227 42 43 -1 16 226 43 2 -1 17 219 226 16 -1 18 212 219 17 -1 19 205 212 18 -1 20 198 205 19 -1 21 191 198 20 -1 22 184 191 21 -1 233 234 241 240 -1 234 235 242 241 -1 235 236 243 242 -1 236 237 244 243 -1 237 238 245 244 -1 238 239 246 245 -1 240 241 248 247 -1 241 242 249 248 -1 242 243 250 249 -1 243 244 251 250 -1 244 245 252 251 -1 245 246 253 252 -1 247 248 255 254 -1 248 249 256 255 -1 249 250 257 256 -1 250 251 258 257 -1 251 252 259 258 -1 252 253 260 259 -1 254 255 262 261 -1 255 256 263 262 -1 256 257 264 263 -1 257 258 265 264 -1 258 259 266 265 -1 259 260 267 266 -1 261 262 269 268 -1 262 263 270 269 -1 263 264 271 270 -1 264 265 272 271 -1 265 266 273 272 -1 266 267 274 273 -1 268 269 276 275 -1 269 270 277 276 -1 270 271 278 277 -1 271 272 279 278 -1 272 273 280 279 -1 273 274 281 280 -1 2 43 233 50 -1 43 42 234 233 -1 42 41 235 234 -1 41 40 236 235 -1 40 39 237 236 -1 39 38 238 237 -1 38 37 239 238 -1 37 3 51 239 -1 239 51 52 246 -1 246 52 53 253 -1 253 53 54 260 -1 260 54 55 267 -1 267 55 56 274 -1 274 56 57 281 -1 281 57 7 58 -1 280 281 58 59 -1 279 280 59 60 -1 278 279 60 61 -1 277 278 61 62 -1 276 277 62 63 -1 275 276 63 64 -1 44 275 64 6 -1 45 268 275 44 -1 46 261 268 45 -1 47 254 261 46 -1 48 247 254 47 -1 49 240 247 48 -1 50 233 240 49 -1 282 283 290 289 -1 283 284 291 290 -1 284 285 292 291 -1 285 286 293 292 -1 286 287 294 293 -1 287 288 295 294 -1 289 290 297 296 -1 290 291 298 297 -1 291 292 299 298 -1 292 293 300 299 -1 293 294 301 300 -1 294 295 302 301 -1 296 297 304 303 -1 297 298 305 304 -1 298 299 306 305 -1 299 300 307 306 -1 300 301 308 307 -1 301 302 309 308 -1 303 304 311 310 -1 304 305 312 311 -1 305 306 313 312 -1 306 307 314 313 -1 307 308 315 314 -1 308 309 316 315 -1 310 311 318 317 -1 311 312 319 318 -1 312 313 320 319 -1 313 314 321 320 -1 314 315 322 321 -1 315 316 323 322 -1 317 318 325 324 -1 318 319 326 325 -1 319 320 327 326 -1 320 321 328 327 -1 321 322 329 328 -1 322 323 330 329 -1 6 64 282 71 -1 64 63 283 282 -1 63 62 284 283 -1 62 61 285 284 -1 61 60 286 285 -1 60 59 287 286 -1 59 58 288 287 -1 58 7 72 288 -1 288 72 73 295 -1 295 73 74 302 -1 302 74 75 309 -1 309 75 76 316 -1 316 76 77 323 -1 323 77 78 330 -1 330 78 5 79 -1 329 330 79 80 -1 328 329 80 81 -1 327 328 81 82 -1 326 327 82 83 -1 325 326 83 84 -1 324 325 84 85 -1 65 324 85 4 -1 66 317 324 65 -1 67 310 317 66 -1 68 303 310 67 -1 69 296 303 68 -1 70 289 296 69 -1 71 282 289 70 -1 331 332 339 338 -1 332 333 340 339 -1 333 334 341 340 -1 334 335 342 341 -1 335 336 343 342 -1 336 337 344 343 -1 338 339 346 345 -1 339 340 347 346 -1 340 341 348 347 -1 341 342 349 348 -1 342 343 350 349 -1 343 344 351 350 -1 345 346 353 352 -1 346 347 354 353 -1 347 348 355 354 -1 348 349 356 355 -1 349 350 357 356 -1 350 351 358 357 -1 352 353 360 359 -1 353 354 361 360 -1 354 355 362 361 -1 355 356 363 362 -1 356 357 364 363 -1 357 358 365 364 -1 359 360 367 366 -1 360 361 368 367 -1 361 362 369 368 -1 362 363 370 369 -1 363 364 371 370 -1 364 365 372 371 -1 366 367 374 373 -1 367 368 375 374 -1 368 369 376 375 -1 369 370 377 376 -1 370 371 378 377 -1 371 372 379 378 -1 4 85 331 92 -1 85 84 332 331 -1 84 83 333 332 -1 83 82 334 333 -1 82 81 335 334 -1 81 80 336 335 -1 80 79 337 336 -1 79 5 93 337 -1 337 93 94 344 -1 344 94 95 351 -1 351 95 96 358 -1 358 96 97 365 -1 365 97 98 372 -1 372 98 99 379 -1 379 99 1 29 -1 378 379 29 28 -1 377 378 28 27 -1 376 377 27 26 -1 375 376 26 25 -1 374 375 25 24 -1 373 374 24 23 -1 86 373 23 0 -1 87 366 373 86 -1 88 359 366 87 -1 89 352 359 88 -1 90 345 352 89 -1 91 338 345 90 -1 92 331 338 91 -1 380 381 388 387 -1 381 382 389 388 -1 382 383 390 389 -1 383 384 391 390 -1 384 385 392 391 -1 385 386 393 392 -1 387 388 395 394 -1 388 389 396 395 -1 389 390 397 396 -1 390 391 398 397 -1 391 392 399 398 -1 392 393 400 399 -1 394 395 402 401 -1 395 396 403 402 -1 396 397 404 403 -1 397 398 405 404 -1 398 399 406 405 -1 399 400 407 406 -1 401 402 409 408 -1 402 403 410 409 -1 403 404 411 410 -1 404 405 412 411 -1 405 406 413 412 -1 406 407 414 413 -1 408 409 416 415 -1 409 410 417 416 -1 410 411 418 417 -1 411 412 419 418 -1 412 413 420 419 -1 413 414 421 420 -1 415 416 423 422 -1 416 417 424 423 -1 417 418 425 424 -1 418 419 426 425 -1 419 420 427 426 -1 420 421 428 427 -1 2 50 380 16 -1 50 49 381 380 -1 49 48 382 381 -1 48 47 383 382 -1 47 46 384 383 -1 46 45 385 384 -1 45 44 386 385 -1 44 6 71 386 -1 386 71 70 393 -1 393 70 69 400 -1 400 69 68 407 -1 407 68 67 414 -1 414 67 66 421 -1 421 66 65 428 -1 428 65 4 92 -1 427 428 92 91 -1 426 427 91 90 -1 425 426 90 89 -1 424 425 89 88 -1 423 424 88 87 -1 422 423 87 86 -1 22 422 86 0 -1 21 415 422 22 -1 20 408 415 21 -1 19 401 408 20 -1 18 394 401 19 -1 17 387 394 18 -1 16 380 387 17 -1 429 430 437 436 -1 430 431 438 437 -1 431 432 439 438 -1 432 433 440 439 -1 433 434 441 440 -1 434 435 442 441 -1 436 437 444 443 -1 437 438 445 444 -1 438 439 446 445 -1 439 440 447 446 -1 440 441 448 447 -1 441 442 449 448 -1 443 444 451 450 -1 444 445 452 451 -1 445 446 453 452 -1 446 447 454 453 -1 447 448 455 454 -1 448 449 456 455 -1 450 451 458 457 -1 451 452 459 458 -1 452 453 460 459 -1 453 454 461 460 -1 454 455 462 461 -1 455 456 463 462 -1 457 458 465 464 -1 458 459 466 465 -1 459 460 467 466 -1 460 461 468 467 -1 461 462 469 468 -1 462 463 470 469 -1 464 465 472 471 -1 465 466 473 472 -1 466 467 474 473 -1 467 468 475 474 -1 468 469 476 475 -1 469 470 477 476 -1 7 57 429 72 -1 57 56 430 429 -1 56 55 431 430 -1 55 54 432 431 -1 54 53 433 432 -1 53 52 434 433 -1 52 51 435 434 -1 51 3 36 435 -1 435 36 35 442 -1 442 35 34 449 -1 449 34 33 456 -1 456 33 32 463 -1 463 32 31 470 -1 470 31 30 477 -1 477 30 1 99 -1 476 477 99 98 -1 475 476 98 97 -1 474 475 97 96 -1 473 474 96 95 -1 472 473 95 94 -1 471 472 94 93 -1 78 471 93 5 -1 77 464 471 78 -1 76 457 464 77 -1 75 450 457 76 -1 74 443 450 75 -1 73 436 443 74 -1 72 429 436 73 -1 478 479 486 485 -1 479 480 487 486 -1 480 481 488 487 -1 481 482 489 488 -1 482 483 490 489 -1 483 484 491 490 -1 485 486 493 492 -1 486 487 494 493 -1 487 488 495 494 -1 488 489 496 495 -1 489 490 497 496 -1 490 491 498 497 -1 492 493 500 499 -1 493 494 501 500 -1 494 495 502 501 -1 495 496 503 502 -1 496 497 504 503 -1 497 498 505 504 -1 499 500 507 506 -1 500 501 508 507 -1 501 502 509 508 -1 502 503 510 509 -1 503 504 511 510 -1 504 505 512 511 -1 506 507 514 513 -1 507 508 515 514 -1 508 509 516 515 -1 509 510 517 516 -1 510 511 518 517 -1 511 512 519 518 -1 513 514 521 520 -1 514 515 522 521 -1 515 516 523 522 -1 516 517 524 523 -1 517 518 525 524 -1 518 519 526 525 -1 8 107 478 106 -1 107 108 479 478 -1 108 109 480 479 -1 109 110 481 480 -1 110 111 482 481 -1 111 112 483 482 -1 112 113 484 483 -1 113 9 114 484 -1 484 114 115 491 -1 491 115 116 498 -1 498 116 117 505 -1 505 117 118 512 -1 512 118 119 519 -1 519 119 120 526 -1 526 120 11 121 -1 525 526 121 122 -1 524 525 122 123 -1 523 524 123 124 -1 522 523 124 125 -1 521 522 125 126 -1 520 521 126 127 -1 100 520 127 10 -1 101 513 520 100 -1 102 506 513 101 -1 103 499 506 102 -1 104 492 499 103 -1 105 485 492 104 -1 106 478 485 105 -1 527 528 535 534 -1 528 529 536 535 -1 529 530 537 536 -1 530 531 538 537 -1 531 532 539 538 -1 532 533 540 539 -1 534 535 542 541 -1 535 536 543 542 -1 536 537 544 543 -1 537 538 545 544 -1 538 539 546 545 -1 539 540 547 546 -1 541 542 549 548 -1 542 543 550 549 -1 543 544 551 550 -1 544 545 552 551 -1 545 546 553 552 -1 546 547 554 553 -1 548 549 556 555 -1 549 550 557 556 -1 550 551 558 557 -1 551 552 559 558 -1 552 553 560 559 -1 553 554 561 560 -1 555 556 563 562 -1 556 557 564 563 -1 557 558 565 564 -1 558 559 566 565 -1 559 560 567 566 -1 560 561 568 567 -1 562 563 570 569 -1 563 564 571 570 -1 564 565 572 571 -1 565 566 573 572 -1 566 567 574 573 -1 567 568 575 574 -1 10 127 527 134 -1 127 126 528 527 -1 126 125 529 528 -1 125 124 530 529 -1 124 123 531 530 -1 123 122 532 531 -1 122 121 533 532 -1 121 11 135 533 -1 533 135 136 540 -1 540 136 137 547 -1 547 137 138 554 -1 554 138 139 561 -1 561 139 140 568 -1 568 140 141 575 -1 575 141 15 142 -1 574 575 142 143 -1 573 574 143 144 -1 572 573 144 145 -1 571 572 145 146 -1 570 571 146 147 -1 569 570 147 148 -1 128 569 148 14 -1 129 562 569 128 -1 130 555 562 129 -1 131 548 555 130 -1 132 541 548 131 -1 133 534 541 132 -1 134 527 534 133 -1 576 577 584 583 -1 577 578 585 584 -1 578 579 586 585 -1 579 580 587 586 -1 580 581 588 587 -1 581 582 589 588 -1 583 584 591 590 -1 584 585 592 591 -1 585 586 593 592 -1 586 587 594 593 -1 587 588 595 594 -1 588 589 596 595 -1 590 591 598 597 -1 591 592 599 598 -1 592 593 600 599 -1 593 594 601 600 -1 594 595 602 601 -1 595 596 603 602 -1 597 598 605 604 -1 598 599 606 605 -1 599 600 607 606 -1 600 601 608 607 -1 601 602 609 608 -1 602 603 610 609 -1 604 605 612 611 -1 605 606 613 612 -1 606 607 614 613 -1 607 608 615 614 -1 608 609 616 615 -1 609 610 617 616 -1 611 612 619 618 -1 612 613 620 619 -1 613 614 621 620 -1 614 615 622 621 -1 615 616 623 622 -1 616 617 624 623 -1 14 148 576 155 -1 148 147 577 576 -1 147 146 578 577 -1 146 145 579 578 -1 145 144 580 579 -1 144 143 581 580 -1 143 142 582 581 -1 142 15 156 582 -1 582 156 157 589 -1 589 157 158 596 -1 596 158 159 603 -1 603 159 160 610 -1 610 160 161 617 -1 617 161 162 624 -1 624 162 13 163 -1 623 624 163 164 -1 622 623 164 165 -1 621 622 165 166 -1 620 621 166 167 -1 619 620 167 168 -1 618 619 168 169 -1 149 618 169 12 -1 150 611 618 149 -1 151 604 611 150 -1 152 597 604 151 -1 153 590 597 152 -1 154 583 590 153 -1 155 576 583 154 -1 625 626 633 632 -1 626 627 634 633 -1 627 628 635 634 -1 628 629 636 635 -1 629 630 637 636 -1 630 631 638 637 -1 632 633 640 639 -1 633 634 641 640 -1 634 635 642 641 -1 635 636 643 642 -1 636 637 644 643 -1 637 638 645 644 -1 639 640 647 646 -1 640 641 648 647 -1 641 642 649 648 -1 642 643 650 649 -1 643 644 651 650 -1 644 645 652 651 -1 646 647 654 653 -1 647 648 655 654 -1 648 649 656 655 -1 649 650 657 656 -1 650 651 658 657 -1 651 652 659 658 -1 653 654 661 660 -1 654 655 662 661 -1 655 656 663 662 -1 656 657 664 663 -1 657 658 665 664 -1 658 659 666 665 -1 660 661 668 667 -1 661 662 669 668 -1 662 663 670 669 -1 663 664 671 670 -1 664 665 672 671 -1 665 666 673 672 -1 12 169 625 176 -1 169 168 626 625 -1 168 167 627 626 -1 167 166 628 627 -1 166 165 629 628 -1 165 164 630 629 -1 164 163 631 630 -1 163 13 177 631 -1 631 177 178 638 -1 638 178 179 645 -1 645 179 180 652 -1 652 180 181 659 -1 659 181 182 666 -1 666 182 183 673 -1 673 183 9 113 -1 672 673 113 112 -1 671 672 112 111 -1 670 671 111 110 -1 669 670 110 109 -1 668 669 109 108 -1 667 668 108 107 -1 170 667 107 8 -1 171 660 667 170 -1 172 653 660 171 -1 173 646 653 172 -1 174 639 646 173 -1 175 632 639 174 -1 176 625 632 175 -1 674 675 682 681 -1 675 676 683 682 -1 676 677 684 683 -1 677 678 685 684 -1 678 679 686 685 -1 679 680 687 686 -1 681 682 689 688 -1 682 683 690 689 -1 683 684 691 690 -1 684 685 692 691 -1 685 686 693 692 -1 686 687 694 693 -1 688 689 696 695 -1 689 690 697 696 -1 690 691 698 697 -1 691 692 699 698 -1 692 693 700 699 -1 693 694 701 700 -1 695 696 703 702 -1 696 697 704 703 -1 697 698 705 704 -1 698 699 706 705 -1 699 700 707 706 -1 700 701 708 707 -1 702 703 710 709 -1 703 704 711 710 -1 704 705 712 711 -1 705 706 713 712 -1 706 707 714 713 -1 707 708 715 714 -1 709 710 717 716 -1 710 711 718 717 -1 711 712 719 718 -1 712 713 720 719 -1 713 714 721 720 -1 714 715 722 721 -1 10 134 674 100 -1 134 133 675 674 -1 133 132 676 675 -1 132 131 677 676 -1 131 130 678 677 -1 130 129 679 678 -1 129 128 680 679 -1 128 14 155 680 -1 680 155 154 687 -1 687 154 153 694 -1 694 153 152 701 -1 701 152 151 708 -1 708 151 150 715 -1 715 150 149 722 -1 722 149 12 176 -1 721 722 176 175 -1 720 721 175 174 -1 719 720 174 173 -1 718 719 173 172 -1 717 718 172 171 -1 716 717 171 170 -1 106 716 170 8 -1 105 709 716 106 -1 104 702 709 105 -1 103 695 702 104 -1 102 688 695 103 -1 101 681 688 102 -1 100 674 681 101 -1 723 724 731 730 -1 724 725 732 731 -1 725 726 733 732 -1 726 727 734 733 -1 727 728 735 734 -1 728 729 736 735 -1 730 731 738 737 -1 731 732 739 738 -1 732 733 740 739 -1 733 734 741 740 -1 734 735 742 741 -1 735 736 743 742 -1 737 738 745 744 -1 738 739 746 745 -1 739 740 747 746 -1 740 741 748 747 -1 741 742 749 748 -1 742 743 750 749 -1 744 745 752 751 -1 745 746 753 752 -1 746 747 754 753 -1 747 748 755 754 -1 748 749 756 755 -1 749 750 757 756 -1 751 752 759 758 -1 752 753 760 759 -1 753 754 761 760 -1 754 755 762 761 -1 755 756 763 762 -1 756 757 764 763 -1 758 759 766 765 -1 759 760 767 766 -1 760 761 768 767 -1 761 762 769 768 -1 762 763 770 769 -1 763 764 771 770 -1 15 141 723 156 -1 141 140 724 723 -1 140 139 725 724 -1 139 138 726 725 -1 138 137 727 726 -1 137 136 728 727 -1 136 135 729 728 -1 135 11 120 729 -1 729 120 119 736 -1 736 119 118 743 -1 743 118 117 750 -1 750 117 116 757 -1 757 116 115 764 -1 764 115 114 771 -1 771 114 9 183 -1 770 771 183 182 -1 769 770 182 181 -1 768 769 181 180 -1 767 768 180 179 -1 766 767 179 178 -1 765 766 178 177 -1 162 765 177 13 -1 161 758 765 162 -1 160 751 758 161 -1 159 744 751 160 -1 158 737 744 159 -1 157 730 737 158 -1 156 723 730 157 -1 "
						                >
							<Coordinate DEF="coords_ME_Shape_IndexedFaceSet_003"
							            point="1.543898 -1.263878 -1.524639 1.678573 -0.176561 -1.524639 1.441783 -1.374874 -2.524639 1.700772 -0.252038 -2.524639 2.181314 -1.336396 -1.524639 2.188714 -0.183962 -1.524639 1.901606 -1.509548 -2.524639 2.033320 -0.321596 -2.524639 -0.109931 -1.383013 -1.524639 -0.190588 -0.175822 -1.524639 -0.270505 -1.480690 -2.524639 -0.296403 -0.267578 -2.524639 0.439428 -1.320855 -1.524639 0.203378 -0.294216 -1.524639 0.247776 -1.406693 -2.524639 0.066484 -0.374134 -2.524639 1.422819 -1.399987 -2.443489 1.405243 -1.423151 -2.321289 1.398001 -1.433218 -2.178040 1.405074 -1.425991 -2.024639 1.428420 -1.399619 -1.871239 1.464464 -1.357980 -1.727989 1.507371 -1.307501 -1.605790 1.533867 -1.170794 -1.489522 1.527263 -1.033538 -1.451707 1.529889 -0.875500 -1.425004 1.544250 -0.708599 -1.415071 1.571258 -0.543630 -1.425004 1.607241 -0.391008 -1.451707 1.646739 -0.261821 -1.489522 1.671252 -0.144238 -1.605790 1.666469 -0.111610 -1.727989 1.666674 -0.092358 -1.871239 1.671162 -0.092119 -2.024639 1.678644 -0.113847 -2.178040 1.687366 -0.153890 -2.321289 1.695457 -0.205649 -2.443489 1.668962 -0.342356 -2.559757 1.624567 -0.478331 -2.597572 1.577175 -0.637965 -2.624275 1.531986 -0.809510 -2.634207 1.493417 -0.981947 -2.624275 1.464470 -1.143752 -2.597572 1.447332 -1.282404 -2.559757 1.848729 -1.545803 -2.559757 1.775751 -1.579429 -2.597572 1.698084 -1.594727 -2.624275 1.623425 -1.586071 -2.634207 1.557869 -1.551233 -2.624275 1.504225 -1.496269 -2.597572 1.464470 -1.430622 -2.559757 1.736642 -0.220441 -2.559757 1.785222 -0.188717 -2.597572 1.836698 -0.170177 -2.624275 1.887101 -0.170200 -2.634207 1.933515 -0.191465 -2.624275 1.974721 -0.229908 -2.597572 2.009553 -0.278654 -2.559757 2.026691 -0.426873 -2.559757 2.014476 -0.582427 -2.597572 1.997967 -0.760753 -2.624275 1.978540 -0.946761 -2.634207 1.957607 -1.126938 -2.624275 1.936406 -1.289814 -2.597572 1.916409 -1.423889 -2.559757 2.179811 -1.395074 -1.605790 2.166857 -1.465109 -1.727989 2.140035 -1.525231 -1.871239 2.100038 -1.565654 -2.024639 2.049061 -1.580024 -2.178040 1.993180 -1.570340 -2.321289 1.939890 -1.541939 -2.443489 2.061108 -0.270130 -2.443489 2.096421 -0.209558 -2.321289 2.130279 -0.158620 -2.178040 2.158715 -0.125664 -2.024639 2.178864 -0.115939 -1.871239 2.189980 -0.127218 -1.727989 2.192271 -0.154338 -1.605790 2.215752 -0.272389 -1.489522 2.246754 -0.407743 -1.451707 2.270318 -0.569024 -1.425004 2.280214 -0.744556 -1.415071 2.272347 -0.923098 -1.425004 2.248802 -1.092240 -1.451707 2.214228 -1.238330 -1.489522 1.598533 -1.303636 -1.489522 1.681894 -1.348890 -1.451707 1.779397 -1.384916 -1.425004 1.881688 -1.405573 -1.415072 1.980167 -1.407215 -1.425004 2.067874 -1.391990 -1.451707 2.138160 -1.364439 -1.489522 2.151086 -0.139547 -1.489522 2.092123 -0.092391 -1.451707 2.020810 -0.059609 -1.425004 1.942776 -0.047583 -1.415072 1.863439 -0.059514 -1.425004 1.788169 -0.091259 -1.451707 1.722807 -0.135713 -1.489522 -0.276482 -1.520039 -2.443489 -0.277621 -1.559412 -2.321289 -0.269471 -1.581943 -2.178040 -0.250304 -1.580541 -2.024639 -0.219803 -1.551672 -1.871239 -0.181747 -1.501008 -1.727989 -0.141530 -1.437886 -1.605790 -0.129680 -1.282211 -1.489522 -0.153190 -1.130469 -1.451707 -0.173778 -0.953357 -1.425004 -0.188832 -0.765392 -1.415071 -0.196804 -0.580004 -1.425004 -0.198468 -0.409774 -1.451707 -0.195376 -0.267704 -1.489522 -0.213220 -0.134542 -1.605790 -0.240270 -0.092808 -1.727989 -0.264470 -0.068195 -1.871239 -0.283363 -0.068145 -2.024639 -0.295467 -0.096447 -2.178040 -0.300854 -0.147398 -2.321289 -0.300266 -0.211516 -2.443489 -0.312116 -0.367191 -2.559757 -0.329411 -0.517936 -2.597572 -0.341492 -0.694762 -2.624275 -0.344835 -0.883294 -2.634207 -0.337137 -1.070133 -2.624275 -0.319424 -1.242447 -2.597572 -0.294326 -1.386878 -2.559757 0.203652 -1.453637 -2.559757 0.137129 -1.508030 -2.597572 0.059673 -1.551962 -2.624275 -0.021929 -1.577054 -2.634207 -0.101461 -1.577950 -2.624275 -0.173548 -1.556856 -2.597572 -0.232821 -1.519198 -2.559757 -0.272448 -0.238168 -2.559757 -0.235073 -0.211287 -2.597572 -0.189142 -0.199497 -2.624275 -0.136987 -0.206951 -2.634207 -0.080994 -0.235072 -2.624275 -0.024545 -0.278825 -2.597572 0.028078 -0.330564 -2.559757 0.089582 -0.462885 -2.559757 0.121330 -0.593234 -2.597572 0.154682 -0.742891 -2.624275 0.185918 -0.900711 -2.634207 0.212023 -1.056698 -2.624275 0.231467 -1.201382 -2.597572 0.243320 -1.324614 -2.559757 0.452660 -1.359421 -1.605790 0.460125 -1.403378 -1.727989 0.454254 -1.438859 -1.871239 0.432389 -1.460489 -2.024639 0.393988 -1.465093 -2.178040 0.344221 -1.454154 -2.321289 0.290519 -1.431216 -2.443489 0.081862 -0.337499 -2.443489 0.102586 -0.295902 -2.321289 0.124507 -0.262504 -2.178040 0.146097 -0.242326 -2.024639 0.166102 -0.238289 -1.871239 0.183200 -0.248942 -1.727989 0.196098 -0.270882 -1.605790 0.243297 -0.377484 -1.489522 0.295954 -0.501712 -1.451707 0.348067 -0.646684 -1.425004 0.392568 -0.802102 -1.415071 0.424078 -0.958472 -1.425004 0.441381 -1.106045 -1.451707 0.444940 -1.234033 -1.489522 -0.054663 -1.415465 -1.489522 0.025345 -1.447132 -1.451707 0.114512 -1.464803 -1.425004 0.204015 -1.463975 -1.415071 0.286243 -1.442850 -1.425004 0.356052 -1.405936 -1.451707 0.408999 -1.360260 -1.489522 0.168279 -0.244231 -1.489522 0.117419 -0.185052 -1.451707 0.059777 -0.135238 -1.425004 -0.000278 -0.103520 -1.415072 -0.058968 -0.095626 -1.425004 -0.113140 -0.109885 -1.451707 -0.159436 -0.141477 -1.489522 1.474536 -1.189598 -1.592881 1.462192 -1.045691 -1.569337 1.466019 -0.884344 -1.550239 1.485358 -0.715153 -1.542651 1.519408 -0.547757 -1.550239 1.564333 -0.391374 -1.569337 1.615800 -0.254712 -1.592881 1.428239 -1.222870 -1.721657 1.415505 -1.067294 -1.708482 1.422737 -0.898049 -1.696570 1.447726 -0.722813 -1.691499 1.488236 -0.549396 -1.696570 1.540614 -0.385237 -1.708482 1.601039 -0.237377 -1.721657 1.395215 -1.254220 -1.868548 1.386281 -1.089846 -1.862724 1.398506 -0.913401 -1.857057 1.428943 -0.731898 -1.854525 1.474557 -0.552321 -1.857057 1.531802 -0.381445 -1.862724 1.597026 -0.225950 -1.868548 1.377840 -1.276000 -2.024639 1.374553 -1.107571 -2.024639 1.391909 -0.927534 -2.024639 1.426602 -0.742721 -2.024639 1.475305 -0.559960 -2.024639 1.534596 -0.386065 -2.024639 1.601029 -0.227848 -2.024639 1.377705 -1.284080 -2.180730 1.379915 -1.117069 -2.186555 1.401234 -0.938675 -2.192221 1.438271 -0.755597 -2.194754 1.487678 -0.574625 -2.192221 1.546269 -0.402714 -2.186555 1.610923 -0.246835 -2.180731 1.392063 -1.281613 -2.327622 1.399260 -1.121771 -2.340796 1.423481 -0.949118 -2.352709 1.461424 -0.770823 -2.357780 1.509813 -0.594514 -2.352709 1.565423 -0.427985 -2.340796 1.625279 -0.278857 -2.327622 1.416863 -1.275473 -2.456398 1.428769 -1.127614 -2.479942 1.455324 -0.962272 -2.499039 1.493512 -0.788696 -2.506627 1.540120 -0.616711 -2.499039 1.591326 -0.456035 -2.479942 1.643541 -0.316182 -2.456398 1.480815 -1.320358 -2.635100 1.503401 -1.176597 -2.688772 1.535118 -1.010478 -2.722665 1.574717 -0.833228 -2.734588 1.619649 -0.655877 -2.722665 1.665476 -0.488643 -2.688772 1.706906 -0.341118 -2.635101 1.521305 -1.372245 -2.688772 1.546792 -1.218390 -2.753629 1.580610 -1.043891 -2.793082 1.621259 -0.858475 -2.806468 1.666429 -0.671797 -2.793082 1.712016 -0.492661 -2.753629 1.753340 -0.329328 -2.688772 1.571630 -1.419624 -2.722665 1.596650 -1.258438 -2.793082 1.630751 -1.076710 -2.835501 1.671581 -0.883542 -2.849702 1.716469 -0.687922 -2.835501 1.761657 -0.498319 -2.793082 1.803102 -0.323028 -2.722665 1.631846 -1.452167 -2.734588 1.653891 -1.288490 -2.806468 1.686262 -1.103766 -2.849702 1.725657 -0.906720 -2.864146 1.768772 -0.706083 -2.849702 1.812275 -0.510610 -2.806468 1.852831 -0.329062 -2.734588 1.700722 -1.463462 -2.722665 1.718621 -1.302909 -2.793082 1.747543 -1.121119 -2.835501 1.783453 -0.926308 -2.849702 1.822618 -0.726886 -2.835501 1.862300 -0.531878 -2.793082 1.900039 -0.350415 -2.722665 1.774062 -1.456333 -2.688772 1.788773 -1.304054 -2.753629 1.813850 -1.129431 -2.793082 1.844908 -0.940625 -2.806468 1.878339 -0.746425 -2.793082 1.911965 -0.556820 -2.753629 1.944242 -0.381769 -2.688772 1.847113 -1.437745 -2.635100 1.861926 -1.297017 -2.688772 1.884176 -1.130613 -2.722665 1.909959 -0.948000 -2.734588 1.936551 -0.759561 -2.722665 1.962146 -0.577417 -2.688772 1.985757 -0.413765 -2.635100 1.981727 -1.431158 -2.456398 2.010563 -1.288300 -2.479942 2.032724 -1.120028 -2.499039 2.049867 -0.935855 -2.506627 2.062497 -0.746316 -2.499039 2.069844 -0.563883 -2.479942 2.070495 -0.401310 -2.456398 2.045916 -1.442998 -2.327622 2.082074 -1.286757 -2.340796 2.105984 -1.108541 -2.352709 2.120285 -0.916720 -2.357780 2.126749 -0.720390 -2.352709 2.125406 -0.530128 -2.340796 2.115690 -0.356622 -2.327622 2.107516 -1.443316 -2.180730 2.148074 -1.277325 -2.186555 2.173268 -1.090484 -2.192221 2.185418 -0.891412 -2.194754 2.186501 -0.688976 -2.192221 2.177342 -0.492833 -2.186555 2.158455 -0.312813 -2.180730 2.161258 -1.425364 -2.024639 2.204197 -1.255126 -2.024639 2.230269 -1.064237 -2.024639 2.240893 -0.861992 -2.024639 2.237507 -0.657697 -2.024639 2.221644 -0.460665 -2.024639 2.194861 -0.280215 -2.024639 2.201803 -1.386585 -1.868548 2.245931 -1.218081 -1.862724 2.272697 -1.029455 -1.857057 2.282358 -0.830521 -1.854525 2.275537 -0.630918 -1.857057 2.254365 -0.439542 -1.862724 2.221335 -0.265054 -1.868548 2.226197 -1.333817 -1.721657 2.269710 -1.172292 -1.708482 2.296523 -0.990523 -1.696570 2.305556 -0.799071 -1.691499 2.296455 -0.608324 -1.696570 2.271988 -0.427392 -1.708482 2.235556 -0.264703 -1.721657 2.231832 -1.277933 -1.592881 2.272044 -1.126557 -1.569337 2.297761 -0.953081 -1.550239 2.306253 -0.769723 -1.542651 2.296127 -0.588343 -1.550239 2.270910 -0.419401 -1.569337 2.235186 -0.272488 -1.592881 2.167880 -1.233047 -1.414178 2.197412 -1.077573 -1.360506 2.217967 -0.904875 -1.326614 2.225047 -0.725191 -1.314690 2.216598 -0.549178 -1.326614 2.196759 -0.386793 -1.360506 2.171821 -0.247553 -1.414178 2.096955 -1.243184 -1.360506 2.122178 -1.075673 -1.295649 2.139393 -0.895750 -1.256197 2.145721 -0.711419 -1.242811 2.139840 -0.531041 -1.256197 2.125395 -0.362716 -1.295649 2.107495 -0.214234 -1.360506 2.007878 -1.251041 -1.326614 2.029196 -1.076712 -1.256197 2.043180 -0.891420 -1.213777 2.049048 -0.702575 -1.199577 2.046746 -0.517620 -1.213777 2.038977 -0.343937 -1.256197 2.029156 -0.188863 -1.326614 1.907253 -1.249198 -1.314690 1.924859 -1.074207 -1.242811 1.935917 -0.888004 -1.199577 1.941838 -0.697993 -1.185133 1.944039 -0.511574 -1.199577 1.943964 -0.336120 -1.242811 1.943060 -0.179000 -1.314690 1.802009 -1.234075 -1.326614 1.815734 -1.064263 -1.256197 1.824232 -0.882766 -1.213777 1.830908 -0.697003 -1.199577 1.838440 -0.514410 -1.213777 1.846844 -0.342400 -1.256197 1.855442 -0.188348 -1.326614 1.700093 -1.209534 -1.360506 1.708805 -1.049995 -1.295649 1.714871 -0.877158 -1.256197 1.723102 -0.698908 -1.242811 1.736647 -0.523362 -1.256197 1.754055 -0.358545 -1.295649 1.772487 -0.212229 -1.360506 1.609150 -1.183011 -1.414178 1.610829 -1.036973 -1.360506 1.614567 -0.873759 -1.326614 1.625266 -0.703007 -1.314690 1.645354 -0.534513 -1.326614 1.672030 -0.377840 -1.360507 1.700538 -0.242257 -1.414178 1.449803 -1.501147 -2.456398 1.495573 -1.583616 -2.479942 1.556943 -1.646095 -2.499039 1.630834 -1.683164 -2.506627 1.713424 -1.690199 -2.499039 1.797939 -1.668186 -2.479942 1.876539 -1.619121 -2.456398 1.440963 -1.541967 -2.327622 1.496574 -1.636252 -2.340796 1.568203 -1.704419 -2.352709 1.651899 -1.743155 -2.357780 1.743158 -1.749403 -2.352709 1.835326 -1.722855 -2.340796 1.921157 -1.663568 -2.327622 1.442813 -1.558758 -2.180730 1.508598 -1.657822 -2.186555 1.590426 -1.728194 -2.192221 1.683354 -1.767437 -2.194754 1.782156 -1.773330 -2.192221 1.880476 -1.744709 -2.186555 1.971669 -1.680639 -2.180730 1.458034 -1.551530 -2.024639 1.532397 -1.649888 -2.024639 1.622312 -1.719151 -2.024639 1.721930 -1.757408 -2.024639 1.825396 -1.762802 -2.024639 1.926828 -1.733696 -2.024639 2.020338 -1.668508 -2.024639 1.487446 -1.520123 -1.868548 1.567434 -1.613624 -1.862724 1.661910 -1.678910 -1.857057 1.764354 -1.714515 -1.854525 1.868489 -1.718850 -1.857057 1.969073 -1.690095 -1.862724 2.061170 -1.626300 -1.868548 1.526267 -1.467330 -1.721657 1.608650 -1.550769 -1.708482 1.704752 -1.608930 -1.696570 1.807325 -1.640429 -1.691499 1.909469 -1.643499 -1.696570 2.006051 -1.616845 -1.708482 2.092768 -1.558723 -1.721657 1.567326 -1.395908 -1.592881 1.649484 -1.462713 -1.569337 1.745691 -1.510562 -1.550239 1.847539 -1.536873 -1.542651 1.947040 -1.538962 -1.550239 2.038158 -1.517074 -1.569337 2.116082 -1.471177 -1.592881 2.037555 -0.175636 -2.456398 2.003039 -0.107880 -2.479942 1.960878 -0.062492 -2.499039 1.912545 -0.041386 -2.506627 1.859421 -0.046540 -2.499039 1.803949 -0.076149 -2.479942 1.748729 -0.128219 -2.456398 2.066790 -0.096267 -2.327622 2.028092 -0.015647 -2.340796 1.982027 0.034910 -2.352709 1.929809 0.055612 -2.357780 1.872640 0.046350 -2.352709 1.812171 0.008114 -2.340796 1.750038 -0.058287 -2.327622 2.093348 -0.038136 -2.180730 2.048659 0.047920 -2.186555 1.997309 0.100543 -2.192221 1.940335 0.120428 -2.194754 1.878791 0.108222 -2.192221 1.813867 0.064670 -2.186555 1.746770 -0.009513 -2.180730 2.114668 -0.004685 -2.024639 2.063801 0.081653 -2.024639 2.007104 0.133919 -2.024639 1.945565 0.152694 -2.024639 1.880178 0.138605 -2.024639 1.811964 0.092505 -2.024639 1.741950 0.015294 -2.024639 2.129105 0.000847 -1.868548 2.073213 0.084237 -1.862724 2.012133 0.134591 -1.857057 1.946947 0.152097 -1.854525 1.878766 0.137074 -1.857057 1.808659 0.090570 -1.862724 1.737659 0.013767 -1.868548 2.137528 -0.020243 -1.721657 2.078843 0.056085 -1.708482 2.014440 0.102557 -1.696570 1.945956 0.118544 -1.691499 1.875291 0.103580 -1.696570 1.804273 0.059317 -1.708482 1.734468 -0.012470 -1.721657 2.142395 -0.066177 -1.592881 2.083617 -0.002380 -1.569337 2.016454 0.037874 -1.550239 1.944072 0.051996 -1.542651 1.870129 0.038123 -1.550239 1.798219 -0.000857 -1.569337 1.731550 -0.061468 -1.592881 -0.187582 -1.314186 -1.592881 -0.219168 -1.154112 -1.569337 -0.240642 -0.969958 -1.550239 -0.252505 -0.774907 -1.542651 -0.254857 -0.582072 -1.550239 -0.248793 -0.403691 -1.569337 -0.235303 -0.251369 -1.592881 -0.236564 -1.360953 -1.721657 -0.273342 -1.187891 -1.708482 -0.295385 -0.992828 -1.696570 -0.304561 -0.787621 -1.691499 -0.302361 -0.584166 -1.696570 -0.290217 -0.393632 -1.708482 -0.269361 -0.226699 -1.721657 -0.277369 -1.402779 -1.868548 -0.315800 -1.220680 -1.862724 -0.337446 -1.016804 -1.857057 -0.344473 -0.802683 -1.854525 -0.338939 -0.589779 -1.857057 -0.322640 -0.389148 -1.862724 -0.297279 -0.211699 -1.868548 -0.307359 -1.429118 -2.024639 -0.345297 -1.244166 -2.024639 -0.366091 -1.037076 -2.024639 -0.371713 -0.819239 -2.024639 -0.364160 -0.602042 -2.024639 -0.345514 -0.396873 -2.024639 -0.317879 -0.215111 -2.024639 -0.324000 -1.433807 -2.180730 -0.360548 -1.252982 -2.186555 -0.380646 -1.050218 -2.192221 -0.385778 -0.836436 -2.194754 -0.377562 -0.622699 -2.192221 -0.358211 -0.420456 -2.186555 -0.330076 -0.241232 -2.180730 -0.327389 -1.421003 -2.327622 -0.361434 -1.250730 -2.340796 -0.380827 -1.057963 -2.352709 -0.386250 -0.853417 -2.357780 -0.378625 -0.648309 -2.352709 -0.360225 -0.454515 -2.340796 -0.333573 -0.283872 -2.327622 -0.317990 -1.399312 -2.456398 -0.347956 -1.244011 -2.479942 -0.366422 -1.063435 -2.499039 -0.372734 -0.869323 -2.506627 -0.366803 -0.674053 -2.499039 -0.350970 -0.490714 -2.479942 -0.328088 -0.332427 -2.456398 -0.253083 -1.401837 -2.635100 -0.275576 -1.252982 -2.688772 -0.293162 -1.080411 -2.722665 -0.302661 -0.894626 -2.734588 -0.302583 -0.706719 -2.722665 -0.294965 -0.528102 -2.688772 -0.283132 -0.369572 -2.635100 -0.196293 -1.426242 -2.688772 -0.218561 -1.268837 -2.753629 -0.236716 -1.091667 -2.793082 -0.248328 -0.903220 -2.806468 -0.252004 -0.712364 -2.793082 -0.249296 -0.528054 -2.753629 -0.242641 -0.358805 -2.688772 -0.127739 -1.442464 -2.722665 -0.151226 -1.280596 -2.793082 -0.170540 -1.100156 -2.835501 -0.184454 -0.909133 -2.849702 -0.192193 -0.715563 -2.835501 -0.194653 -0.527485 -2.793082 -0.193166 -0.352880 -2.722665 -0.051652 -1.442887 -2.734588 -0.076783 -1.282033 -2.806468 -0.097421 -1.102531 -2.849702 -0.113658 -0.912420 -2.864146 -0.125599 -0.719745 -2.849702 -0.133375 -0.532565 -2.806468 -0.137125 -0.358946 -2.734588 0.027566 -1.424027 -2.722665 0.001497 -1.269607 -2.793082 -0.020106 -1.096643 -2.835501 -0.038565 -0.913143 -2.849702 -0.054752 -0.727146 -2.835501 -0.067972 -0.546753 -2.793082 -0.077121 -0.380059 -2.722665 0.105252 -1.391017 -2.688772 0.080514 -1.247347 -2.753629 0.058848 -1.084728 -2.793082 0.038169 -0.911378 -2.806468 0.017519 -0.735682 -2.793082 -0.001539 -0.566191 -2.753629 -0.016615 -0.411327 -2.688772 0.177333 -1.352566 -2.635100 0.157577 -1.221721 -2.688772 0.136983 -1.070188 -2.722665 0.113884 -0.907207 -2.734588 0.088302 -0.742111 -2.722665 0.062668 -0.584587 -2.688772 0.040517 -0.444353 -2.635100 0.306252 -1.322181 -2.456398 0.300988 -1.192641 -2.479942 0.281684 -1.046919 -2.499039 0.251768 -0.892025 -2.506627 0.214123 -0.735595 -2.499039 0.171882 -0.585851 -2.479942 0.127776 -0.450936 -2.456398 0.365631 -1.329756 -2.327622 0.363572 -1.190258 -2.340796 0.343472 -1.039196 -2.352709 0.309561 -0.881497 -2.357780 0.265620 -0.722558 -2.352709 0.214813 -0.568292 -2.340796 0.159895 -0.424484 -2.327622 0.417329 -1.332949 -2.180730 0.416142 -1.186813 -2.186555 0.394815 -1.030884 -2.192221 0.357584 -0.869524 -2.194754 0.308513 -0.707224 -2.192221 0.251106 -0.548759 -2.186555 0.188703 -0.398953 -2.180730 0.456025 -1.326164 -2.024639 0.454973 -1.177736 -2.024639 0.433062 -1.019688 -2.024639 0.394123 -0.856512 -2.024639 0.342008 -0.692693 -2.024639 0.280658 -0.532727 -2.024639 0.214033 -0.381106 -2.024639 0.477396 -1.307039 -1.868548 0.476900 -1.160612 -1.862724 0.455893 -1.004279 -1.857057 0.417486 -0.842857 -1.854525 0.365012 -0.681114 -1.857057 0.302688 -0.523549 -1.862724 0.234935 -0.374541 -1.868548 0.481673 -1.279313 -1.721657 0.481657 -1.138847 -1.708482 0.462387 -0.986813 -1.696569 0.426069 -0.828965 -1.691499 0.375359 -0.671166 -1.696570 0.314814 -0.518835 -1.708482 0.249326 -0.376918 -1.721657 0.470336 -1.249884 -1.592881 0.469687 -1.117947 -1.569337 0.451975 -0.970399 -1.550239 0.418291 -0.815246 -1.542651 0.370580 -0.660570 -1.550239 0.313969 -0.514033 -1.569337 0.254237 -0.382706 -1.592881 0.405430 -1.247360 -1.414178 0.397306 -1.108975 -1.360506 0.378714 -0.953422 -1.326614 0.348217 -0.789943 -1.314690 0.306360 -0.627904 -1.326614 0.257964 -0.476645 -1.360506 0.209281 -0.345561 -1.414178 0.350578 -1.274074 -1.360506 0.338785 -1.120739 -1.295649 0.318276 -0.953110 -1.256197 0.288147 -0.779163 -1.242811 0.248738 -0.607112 -1.256197 0.203886 -0.445296 -1.295650 0.158393 -0.301985 -1.360506 0.281135 -1.298383 -1.326614 0.267578 -1.132998 -1.256197 0.245786 -0.954341 -1.213777 0.216162 -0.770159 -1.199577 0.179643 -0.588250 -1.213777 0.139130 -0.416520 -1.256197 0.098026 -0.262892 -1.326614 0.200318 -1.312395 -1.314690 0.186459 -1.139869 -1.242811 0.164391 -0.954234 -1.199577 0.136068 -0.763329 -1.185133 0.103447 -0.574990 -1.199577 0.068519 -0.397033 -1.242811 0.033279 -0.237272 -1.314690 0.112394 -1.311701 -1.326614 0.098845 -1.137888 -1.256197 0.077475 -0.951044 -1.213777 0.051677 -0.759064 -1.199577 0.024325 -0.569856 -1.213777 -0.003561 -0.391153 -1.256197 -0.031456 -0.230595 -1.326614 0.023814 -1.299693 -1.360506 0.009716 -1.130803 -1.295649 -0.010762 -0.947297 -1.256197 -0.033169 -0.757739 -1.242811 -0.054260 -0.571042 -1.256197 -0.073865 -0.395733 -1.295649 -0.092851 -0.239858 -1.360506 -0.058662 -1.283801 -1.414178 -0.075757 -1.125032 -1.360506 -0.095940 -0.946689 -1.326614 -0.114621 -0.759725 -1.314690 -0.129035 -0.575556 -1.326614 -0.139579 -0.404955 -1.360506 -0.148044 -0.257951 -1.414178 -0.221582 -1.602816 -2.456398 -0.153054 -1.655290 -2.479942 -0.073565 -1.680618 -2.499039 0.012110 -1.677933 -2.506627 0.098493 -1.647024 -2.499039 0.178835 -1.592611 -2.479942 0.245801 -1.520099 -2.456398 -0.211768 -1.659022 -2.327622 -0.132684 -1.721276 -2.340796 -0.044253 -1.749315 -2.352709 0.048718 -1.744666 -2.357780 0.140876 -1.709005 -2.352709 0.225582 -1.646234 -2.340796 0.295803 -1.560430 -2.327622 -0.196565 -1.688938 -2.180730 -0.109465 -1.755404 -2.186555 -0.013528 -1.784163 -2.192221 0.085774 -1.777833 -2.194754 0.182743 -1.739179 -2.192221 0.270898 -1.671744 -2.186555 0.343553 -1.579215 -2.180730 -0.173524 -1.689466 -2.024639 -0.081873 -1.756602 -2.024639 0.018427 -1.785076 -2.024639 0.121159 -1.778017 -2.024639 0.220106 -1.738608 -2.024639 0.309082 -1.670249 -2.024639 0.381904 -1.576391 -2.024639 -0.142223 -1.658442 -1.868548 -0.049799 -1.724133 -1.862724 0.050772 -1.752204 -1.857057 0.152760 -1.745851 -1.854525 0.249641 -1.708210 -1.857057 0.335771 -1.642455 -1.862724 0.405748 -1.551710 -1.868548 -0.106977 -1.599936 -1.721657 -0.017346 -1.660316 -1.708482 0.080222 -1.686872 -1.696569 0.178491 -1.682186 -1.691499 0.270560 -1.648546 -1.696570 0.351183 -1.589185 -1.708482 0.415699 -1.507097 -1.721657 -0.074158 -1.518865 -1.592881 0.009991 -1.567754 -1.569337 0.102838 -1.590634 -1.550239 0.196269 -1.587925 -1.542651 0.282748 -1.560030 -1.550239 0.356984 -1.510828 -1.569337 0.414578 -1.444281 -1.592881 0.031369 -0.247431 -2.456398 -0.023021 -0.174572 -2.479942 -0.078733 -0.118410 -2.499039 -0.133077 -0.083416 -2.506627 -0.183611 -0.073948 -2.499039 -0.228817 -0.090744 -2.479942 -0.267636 -0.134510 -2.456398 0.044275 -0.186466 -2.327622 -0.013937 -0.097746 -2.340796 -0.070954 -0.031206 -2.352709 -0.125407 0.009753 -2.357780 -0.176030 0.021498 -2.352709 -0.222235 0.001460 -2.340796 -0.263745 -0.053199 -2.327622 0.061268 -0.143823 -2.180730 0.000023 -0.046336 -2.186555 -0.058606 0.026722 -2.192221 -0.113968 0.071872 -2.194754 -0.165489 0.085598 -2.192221 -0.212966 0.064474 -2.186555 -0.256301 0.005034 -2.180730 0.080198 -0.120757 -2.024639 0.017234 -0.020292 -2.024639 -0.042510 0.055306 -2.024639 -0.098749 0.102268 -2.024639 -0.151205 0.116879 -2.024639 -0.199623 0.095642 -2.024639 -0.243758 0.035115 -2.024639 0.099790 -0.118878 -1.868548 0.036688 -0.020097 -1.862724 -0.023205 0.054286 -1.857057 -0.079747 0.100312 -1.854525 -0.132688 0.114151 -1.857057 -0.181511 0.092695 -1.862724 -0.225632 0.032972 -1.868548 0.119738 -0.137936 -1.721657 0.058818 -0.046411 -1.708482 -0.000249 0.022877 -1.696570 -0.056983 0.065599 -1.691499 -0.110534 0.077565 -1.696570 -0.159743 0.056705 -1.708482 -0.203386 0.001084 -1.721657 0.140813 -0.178028 -1.592881 0.084810 -0.100392 -1.569337 0.027100 -0.039896 -1.550239 -0.030484 -0.002226 -1.542651 -0.085630 0.007558 -1.550239 -0.136091 -0.010810 -1.569337 -0.179545 -0.056972 -1.592881 "
							            />
							<TextureCoordinate point="0.4062 0.0312 0.4375 0.0312 0.4375 0.0625 0.4062 0.0625 0.4375 0.0312 0.4688 0.0312 0.4688 0.0625 0.4375 0.0625 0.4688 0.0312 0.5000 0.0312 0.5000 0.0625 0.4688 0.0625 0.5000 0.0312 0.5312 0.0312 0.5312 0.0625 0.5000 0.0625 0.5312 0.0312 0.5625 0.0312 0.5625 0.0625 0.5312 0.0625 0.5625 0.0312 0.5938 0.0312 0.5938 0.0625 0.5625 0.0625 0.4062 0.0625 0.4375 0.0625 0.4375 0.0938 0.4062 0.0938 0.4375 0.0625 0.4688 0.0625 0.4688 0.0938 0.4375 0.0938 0.4688 0.0625 0.5000 0.0625 0.5000 0.0938 0.4688 0.0938 0.5000 0.0625 0.5312 0.0625 0.5312 0.0938 0.5000 0.0938 0.5312 0.0625 0.5625 0.0625 0.5625 0.0938 0.5312 0.0938 0.5625 0.0625 0.5938 0.0625 0.5938 0.0938 0.5625 0.0938 0.4062 0.0938 0.4375 0.0938 0.4375 0.1250 0.4062 0.1250 0.4375 0.0938 0.4688 0.0938 0.4688 0.1250 0.4375 0.1250 0.4688 0.0938 0.5000 0.0938 0.5000 0.1250 0.4688 0.1250 0.5000 0.0938 0.5312 0.0938 0.5312 0.1250 0.5000 0.1250 0.5312 0.0938 0.5625 0.0938 0.5625 0.1250 0.5312 0.1250 0.5625 0.0938 0.5938 0.0938 0.5938 0.1250 0.5625 0.1250 0.4062 0.1250 0.4375 0.1250 0.4375 0.1562 0.4062 0.1562 0.4375 0.1250 0.4688 0.1250 0.4688 0.1562 0.4375 0.1562 0.4688 0.1250 0.5000 0.1250 0.5000 0.1562 0.4688 0.1562 0.5000 0.1250 0.5312 0.1250 0.5312 0.1562 0.5000 0.1562 0.5312 0.1250 0.5625 0.1250 0.5625 0.1562 0.5312 0.1562 0.5625 0.1250 0.5938 0.1250 0.5938 0.1562 0.5625 0.1562 0.4062 0.1562 0.4375 0.1562 0.4375 0.1875 0.4062 0.1875 0.4375 0.1562 0.4688 0.1562 0.4688 0.1875 0.4375 0.1875 0.4688 0.1562 0.5000 0.1562 0.5000 0.1875 0.4688 0.1875 0.5000 0.1562 0.5312 0.1562 0.5312 0.1875 0.5000 0.1875 0.5312 0.1562 0.5625 0.1562 0.5625 0.1875 0.5312 0.1875 0.5625 0.1562 0.5938 0.1562 0.5938 0.1875 0.5625 0.1875 0.4062 0.1875 0.4375 0.1875 0.4375 0.2188 0.4062 0.2188 0.4375 0.1875 0.4688 0.1875 0.4688 0.2188 0.4375 0.2188 0.4688 0.1875 0.5000 0.1875 0.5000 0.2188 0.4688 0.2188 0.5000 0.1875 0.5312 0.1875 0.5312 0.2188 0.5000 0.2188 0.5312 0.1875 0.5625 0.1875 0.5625 0.2188 0.5312 0.2188 0.5625 0.1875 0.5938 0.1875 0.5938 0.2188 0.5625 0.2188 0.3750 0.0000 0.4062 0.0000 0.4062 0.0312 0.3750 0.0312 0.4062 0.0000 0.4375 0.0000 0.4375 0.0312 0.4062 0.0312 0.4375 0.0000 0.4688 0.0000 0.4688 0.0312 0.4375 0.0312 0.4688 0.0000 0.5000 0.0000 0.5000 0.0312 0.4688 0.0312 0.5000 0.0000 0.5312 0.0000 0.5312 0.0312 0.5000 0.0312 0.5312 0.0000 0.5625 0.0000 0.5625 0.0312 0.5312 0.0312 0.5625 0.0000 0.5938 0.0000 0.5938 0.0312 0.5625 0.0312 0.5938 0.0000 0.6250 0.0000 0.6250 0.0312 0.5938 0.0312 0.5938 0.0312 0.6250 0.0312 0.6250 0.0625 0.5938 0.0625 0.5938 0.0625 0.6250 0.0625 0.6250 0.0938 0.5938 0.0938 0.5938 0.0938 0.6250 0.0938 0.6250 0.1250 0.5938 0.1250 0.5938 0.1250 0.6250 0.1250 0.6250 0.1562 0.5938 0.1562 0.5938 0.1562 0.6250 0.1562 0.6250 0.1875 0.5938 0.1875 0.5938 0.1875 0.6250 0.1875 0.6250 0.2188 0.5938 0.2188 0.5938 0.2188 0.6250 0.2188 0.6250 0.2500 0.5938 0.2500 0.5625 0.2188 0.5938 0.2188 0.5938 0.2500 0.5625 0.2500 0.5312 0.2188 0.5625 0.2188 0.5625 0.2500 0.5312 0.2500 0.5000 0.2188 0.5312 0.2188 0.5312 0.2500 0.5000 0.2500 0.4688 0.2188 0.5000 0.2188 0.5000 0.2500 0.4688 0.2500 0.4375 0.2188 0.4688 0.2188 0.4688 0.2500 0.4375 0.2500 0.4062 0.2188 0.4375 0.2188 0.4375 0.2500 0.4062 0.2500 0.3750 0.2188 0.4062 0.2188 0.4062 0.2500 0.3750 0.2500 0.3750 0.1875 0.4062 0.1875 0.4062 0.2188 0.3750 0.2188 0.3750 0.1562 0.4062 0.1562 0.4062 0.1875 0.3750 0.1875 0.3750 0.1250 0.4062 0.1250 0.4062 0.1562 0.3750 0.1562 0.3750 0.0938 0.4062 0.0938 0.4062 0.1250 0.3750 0.1250 0.3750 0.0625 0.4062 0.0625 0.4062 0.0938 0.3750 0.0938 0.3750 0.0312 0.4062 0.0312 0.4062 0.0625 0.3750 0.0625 0.4062 0.2812 0.4375 0.2812 0.4375 0.3125 0.4062 0.3125 0.4375 0.2812 0.4688 0.2812 0.4688 0.3125 0.4375 0.3125 0.4688 0.2812 0.5000 0.2812 0.5000 0.3125 0.4688 0.3125 0.5000 0.2812 0.5312 0.2812 0.5312 0.3125 0.5000 0.3125 0.5312 0.2812 0.5625 0.2812 0.5625 0.3125 0.5312 0.3125 0.5625 0.2812 0.5938 0.2812 0.5938 0.3125 0.5625 0.3125 0.4062 0.3125 0.4375 0.3125 0.4375 0.3438 0.4062 0.3438 0.4375 0.3125 0.4688 0.3125 0.4688 0.3438 0.4375 0.3438 0.4688 0.3125 0.5000 0.3125 0.5000 0.3438 0.4688 0.3438 0.5000 0.3125 0.5312 0.3125 0.5312 0.3438 0.5000 0.3438 0.5312 0.3125 0.5625 0.3125 0.5625 0.3438 0.5312 0.3438 0.5625 0.3125 0.5938 0.3125 0.5938 0.3438 0.5625 0.3438 0.4062 0.3438 0.4375 0.3438 0.4375 0.3750 0.4062 0.3750 0.4375 0.3438 0.4688 0.3438 0.4688 0.3750 0.4375 0.3750 0.4688 0.3438 0.5000 0.3438 0.5000 0.3750 0.4688 0.3750 0.5000 0.3438 0.5312 0.3438 0.5312 0.3750 0.5000 0.3750 0.5312 0.3438 0.5625 0.3438 0.5625 0.3750 0.5312 0.3750 0.5625 0.3438 0.5938 0.3438 0.5938 0.3750 0.5625 0.3750 0.4062 0.3750 0.4375 0.3750 0.4375 0.4062 0.4062 0.4062 0.4375 0.3750 0.4688 0.3750 0.4688 0.4062 0.4375 0.4062 0.4688 0.3750 0.5000 0.3750 0.5000 0.4062 0.4688 0.4062 0.5000 0.3750 0.5312 0.3750 0.5312 0.4062 0.5000 0.4062 0.5312 0.3750 0.5625 0.3750 0.5625 0.4062 0.5312 0.4062 0.5625 0.3750 0.5938 0.3750 0.5938 0.4062 0.5625 0.4062 0.4062 0.4062 0.4375 0.4062 0.4375 0.4375 0.4062 0.4375 0.4375 0.4062 0.4688 0.4062 0.4688 0.4375 0.4375 0.4375 0.4688 0.4062 0.5000 0.4062 0.5000 0.4375 0.4688 0.4375 0.5000 0.4062 0.5312 0.4062 0.5312 0.4375 0.5000 0.4375 0.5312 0.4062 0.5625 0.4062 0.5625 0.4375 0.5312 0.4375 0.5625 0.4062 0.5938 0.4062 0.5938 0.4375 0.5625 0.4375 0.4062 0.4375 0.4375 0.4375 0.4375 0.4688 0.4062 0.4688 0.4375 0.4375 0.4688 0.4375 0.4688 0.4688 0.4375 0.4688 0.4688 0.4375 0.5000 0.4375 0.5000 0.4688 0.4688 0.4688 0.5000 0.4375 0.5312 0.4375 0.5312 0.4688 0.5000 0.4688 0.5312 0.4375 0.5625 0.4375 0.5625 0.4688 0.5312 0.4688 0.5625 0.4375 0.5938 0.4375 0.5938 0.4688 0.5625 0.4688 0.3750 0.2500 0.4062 0.2500 0.4062 0.2812 0.3750 0.2812 0.4062 0.2500 0.4375 0.2500 0.4375 0.2812 0.4062 0.2812 0.4375 0.2500 0.4688 0.2500 0.4688 0.2812 0.4375 0.2812 0.4688 0.2500 0.5000 0.2500 0.5000 0.2812 0.4688 0.2812 0.5000 0.2500 0.5312 0.2500 0.5312 0.2812 0.5000 0.2812 0.5312 0.2500 0.5625 0.2500 0.5625 0.2812 0.5312 0.2812 0.5625 0.2500 0.5938 0.2500 0.5938 0.2812 0.5625 0.2812 0.5938 0.2500 0.6250 0.2500 0.6250 0.2812 0.5938 0.2812 0.5938 0.2812 0.6250 0.2812 0.6250 0.3125 0.5938 0.3125 0.5938 0.3125 0.6250 0.3125 0.6250 0.3438 0.5938 0.3438 0.5938 0.3438 0.6250 0.3438 0.6250 0.3750 0.5938 0.3750 0.5938 0.3750 0.6250 0.3750 0.6250 0.4062 0.5938 0.4062 0.5938 0.4062 0.6250 0.4062 0.6250 0.4375 0.5938 0.4375 0.5938 0.4375 0.6250 0.4375 0.6250 0.4688 0.5938 0.4688 0.5938 0.4688 0.6250 0.4688 0.6250 0.5000 0.5938 0.5000 0.5625 0.4688 0.5938 0.4688 0.5938 0.5000 0.5625 0.5000 0.5312 0.4688 0.5625 0.4688 0.5625 0.5000 0.5312 0.5000 0.5000 0.4688 0.5312 0.4688 0.5312 0.5000 0.5000 0.5000 0.4688 0.4688 0.5000 0.4688 0.5000 0.5000 0.4688 0.5000 0.4375 0.4688 0.4688 0.4688 0.4688 0.5000 0.4375 0.5000 0.4062 0.4688 0.4375 0.4688 0.4375 0.5000 0.4062 0.5000 0.3750 0.4688 0.4062 0.4688 0.4062 0.5000 0.3750 0.5000 0.3750 0.4375 0.4062 0.4375 0.4062 0.4688 0.3750 0.4688 0.3750 0.4062 0.4062 0.4062 0.4062 0.4375 0.3750 0.4375 0.3750 0.3750 0.4062 0.3750 0.4062 0.4062 0.3750 0.4062 0.3750 0.3438 0.4062 0.3438 0.4062 0.3750 0.3750 0.3750 0.3750 0.3125 0.4062 0.3125 0.4062 0.3438 0.3750 0.3438 0.3750 0.2812 0.4062 0.2812 0.4062 0.3125 0.3750 0.3125 0.4062 0.5312 0.4375 0.5312 0.4375 0.5625 0.4062 0.5625 0.4375 0.5312 0.4688 0.5312 0.4688 0.5625 0.4375 0.5625 0.4688 0.5312 0.5000 0.5312 0.5000 0.5625 0.4688 0.5625 0.5000 0.5312 0.5312 0.5312 0.5312 0.5625 0.5000 0.5625 0.5312 0.5312 0.5625 0.5312 0.5625 0.5625 0.5312 0.5625 0.5625 0.5312 0.5938 0.5312 0.5938 0.5625 0.5625 0.5625 0.4062 0.5625 0.4375 0.5625 0.4375 0.5938 0.4062 0.5938 0.4375 0.5625 0.4688 0.5625 0.4688 0.5938 0.4375 0.5938 0.4688 0.5625 0.5000 0.5625 0.5000 0.5938 0.4688 0.5938 0.5000 0.5625 0.5312 0.5625 0.5312 0.5938 0.5000 0.5938 0.5312 0.5625 0.5625 0.5625 0.5625 0.5938 0.5312 0.5938 0.5625 0.5625 0.5938 0.5625 0.5938 0.5938 0.5625 0.5938 0.4062 0.5938 0.4375 0.5938 0.4375 0.6250 0.4062 0.6250 0.4375 0.5938 0.4688 0.5938 0.4688 0.6250 0.4375 0.6250 0.4688 0.5938 0.5000 0.5938 0.5000 0.6250 0.4688 0.6250 0.5000 0.5938 0.5312 0.5938 0.5312 0.6250 0.5000 0.6250 0.5312 0.5938 0.5625 0.5938 0.5625 0.6250 0.5312 0.6250 0.5625 0.5938 0.5938 0.5938 0.5938 0.6250 0.5625 0.6250 0.4062 0.6250 0.4375 0.6250 0.4375 0.6562 0.4062 0.6562 0.4375 0.6250 0.4688 0.6250 0.4688 0.6562 0.4375 0.6562 0.4688 0.6250 0.5000 0.6250 0.5000 0.6562 0.4688 0.6562 0.5000 0.6250 0.5312 0.6250 0.5312 0.6562 0.5000 0.6562 0.5312 0.6250 0.5625 0.6250 0.5625 0.6562 0.5312 0.6562 0.5625 0.6250 0.5938 0.6250 0.5938 0.6562 0.5625 0.6562 0.4062 0.6562 0.4375 0.6562 0.4375 0.6875 0.4062 0.6875 0.4375 0.6562 0.4688 0.6562 0.4688 0.6875 0.4375 0.6875 0.4688 0.6562 0.5000 0.6562 0.5000 0.6875 0.4688 0.6875 0.5000 0.6562 0.5312 0.6562 0.5312 0.6875 0.5000 0.6875 0.5312 0.6562 0.5625 0.6562 0.5625 0.6875 0.5312 0.6875 0.5625 0.6562 0.5938 0.6562 0.5938 0.6875 0.5625 0.6875 0.4062 0.6875 0.4375 0.6875 0.4375 0.7188 0.4062 0.7188 0.4375 0.6875 0.4688 0.6875 0.4688 0.7188 0.4375 0.7188 0.4688 0.6875 0.5000 0.6875 0.5000 0.7188 0.4688 0.7188 0.5000 0.6875 0.5312 0.6875 0.5312 0.7188 0.5000 0.7188 0.5312 0.6875 0.5625 0.6875 0.5625 0.7188 0.5312 0.7188 0.5625 0.6875 0.5938 0.6875 0.5938 0.7188 0.5625 0.7188 0.3750 0.5000 0.4062 0.5000 0.4062 0.5312 0.3750 0.5312 0.4062 0.5000 0.4375 0.5000 0.4375 0.5312 0.4062 0.5312 0.4375 0.5000 0.4688 0.5000 0.4688 0.5312 0.4375 0.5312 0.4688 0.5000 0.5000 0.5000 0.5000 0.5312 0.4688 0.5312 0.5000 0.5000 0.5312 0.5000 0.5312 0.5312 0.5000 0.5312 0.5312 0.5000 0.5625 0.5000 0.5625 0.5312 0.5312 0.5312 0.5625 0.5000 0.5938 0.5000 0.5938 0.5312 0.5625 0.5312 0.5938 0.5000 0.6250 0.5000 0.6250 0.5312 0.5938 0.5312 0.5938 0.5312 0.6250 0.5312 0.6250 0.5625 0.5938 0.5625 0.5938 0.5625 0.6250 0.5625 0.6250 0.5938 0.5938 0.5938 0.5938 0.5938 0.6250 0.5938 0.6250 0.6250 0.5938 0.6250 0.5938 0.6250 0.6250 0.6250 0.6250 0.6562 0.5938 0.6562 0.5938 0.6562 0.6250 0.6562 0.6250 0.6875 0.5938 0.6875 0.5938 0.6875 0.6250 0.6875 0.6250 0.7188 0.5938 0.7188 0.5938 0.7188 0.6250 0.7188 0.6250 0.7500 0.5938 0.7500 0.5625 0.7188 0.5938 0.7188 0.5938 0.7500 0.5625 0.7500 0.5312 0.7188 0.5625 0.7188 0.5625 0.7500 0.5312 0.7500 0.5000 0.7188 0.5312 0.7188 0.5312 0.7500 0.5000 0.7500 0.4688 0.7188 0.5000 0.7188 0.5000 0.7500 0.4688 0.7500 0.4375 0.7188 0.4688 0.7188 0.4688 0.7500 0.4375 0.7500 0.4062 0.7188 0.4375 0.7188 0.4375 0.7500 0.4062 0.7500 0.3750 0.7188 0.4062 0.7188 0.4062 0.7500 0.3750 0.7500 0.3750 0.6875 0.4062 0.6875 0.4062 0.7188 0.3750 0.7188 0.3750 0.6562 0.4062 0.6562 0.4062 0.6875 0.3750 0.6875 0.3750 0.6250 0.4062 0.6250 0.4062 0.6562 0.3750 0.6562 0.3750 0.5938 0.4062 0.5938 0.4062 0.6250 0.3750 0.6250 0.3750 0.5625 0.4062 0.5625 0.4062 0.5938 0.3750 0.5938 0.3750 0.5312 0.4062 0.5312 0.4062 0.5625 0.3750 0.5625 0.4062 0.7812 0.4375 0.7812 0.4375 0.8125 0.4062 0.8125 0.4375 0.7812 0.4688 0.7812 0.4688 0.8125 0.4375 0.8125 0.4688 0.7812 0.5000 0.7812 0.5000 0.8125 0.4688 0.8125 0.5000 0.7812 0.5312 0.7812 0.5312 0.8125 0.5000 0.8125 0.5312 0.7812 0.5625 0.7812 0.5625 0.8125 0.5312 0.8125 0.5625 0.7812 0.5938 0.7812 0.5938 0.8125 0.5625 0.8125 0.4062 0.8125 0.4375 0.8125 0.4375 0.8438 0.4062 0.8438 0.4375 0.8125 0.4688 0.8125 0.4688 0.8438 0.4375 0.8438 0.4688 0.8125 0.5000 0.8125 0.5000 0.8438 0.4688 0.8438 0.5000 0.8125 0.5312 0.8125 0.5312 0.8438 0.5000 0.8438 0.5312 0.8125 0.5625 0.8125 0.5625 0.8438 0.5312 0.8438 0.5625 0.8125 0.5938 0.8125 0.5938 0.8438 0.5625 0.8438 0.4062 0.8438 0.4375 0.8438 0.4375 0.8750 0.4062 0.8750 0.4375 0.8438 0.4688 0.8438 0.4688 0.8750 0.4375 0.8750 0.4688 0.8438 0.5000 0.8438 0.5000 0.8750 0.4688 0.8750 0.5000 0.8438 0.5312 0.8438 0.5312 0.8750 0.5000 0.8750 0.5312 0.8438 0.5625 0.8438 0.5625 0.8750 0.5312 0.8750 0.5625 0.8438 0.5938 0.8438 0.5938 0.8750 0.5625 0.8750 0.4062 0.8750 0.4375 0.8750 0.4375 0.9062 0.4062 0.9062 0.4375 0.8750 0.4688 0.8750 0.4688 0.9062 0.4375 0.9062 0.4688 0.8750 0.5000 0.8750 0.5000 0.9062 0.4688 0.9062 0.5000 0.8750 0.5312 0.8750 0.5312 0.9062 0.5000 0.9062 0.5312 0.8750 0.5625 0.8750 0.5625 0.9062 0.5312 0.9062 0.5625 0.8750 0.5938 0.8750 0.5938 0.9062 0.5625 0.9062 0.4062 0.9062 0.4375 0.9062 0.4375 0.9375 0.4062 0.9375 0.4375 0.9062 0.4688 0.9062 0.4688 0.9375 0.4375 0.9375 0.4688 0.9062 0.5000 0.9062 0.5000 0.9375 0.4688 0.9375 0.5000 0.9062 0.5312 0.9062 0.5312 0.9375 0.5000 0.9375 0.5312 0.9062 0.5625 0.9062 0.5625 0.9375 0.5312 0.9375 0.5625 0.9062 0.5938 0.9062 0.5938 0.9375 0.5625 0.9375 0.4062 0.9375 0.4375 0.9375 0.4375 0.9688 0.4062 0.9688 0.4375 0.9375 0.4688 0.9375 0.4688 0.9688 0.4375 0.9688 0.4688 0.9375 0.5000 0.9375 0.5000 0.9688 0.4688 0.9688 0.5000 0.9375 0.5312 0.9375 0.5312 0.9688 0.5000 0.9688 0.5312 0.9375 0.5625 0.9375 0.5625 0.9688 0.5312 0.9688 0.5625 0.9375 0.5938 0.9375 0.5938 0.9688 0.5625 0.9688 0.3750 0.7500 0.4062 0.7500 0.4062 0.7812 0.3750 0.7812 0.4062 0.7500 0.4375 0.7500 0.4375 0.7812 0.4062 0.7812 0.4375 0.7500 0.4688 0.7500 0.4688 0.7812 0.4375 0.7812 0.4688 0.7500 0.5000 0.7500 0.5000 0.7812 0.4688 0.7812 0.5000 0.7500 0.5312 0.7500 0.5312 0.7812 0.5000 0.7812 0.5312 0.7500 0.5625 0.7500 0.5625 0.7812 0.5312 0.7812 0.5625 0.7500 0.5938 0.7500 0.5938 0.7812 0.5625 0.7812 0.5938 0.7500 0.6250 0.7500 0.6250 0.7812 0.5938 0.7812 0.5938 0.7812 0.6250 0.7812 0.6250 0.8125 0.5938 0.8125 0.5938 0.8125 0.6250 0.8125 0.6250 0.8438 0.5938 0.8438 0.5938 0.8438 0.6250 0.8438 0.6250 0.8750 0.5938 0.8750 0.5938 0.8750 0.6250 0.8750 0.6250 0.9062 0.5938 0.9062 0.5938 0.9062 0.6250 0.9062 0.6250 0.9375 0.5938 0.9375 0.5938 0.9375 0.6250 0.9375 0.6250 0.9688 0.5938 0.9688 0.5938 0.9688 0.6250 0.9688 0.6250 1.0000 0.5938 1.0000 0.5625 0.9688 0.5938 0.9688 0.5938 1.0000 0.5625 1.0000 0.5312 0.9688 0.5625 0.9688 0.5625 1.0000 0.5312 1.0000 0.5000 0.9688 0.5312 0.9688 0.5312 1.0000 0.5000 1.0000 0.4688 0.9688 0.5000 0.9688 0.5000 1.0000 0.4688 1.0000 0.4375 0.9688 0.4688 0.9688 0.4688 1.0000 0.4375 1.0000 0.4062 0.9688 0.4375 0.9688 0.4375 1.0000 0.4062 1.0000 0.3750 0.9688 0.4062 0.9688 0.4062 1.0000 0.3750 1.0000 0.3750 0.9375 0.4062 0.9375 0.4062 0.9688 0.3750 0.9688 0.3750 0.9062 0.4062 0.9062 0.4062 0.9375 0.3750 0.9375 0.3750 0.8750 0.4062 0.8750 0.4062 0.9062 0.3750 0.9062 0.3750 0.8438 0.4062 0.8438 0.4062 0.8750 0.3750 0.8750 0.3750 0.8125 0.4062 0.8125 0.4062 0.8438 0.3750 0.8438 0.3750 0.7812 0.4062 0.7812 0.4062 0.8125 0.3750 0.8125 0.1562 0.5312 0.1875 0.5312 0.1875 0.5625 0.1562 0.5625 0.1875 0.5312 0.2188 0.5312 0.2188 0.5625 0.1875 0.5625 0.2188 0.5312 0.2500 0.5312 0.2500 0.5625 0.2188 0.5625 0.2500 0.5312 0.2812 0.5312 0.2812 0.5625 0.2500 0.5625 0.2812 0.5312 0.3125 0.5312 0.3125 0.5625 0.2812 0.5625 0.3125 0.5312 0.3438 0.5312 0.3438 0.5625 0.3125 0.5625 0.1562 0.5625 0.1875 0.5625 0.1875 0.5938 0.1562 0.5938 0.1875 0.5625 0.2188 0.5625 0.2188 0.5938 0.1875 0.5938 0.2188 0.5625 0.2500 0.5625 0.2500 0.5938 0.2188 0.5938 0.2500 0.5625 0.2812 0.5625 0.2812 0.5938 0.2500 0.5938 0.2812 0.5625 0.3125 0.5625 0.3125 0.5938 0.2812 0.5938 0.3125 0.5625 0.3438 0.5625 0.3438 0.5938 0.3125 0.5938 0.1562 0.5938 0.1875 0.5938 0.1875 0.6250 0.1562 0.6250 0.1875 0.5938 0.2188 0.5938 0.2188 0.6250 0.1875 0.6250 0.2188 0.5938 0.2500 0.5938 0.2500 0.6250 0.2188 0.6250 0.2500 0.5938 0.2812 0.5938 0.2812 0.6250 0.2500 0.6250 0.2812 0.5938 0.3125 0.5938 0.3125 0.6250 0.2812 0.6250 0.3125 0.5938 0.3438 0.5938 0.3438 0.6250 0.3125 0.6250 0.1562 0.6250 0.1875 0.6250 0.1875 0.6562 0.1562 0.6562 0.1875 0.6250 0.2188 0.6250 0.2188 0.6562 0.1875 0.6562 0.2188 0.6250 0.2500 0.6250 0.2500 0.6562 0.2188 0.6562 0.2500 0.6250 0.2812 0.6250 0.2812 0.6562 0.2500 0.6562 0.2812 0.6250 0.3125 0.6250 0.3125 0.6562 0.2812 0.6562 0.3125 0.6250 0.3438 0.6250 0.3438 0.6562 0.3125 0.6562 0.1562 0.6562 0.1875 0.6562 0.1875 0.6875 0.1562 0.6875 0.1875 0.6562 0.2188 0.6562 0.2188 0.6875 0.1875 0.6875 0.2188 0.6562 0.2500 0.6562 0.2500 0.6875 0.2188 0.6875 0.2500 0.6562 0.2812 0.6562 0.2812 0.6875 0.2500 0.6875 0.2812 0.6562 0.3125 0.6562 0.3125 0.6875 0.2812 0.6875 0.3125 0.6562 0.3438 0.6562 0.3438 0.6875 0.3125 0.6875 0.1562 0.6875 0.1875 0.6875 0.1875 0.7188 0.1562 0.7188 0.1875 0.6875 0.2188 0.6875 0.2188 0.7188 0.1875 0.7188 0.2188 0.6875 0.2500 0.6875 0.2500 0.7188 0.2188 0.7188 0.2500 0.6875 0.2812 0.6875 0.2812 0.7188 0.2500 0.7188 0.2812 0.6875 0.3125 0.6875 0.3125 0.7188 0.2812 0.7188 0.3125 0.6875 0.3438 0.6875 0.3438 0.7188 0.3125 0.7188 0.1250 0.5000 0.1562 0.5000 0.1562 0.5312 0.1250 0.5312 0.1562 0.5000 0.1875 0.5000 0.1875 0.5312 0.1562 0.5312 0.1875 0.5000 0.2188 0.5000 0.2188 0.5312 0.1875 0.5312 0.2188 0.5000 0.2500 0.5000 0.2500 0.5312 0.2188 0.5312 0.2500 0.5000 0.2812 0.5000 0.2812 0.5312 0.2500 0.5312 0.2812 0.5000 0.3125 0.5000 0.3125 0.5312 0.2812 0.5312 0.3125 0.5000 0.3438 0.5000 0.3438 0.5312 0.3125 0.5312 0.3438 0.5000 0.3750 0.5000 0.3750 0.5312 0.3438 0.5312 0.3438 0.5312 0.3750 0.5312 0.3750 0.5625 0.3438 0.5625 0.3438 0.5625 0.3750 0.5625 0.3750 0.5938 0.3438 0.5938 0.3438 0.5938 0.3750 0.5938 0.3750 0.6250 0.3438 0.6250 0.3438 0.6250 0.3750 0.6250 0.3750 0.6562 0.3438 0.6562 0.3438 0.6562 0.3750 0.6562 0.3750 0.6875 0.3438 0.6875 0.3438 0.6875 0.3750 0.6875 0.3750 0.7188 0.3438 0.7188 0.3438 0.7188 0.3750 0.7188 0.3750 0.7500 0.3438 0.7500 0.3125 0.7188 0.3438 0.7188 0.3438 0.7500 0.3125 0.7500 0.2812 0.7188 0.3125 0.7188 0.3125 0.7500 0.2812 0.7500 0.2500 0.7188 0.2812 0.7188 0.2812 0.7500 0.2500 0.7500 0.2188 0.7188 0.2500 0.7188 0.2500 0.7500 0.2188 0.7500 0.1875 0.7188 0.2188 0.7188 0.2188 0.7500 0.1875 0.7500 0.1562 0.7188 0.1875 0.7188 0.1875 0.7500 0.1562 0.7500 0.1250 0.7188 0.1562 0.7188 0.1562 0.7500 0.1250 0.7500 0.1250 0.6875 0.1562 0.6875 0.1562 0.7188 0.1250 0.7188 0.1250 0.6562 0.1562 0.6562 0.1562 0.6875 0.1250 0.6875 0.1250 0.6250 0.1562 0.6250 0.1562 0.6562 0.1250 0.6562 0.1250 0.5938 0.1562 0.5938 0.1562 0.6250 0.1250 0.6250 0.1250 0.5625 0.1562 0.5625 0.1562 0.5938 0.1250 0.5938 0.1250 0.5312 0.1562 0.5312 0.1562 0.5625 0.1250 0.5625 0.6562 0.5312 0.6875 0.5312 0.6875 0.5625 0.6562 0.5625 0.6875 0.5312 0.7188 0.5312 0.7188 0.5625 0.6875 0.5625 0.7188 0.5312 0.7500 0.5312 0.7500 0.5625 0.7188 0.5625 0.7500 0.5312 0.7812 0.5312 0.7812 0.5625 0.7500 0.5625 0.7812 0.5312 0.8125 0.5312 0.8125 0.5625 0.7812 0.5625 0.8125 0.5312 0.8438 0.5312 0.8438 0.5625 0.8125 0.5625 0.6562 0.5625 0.6875 0.5625 0.6875 0.5938 0.6562 0.5938 0.6875 0.5625 0.7188 0.5625 0.7188 0.5938 0.6875 0.5938 0.7188 0.5625 0.7500 0.5625 0.7500 0.5938 0.7188 0.5938 0.7500 0.5625 0.7812 0.5625 0.7812 0.5938 0.7500 0.5938 0.7812 0.5625 0.8125 0.5625 0.8125 0.5938 0.7812 0.5938 0.8125 0.5625 0.8438 0.5625 0.8438 0.5938 0.8125 0.5938 0.6562 0.5938 0.6875 0.5938 0.6875 0.6250 0.6562 0.6250 0.6875 0.5938 0.7188 0.5938 0.7188 0.6250 0.6875 0.6250 0.7188 0.5938 0.7500 0.5938 0.7500 0.6250 0.7188 0.6250 0.7500 0.5938 0.7812 0.5938 0.7812 0.6250 0.7500 0.6250 0.7812 0.5938 0.8125 0.5938 0.8125 0.6250 0.7812 0.6250 0.8125 0.5938 0.8438 0.5938 0.8438 0.6250 0.8125 0.6250 0.6562 0.6250 0.6875 0.6250 0.6875 0.6562 0.6562 0.6562 0.6875 0.6250 0.7188 0.6250 0.7188 0.6562 0.6875 0.6562 0.7188 0.6250 0.7500 0.6250 0.7500 0.6562 0.7188 0.6562 0.7500 0.6250 0.7812 0.6250 0.7812 0.6562 0.7500 0.6562 0.7812 0.6250 0.8125 0.6250 0.8125 0.6562 0.7812 0.6562 0.8125 0.6250 0.8438 0.6250 0.8438 0.6562 0.8125 0.6562 0.6562 0.6562 0.6875 0.6562 0.6875 0.6875 0.6562 0.6875 0.6875 0.6562 0.7188 0.6562 0.7188 0.6875 0.6875 0.6875 0.7188 0.6562 0.7500 0.6562 0.7500 0.6875 0.7188 0.6875 0.7500 0.6562 0.7812 0.6562 0.7812 0.6875 0.7500 0.6875 0.7812 0.6562 0.8125 0.6562 0.8125 0.6875 0.7812 0.6875 0.8125 0.6562 0.8438 0.6562 0.8438 0.6875 0.8125 0.6875 0.6562 0.6875 0.6875 0.6875 0.6875 0.7188 0.6562 0.7188 0.6875 0.6875 0.7188 0.6875 0.7188 0.7188 0.6875 0.7188 0.7188 0.6875 0.7500 0.6875 0.7500 0.7188 0.7188 0.7188 0.7500 0.6875 0.7812 0.6875 0.7812 0.7188 0.7500 0.7188 0.7812 0.6875 0.8125 0.6875 0.8125 0.7188 0.7812 0.7188 0.8125 0.6875 0.8438 0.6875 0.8438 0.7188 0.8125 0.7188 0.6250 0.5000 0.6562 0.5000 0.6562 0.5312 0.6250 0.5312 0.6562 0.5000 0.6875 0.5000 0.6875 0.5312 0.6562 0.5312 0.6875 0.5000 0.7188 0.5000 0.7188 0.5312 0.6875 0.5312 0.7188 0.5000 0.7500 0.5000 0.7500 0.5312 0.7188 0.5312 0.7500 0.5000 0.7812 0.5000 0.7812 0.5312 0.7500 0.5312 0.7812 0.5000 0.8125 0.5000 0.8125 0.5312 0.7812 0.5312 0.8125 0.5000 0.8438 0.5000 0.8438 0.5312 0.8125 0.5312 0.8438 0.5000 0.8750 0.5000 0.8750 0.5312 0.8438 0.5312 0.8438 0.5312 0.8750 0.5312 0.8750 0.5625 0.8438 0.5625 0.8438 0.5625 0.8750 0.5625 0.8750 0.5938 0.8438 0.5938 0.8438 0.5938 0.8750 0.5938 0.8750 0.6250 0.8438 0.6250 0.8438 0.6250 0.8750 0.6250 0.8750 0.6562 0.8438 0.6562 0.8438 0.6562 0.8750 0.6562 0.8750 0.6875 0.8438 0.6875 0.8438 0.6875 0.8750 0.6875 0.8750 0.7188 0.8438 0.7188 0.8438 0.7188 0.8750 0.7188 0.8750 0.7500 0.8438 0.7500 0.8125 0.7188 0.8438 0.7188 0.8438 0.7500 0.8125 0.7500 0.7812 0.7188 0.8125 0.7188 0.8125 0.7500 0.7812 0.7500 0.7500 0.7188 0.7812 0.7188 0.7812 0.7500 0.7500 0.7500 0.7188 0.7188 0.7500 0.7188 0.7500 0.7500 0.7188 0.7500 0.6875 0.7188 0.7188 0.7188 0.7188 0.7500 0.6875 0.7500 0.6562 0.7188 0.6875 0.7188 0.6875 0.7500 0.6562 0.7500 0.6250 0.7188 0.6562 0.7188 0.6562 0.7500 0.6250 0.7500 0.6250 0.6875 0.6562 0.6875 0.6562 0.7188 0.6250 0.7188 0.6250 0.6562 0.6562 0.6562 0.6562 0.6875 0.6250 0.6875 0.6250 0.6250 0.6562 0.6250 0.6562 0.6562 0.6250 0.6562 0.6250 0.5938 0.6562 0.5938 0.6562 0.6250 0.6250 0.6250 0.6250 0.5625 0.6562 0.5625 0.6562 0.5938 0.6250 0.5938 0.6250 0.5312 0.6562 0.5312 0.6562 0.5625 0.6250 0.5625 0.4062 0.0312 0.4375 0.0312 0.4375 0.0625 0.4062 0.0625 0.4375 0.0312 0.4688 0.0312 0.4688 0.0625 0.4375 0.0625 0.4688 0.0312 0.5000 0.0312 0.5000 0.0625 0.4688 0.0625 0.5000 0.0312 0.5312 0.0312 0.5312 0.0625 0.5000 0.0625 0.5312 0.0312 0.5625 0.0312 0.5625 0.0625 0.5312 0.0625 0.5625 0.0312 0.5938 0.0312 0.5938 0.0625 0.5625 0.0625 0.4062 0.0625 0.4375 0.0625 0.4375 0.0938 0.4062 0.0938 0.4375 0.0625 0.4688 0.0625 0.4688 0.0938 0.4375 0.0938 0.4688 0.0625 0.5000 0.0625 0.5000 0.0938 0.4688 0.0938 0.5000 0.0625 0.5312 0.0625 0.5312 0.0938 0.5000 0.0938 0.5312 0.0625 0.5625 0.0625 0.5625 0.0938 0.5312 0.0938 0.5625 0.0625 0.5938 0.0625 0.5938 0.0938 0.5625 0.0938 0.4062 0.0938 0.4375 0.0938 0.4375 0.1250 0.4062 0.1250 0.4375 0.0938 0.4688 0.0938 0.4688 0.1250 0.4375 0.1250 0.4688 0.0938 0.5000 0.0938 0.5000 0.1250 0.4688 0.1250 0.5000 0.0938 0.5312 0.0938 0.5312 0.1250 0.5000 0.1250 0.5312 0.0938 0.5625 0.0938 0.5625 0.1250 0.5312 0.1250 0.5625 0.0938 0.5938 0.0938 0.5938 0.1250 0.5625 0.1250 0.4062 0.1250 0.4375 0.1250 0.4375 0.1562 0.4062 0.1562 0.4375 0.1250 0.4688 0.1250 0.4688 0.1562 0.4375 0.1562 0.4688 0.1250 0.5000 0.1250 0.5000 0.1562 0.4688 0.1562 0.5000 0.1250 0.5312 0.1250 0.5312 0.1562 0.5000 0.1562 0.5312 0.1250 0.5625 0.1250 0.5625 0.1562 0.5312 0.1562 0.5625 0.1250 0.5938 0.1250 0.5938 0.1562 0.5625 0.1562 0.4062 0.1562 0.4375 0.1562 0.4375 0.1875 0.4062 0.1875 0.4375 0.1562 0.4688 0.1562 0.4688 0.1875 0.4375 0.1875 0.4688 0.1562 0.5000 0.1562 0.5000 0.1875 0.4688 0.1875 0.5000 0.1562 0.5312 0.1562 0.5312 0.1875 0.5000 0.1875 0.5312 0.1562 0.5625 0.1562 0.5625 0.1875 0.5312 0.1875 0.5625 0.1562 0.5938 0.1562 0.5938 0.1875 0.5625 0.1875 0.4062 0.1875 0.4375 0.1875 0.4375 0.2188 0.4062 0.2188 0.4375 0.1875 0.4688 0.1875 0.4688 0.2188 0.4375 0.2188 0.4688 0.1875 0.5000 0.1875 0.5000 0.2188 0.4688 0.2188 0.5000 0.1875 0.5312 0.1875 0.5312 0.2188 0.5000 0.2188 0.5312 0.1875 0.5625 0.1875 0.5625 0.2188 0.5312 0.2188 0.5625 0.1875 0.5938 0.1875 0.5938 0.2188 0.5625 0.2188 0.3750 0.0000 0.4062 0.0000 0.4062 0.0312 0.3750 0.0312 0.4062 0.0000 0.4375 0.0000 0.4375 0.0312 0.4062 0.0312 0.4375 0.0000 0.4688 0.0000 0.4688 0.0312 0.4375 0.0312 0.4688 0.0000 0.5000 0.0000 0.5000 0.0312 0.4688 0.0312 0.5000 0.0000 0.5312 0.0000 0.5312 0.0312 0.5000 0.0312 0.5312 0.0000 0.5625 0.0000 0.5625 0.0312 0.5312 0.0312 0.5625 0.0000 0.5938 0.0000 0.5938 0.0312 0.5625 0.0312 0.5938 0.0000 0.6250 0.0000 0.6250 0.0312 0.5938 0.0312 0.5938 0.0312 0.6250 0.0312 0.6250 0.0625 0.5938 0.0625 0.5938 0.0625 0.6250 0.0625 0.6250 0.0938 0.5938 0.0938 0.5938 0.0938 0.6250 0.0938 0.6250 0.1250 0.5938 0.1250 0.5938 0.1250 0.6250 0.1250 0.6250 0.1562 0.5938 0.1562 0.5938 0.1562 0.6250 0.1562 0.6250 0.1875 0.5938 0.1875 0.5938 0.1875 0.6250 0.1875 0.6250 0.2188 0.5938 0.2188 0.5938 0.2188 0.6250 0.2188 0.6250 0.2500 0.5938 0.2500 0.5625 0.2188 0.5938 0.2188 0.5938 0.2500 0.5625 0.2500 0.5312 0.2188 0.5625 0.2188 0.5625 0.2500 0.5312 0.2500 0.5000 0.2188 0.5312 0.2188 0.5312 0.2500 0.5000 0.2500 0.4688 0.2188 0.5000 0.2188 0.5000 0.2500 0.4688 0.2500 0.4375 0.2188 0.4688 0.2188 0.4688 0.2500 0.4375 0.2500 0.4062 0.2188 0.4375 0.2188 0.4375 0.2500 0.4062 0.2500 0.3750 0.2188 0.4062 0.2188 0.4062 0.2500 0.3750 0.2500 0.3750 0.1875 0.4062 0.1875 0.4062 0.2188 0.3750 0.2188 0.3750 0.1562 0.4062 0.1562 0.4062 0.1875 0.3750 0.1875 0.3750 0.1250 0.4062 0.1250 0.4062 0.1562 0.3750 0.1562 0.3750 0.0938 0.4062 0.0938 0.4062 0.1250 0.3750 0.1250 0.3750 0.0625 0.4062 0.0625 0.4062 0.0938 0.3750 0.0938 0.3750 0.0312 0.4062 0.0312 0.4062 0.0625 0.3750 0.0625 0.4062 0.2812 0.4375 0.2812 0.4375 0.3125 0.4062 0.3125 0.4375 0.2812 0.4688 0.2812 0.4688 0.3125 0.4375 0.3125 0.4688 0.2812 0.5000 0.2812 0.5000 0.3125 0.4688 0.3125 0.5000 0.2812 0.5312 0.2812 0.5312 0.3125 0.5000 0.3125 0.5312 0.2812 0.5625 0.2812 0.5625 0.3125 0.5312 0.3125 0.5625 0.2812 0.5938 0.2812 0.5938 0.3125 0.5625 0.3125 0.4062 0.3125 0.4375 0.3125 0.4375 0.3438 0.4062 0.3438 0.4375 0.3125 0.4688 0.3125 0.4688 0.3438 0.4375 0.3438 0.4688 0.3125 0.5000 0.3125 0.5000 0.3438 0.4688 0.3438 0.5000 0.3125 0.5312 0.3125 0.5312 0.3438 0.5000 0.3438 0.5312 0.3125 0.5625 0.3125 0.5625 0.3438 0.5312 0.3438 0.5625 0.3125 0.5938 0.3125 0.5938 0.3438 0.5625 0.3438 0.4062 0.3438 0.4375 0.3438 0.4375 0.3750 0.4062 0.3750 0.4375 0.3438 0.4688 0.3438 0.4688 0.3750 0.4375 0.3750 0.4688 0.3438 0.5000 0.3438 0.5000 0.3750 0.4688 0.3750 0.5000 0.3438 0.5312 0.3438 0.5312 0.3750 0.5000 0.3750 0.5312 0.3438 0.5625 0.3438 0.5625 0.3750 0.5312 0.3750 0.5625 0.3438 0.5938 0.3438 0.5938 0.3750 0.5625 0.3750 0.4062 0.3750 0.4375 0.3750 0.4375 0.4062 0.4062 0.4062 0.4375 0.3750 0.4688 0.3750 0.4688 0.4062 0.4375 0.4062 0.4688 0.3750 0.5000 0.3750 0.5000 0.4062 0.4688 0.4062 0.5000 0.3750 0.5312 0.3750 0.5312 0.4062 0.5000 0.4062 0.5312 0.3750 0.5625 0.3750 0.5625 0.4062 0.5312 0.4062 0.5625 0.3750 0.5938 0.3750 0.5938 0.4062 0.5625 0.4062 0.4062 0.4062 0.4375 0.4062 0.4375 0.4375 0.4062 0.4375 0.4375 0.4062 0.4688 0.4062 0.4688 0.4375 0.4375 0.4375 0.4688 0.4062 0.5000 0.4062 0.5000 0.4375 0.4688 0.4375 0.5000 0.4062 0.5312 0.4062 0.5312 0.4375 0.5000 0.4375 0.5312 0.4062 0.5625 0.4062 0.5625 0.4375 0.5312 0.4375 0.5625 0.4062 0.5938 0.4062 0.5938 0.4375 0.5625 0.4375 0.4062 0.4375 0.4375 0.4375 0.4375 0.4688 0.4062 0.4688 0.4375 0.4375 0.4688 0.4375 0.4688 0.4688 0.4375 0.4688 0.4688 0.4375 0.5000 0.4375 0.5000 0.4688 0.4688 0.4688 0.5000 0.4375 0.5312 0.4375 0.5312 0.4688 0.5000 0.4688 0.5312 0.4375 0.5625 0.4375 0.5625 0.4688 0.5312 0.4688 0.5625 0.4375 0.5938 0.4375 0.5938 0.4688 0.5625 0.4688 0.3750 0.2500 0.4062 0.2500 0.4062 0.2812 0.3750 0.2812 0.4062 0.2500 0.4375 0.2500 0.4375 0.2812 0.4062 0.2812 0.4375 0.2500 0.4688 0.2500 0.4688 0.2812 0.4375 0.2812 0.4688 0.2500 0.5000 0.2500 0.5000 0.2812 0.4688 0.2812 0.5000 0.2500 0.5312 0.2500 0.5312 0.2812 0.5000 0.2812 0.5312 0.2500 0.5625 0.2500 0.5625 0.2812 0.5312 0.2812 0.5625 0.2500 0.5938 0.2500 0.5938 0.2812 0.5625 0.2812 0.5938 0.2500 0.6250 0.2500 0.6250 0.2812 0.5938 0.2812 0.5938 0.2812 0.6250 0.2812 0.6250 0.3125 0.5938 0.3125 0.5938 0.3125 0.6250 0.3125 0.6250 0.3438 0.5938 0.3438 0.5938 0.3438 0.6250 0.3438 0.6250 0.3750 0.5938 0.3750 0.5938 0.3750 0.6250 0.3750 0.6250 0.4062 0.5938 0.4062 0.5938 0.4062 0.6250 0.4062 0.6250 0.4375 0.5938 0.4375 0.5938 0.4375 0.6250 0.4375 0.6250 0.4688 0.5938 0.4688 0.5938 0.4688 0.6250 0.4688 0.6250 0.5000 0.5938 0.5000 0.5625 0.4688 0.5938 0.4688 0.5938 0.5000 0.5625 0.5000 0.5312 0.4688 0.5625 0.4688 0.5625 0.5000 0.5312 0.5000 0.5000 0.4688 0.5312 0.4688 0.5312 0.5000 0.5000 0.5000 0.4688 0.4688 0.5000 0.4688 0.5000 0.5000 0.4688 0.5000 0.4375 0.4688 0.4688 0.4688 0.4688 0.5000 0.4375 0.5000 0.4062 0.4688 0.4375 0.4688 0.4375 0.5000 0.4062 0.5000 0.3750 0.4688 0.4062 0.4688 0.4062 0.5000 0.3750 0.5000 0.3750 0.4375 0.4062 0.4375 0.4062 0.4688 0.3750 0.4688 0.3750 0.4062 0.4062 0.4062 0.4062 0.4375 0.3750 0.4375 0.3750 0.3750 0.4062 0.3750 0.4062 0.4062 0.3750 0.4062 0.3750 0.3438 0.4062 0.3438 0.4062 0.3750 0.3750 0.3750 0.3750 0.3125 0.4062 0.3125 0.4062 0.3438 0.3750 0.3438 0.3750 0.2812 0.4062 0.2812 0.4062 0.3125 0.3750 0.3125 0.4062 0.5312 0.4375 0.5312 0.4375 0.5625 0.4062 0.5625 0.4375 0.5312 0.4688 0.5312 0.4688 0.5625 0.4375 0.5625 0.4688 0.5312 0.5000 0.5312 0.5000 0.5625 0.4688 0.5625 0.5000 0.5312 0.5312 0.5312 0.5312 0.5625 0.5000 0.5625 0.5312 0.5312 0.5625 0.5312 0.5625 0.5625 0.5312 0.5625 0.5625 0.5312 0.5938 0.5312 0.5938 0.5625 0.5625 0.5625 0.4062 0.5625 0.4375 0.5625 0.4375 0.5938 0.4062 0.5938 0.4375 0.5625 0.4688 0.5625 0.4688 0.5938 0.4375 0.5938 0.4688 0.5625 0.5000 0.5625 0.5000 0.5938 0.4688 0.5938 0.5000 0.5625 0.5312 0.5625 0.5312 0.5938 0.5000 0.5938 0.5312 0.5625 0.5625 0.5625 0.5625 0.5938 0.5312 0.5938 0.5625 0.5625 0.5938 0.5625 0.5938 0.5938 0.5625 0.5938 0.4062 0.5938 0.4375 0.5938 0.4375 0.6250 0.4062 0.6250 0.4375 0.5938 0.4688 0.5938 0.4688 0.6250 0.4375 0.6250 0.4688 0.5938 0.5000 0.5938 0.5000 0.6250 0.4688 0.6250 0.5000 0.5938 0.5312 0.5938 0.5312 0.6250 0.5000 0.6250 0.5312 0.5938 0.5625 0.5938 0.5625 0.6250 0.5312 0.6250 0.5625 0.5938 0.5938 0.5938 0.5938 0.6250 0.5625 0.6250 0.4062 0.6250 0.4375 0.6250 0.4375 0.6562 0.4062 0.6562 0.4375 0.6250 0.4688 0.6250 0.4688 0.6562 0.4375 0.6562 0.4688 0.6250 0.5000 0.6250 0.5000 0.6562 0.4688 0.6562 0.5000 0.6250 0.5312 0.6250 0.5312 0.6562 0.5000 0.6562 0.5312 0.6250 0.5625 0.6250 0.5625 0.6562 0.5312 0.6562 0.5625 0.6250 0.5938 0.6250 0.5938 0.6562 0.5625 0.6562 0.4062 0.6562 0.4375 0.6562 0.4375 0.6875 0.4062 0.6875 0.4375 0.6562 0.4688 0.6562 0.4688 0.6875 0.4375 0.6875 0.4688 0.6562 0.5000 0.6562 0.5000 0.6875 0.4688 0.6875 0.5000 0.6562 0.5312 0.6562 0.5312 0.6875 0.5000 0.6875 0.5312 0.6562 0.5625 0.6562 0.5625 0.6875 0.5312 0.6875 0.5625 0.6562 0.5938 0.6562 0.5938 0.6875 0.5625 0.6875 0.4062 0.6875 0.4375 0.6875 0.4375 0.7188 0.4062 0.7188 0.4375 0.6875 0.4688 0.6875 0.4688 0.7188 0.4375 0.7188 0.4688 0.6875 0.5000 0.6875 0.5000 0.7188 0.4688 0.7188 0.5000 0.6875 0.5312 0.6875 0.5312 0.7188 0.5000 0.7188 0.5312 0.6875 0.5625 0.6875 0.5625 0.7188 0.5312 0.7188 0.5625 0.6875 0.5938 0.6875 0.5938 0.7188 0.5625 0.7188 0.3750 0.5000 0.4062 0.5000 0.4062 0.5312 0.3750 0.5312 0.4062 0.5000 0.4375 0.5000 0.4375 0.5312 0.4062 0.5312 0.4375 0.5000 0.4688 0.5000 0.4688 0.5312 0.4375 0.5312 0.4688 0.5000 0.5000 0.5000 0.5000 0.5312 0.4688 0.5312 0.5000 0.5000 0.5312 0.5000 0.5312 0.5312 0.5000 0.5312 0.5312 0.5000 0.5625 0.5000 0.5625 0.5312 0.5312 0.5312 0.5625 0.5000 0.5938 0.5000 0.5938 0.5312 0.5625 0.5312 0.5938 0.5000 0.6250 0.5000 0.6250 0.5312 0.5938 0.5312 0.5938 0.5312 0.6250 0.5312 0.6250 0.5625 0.5938 0.5625 0.5938 0.5625 0.6250 0.5625 0.6250 0.5938 0.5938 0.5938 0.5938 0.5938 0.6250 0.5938 0.6250 0.6250 0.5938 0.6250 0.5938 0.6250 0.6250 0.6250 0.6250 0.6562 0.5938 0.6562 0.5938 0.6562 0.6250 0.6562 0.6250 0.6875 0.5938 0.6875 0.5938 0.6875 0.6250 0.6875 0.6250 0.7188 0.5938 0.7188 0.5938 0.7188 0.6250 0.7188 0.6250 0.7500 0.5938 0.7500 0.5625 0.7188 0.5938 0.7188 0.5938 0.7500 0.5625 0.7500 0.5312 0.7188 0.5625 0.7188 0.5625 0.7500 0.5312 0.7500 0.5000 0.7188 0.5312 0.7188 0.5312 0.7500 0.5000 0.7500 0.4688 0.7188 0.5000 0.7188 0.5000 0.7500 0.4688 0.7500 0.4375 0.7188 0.4688 0.7188 0.4688 0.7500 0.4375 0.7500 0.4062 0.7188 0.4375 0.7188 0.4375 0.7500 0.4062 0.7500 0.3750 0.7188 0.4062 0.7188 0.4062 0.7500 0.3750 0.7500 0.3750 0.6875 0.4062 0.6875 0.4062 0.7188 0.3750 0.7188 0.3750 0.6562 0.4062 0.6562 0.4062 0.6875 0.3750 0.6875 0.3750 0.6250 0.4062 0.6250 0.4062 0.6562 0.3750 0.6562 0.3750 0.5938 0.4062 0.5938 0.4062 0.6250 0.3750 0.6250 0.3750 0.5625 0.4062 0.5625 0.4062 0.5938 0.3750 0.5938 0.3750 0.5312 0.4062 0.5312 0.4062 0.5625 0.3750 0.5625 0.4062 0.7812 0.4375 0.7812 0.4375 0.8125 0.4062 0.8125 0.4375 0.7812 0.4688 0.7812 0.4688 0.8125 0.4375 0.8125 0.4688 0.7812 0.5000 0.7812 0.5000 0.8125 0.4688 0.8125 0.5000 0.7812 0.5312 0.7812 0.5312 0.8125 0.5000 0.8125 0.5312 0.7812 0.5625 0.7812 0.5625 0.8125 0.5312 0.8125 0.5625 0.7812 0.5938 0.7812 0.5938 0.8125 0.5625 0.8125 0.4062 0.8125 0.4375 0.8125 0.4375 0.8438 0.4062 0.8438 0.4375 0.8125 0.4688 0.8125 0.4688 0.8438 0.4375 0.8438 0.4688 0.8125 0.5000 0.8125 0.5000 0.8438 0.4688 0.8438 0.5000 0.8125 0.5312 0.8125 0.5312 0.8438 0.5000 0.8438 0.5312 0.8125 0.5625 0.8125 0.5625 0.8438 0.5312 0.8438 0.5625 0.8125 0.5938 0.8125 0.5938 0.8438 0.5625 0.8438 0.4062 0.8438 0.4375 0.8438 0.4375 0.8750 0.4062 0.8750 0.4375 0.8438 0.4688 0.8438 0.4688 0.8750 0.4375 0.8750 0.4688 0.8438 0.5000 0.8438 0.5000 0.8750 0.4688 0.8750 0.5000 0.8438 0.5312 0.8438 0.5312 0.8750 0.5000 0.8750 0.5312 0.8438 0.5625 0.8438 0.5625 0.8750 0.5312 0.8750 0.5625 0.8438 0.5938 0.8438 0.5938 0.8750 0.5625 0.8750 0.4062 0.8750 0.4375 0.8750 0.4375 0.9062 0.4062 0.9062 0.4375 0.8750 0.4688 0.8750 0.4688 0.9062 0.4375 0.9062 0.4688 0.8750 0.5000 0.8750 0.5000 0.9062 0.4688 0.9062 0.5000 0.8750 0.5312 0.8750 0.5312 0.9062 0.5000 0.9062 0.5312 0.8750 0.5625 0.8750 0.5625 0.9062 0.5312 0.9062 0.5625 0.8750 0.5938 0.8750 0.5938 0.9062 0.5625 0.9062 0.4062 0.9062 0.4375 0.9062 0.4375 0.9375 0.4062 0.9375 0.4375 0.9062 0.4688 0.9062 0.4688 0.9375 0.4375 0.9375 0.4688 0.9062 0.5000 0.9062 0.5000 0.9375 0.4688 0.9375 0.5000 0.9062 0.5312 0.9062 0.5312 0.9375 0.5000 0.9375 0.5312 0.9062 0.5625 0.9062 0.5625 0.9375 0.5312 0.9375 0.5625 0.9062 0.5938 0.9062 0.5938 0.9375 0.5625 0.9375 0.4062 0.9375 0.4375 0.9375 0.4375 0.9688 0.4062 0.9688 0.4375 0.9375 0.4688 0.9375 0.4688 0.9688 0.4375 0.9688 0.4688 0.9375 0.5000 0.9375 0.5000 0.9688 0.4688 0.9688 0.5000 0.9375 0.5312 0.9375 0.5312 0.9688 0.5000 0.9688 0.5312 0.9375 0.5625 0.9375 0.5625 0.9688 0.5312 0.9688 0.5625 0.9375 0.5938 0.9375 0.5938 0.9688 0.5625 0.9688 0.3750 0.7500 0.4062 0.7500 0.4062 0.7812 0.3750 0.7812 0.4062 0.7500 0.4375 0.7500 0.4375 0.7812 0.4062 0.7812 0.4375 0.7500 0.4688 0.7500 0.4688 0.7812 0.4375 0.7812 0.4688 0.7500 0.5000 0.7500 0.5000 0.7812 0.4688 0.7812 0.5000 0.7500 0.5312 0.7500 0.5312 0.7812 0.5000 0.7812 0.5312 0.7500 0.5625 0.7500 0.5625 0.7812 0.5312 0.7812 0.5625 0.7500 0.5938 0.7500 0.5938 0.7812 0.5625 0.7812 0.5938 0.7500 0.6250 0.7500 0.6250 0.7812 0.5938 0.7812 0.5938 0.7812 0.6250 0.7812 0.6250 0.8125 0.5938 0.8125 0.5938 0.8125 0.6250 0.8125 0.6250 0.8438 0.5938 0.8438 0.5938 0.8438 0.6250 0.8438 0.6250 0.8750 0.5938 0.8750 0.5938 0.8750 0.6250 0.8750 0.6250 0.9062 0.5938 0.9062 0.5938 0.9062 0.6250 0.9062 0.6250 0.9375 0.5938 0.9375 0.5938 0.9375 0.6250 0.9375 0.6250 0.9688 0.5938 0.9688 0.5938 0.9688 0.6250 0.9688 0.6250 1.0000 0.5938 1.0000 0.5625 0.9688 0.5938 0.9688 0.5938 1.0000 0.5625 1.0000 0.5312 0.9688 0.5625 0.9688 0.5625 1.0000 0.5312 1.0000 0.5000 0.9688 0.5312 0.9688 0.5312 1.0000 0.5000 1.0000 0.4688 0.9688 0.5000 0.9688 0.5000 1.0000 0.4688 1.0000 0.4375 0.9688 0.4688 0.9688 0.4688 1.0000 0.4375 1.0000 0.4062 0.9688 0.4375 0.9688 0.4375 1.0000 0.4062 1.0000 0.3750 0.9688 0.4062 0.9688 0.4062 1.0000 0.3750 1.0000 0.3750 0.9375 0.4062 0.9375 0.4062 0.9688 0.3750 0.9688 0.3750 0.9062 0.4062 0.9062 0.4062 0.9375 0.3750 0.9375 0.3750 0.8750 0.4062 0.8750 0.4062 0.9062 0.3750 0.9062 0.3750 0.8438 0.4062 0.8438 0.4062 0.8750 0.3750 0.8750 0.3750 0.8125 0.4062 0.8125 0.4062 0.8438 0.3750 0.8438 0.3750 0.7812 0.4062 0.7812 0.4062 0.8125 0.3750 0.8125 0.1562 0.5312 0.1875 0.5312 0.1875 0.5625 0.1562 0.5625 0.1875 0.5312 0.2188 0.5312 0.2188 0.5625 0.1875 0.5625 0.2188 0.5312 0.2500 0.5312 0.2500 0.5625 0.2188 0.5625 0.2500 0.5312 0.2812 0.5312 0.2812 0.5625 0.2500 0.5625 0.2812 0.5312 0.3125 0.5312 0.3125 0.5625 0.2812 0.5625 0.3125 0.5312 0.3438 0.5312 0.3438 0.5625 0.3125 0.5625 0.1562 0.5625 0.1875 0.5625 0.1875 0.5938 0.1562 0.5938 0.1875 0.5625 0.2188 0.5625 0.2188 0.5938 0.1875 0.5938 0.2188 0.5625 0.2500 0.5625 0.2500 0.5938 0.2188 0.5938 0.2500 0.5625 0.2812 0.5625 0.2812 0.5938 0.2500 0.5938 0.2812 0.5625 0.3125 0.5625 0.3125 0.5938 0.2812 0.5938 0.3125 0.5625 0.3438 0.5625 0.3438 0.5938 0.3125 0.5938 0.1562 0.5938 0.1875 0.5938 0.1875 0.6250 0.1562 0.6250 0.1875 0.5938 0.2188 0.5938 0.2188 0.6250 0.1875 0.6250 0.2188 0.5938 0.2500 0.5938 0.2500 0.6250 0.2188 0.6250 0.2500 0.5938 0.2812 0.5938 0.2812 0.6250 0.2500 0.6250 0.2812 0.5938 0.3125 0.5938 0.3125 0.6250 0.2812 0.6250 0.3125 0.5938 0.3438 0.5938 0.3438 0.6250 0.3125 0.6250 0.1562 0.6250 0.1875 0.6250 0.1875 0.6562 0.1562 0.6562 0.1875 0.6250 0.2188 0.6250 0.2188 0.6562 0.1875 0.6562 0.2188 0.6250 0.2500 0.6250 0.2500 0.6562 0.2188 0.6562 0.2500 0.6250 0.2812 0.6250 0.2812 0.6562 0.2500 0.6562 0.2812 0.6250 0.3125 0.6250 0.3125 0.6562 0.2812 0.6562 0.3125 0.6250 0.3438 0.6250 0.3438 0.6562 0.3125 0.6562 0.1562 0.6562 0.1875 0.6562 0.1875 0.6875 0.1562 0.6875 0.1875 0.6562 0.2188 0.6562 0.2188 0.6875 0.1875 0.6875 0.2188 0.6562 0.2500 0.6562 0.2500 0.6875 0.2188 0.6875 0.2500 0.6562 0.2812 0.6562 0.2812 0.6875 0.2500 0.6875 0.2812 0.6562 0.3125 0.6562 0.3125 0.6875 0.2812 0.6875 0.3125 0.6562 0.3438 0.6562 0.3438 0.6875 0.3125 0.6875 0.1562 0.6875 0.1875 0.6875 0.1875 0.7188 0.1562 0.7188 0.1875 0.6875 0.2188 0.6875 0.2188 0.7188 0.1875 0.7188 0.2188 0.6875 0.2500 0.6875 0.2500 0.7188 0.2188 0.7188 0.2500 0.6875 0.2812 0.6875 0.2812 0.7188 0.2500 0.7188 0.2812 0.6875 0.3125 0.6875 0.3125 0.7188 0.2812 0.7188 0.3125 0.6875 0.3438 0.6875 0.3438 0.7188 0.3125 0.7188 0.1250 0.5000 0.1562 0.5000 0.1562 0.5312 0.1250 0.5312 0.1562 0.5000 0.1875 0.5000 0.1875 0.5312 0.1562 0.5312 0.1875 0.5000 0.2188 0.5000 0.2188 0.5312 0.1875 0.5312 0.2188 0.5000 0.2500 0.5000 0.2500 0.5312 0.2188 0.5312 0.2500 0.5000 0.2812 0.5000 0.2812 0.5312 0.2500 0.5312 0.2812 0.5000 0.3125 0.5000 0.3125 0.5312 0.2812 0.5312 0.3125 0.5000 0.3438 0.5000 0.3438 0.5312 0.3125 0.5312 0.3438 0.5000 0.3750 0.5000 0.3750 0.5312 0.3438 0.5312 0.3438 0.5312 0.3750 0.5312 0.3750 0.5625 0.3438 0.5625 0.3438 0.5625 0.3750 0.5625 0.3750 0.5938 0.3438 0.5938 0.3438 0.5938 0.3750 0.5938 0.3750 0.6250 0.3438 0.6250 0.3438 0.6250 0.3750 0.6250 0.3750 0.6562 0.3438 0.6562 0.3438 0.6562 0.3750 0.6562 0.3750 0.6875 0.3438 0.6875 0.3438 0.6875 0.3750 0.6875 0.3750 0.7188 0.3438 0.7188 0.3438 0.7188 0.3750 0.7188 0.3750 0.7500 0.3438 0.7500 0.3125 0.7188 0.3438 0.7188 0.3438 0.7500 0.3125 0.7500 0.2812 0.7188 0.3125 0.7188 0.3125 0.7500 0.2812 0.7500 0.2500 0.7188 0.2812 0.7188 0.2812 0.7500 0.2500 0.7500 0.2188 0.7188 0.2500 0.7188 0.2500 0.7500 0.2188 0.7500 0.1875 0.7188 0.2188 0.7188 0.2188 0.7500 0.1875 0.7500 0.1562 0.7188 0.1875 0.7188 0.1875 0.7500 0.1562 0.7500 0.1250 0.7188 0.1562 0.7188 0.1562 0.7500 0.1250 0.7500 0.1250 0.6875 0.1562 0.6875 0.1562 0.7188 0.1250 0.7188 0.1250 0.6562 0.1562 0.6562 0.1562 0.6875 0.1250 0.6875 0.1250 0.6250 0.1562 0.6250 0.1562 0.6562 0.1250 0.6562 0.1250 0.5938 0.1562 0.5938 0.1562 0.6250 0.1250 0.6250 0.1250 0.5625 0.1562 0.5625 0.1562 0.5938 0.1250 0.5938 0.1250 0.5312 0.1562 0.5312 0.1562 0.5625 0.1250 0.5625 0.6562 0.5312 0.6875 0.5312 0.6875 0.5625 0.6562 0.5625 0.6875 0.5312 0.7188 0.5312 0.7188 0.5625 0.6875 0.5625 0.7188 0.5312 0.7500 0.5312 0.7500 0.5625 0.7188 0.5625 0.7500 0.5312 0.7812 0.5312 0.7812 0.5625 0.7500 0.5625 0.7812 0.5312 0.8125 0.5312 0.8125 0.5625 0.7812 0.5625 0.8125 0.5312 0.8438 0.5312 0.8438 0.5625 0.8125 0.5625 0.6562 0.5625 0.6875 0.5625 0.6875 0.5938 0.6562 0.5938 0.6875 0.5625 0.7188 0.5625 0.7188 0.5938 0.6875 0.5938 0.7188 0.5625 0.7500 0.5625 0.7500 0.5938 0.7188 0.5938 0.7500 0.5625 0.7812 0.5625 0.7812 0.5938 0.7500 0.5938 0.7812 0.5625 0.8125 0.5625 0.8125 0.5938 0.7812 0.5938 0.8125 0.5625 0.8438 0.5625 0.8438 0.5938 0.8125 0.5938 0.6562 0.5938 0.6875 0.5938 0.6875 0.6250 0.6562 0.6250 0.6875 0.5938 0.7188 0.5938 0.7188 0.6250 0.6875 0.6250 0.7188 0.5938 0.7500 0.5938 0.7500 0.6250 0.7188 0.6250 0.7500 0.5938 0.7812 0.5938 0.7812 0.6250 0.7500 0.6250 0.7812 0.5938 0.8125 0.5938 0.8125 0.6250 0.7812 0.6250 0.8125 0.5938 0.8438 0.5938 0.8438 0.6250 0.8125 0.6250 0.6562 0.6250 0.6875 0.6250 0.6875 0.6562 0.6562 0.6562 0.6875 0.6250 0.7188 0.6250 0.7188 0.6562 0.6875 0.6562 0.7188 0.6250 0.7500 0.6250 0.7500 0.6562 0.7188 0.6562 0.7500 0.6250 0.7812 0.6250 0.7812 0.6562 0.7500 0.6562 0.7812 0.6250 0.8125 0.6250 0.8125 0.6562 0.7812 0.6562 0.8125 0.6250 0.8438 0.6250 0.8438 0.6562 0.8125 0.6562 0.6562 0.6562 0.6875 0.6562 0.6875 0.6875 0.6562 0.6875 0.6875 0.6562 0.7188 0.6562 0.7188 0.6875 0.6875 0.6875 0.7188 0.6562 0.7500 0.6562 0.7500 0.6875 0.7188 0.6875 0.7500 0.6562 0.7812 0.6562 0.7812 0.6875 0.7500 0.6875 0.7812 0.6562 0.8125 0.6562 0.8125 0.6875 0.7812 0.6875 0.8125 0.6562 0.8438 0.6562 0.8438 0.6875 0.8125 0.6875 0.6562 0.6875 0.6875 0.6875 0.6875 0.7188 0.6562 0.7188 0.6875 0.6875 0.7188 0.6875 0.7188 0.7188 0.6875 0.7188 0.7188 0.6875 0.7500 0.6875 0.7500 0.7188 0.7188 0.7188 0.7500 0.6875 0.7812 0.6875 0.7812 0.7188 0.7500 0.7188 0.7812 0.6875 0.8125 0.6875 0.8125 0.7188 0.7812 0.7188 0.8125 0.6875 0.8438 0.6875 0.8438 0.7188 0.8125 0.7188 0.6250 0.5000 0.6562 0.5000 0.6562 0.5312 0.6250 0.5312 0.6562 0.5000 0.6875 0.5000 0.6875 0.5312 0.6562 0.5312 0.6875 0.5000 0.7188 0.5000 0.7188 0.5312 0.6875 0.5312 0.7188 0.5000 0.7500 0.5000 0.7500 0.5312 0.7188 0.5312 0.7500 0.5000 0.7812 0.5000 0.7812 0.5312 0.7500 0.5312 0.7812 0.5000 0.8125 0.5000 0.8125 0.5312 0.7812 0.5312 0.8125 0.5000 0.8438 0.5000 0.8438 0.5312 0.8125 0.5312 0.8438 0.5000 0.8750 0.5000 0.8750 0.5312 0.8438 0.5312 0.8438 0.5312 0.8750 0.5312 0.8750 0.5625 0.8438 0.5625 0.8438 0.5625 0.8750 0.5625 0.8750 0.5938 0.8438 0.5938 0.8438 0.5938 0.8750 0.5938 0.8750 0.6250 0.8438 0.6250 0.8438 0.6250 0.8750 0.6250 0.8750 0.6562 0.8438 0.6562 0.8438 0.6562 0.8750 0.6562 0.8750 0.6875 0.8438 0.6875 0.8438 0.6875 0.8750 0.6875 0.8750 0.7188 0.8438 0.7188 0.8438 0.7188 0.8750 0.7188 0.8750 0.7500 0.8438 0.7500 0.8125 0.7188 0.8438 0.7188 0.8438 0.7500 0.8125 0.7500 0.7812 0.7188 0.8125 0.7188 0.8125 0.7500 0.7812 0.7500 0.7500 0.7188 0.7812 0.7188 0.7812 0.7500 0.7500 0.7500 0.7188 0.7188 0.7500 0.7188 0.7500 0.7500 0.7188 0.7500 0.6875 0.7188 0.7188 0.7188 0.7188 0.7500 0.6875 0.7500 0.6562 0.7188 0.6875 0.7188 0.6875 0.7500 0.6562 0.7500 0.6250 0.7188 0.6562 0.7188 0.6562 0.7500 0.6250 0.7500 0.6250 0.6875 0.6562 0.6875 0.6562 0.7188 0.6250 0.7188 0.6250 0.6562 0.6562 0.6562 0.6562 0.6875 0.6250 0.6875 0.6250 0.6250 0.6562 0.6250 0.6562 0.6562 0.6250 0.6562 0.6250 0.5938 0.6562 0.5938 0.6562 0.6250 0.6250 0.6250 0.6250 0.5625 0.6562 0.5625 0.6562 0.5938 0.6250 0.5938 0.6250 0.5312 0.6562 0.5312 0.6562 0.5625 0.6250 0.5625 " />
						</IndexedFaceSet>
					</Shape>
				</Group>
			</Transform>
		</Transform>
		<Transform DEF="Shape_IndexedFaceSet_004_TRANSFORM"
		           translation="0.000000 0.000000 0.000000"
		           scale="1.000000 1.000000 1.000000"
		           rotation="-0.000000 0.000000 0.000000 0.000000"
		           >
			<Transform DEF="Shape_IndexedFaceSet_004_ifs_TRANSFORM"
			           translation="0.000000 0.000000 0.000000"
			           scale="1.000000 1.000000 1.000000"
			           rotation="0.000000 1.000000 0.000000 0.000000"
			           >
				<Group DEF="group_ME_Shape_IndexedFaceSet_004">
					<Shape>
						<Appearance>
							<Material USE="MA_MA_Material_001" />
						</Appearance>
						<IndexedFaceSet solid="false"
						                texCoordIndex="0 1 2 3 -1 4 5 6 7 -1 8 9 10 11 -1 12 13 14 15 -1 16 17 18 19 -1 20 21 22 23 -1 24 25 26 27 -1 28 29 30 31 -1 32 33 34 35 -1 36 37 38 39 -1 40 41 42 43 -1 44 45 46 47 -1 48 49 50 51 -1 52 53 54 55 -1 56 57 58 59 -1 60 61 62 63 -1 64 65 66 67 -1 68 69 70 71 -1 72 73 74 75 -1 76 77 78 79 -1 80 81 82 83 -1 84 85 86 87 -1 88 89 90 91 -1 92 93 94 95 -1 96 97 98 99 -1 100 101 102 103 -1 104 105 106 107 -1 108 109 110 111 -1 112 113 114 115 -1 116 117 118 119 -1 120 121 122 123 -1 124 125 126 127 -1 128 129 130 131 -1 132 133 134 135 -1 136 137 138 139 -1 140 141 142 143 -1 144 145 146 147 -1 148 149 150 151 -1 152 153 154 155 -1 156 157 158 159 -1 160 161 162 163 -1 164 165 166 167 -1 168 169 170 171 -1 172 173 174 175 -1 176 177 178 179 -1 180 181 182 183 -1 184 185 186 187 -1 188 189 190 191 -1 192 193 194 195 -1 196 197 198 199 -1 200 201 202 203 -1 204 205 206 207 -1 208 209 210 211 -1 212 213 214 215 -1 216 217 218 219 -1 220 221 222 223 -1 224 225 226 227 -1 228 229 230 231 -1 232 233 234 235 -1 236 237 238 239 -1 240 241 242 243 -1 244 245 246 247 -1 248 249 250 251 -1 252 253 254 255 -1 256 257 258 259 -1 260 261 262 263 -1 264 265 266 267 -1 268 269 270 271 -1 272 273 274 275 -1 276 277 278 279 -1 280 281 282 283 -1 284 285 286 287 -1 288 289 290 291 -1 292 293 294 295 -1 296 297 298 299 -1 300 301 302 303 -1 304 305 306 307 -1 308 309 310 311 -1 312 313 314 315 -1 316 317 318 319 -1 320 321 322 323 -1 324 325 326 327 -1 328 329 330 331 -1 332 333 334 335 -1 336 337 338 339 -1 340 341 342 343 -1 344 345 346 347 -1 348 349 350 351 -1 352 353 354 355 -1 356 357 358 359 -1 360 361 362 363 -1 364 365 366 367 -1 368 369 370 371 -1 372 373 374 375 -1 376 377 378 379 -1 380 381 382 383 -1 384 385 386 387 -1 388 389 390 391 -1 392 393 394 395 -1 396 397 398 399 -1 400 401 402 403 -1 404 405 406 407 -1 408 409 410 411 -1 412 413 414 415 -1 416 417 418 419 -1 420 421 422 423 -1 424 425 426 427 -1 428 429 430 431 -1 432 433 434 435 -1 436 437 438 439 -1 440 441 442 443 -1 444 445 446 447 -1 448 449 450 451 -1 452 453 454 455 -1 456 457 458 459 -1 460 461 462 463 -1 464 465 466 467 -1 468 469 470 471 -1 472 473 474 475 -1 476 477 478 479 -1 480 481 482 483 -1 484 485 486 487 -1 488 489 490 491 -1 492 493 494 495 -1 496 497 498 499 -1 500 501 502 503 -1 504 505 506 507 -1 508 509 510 511 -1 512 513 514 515 -1 516 517 518 519 -1 520 521 522 523 -1 524 525 526 527 -1 528 529 530 531 -1 532 533 534 535 -1 536 537 538 539 -1 540 541 542 543 -1 544 545 546 547 -1 548 549 550 551 -1 552 553 554 555 -1 556 557 558 559 -1 560 561 562 563 -1 564 565 566 567 -1 568 569 570 571 -1 572 573 574 575 -1 576 577 578 579 -1 580 581 582 583 -1 584 585 586 587 -1 588 589 590 591 -1 592 593 594 595 -1 596 597 598 599 -1 600 601 602 603 -1 604 605 606 607 -1 608 609 610 611 -1 612 613 614 615 -1 616 617 618 619 -1 620 621 622 623 -1 624 625 626 627 -1 628 629 630 631 -1 632 633 634 635 -1 636 637 638 639 -1 640 641 642 643 -1 644 645 646 647 -1 648 649 650 651 -1 652 653 654 655 -1 656 657 658 659 -1 660 661 662 663 -1 664 665 666 667 -1 668 669 670 671 -1 672 673 674 675 -1 676 677 678 679 -1 680 681 682 683 -1 684 685 686 687 -1 688 689 690 691 -1 692 693 694 695 -1 696 697 698 699 -1 700 701 702 703 -1 704 705 706 707 -1 708 709 710 711 -1 712 713 714 715 -1 716 717 718 719 -1 720 721 722 723 -1 724 725 726 727 -1 728 729 730 731 -1 732 733 734 735 -1 736 737 738 739 -1 740 741 742 743 -1 744 745 746 747 -1 748 749 750 751 -1 752 753 754 755 -1 756 757 758 759 -1 760 761 762 763 -1 764 765 766 767 -1 768 769 770 771 -1 772 773 774 775 -1 776 777 778 779 -1 780 781 782 783 -1 784 785 786 787 -1 788 789 790 791 -1 792 793 794 795 -1 796 797 798 799 -1 800 801 802 803 -1 804 805 806 807 -1 808 809 810 811 -1 812 813 814 815 -1 816 817 818 819 -1 820 821 822 823 -1 824 825 826 827 -1 828 829 830 831 -1 832 833 834 835 -1 836 837 838 839 -1 840 841 842 843 -1 844 845 846 847 -1 848 849 850 851 -1 852 853 854 855 -1 856 857 858 859 -1 860 861 862 863 -1 864 865 866 867 -1 868 869 870 871 -1 872 873 874 875 -1 876 877 878 879 -1 880 881 882 883 -1 884 885 886 887 -1 888 889 890 891 -1 892 893 894 895 -1 896 897 898 899 -1 900 901 902 903 -1 904 905 906 907 -1 908 909 910 911 -1 912 913 914 915 -1 916 917 918 919 -1 920 921 922 923 -1 924 925 926 927 -1 928 929 930 931 -1 932 933 934 935 -1 936 937 938 939 -1 940 941 942 943 -1 944 945 946 947 -1 948 949 950 951 -1 952 953 954 955 -1 956 957 958 959 -1 960 961 962 963 -1 964 965 966 967 -1 968 969 970 971 -1 972 973 974 975 -1 976 977 978 979 -1 980 981 982 983 -1 984 985 986 987 -1 988 989 990 991 -1 992 993 994 995 -1 996 997 998 999 -1 1000 1001 1002 1003 -1 1004 1005 1006 1007 -1 1008 1009 1010 1011 -1 1012 1013 1014 1015 -1 1016 1017 1018 1019 -1 1020 1021 1022 1023 -1 1024 1025 1026 1027 -1 1028 1029 1030 1031 -1 1032 1033 1034 1035 -1 1036 1037 1038 1039 -1 1040 1041 1042 1043 -1 1044 1045 1046 1047 -1 1048 1049 1050 1051 -1 1052 1053 1054 1055 -1 1056 1057 1058 1059 -1 1060 1061 1062 1063 -1 1064 1065 1066 1067 -1 1068 1069 1070 1071 -1 1072 1073 1074 1075 -1 1076 1077 1078 1079 -1 1080 1081 1082 1083 -1 1084 1085 1086 1087 -1 1088 1089 1090 1091 -1 1092 1093 1094 1095 -1 1096 1097 1098 1099 -1 1100 1101 1102 1103 -1 1104 1105 1106 1107 -1 1108 1109 1110 1111 -1 1112 1113 1114 1115 -1 1116 1117 1118 1119 -1 1120 1121 1122 1123 -1 1124 1125 1126 1127 -1 1128 1129 1130 1131 -1 1132 1133 1134 1135 -1 1136 1137 1138 1139 -1 1140 1141 1142 1143 -1 1144 1145 1146 1147 -1 1148 1149 1150 1151 -1 1152 1153 1154 1155 -1 1156 1157 1158 1159 -1 1160 1161 1162 1163 -1 1164 1165 1166 1167 -1 1168 1169 1170 1171 -1 1172 1173 1174 1175 -1 1176 1177 1178 1179 -1 1180 1181 1182 1183 -1 1184 1185 1186 1187 -1 1188 1189 1190 1191 -1 1192 1193 1194 1195 -1 1196 1197 1198 1199 -1 1200 1201 1202 1203 -1 1204 1205 1206 1207 -1 1208 1209 1210 1211 -1 1212 1213 1214 1215 -1 1216 1217 1218 1219 -1 1220 1221 1222 1223 -1 1224 1225 1226 1227 -1 1228 1229 1230 1231 -1 1232 1233 1234 1235 -1 1236 1237 1238 1239 -1 1240 1241 1242 1243 -1 1244 1245 1246 1247 -1 1248 1249 1250 1251 -1 1252 1253 1254 1255 -1 1256 1257 1258 1259 -1 1260 1261 1262 1263 -1 1264 1265 1266 1267 -1 1268 1269 1270 1271 -1 1272 1273 1274 1275 -1 1276 1277 1278 1279 -1 1280 1281 1282 1283 -1 1284 1285 1286 1287 -1 1288 1289 1290 1291 -1 1292 1293 1294 1295 -1 1296 1297 1298 1299 -1 1300 1301 1302 1303 -1 1304 1305 1306 1307 -1 1308 1309 1310 1311 -1 1312 1313 1314 1315 -1 1316 1317 1318 1319 -1 1320 1321 1322 1323 -1 1324 1325 1326 1327 -1 1328 1329 1330 1331 -1 1332 1333 1334 1335 -1 1336 1337 1338 1339 -1 1340 1341 1342 1343 -1 1344 1345 1346 1347 -1 1348 1349 1350 1351 -1 1352 1353 1354 1355 -1 1356 1357 1358 1359 -1 1360 1361 1362 1363 -1 1364 1365 1366 1367 -1 1368 1369 1370 1371 -1 1372 1373 1374 1375 -1 1376 1377 1378 1379 -1 1380 1381 1382 1383 -1 1384 1385 1386 1387 -1 1388 1389 1390 1391 -1 1392 1393 1394 1395 -1 1396 1397 1398 1399 -1 1400 1401 1402 1403 -1 1404 1405 1406 1407 -1 1408 1409 1410 1411 -1 1412 1413 1414 1415 -1 1416 1417 1418 1419 -1 1420 1421 1422 1423 -1 1424 1425 1426 1427 -1 1428 1429 1430 1431 -1 1432 1433 1434 1435 -1 1436 1437 1438 1439 -1 1440 1441 1442 1443 -1 1444 1445 1446 1447 -1 1448 1449 1450 1451 -1 1452 1453 1454 1455 -1 1456 1457 1458 1459 -1 1460 1461 1462 1463 -1 1464 1465 1466 1467 -1 1468 1469 1470 1471 -1 1472 1473 1474 1475 -1 1476 1477 1478 1479 -1 1480 1481 1482 1483 -1 1484 1485 1486 1487 -1 1488 1489 1490 1491 -1 1492 1493 1494 1495 -1 1496 1497 1498 1499 -1 1500 1501 1502 1503 -1 1504 1505 1506 1507 -1 1508 1509 1510 1511 -1 1512 1513 1514 1515 -1 1516 1517 1518 1519 -1 1520 1521 1522 1523 -1 1524 1525 1526 1527 -1 1528 1529 1530 1531 -1 1532 1533 1534 1535 -1 "
						                coordIndex="92 93 100 99 -1 93 94 101 100 -1 94 95 102 101 -1 95 96 103 102 -1 96 97 104 103 -1 97 98 105 104 -1 99 100 107 106 -1 100 101 108 107 -1 101 102 109 108 -1 102 103 110 109 -1 103 104 111 110 -1 104 105 112 111 -1 106 107 114 113 -1 107 108 115 114 -1 108 109 116 115 -1 109 110 117 116 -1 110 111 118 117 -1 111 112 119 118 -1 113 114 121 120 -1 114 115 122 121 -1 115 116 123 122 -1 116 117 124 123 -1 117 118 125 124 -1 118 119 126 125 -1 120 121 128 127 -1 121 122 129 128 -1 122 123 130 129 -1 123 124 131 130 -1 124 125 132 131 -1 125 126 133 132 -1 127 128 135 134 -1 128 129 136 135 -1 129 130 137 136 -1 130 131 138 137 -1 131 132 139 138 -1 132 133 140 139 -1 0 15 92 14 -1 15 16 93 92 -1 16 17 94 93 -1 17 18 95 94 -1 18 19 96 95 -1 19 20 97 96 -1 20 21 98 97 -1 21 1 22 98 -1 98 22 23 105 -1 105 23 24 112 -1 112 24 25 119 -1 119 25 26 126 -1 126 26 27 133 -1 133 27 28 140 -1 140 28 3 29 -1 139 140 29 30 -1 138 139 30 31 -1 137 138 31 32 -1 136 137 32 33 -1 135 136 33 34 -1 134 135 34 35 -1 8 134 35 2 -1 9 127 134 8 -1 10 120 127 9 -1 11 113 120 10 -1 12 106 113 11 -1 13 99 106 12 -1 14 92 99 13 -1 141 142 149 148 -1 142 143 150 149 -1 143 144 151 150 -1 144 145 152 151 -1 145 146 153 152 -1 146 147 154 153 -1 148 149 156 155 -1 149 150 157 156 -1 150 151 158 157 -1 151 152 159 158 -1 152 153 160 159 -1 153 154 161 160 -1 155 156 163 162 -1 156 157 164 163 -1 157 158 165 164 -1 158 159 166 165 -1 159 160 167 166 -1 160 161 168 167 -1 162 163 170 169 -1 163 164 171 170 -1 164 165 172 171 -1 165 166 173 172 -1 166 167 174 173 -1 167 168 175 174 -1 169 170 177 176 -1 170 171 178 177 -1 171 172 179 178 -1 172 173 180 179 -1 173 174 181 180 -1 174 175 182 181 -1 176 177 184 183 -1 177 178 185 184 -1 178 179 186 185 -1 179 180 187 186 -1 180 181 188 187 -1 181 182 189 188 -1 2 35 141 42 -1 35 34 142 141 -1 34 33 143 142 -1 33 32 144 143 -1 32 31 145 144 -1 31 30 146 145 -1 30 29 147 146 -1 29 3 43 147 -1 147 43 44 154 -1 154 44 45 161 -1 161 45 46 168 -1 168 46 47 175 -1 175 47 48 182 -1 182 48 49 189 -1 189 49 7 50 -1 188 189 50 51 -1 187 188 51 52 -1 186 187 52 53 -1 185 186 53 54 -1 184 185 54 55 -1 183 184 55 56 -1 36 183 56 6 -1 37 176 183 36 -1 38 169 176 37 -1 39 162 169 38 -1 40 155 162 39 -1 41 148 155 40 -1 42 141 148 41 -1 190 191 198 197 -1 191 192 199 198 -1 192 193 200 199 -1 193 194 201 200 -1 194 195 202 201 -1 195 196 203 202 -1 197 198 205 204 -1 198 199 206 205 -1 199 200 207 206 -1 200 201 208 207 -1 201 202 209 208 -1 202 203 210 209 -1 204 205 212 211 -1 205 206 213 212 -1 206 207 214 213 -1 207 208 215 214 -1 208 209 216 215 -1 209 210 217 216 -1 211 212 219 218 -1 212 213 220 219 -1 213 214 221 220 -1 214 215 222 221 -1 215 216 223 222 -1 216 217 224 223 -1 218 219 226 225 -1 219 220 227 226 -1 220 221 228 227 -1 221 222 229 228 -1 222 223 230 229 -1 223 224 231 230 -1 225 226 233 232 -1 226 227 234 233 -1 227 228 235 234 -1 228 229 236 235 -1 229 230 237 236 -1 230 231 238 237 -1 6 56 190 63 -1 56 55 191 190 -1 55 54 192 191 -1 54 53 193 192 -1 53 52 194 193 -1 52 51 195 194 -1 51 50 196 195 -1 50 7 64 196 -1 196 64 65 203 -1 203 65 66 210 -1 210 66 67 217 -1 217 67 68 224 -1 224 68 69 231 -1 231 69 70 238 -1 238 70 5 71 -1 237 238 71 72 -1 236 237 72 73 -1 235 236 73 74 -1 234 235 74 75 -1 233 234 75 76 -1 232 233 76 77 -1 57 232 77 4 -1 58 225 232 57 -1 59 218 225 58 -1 60 211 218 59 -1 61 204 211 60 -1 62 197 204 61 -1 63 190 197 62 -1 239 240 247 246 -1 240 241 248 247 -1 241 242 249 248 -1 242 243 250 249 -1 243 244 251 250 -1 244 245 252 251 -1 246 247 254 253 -1 247 248 255 254 -1 248 249 256 255 -1 249 250 257 256 -1 250 251 258 257 -1 251 252 259 258 -1 253 254 261 260 -1 254 255 262 261 -1 255 256 263 262 -1 256 257 264 263 -1 257 258 265 264 -1 258 259 266 265 -1 260 261 268 267 -1 261 262 269 268 -1 262 263 270 269 -1 263 264 271 270 -1 264 265 272 271 -1 265 266 273 272 -1 267 268 275 274 -1 268 269 276 275 -1 269 270 277 276 -1 270 271 278 277 -1 271 272 279 278 -1 272 273 280 279 -1 274 275 282 281 -1 275 276 283 282 -1 276 277 284 283 -1 277 278 285 284 -1 278 279 286 285 -1 279 280 287 286 -1 4 77 239 84 -1 77 76 240 239 -1 76 75 241 240 -1 75 74 242 241 -1 74 73 243 242 -1 73 72 244 243 -1 72 71 245 244 -1 71 5 85 245 -1 245 85 86 252 -1 252 86 87 259 -1 259 87 88 266 -1 266 88 89 273 -1 273 89 90 280 -1 280 90 91 287 -1 287 91 1 21 -1 286 287 21 20 -1 285 286 20 19 -1 284 285 19 18 -1 283 284 18 17 -1 282 283 17 16 -1 281 282 16 15 -1 78 281 15 0 -1 79 274 281 78 -1 80 267 274 79 -1 81 260 267 80 -1 82 253 260 81 -1 83 246 253 82 -1 84 239 246 83 -1 288 289 296 295 -1 289 290 297 296 -1 290 291 298 297 -1 291 292 299 298 -1 292 293 300 299 -1 293 294 301 300 -1 295 296 303 302 -1 296 297 304 303 -1 297 298 305 304 -1 298 299 306 305 -1 299 300 307 306 -1 300 301 308 307 -1 302 303 310 309 -1 303 304 311 310 -1 304 305 312 311 -1 305 306 313 312 -1 306 307 314 313 -1 307 308 315 314 -1 309 310 317 316 -1 310 311 318 317 -1 311 312 319 318 -1 312 313 320 319 -1 313 314 321 320 -1 314 315 322 321 -1 316 317 324 323 -1 317 318 325 324 -1 318 319 326 325 -1 319 320 327 326 -1 320 321 328 327 -1 321 322 329 328 -1 323 324 331 330 -1 324 325 332 331 -1 325 326 333 332 -1 326 327 334 333 -1 327 328 335 334 -1 328 329 336 335 -1 2 42 288 8 -1 42 41 289 288 -1 41 40 290 289 -1 40 39 291 290 -1 39 38 292 291 -1 38 37 293 292 -1 37 36 294 293 -1 36 6 63 294 -1 294 63 62 301 -1 301 62 61 308 -1 308 61 60 315 -1 315 60 59 322 -1 322 59 58 329 -1 329 58 57 336 -1 336 57 4 84 -1 335 336 84 83 -1 334 335 83 82 -1 333 334 82 81 -1 332 333 81 80 -1 331 332 80 79 -1 330 331 79 78 -1 14 330 78 0 -1 13 323 330 14 -1 12 316 323 13 -1 11 309 316 12 -1 10 302 309 11 -1 9 295 302 10 -1 8 288 295 9 -1 337 338 345 344 -1 338 339 346 345 -1 339 340 347 346 -1 340 341 348 347 -1 341 342 349 348 -1 342 343 350 349 -1 344 345 352 351 -1 345 346 353 352 -1 346 347 354 353 -1 347 348 355 354 -1 348 349 356 355 -1 349 350 357 356 -1 351 352 359 358 -1 352 353 360 359 -1 353 354 361 360 -1 354 355 362 361 -1 355 356 363 362 -1 356 357 364 363 -1 358 359 366 365 -1 359 360 367 366 -1 360 361 368 367 -1 361 362 369 368 -1 362 363 370 369 -1 363 364 371 370 -1 365 366 373 372 -1 366 367 374 373 -1 367 368 375 374 -1 368 369 376 375 -1 369 370 377 376 -1 370 371 378 377 -1 372 373 380 379 -1 373 374 381 380 -1 374 375 382 381 -1 375 376 383 382 -1 376 377 384 383 -1 377 378 385 384 -1 7 49 337 64 -1 49 48 338 337 -1 48 47 339 338 -1 47 46 340 339 -1 46 45 341 340 -1 45 44 342 341 -1 44 43 343 342 -1 43 3 28 343 -1 343 28 27 350 -1 350 27 26 357 -1 357 26 25 364 -1 364 25 24 371 -1 371 24 23 378 -1 378 23 22 385 -1 385 22 1 91 -1 384 385 91 90 -1 383 384 90 89 -1 382 383 89 88 -1 381 382 88 87 -1 380 381 87 86 -1 379 380 86 85 -1 70 379 85 5 -1 69 372 379 70 -1 68 365 372 69 -1 67 358 365 68 -1 66 351 358 67 -1 65 344 351 66 -1 64 337 344 65 -1 "
						                >
							<Coordinate DEF="coords_ME_Shape_IndexedFaceSet_004"
							            point="1.991702 2.303385 -0.686218 2.153878 3.327435 -0.686218 2.077415 2.359500 -1.686218 2.235891 3.379849 -1.686218 2.941754 2.426097 -0.686218 3.208759 3.557441 -0.686218 2.885640 2.658570 -1.686218 3.148945 3.786215 -1.686218 2.036598 2.311360 -1.605068 1.989017 2.258998 -1.482868 1.949795 2.220232 -1.339619 1.925681 2.201469 -1.186218 1.921011 2.205966 -1.032817 1.934439 2.230124 -0.889568 1.962092 2.267560 -0.767368 1.965907 2.381522 -0.651100 1.942712 2.501147 -0.613285 1.934570 2.643650 -0.586582 1.946978 2.798578 -0.576650 1.982598 2.956059 -0.586582 2.036344 3.106064 -0.613285 2.099883 3.237442 -0.651100 2.129036 3.356764 -0.767368 2.105737 3.388692 -0.889568 2.094648 3.412769 -1.032817 2.099625 3.425646 -1.186218 2.122170 3.425772 -1.339619 2.157930 3.415180 -1.482868 2.200304 3.397325 -1.605067 2.196490 3.283364 -1.721336 2.149657 3.144159 -1.759151 2.108611 2.988088 -1.785854 2.078328 2.828537 -1.795786 2.061845 2.676942 -1.785854 2.058410 2.541625 -1.759151 2.065751 2.430681 -1.721336 2.810920 2.602339 -1.721336 2.703935 2.530938 -1.759151 2.584020 2.463027 -1.785854 2.460219 2.407346 -1.795786 2.340270 2.370092 -1.785853 2.230727 2.351731 -1.759151 2.138453 2.350524 -1.721336 2.318080 3.452799 -1.721336 2.438120 3.547332 -1.759151 2.574634 3.639132 -1.785853 2.716564 3.715935 -1.795786 2.854128 3.768653 -1.785853 2.978888 3.795687 -1.759151 3.082257 3.798482 -1.721336 3.154960 3.718324 -1.721336 3.151204 3.605794 -1.759151 3.132554 3.461803 -1.785854 3.098455 3.294745 -1.795786 3.050043 3.114070 -1.785854 2.992397 2.934110 -1.759151 2.932510 2.771774 -1.721336 2.958755 2.409710 -0.767368 2.973909 2.401019 -0.889568 2.980248 2.409093 -1.032817 2.975955 2.436551 -1.186218 2.960671 2.483493 -1.339619 2.937082 2.543554 -1.482868 2.909182 2.607798 -1.605068 3.197604 3.821414 -1.605068 3.253329 3.850538 -1.482868 3.297302 3.857154 -1.339619 3.320731 3.835581 -1.186218 3.318140 3.784014 -1.032817 3.292541 3.710387 -0.889568 3.250414 3.626563 -0.767368 3.227086 3.462587 -0.651100 3.237226 3.319830 -0.613285 3.228768 3.153437 -0.586582 3.198231 2.977387 -0.576650 3.144996 2.804443 -0.586582 3.076034 2.645763 -0.613285 3.001399 2.512798 -0.651100 2.060354 2.273020 -0.651100 2.167586 2.242740 -0.613285 2.297662 2.226432 -0.586582 2.441417 2.230673 -0.576650 2.589772 2.259232 -0.586582 2.732199 2.308286 -0.613285 2.856899 2.370545 -0.651100 3.132638 3.571089 -0.651100 3.012352 3.578235 -0.613285 2.865676 3.570656 -0.586582 2.703792 3.545292 -0.576650 2.537823 3.501270 -0.586582 2.380179 3.443541 -0.613285 2.244383 3.379696 -0.651100 1.903720 2.363517 -0.754459 1.866754 2.486240 -0.730916 1.851216 2.629158 -0.711818 1.860086 2.784022 -0.704230 1.895438 2.942292 -0.711818 1.954035 3.095533 -0.730916 2.031902 3.235669 -0.754459 1.865472 2.335901 -0.883235 1.820820 2.464926 -0.870061 1.801115 2.611753 -0.858148 1.808144 2.769931 -0.853077 1.843315 2.932819 -0.858148 1.905365 3.094035 -0.870061 1.992785 3.247580 -0.883235 1.849275 2.314784 -1.030127 1.802569 2.446963 -1.024302 1.781917 2.596858 -1.018636 1.788489 2.758701 -1.016103 1.823225 2.926738 -1.018636 1.886012 3.095394 -1.024302 1.976525 3.259183 -1.030127 1.855642 2.308414 -1.186218 1.810672 2.439632 -1.186218 1.791400 2.589584 -1.186218 1.798454 2.752730 -1.186218 1.832417 2.923517 -1.186218 1.893694 3.096343 -1.186218 1.982644 3.265590 -1.186218 1.884443 2.321598 -1.342309 1.843605 2.447973 -1.348133 1.827204 2.594031 -1.353800 1.835328 2.754400 -1.356333 1.868202 2.923601 -1.353800 1.926428 3.095784 -1.348133 2.010758 3.265062 -1.342309 1.931760 2.351565 -1.489200 1.898056 2.470506 -1.502375 1.886302 2.610548 -1.514288 1.896222 2.766044 -1.519358 1.927882 2.930994 -1.514288 1.981380 3.098394 -1.502375 2.057275 3.261443 -1.489200 1.993012 2.392243 -1.617977 1.970510 2.503612 -1.641520 1.965530 2.638488 -1.660618 1.978200 2.789983 -1.668206 2.008817 2.950688 -1.660618 2.055993 3.111107 -1.641520 2.118652 3.261853 -1.617977 2.151772 2.454703 -1.796679 2.159523 2.580173 -1.850351 2.172203 2.724847 -1.884244 2.193510 2.882760 -1.896167 2.224575 3.046354 -1.884244 2.261462 3.204526 -1.850351 2.297461 3.344851 -1.796679 2.252688 2.477875 -1.850351 2.271928 2.622080 -1.915208 2.293447 2.780771 -1.954660 2.320009 2.948653 -1.968047 2.352602 3.119220 -1.954660 2.387352 3.282851 -1.915208 2.418562 3.429097 -1.850351 2.366480 2.511608 -1.884244 2.393477 2.671264 -1.954660 2.422354 2.843103 -1.997080 2.453928 3.020952 -2.011281 2.488211 3.198138 -1.997080 2.522288 3.366185 -1.954660 2.552437 3.516167 -1.884244 2.488531 2.558772 -1.896167 2.520786 2.728807 -1.968047 2.555545 2.909873 -2.011281 2.591369 3.094393 -2.025724 2.626819 3.274801 -2.011281 2.660459 3.443549 -1.968047 2.690852 3.593107 -1.896167 2.613395 2.618760 -1.884244 2.649826 2.793366 -1.954660 2.689404 2.978004 -1.997080 2.728437 3.163720 -2.011281 2.764025 3.342011 -1.997080 2.796205 3.506270 -1.954660 2.825836 3.650428 -1.884244 2.734161 2.683656 -1.850351 2.775215 2.856735 -1.915208 2.819512 3.040332 -1.954660 2.861236 3.223704 -1.968047 2.896235 3.396763 -1.954660 2.925258 3.552941 -1.915208 2.950982 3.687023 -1.850351 2.843333 2.741824 -1.796679 2.891261 2.908229 -1.850351 2.941258 3.088575 -1.884244 2.985873 3.269119 -1.896167 3.020114 3.437190 -1.884244 3.044147 3.584726 -1.850351 3.061047 3.705693 -1.796679 2.996732 2.752640 -1.617977 3.074264 2.924695 -1.641520 3.141806 3.110893 -1.660618 3.195279 3.296952 -1.668206 3.230412 3.469478 -1.660618 3.244809 3.619252 -1.641520 3.235961 3.738514 -1.617977 3.044259 2.705603 -1.489201 3.137220 2.889524 -1.502375 3.214609 3.084455 -1.514288 3.273402 3.278486 -1.519358 3.310193 3.460173 -1.514288 3.321712 3.620960 -1.502375 3.304392 3.753267 -1.489201 3.079215 2.652197 -1.342309 3.182307 2.842181 -1.348133 3.266984 3.042904 -1.353800 3.330074 3.243686 -1.356333 3.368283 3.434193 -1.353800 3.378040 3.605561 -1.348133 3.355662 3.749326 -1.342309 3.100277 2.604119 -1.186218 3.208579 2.793175 -1.186218 3.297215 2.994004 -1.186218 3.362543 3.196892 -1.186218 3.400960 3.392141 -1.186218 3.409048 3.570097 -1.186218 3.383429 3.721122 -1.186218 3.105362 2.569139 -1.030127 3.214336 2.750316 -1.024302 3.303281 2.944284 -1.018636 3.368102 3.142459 -1.016103 3.404889 3.335882 -1.018636 3.410689 3.514315 -1.024302 3.382745 3.667203 -1.030127 3.093055 2.546835 -0.883235 3.196858 2.713742 -0.870061 3.282182 2.895704 -0.858148 3.344224 3.084785 -0.853077 3.378387 3.272043 -0.858148 3.382573 3.446402 -0.870061 3.354986 3.596297 -0.883235 3.061118 2.532820 -0.754459 3.152638 2.680849 -0.730916 3.230612 2.848986 -0.711818 3.288428 3.028289 -0.704230 3.320154 3.208507 -0.711818 3.324981 3.377205 -0.730916 3.302889 3.521234 -0.754459 2.902357 2.470359 -0.575757 2.963625 2.604287 -0.522085 3.023940 2.762627 -0.488192 3.073118 2.935513 -0.476269 3.104396 3.112841 -0.488192 3.119512 3.283786 -0.522085 3.124080 3.438236 -0.575757 2.772128 2.420525 -0.522085 2.822987 2.562169 -0.457228 2.875037 2.725482 -0.417776 2.920437 2.902177 -0.404389 2.953666 3.083818 -0.417776 2.976601 3.261944 -0.457228 2.993699 3.428643 -0.522085 2.623325 2.379130 -0.488192 2.664464 2.527027 -0.417776 2.708130 2.695212 -0.375356 2.749502 2.875906 -0.361155 2.784880 3.061347 -0.375356 2.814828 3.243914 -0.417776 2.841065 3.416095 -0.488192 2.467388 2.353760 -0.476269 2.498465 2.504001 -0.404389 2.533070 2.673716 -0.361155 2.569627 2.855229 -0.346712 2.606558 3.040857 -0.361155 2.642283 3.222890 -0.404389 2.675221 3.393606 -0.476269 2.315095 2.348221 -0.488192 2.335050 2.495778 -0.417776 2.359498 2.661757 -0.375356 2.390126 2.838667 -0.361155 2.427483 3.018921 -0.375356 2.467846 3.194686 -0.417776 2.506351 3.358081 -0.488192 2.175570 2.357849 -0.522085 2.182825 2.497715 -0.457228 2.196212 2.655876 -0.417776 2.220311 2.824713 -0.404389 2.257273 2.996230 -0.417776 2.301820 3.162057 -0.457228 2.346195 3.313822 -0.522085 2.057119 2.374334 -0.575757 2.049756 2.502706 -0.522085 2.051764 2.651476 -0.488192 2.069491 2.811855 -0.476269 2.105736 2.974581 -0.488192 2.154698 3.130060 -0.522085 2.206816 3.268490 -0.575757 2.107774 2.265108 -1.617977 2.202547 2.246536 -1.641520 2.314348 2.251908 -1.660618 2.437082 2.281049 -1.668206 2.564587 2.333578 -1.660618 2.690041 2.406161 -1.641520 2.806669 2.495998 -1.617977 2.070632 2.196789 -1.489200 2.172883 2.164148 -1.502375 2.290874 2.159411 -1.514288 2.419521 2.182173 -1.519358 2.553653 2.232216 -1.514288 2.687914 2.308767 -1.502375 2.817136 2.411641 -1.489200 2.038983 2.148257 -1.342309 2.148147 2.106342 -1.348133 2.272625 2.094263 -1.353800 2.407730 2.111956 -1.356333 2.548769 2.159440 -1.353800 2.691037 2.236910 -1.348133 2.829858 2.344697 -1.342309 2.019504 2.123466 -1.186218 2.133195 2.075608 -1.186218 2.262184 2.058219 -1.186218 2.401901 2.071632 -1.186218 2.547763 2.116121 -1.186218 2.695147 2.191760 -1.186218 2.839422 2.298563 -1.186218 2.016225 2.125267 -1.030127 2.131117 2.074038 -1.024302 2.261291 2.052829 -1.018636 2.402217 2.062385 -1.016103 2.549293 2.103261 -1.018636 2.697775 2.175052 -1.024302 2.842932 2.277151 -1.030127 2.026821 2.151826 -0.883235 2.139491 2.101415 -0.870061 2.268501 2.078732 -0.858148 2.408821 2.085194 -0.853077 2.555048 2.121983 -0.858148 2.701360 2.187791 -0.870061 2.842251 2.280969 -0.883235 2.045864 2.200687 -0.754459 2.153916 2.157306 -0.730916 2.281496 2.136386 -0.711818 2.421844 2.140980 -0.704230 2.567567 2.173499 -0.711818 2.710337 2.231220 -0.730916 2.842205 2.310404 -0.754459 3.121199 3.865649 -1.617977 3.012773 3.876328 -1.641520 2.881594 3.856059 -1.660618 2.736397 3.805886 -1.668206 2.586036 3.728003 -1.660618 2.440216 3.629639 -1.641520 2.308715 3.518498 -1.617977 3.165520 3.908043 -1.489200 3.046885 3.927319 -1.502375 2.905621 3.911314 -1.514288 2.750103 3.862356 -1.519358 2.588837 3.783232 -1.514288 2.430686 3.679152 -1.502375 2.284398 3.555405 -1.489200 3.201122 3.922667 -1.342309 3.073497 3.947192 -1.348133 2.922862 3.933963 -1.353800 2.757672 3.886131 -1.356333 2.586418 3.807066 -1.353800 2.417698 3.701058 -1.348133 2.260114 3.572562 -1.342309 3.219568 3.906068 -1.186218 3.086525 3.934120 -1.186218 2.930176 3.923505 -1.186218 2.759095 3.877991 -1.186218 2.581870 3.801399 -1.186218 2.407125 3.697757 -1.186218 2.243498 3.571147 -1.186218 3.215795 3.856721 -1.030127 3.082141 3.887241 -1.024302 2.925515 3.879912 -1.018636 2.754373 3.838773 -1.016103 2.577212 3.767761 -1.018636 2.402573 3.670660 -1.024302 2.238955 3.551171 -1.030127 3.193638 3.780372 -0.883235 3.063901 3.809913 -0.870061 2.911001 3.805064 -0.858148 2.743547 3.769521 -0.853077 2.570449 3.706538 -0.858148 2.400864 3.619989 -0.870061 2.243589 3.513445 -0.883235 3.160744 3.684064 -0.754459 3.037820 3.706138 -0.730916 2.889873 3.701278 -0.711818 2.726670 3.671330 -0.704230 2.558483 3.617779 -0.711818 2.396337 3.545160 -0.730916 2.250815 3.458086 -0.754459 "
							            />
							<TextureCoordinate point="0.4062 0.0312 0.4375 0.0312 0.4375 0.0625 0.4062 0.0625 0.4375 0.0312 0.4688 0.0312 0.4688 0.0625 0.4375 0.0625 0.4688 0.0312 0.5000 0.0312 0.5000 0.0625 0.4688 0.0625 0.5000 0.0312 0.5312 0.0312 0.5312 0.0625 0.5000 0.0625 0.5312 0.0312 0.5625 0.0312 0.5625 0.0625 0.5312 0.0625 0.5625 0.0312 0.5938 0.0312 0.5938 0.0625 0.5625 0.0625 0.4062 0.0625 0.4375 0.0625 0.4375 0.0938 0.4062 0.0938 0.4375 0.0625 0.4688 0.0625 0.4688 0.0938 0.4375 0.0938 0.4688 0.0625 0.5000 0.0625 0.5000 0.0938 0.4688 0.0938 0.5000 0.0625 0.5312 0.0625 0.5312 0.0938 0.5000 0.0938 0.5312 0.0625 0.5625 0.0625 0.5625 0.0938 0.5312 0.0938 0.5625 0.0625 0.5938 0.0625 0.5938 0.0938 0.5625 0.0938 0.4062 0.0938 0.4375 0.0938 0.4375 0.1250 0.4062 0.1250 0.4375 0.0938 0.4688 0.0938 0.4688 0.1250 0.4375 0.1250 0.4688 0.0938 0.5000 0.0938 0.5000 0.1250 0.4688 0.1250 0.5000 0.0938 0.5312 0.0938 0.5312 0.1250 0.5000 0.1250 0.5312 0.0938 0.5625 0.0938 0.5625 0.1250 0.5312 0.1250 0.5625 0.0938 0.5938 0.0938 0.5938 0.1250 0.5625 0.1250 0.4062 0.1250 0.4375 0.1250 0.4375 0.1562 0.4062 0.1562 0.4375 0.1250 0.4688 0.1250 0.4688 0.1562 0.4375 0.1562 0.4688 0.1250 0.5000 0.1250 0.5000 0.1562 0.4688 0.1562 0.5000 0.1250 0.5312 0.1250 0.5312 0.1562 0.5000 0.1562 0.5312 0.1250 0.5625 0.1250 0.5625 0.1562 0.5312 0.1562 0.5625 0.1250 0.5938 0.1250 0.5938 0.1562 0.5625 0.1562 0.4062 0.1562 0.4375 0.1562 0.4375 0.1875 0.4062 0.1875 0.4375 0.1562 0.4688 0.1562 0.4688 0.1875 0.4375 0.1875 0.4688 0.1562 0.5000 0.1562 0.5000 0.1875 0.4688 0.1875 0.5000 0.1562 0.5312 0.1562 0.5312 0.1875 0.5000 0.1875 0.5312 0.1562 0.5625 0.1562 0.5625 0.1875 0.5312 0.1875 0.5625 0.1562 0.5938 0.1562 0.5938 0.1875 0.5625 0.1875 0.4062 0.1875 0.4375 0.1875 0.4375 0.2188 0.4062 0.2188 0.4375 0.1875 0.4688 0.1875 0.4688 0.2188 0.4375 0.2188 0.4688 0.1875 0.5000 0.1875 0.5000 0.2188 0.4688 0.2188 0.5000 0.1875 0.5312 0.1875 0.5312 0.2188 0.5000 0.2188 0.5312 0.1875 0.5625 0.1875 0.5625 0.2188 0.5312 0.2188 0.5625 0.1875 0.5938 0.1875 0.5938 0.2188 0.5625 0.2188 0.3750 0.0000 0.4062 0.0000 0.4062 0.0312 0.3750 0.0312 0.4062 0.0000 0.4375 0.0000 0.4375 0.0312 0.4062 0.0312 0.4375 0.0000 0.4688 0.0000 0.4688 0.0312 0.4375 0.0312 0.4688 0.0000 0.5000 0.0000 0.5000 0.0312 0.4688 0.0312 0.5000 0.0000 0.5312 0.0000 0.5312 0.0312 0.5000 0.0312 0.5312 0.0000 0.5625 0.0000 0.5625 0.0312 0.5312 0.0312 0.5625 0.0000 0.5938 0.0000 0.5938 0.0312 0.5625 0.0312 0.5938 0.0000 0.6250 0.0000 0.6250 0.0312 0.5938 0.0312 0.5938 0.0312 0.6250 0.0312 0.6250 0.0625 0.5938 0.0625 0.5938 0.0625 0.6250 0.0625 0.6250 0.0938 0.5938 0.0938 0.5938 0.0938 0.6250 0.0938 0.6250 0.1250 0.5938 0.1250 0.5938 0.1250 0.6250 0.1250 0.6250 0.1562 0.5938 0.1562 0.5938 0.1562 0.6250 0.1562 0.6250 0.1875 0.5938 0.1875 0.5938 0.1875 0.6250 0.1875 0.6250 0.2188 0.5938 0.2188 0.5938 0.2188 0.6250 0.2188 0.6250 0.2500 0.5938 0.2500 0.5625 0.2188 0.5938 0.2188 0.5938 0.2500 0.5625 0.2500 0.5312 0.2188 0.5625 0.2188 0.5625 0.2500 0.5312 0.2500 0.5000 0.2188 0.5312 0.2188 0.5312 0.2500 0.5000 0.2500 0.4688 0.2188 0.5000 0.2188 0.5000 0.2500 0.4688 0.2500 0.4375 0.2188 0.4688 0.2188 0.4688 0.2500 0.4375 0.2500 0.4062 0.2188 0.4375 0.2188 0.4375 0.2500 0.4062 0.2500 0.3750 0.2188 0.4062 0.2188 0.4062 0.2500 0.3750 0.2500 0.3750 0.1875 0.4062 0.1875 0.4062 0.2188 0.3750 0.2188 0.3750 0.1562 0.4062 0.1562 0.4062 0.1875 0.3750 0.1875 0.3750 0.1250 0.4062 0.1250 0.4062 0.1562 0.3750 0.1562 0.3750 0.0938 0.4062 0.0938 0.4062 0.1250 0.3750 0.1250 0.3750 0.0625 0.4062 0.0625 0.4062 0.0938 0.3750 0.0938 0.3750 0.0312 0.4062 0.0312 0.4062 0.0625 0.3750 0.0625 0.4062 0.2812 0.4375 0.2812 0.4375 0.3125 0.4062 0.3125 0.4375 0.2812 0.4688 0.2812 0.4688 0.3125 0.4375 0.3125 0.4688 0.2812 0.5000 0.2812 0.5000 0.3125 0.4688 0.3125 0.5000 0.2812 0.5312 0.2812 0.5312 0.3125 0.5000 0.3125 0.5312 0.2812 0.5625 0.2812 0.5625 0.3125 0.5312 0.3125 0.5625 0.2812 0.5938 0.2812 0.5938 0.3125 0.5625 0.3125 0.4062 0.3125 0.4375 0.3125 0.4375 0.3438 0.4062 0.3438 0.4375 0.3125 0.4688 0.3125 0.4688 0.3438 0.4375 0.3438 0.4688 0.3125 0.5000 0.3125 0.5000 0.3438 0.4688 0.3438 0.5000 0.3125 0.5312 0.3125 0.5312 0.3438 0.5000 0.3438 0.5312 0.3125 0.5625 0.3125 0.5625 0.3438 0.5312 0.3438 0.5625 0.3125 0.5938 0.3125 0.5938 0.3438 0.5625 0.3438 0.4062 0.3438 0.4375 0.3438 0.4375 0.3750 0.4062 0.3750 0.4375 0.3438 0.4688 0.3438 0.4688 0.3750 0.4375 0.3750 0.4688 0.3438 0.5000 0.3438 0.5000 0.3750 0.4688 0.3750 0.5000 0.3438 0.5312 0.3438 0.5312 0.3750 0.5000 0.3750 0.5312 0.3438 0.5625 0.3438 0.5625 0.3750 0.5312 0.3750 0.5625 0.3438 0.5938 0.3438 0.5938 0.3750 0.5625 0.3750 0.4062 0.3750 0.4375 0.3750 0.4375 0.4062 0.4062 0.4062 0.4375 0.3750 0.4688 0.3750 0.4688 0.4062 0.4375 0.4062 0.4688 0.3750 0.5000 0.3750 0.5000 0.4062 0.4688 0.4062 0.5000 0.3750 0.5312 0.3750 0.5312 0.4062 0.5000 0.4062 0.5312 0.3750 0.5625 0.3750 0.5625 0.4062 0.5312 0.4062 0.5625 0.3750 0.5938 0.3750 0.5938 0.4062 0.5625 0.4062 0.4062 0.4062 0.4375 0.4062 0.4375 0.4375 0.4062 0.4375 0.4375 0.4062 0.4688 0.4062 0.4688 0.4375 0.4375 0.4375 0.4688 0.4062 0.5000 0.4062 0.5000 0.4375 0.4688 0.4375 0.5000 0.4062 0.5312 0.4062 0.5312 0.4375 0.5000 0.4375 0.5312 0.4062 0.5625 0.4062 0.5625 0.4375 0.5312 0.4375 0.5625 0.4062 0.5938 0.4062 0.5938 0.4375 0.5625 0.4375 0.4062 0.4375 0.4375 0.4375 0.4375 0.4688 0.4062 0.4688 0.4375 0.4375 0.4688 0.4375 0.4688 0.4688 0.4375 0.4688 0.4688 0.4375 0.5000 0.4375 0.5000 0.4688 0.4688 0.4688 0.5000 0.4375 0.5312 0.4375 0.5312 0.4688 0.5000 0.4688 0.5312 0.4375 0.5625 0.4375 0.5625 0.4688 0.5312 0.4688 0.5625 0.4375 0.5938 0.4375 0.5938 0.4688 0.5625 0.4688 0.3750 0.2500 0.4062 0.2500 0.4062 0.2812 0.3750 0.2812 0.4062 0.2500 0.4375 0.2500 0.4375 0.2812 0.4062 0.2812 0.4375 0.2500 0.4688 0.2500 0.4688 0.2812 0.4375 0.2812 0.4688 0.2500 0.5000 0.2500 0.5000 0.2812 0.4688 0.2812 0.5000 0.2500 0.5312 0.2500 0.5312 0.2812 0.5000 0.2812 0.5312 0.2500 0.5625 0.2500 0.5625 0.2812 0.5312 0.2812 0.5625 0.2500 0.5938 0.2500 0.5938 0.2812 0.5625 0.2812 0.5938 0.2500 0.6250 0.2500 0.6250 0.2812 0.5938 0.2812 0.5938 0.2812 0.6250 0.2812 0.6250 0.3125 0.5938 0.3125 0.5938 0.3125 0.6250 0.3125 0.6250 0.3438 0.5938 0.3438 0.5938 0.3438 0.6250 0.3438 0.6250 0.3750 0.5938 0.3750 0.5938 0.3750 0.6250 0.3750 0.6250 0.4062 0.5938 0.4062 0.5938 0.4062 0.6250 0.4062 0.6250 0.4375 0.5938 0.4375 0.5938 0.4375 0.6250 0.4375 0.6250 0.4688 0.5938 0.4688 0.5938 0.4688 0.6250 0.4688 0.6250 0.5000 0.5938 0.5000 0.5625 0.4688 0.5938 0.4688 0.5938 0.5000 0.5625 0.5000 0.5312 0.4688 0.5625 0.4688 0.5625 0.5000 0.5312 0.5000 0.5000 0.4688 0.5312 0.4688 0.5312 0.5000 0.5000 0.5000 0.4688 0.4688 0.5000 0.4688 0.5000 0.5000 0.4688 0.5000 0.4375 0.4688 0.4688 0.4688 0.4688 0.5000 0.4375 0.5000 0.4062 0.4688 0.4375 0.4688 0.4375 0.5000 0.4062 0.5000 0.3750 0.4688 0.4062 0.4688 0.4062 0.5000 0.3750 0.5000 0.3750 0.4375 0.4062 0.4375 0.4062 0.4688 0.3750 0.4688 0.3750 0.4062 0.4062 0.4062 0.4062 0.4375 0.3750 0.4375 0.3750 0.3750 0.4062 0.3750 0.4062 0.4062 0.3750 0.4062 0.3750 0.3438 0.4062 0.3438 0.4062 0.3750 0.3750 0.3750 0.3750 0.3125 0.4062 0.3125 0.4062 0.3438 0.3750 0.3438 0.3750 0.2812 0.4062 0.2812 0.4062 0.3125 0.3750 0.3125 0.4062 0.5312 0.4375 0.5312 0.4375 0.5625 0.4062 0.5625 0.4375 0.5312 0.4688 0.5312 0.4688 0.5625 0.4375 0.5625 0.4688 0.5312 0.5000 0.5312 0.5000 0.5625 0.4688 0.5625 0.5000 0.5312 0.5312 0.5312 0.5312 0.5625 0.5000 0.5625 0.5312 0.5312 0.5625 0.5312 0.5625 0.5625 0.5312 0.5625 0.5625 0.5312 0.5938 0.5312 0.5938 0.5625 0.5625 0.5625 0.4062 0.5625 0.4375 0.5625 0.4375 0.5938 0.4062 0.5938 0.4375 0.5625 0.4688 0.5625 0.4688 0.5938 0.4375 0.5938 0.4688 0.5625 0.5000 0.5625 0.5000 0.5938 0.4688 0.5938 0.5000 0.5625 0.5312 0.5625 0.5312 0.5938 0.5000 0.5938 0.5312 0.5625 0.5625 0.5625 0.5625 0.5938 0.5312 0.5938 0.5625 0.5625 0.5938 0.5625 0.5938 0.5938 0.5625 0.5938 0.4062 0.5938 0.4375 0.5938 0.4375 0.6250 0.4062 0.6250 0.4375 0.5938 0.4688 0.5938 0.4688 0.6250 0.4375 0.6250 0.4688 0.5938 0.5000 0.5938 0.5000 0.6250 0.4688 0.6250 0.5000 0.5938 0.5312 0.5938 0.5312 0.6250 0.5000 0.6250 0.5312 0.5938 0.5625 0.5938 0.5625 0.6250 0.5312 0.6250 0.5625 0.5938 0.5938 0.5938 0.5938 0.6250 0.5625 0.6250 0.4062 0.6250 0.4375 0.6250 0.4375 0.6562 0.4062 0.6562 0.4375 0.6250 0.4688 0.6250 0.4688 0.6562 0.4375 0.6562 0.4688 0.6250 0.5000 0.6250 0.5000 0.6562 0.4688 0.6562 0.5000 0.6250 0.5312 0.6250 0.5312 0.6562 0.5000 0.6562 0.5312 0.6250 0.5625 0.6250 0.5625 0.6562 0.5312 0.6562 0.5625 0.6250 0.5938 0.6250 0.5938 0.6562 0.5625 0.6562 0.4062 0.6562 0.4375 0.6562 0.4375 0.6875 0.4062 0.6875 0.4375 0.6562 0.4688 0.6562 0.4688 0.6875 0.4375 0.6875 0.4688 0.6562 0.5000 0.6562 0.5000 0.6875 0.4688 0.6875 0.5000 0.6562 0.5312 0.6562 0.5312 0.6875 0.5000 0.6875 0.5312 0.6562 0.5625 0.6562 0.5625 0.6875 0.5312 0.6875 0.5625 0.6562 0.5938 0.6562 0.5938 0.6875 0.5625 0.6875 0.4062 0.6875 0.4375 0.6875 0.4375 0.7188 0.4062 0.7188 0.4375 0.6875 0.4688 0.6875 0.4688 0.7188 0.4375 0.7188 0.4688 0.6875 0.5000 0.6875 0.5000 0.7188 0.4688 0.7188 0.5000 0.6875 0.5312 0.6875 0.5312 0.7188 0.5000 0.7188 0.5312 0.6875 0.5625 0.6875 0.5625 0.7188 0.5312 0.7188 0.5625 0.6875 0.5938 0.6875 0.5938 0.7188 0.5625 0.7188 0.3750 0.5000 0.4062 0.5000 0.4062 0.5312 0.3750 0.5312 0.4062 0.5000 0.4375 0.5000 0.4375 0.5312 0.4062 0.5312 0.4375 0.5000 0.4688 0.5000 0.4688 0.5312 0.4375 0.5312 0.4688 0.5000 0.5000 0.5000 0.5000 0.5312 0.4688 0.5312 0.5000 0.5000 0.5312 0.5000 0.5312 0.5312 0.5000 0.5312 0.5312 0.5000 0.5625 0.5000 0.5625 0.5312 0.5312 0.5312 0.5625 0.5000 0.5938 0.5000 0.5938 0.5312 0.5625 0.5312 0.5938 0.5000 0.6250 0.5000 0.6250 0.5312 0.5938 0.5312 0.5938 0.5312 0.6250 0.5312 0.6250 0.5625 0.5938 0.5625 0.5938 0.5625 0.6250 0.5625 0.6250 0.5938 0.5938 0.5938 0.5938 0.5938 0.6250 0.5938 0.6250 0.6250 0.5938 0.6250 0.5938 0.6250 0.6250 0.6250 0.6250 0.6562 0.5938 0.6562 0.5938 0.6562 0.6250 0.6562 0.6250 0.6875 0.5938 0.6875 0.5938 0.6875 0.6250 0.6875 0.6250 0.7188 0.5938 0.7188 0.5938 0.7188 0.6250 0.7188 0.6250 0.7500 0.5938 0.7500 0.5625 0.7188 0.5938 0.7188 0.5938 0.7500 0.5625 0.7500 0.5312 0.7188 0.5625 0.7188 0.5625 0.7500 0.5312 0.7500 0.5000 0.7188 0.5312 0.7188 0.5312 0.7500 0.5000 0.7500 0.4688 0.7188 0.5000 0.7188 0.5000 0.7500 0.4688 0.7500 0.4375 0.7188 0.4688 0.7188 0.4688 0.7500 0.4375 0.7500 0.4062 0.7188 0.4375 0.7188 0.4375 0.7500 0.4062 0.7500 0.3750 0.7188 0.4062 0.7188 0.4062 0.7500 0.3750 0.7500 0.3750 0.6875 0.4062 0.6875 0.4062 0.7188 0.3750 0.7188 0.3750 0.6562 0.4062 0.6562 0.4062 0.6875 0.3750 0.6875 0.3750 0.6250 0.4062 0.6250 0.4062 0.6562 0.3750 0.6562 0.3750 0.5938 0.4062 0.5938 0.4062 0.6250 0.3750 0.6250 0.3750 0.5625 0.4062 0.5625 0.4062 0.5938 0.3750 0.5938 0.3750 0.5312 0.4062 0.5312 0.4062 0.5625 0.3750 0.5625 0.4062 0.7812 0.4375 0.7812 0.4375 0.8125 0.4062 0.8125 0.4375 0.7812 0.4688 0.7812 0.4688 0.8125 0.4375 0.8125 0.4688 0.7812 0.5000 0.7812 0.5000 0.8125 0.4688 0.8125 0.5000 0.7812 0.5312 0.7812 0.5312 0.8125 0.5000 0.8125 0.5312 0.7812 0.5625 0.7812 0.5625 0.8125 0.5312 0.8125 0.5625 0.7812 0.5938 0.7812 0.5938 0.8125 0.5625 0.8125 0.4062 0.8125 0.4375 0.8125 0.4375 0.8438 0.4062 0.8438 0.4375 0.8125 0.4688 0.8125 0.4688 0.8438 0.4375 0.8438 0.4688 0.8125 0.5000 0.8125 0.5000 0.8438 0.4688 0.8438 0.5000 0.8125 0.5312 0.8125 0.5312 0.8438 0.5000 0.8438 0.5312 0.8125 0.5625 0.8125 0.5625 0.8438 0.5312 0.8438 0.5625 0.8125 0.5938 0.8125 0.5938 0.8438 0.5625 0.8438 0.4062 0.8438 0.4375 0.8438 0.4375 0.8750 0.4062 0.8750 0.4375 0.8438 0.4688 0.8438 0.4688 0.8750 0.4375 0.8750 0.4688 0.8438 0.5000 0.8438 0.5000 0.8750 0.4688 0.8750 0.5000 0.8438 0.5312 0.8438 0.5312 0.8750 0.5000 0.8750 0.5312 0.8438 0.5625 0.8438 0.5625 0.8750 0.5312 0.8750 0.5625 0.8438 0.5938 0.8438 0.5938 0.8750 0.5625 0.8750 0.4062 0.8750 0.4375 0.8750 0.4375 0.9062 0.4062 0.9062 0.4375 0.8750 0.4688 0.8750 0.4688 0.9062 0.4375 0.9062 0.4688 0.8750 0.5000 0.8750 0.5000 0.9062 0.4688 0.9062 0.5000 0.8750 0.5312 0.8750 0.5312 0.9062 0.5000 0.9062 0.5312 0.8750 0.5625 0.8750 0.5625 0.9062 0.5312 0.9062 0.5625 0.8750 0.5938 0.8750 0.5938 0.9062 0.5625 0.9062 0.4062 0.9062 0.4375 0.9062 0.4375 0.9375 0.4062 0.9375 0.4375 0.9062 0.4688 0.9062 0.4688 0.9375 0.4375 0.9375 0.4688 0.9062 0.5000 0.9062 0.5000 0.9375 0.4688 0.9375 0.5000 0.9062 0.5312 0.9062 0.5312 0.9375 0.5000 0.9375 0.5312 0.9062 0.5625 0.9062 0.5625 0.9375 0.5312 0.9375 0.5625 0.9062 0.5938 0.9062 0.5938 0.9375 0.5625 0.9375 0.4062 0.9375 0.4375 0.9375 0.4375 0.9688 0.4062 0.9688 0.4375 0.9375 0.4688 0.9375 0.4688 0.9688 0.4375 0.9688 0.4688 0.9375 0.5000 0.9375 0.5000 0.9688 0.4688 0.9688 0.5000 0.9375 0.5312 0.9375 0.5312 0.9688 0.5000 0.9688 0.5312 0.9375 0.5625 0.9375 0.5625 0.9688 0.5312 0.9688 0.5625 0.9375 0.5938 0.9375 0.5938 0.9688 0.5625 0.9688 0.3750 0.7500 0.4062 0.7500 0.4062 0.7812 0.3750 0.7812 0.4062 0.7500 0.4375 0.7500 0.4375 0.7812 0.4062 0.7812 0.4375 0.7500 0.4688 0.7500 0.4688 0.7812 0.4375 0.7812 0.4688 0.7500 0.5000 0.7500 0.5000 0.7812 0.4688 0.7812 0.5000 0.7500 0.5312 0.7500 0.5312 0.7812 0.5000 0.7812 0.5312 0.7500 0.5625 0.7500 0.5625 0.7812 0.5312 0.7812 0.5625 0.7500 0.5938 0.7500 0.5938 0.7812 0.5625 0.7812 0.5938 0.7500 0.6250 0.7500 0.6250 0.7812 0.5938 0.7812 0.5938 0.7812 0.6250 0.7812 0.6250 0.8125 0.5938 0.8125 0.5938 0.8125 0.6250 0.8125 0.6250 0.8438 0.5938 0.8438 0.5938 0.8438 0.6250 0.8438 0.6250 0.8750 0.5938 0.8750 0.5938 0.8750 0.6250 0.8750 0.6250 0.9062 0.5938 0.9062 0.5938 0.9062 0.6250 0.9062 0.6250 0.9375 0.5938 0.9375 0.5938 0.9375 0.6250 0.9375 0.6250 0.9688 0.5938 0.9688 0.5938 0.9688 0.6250 0.9688 0.6250 1.0000 0.5938 1.0000 0.5625 0.9688 0.5938 0.9688 0.5938 1.0000 0.5625 1.0000 0.5312 0.9688 0.5625 0.9688 0.5625 1.0000 0.5312 1.0000 0.5000 0.9688 0.5312 0.9688 0.5312 1.0000 0.5000 1.0000 0.4688 0.9688 0.5000 0.9688 0.5000 1.0000 0.4688 1.0000 0.4375 0.9688 0.4688 0.9688 0.4688 1.0000 0.4375 1.0000 0.4062 0.9688 0.4375 0.9688 0.4375 1.0000 0.4062 1.0000 0.3750 0.9688 0.4062 0.9688 0.4062 1.0000 0.3750 1.0000 0.3750 0.9375 0.4062 0.9375 0.4062 0.9688 0.3750 0.9688 0.3750 0.9062 0.4062 0.9062 0.4062 0.9375 0.3750 0.9375 0.3750 0.8750 0.4062 0.8750 0.4062 0.9062 0.3750 0.9062 0.3750 0.8438 0.4062 0.8438 0.4062 0.8750 0.3750 0.8750 0.3750 0.8125 0.4062 0.8125 0.4062 0.8438 0.3750 0.8438 0.3750 0.7812 0.4062 0.7812 0.4062 0.8125 0.3750 0.8125 0.1562 0.5312 0.1875 0.5312 0.1875 0.5625 0.1562 0.5625 0.1875 0.5312 0.2188 0.5312 0.2188 0.5625 0.1875 0.5625 0.2188 0.5312 0.2500 0.5312 0.2500 0.5625 0.2188 0.5625 0.2500 0.5312 0.2812 0.5312 0.2812 0.5625 0.2500 0.5625 0.2812 0.5312 0.3125 0.5312 0.3125 0.5625 0.2812 0.5625 0.3125 0.5312 0.3438 0.5312 0.3438 0.5625 0.3125 0.5625 0.1562 0.5625 0.1875 0.5625 0.1875 0.5938 0.1562 0.5938 0.1875 0.5625 0.2188 0.5625 0.2188 0.5938 0.1875 0.5938 0.2188 0.5625 0.2500 0.5625 0.2500 0.5938 0.2188 0.5938 0.2500 0.5625 0.2812 0.5625 0.2812 0.5938 0.2500 0.5938 0.2812 0.5625 0.3125 0.5625 0.3125 0.5938 0.2812 0.5938 0.3125 0.5625 0.3438 0.5625 0.3438 0.5938 0.3125 0.5938 0.1562 0.5938 0.1875 0.5938 0.1875 0.6250 0.1562 0.6250 0.1875 0.5938 0.2188 0.5938 0.2188 0.6250 0.1875 0.6250 0.2188 0.5938 0.2500 0.5938 0.2500 0.6250 0.2188 0.6250 0.2500 0.5938 0.2812 0.5938 0.2812 0.6250 0.2500 0.6250 0.2812 0.5938 0.3125 0.5938 0.3125 0.6250 0.2812 0.6250 0.3125 0.5938 0.3438 0.5938 0.3438 0.6250 0.3125 0.6250 0.1562 0.6250 0.1875 0.6250 0.1875 0.6562 0.1562 0.6562 0.1875 0.6250 0.2188 0.6250 0.2188 0.6562 0.1875 0.6562 0.2188 0.6250 0.2500 0.6250 0.2500 0.6562 0.2188 0.6562 0.2500 0.6250 0.2812 0.6250 0.2812 0.6562 0.2500 0.6562 0.2812 0.6250 0.3125 0.6250 0.3125 0.6562 0.2812 0.6562 0.3125 0.6250 0.3438 0.6250 0.3438 0.6562 0.3125 0.6562 0.1562 0.6562 0.1875 0.6562 0.1875 0.6875 0.1562 0.6875 0.1875 0.6562 0.2188 0.6562 0.2188 0.6875 0.1875 0.6875 0.2188 0.6562 0.2500 0.6562 0.2500 0.6875 0.2188 0.6875 0.2500 0.6562 0.2812 0.6562 0.2812 0.6875 0.2500 0.6875 0.2812 0.6562 0.3125 0.6562 0.3125 0.6875 0.2812 0.6875 0.3125 0.6562 0.3438 0.6562 0.3438 0.6875 0.3125 0.6875 0.1562 0.6875 0.1875 0.6875 0.1875 0.7188 0.1562 0.7188 0.1875 0.6875 0.2188 0.6875 0.2188 0.7188 0.1875 0.7188 0.2188 0.6875 0.2500 0.6875 0.2500 0.7188 0.2188 0.7188 0.2500 0.6875 0.2812 0.6875 0.2812 0.7188 0.2500 0.7188 0.2812 0.6875 0.3125 0.6875 0.3125 0.7188 0.2812 0.7188 0.3125 0.6875 0.3438 0.6875 0.3438 0.7188 0.3125 0.7188 0.1250 0.5000 0.1562 0.5000 0.1562 0.5312 0.1250 0.5312 0.1562 0.5000 0.1875 0.5000 0.1875 0.5312 0.1562 0.5312 0.1875 0.5000 0.2188 0.5000 0.2188 0.5312 0.1875 0.5312 0.2188 0.5000 0.2500 0.5000 0.2500 0.5312 0.2188 0.5312 0.2500 0.5000 0.2812 0.5000 0.2812 0.5312 0.2500 0.5312 0.2812 0.5000 0.3125 0.5000 0.3125 0.5312 0.2812 0.5312 0.3125 0.5000 0.3438 0.5000 0.3438 0.5312 0.3125 0.5312 0.3438 0.5000 0.3750 0.5000 0.3750 0.5312 0.3438 0.5312 0.3438 0.5312 0.3750 0.5312 0.3750 0.5625 0.3438 0.5625 0.3438 0.5625 0.3750 0.5625 0.3750 0.5938 0.3438 0.5938 0.3438 0.5938 0.3750 0.5938 0.3750 0.6250 0.3438 0.6250 0.3438 0.6250 0.3750 0.6250 0.3750 0.6562 0.3438 0.6562 0.3438 0.6562 0.3750 0.6562 0.3750 0.6875 0.3438 0.6875 0.3438 0.6875 0.3750 0.6875 0.3750 0.7188 0.3438 0.7188 0.3438 0.7188 0.3750 0.7188 0.3750 0.7500 0.3438 0.7500 0.3125 0.7188 0.3438 0.7188 0.3438 0.7500 0.3125 0.7500 0.2812 0.7188 0.3125 0.7188 0.3125 0.7500 0.2812 0.7500 0.2500 0.7188 0.2812 0.7188 0.2812 0.7500 0.2500 0.7500 0.2188 0.7188 0.2500 0.7188 0.2500 0.7500 0.2188 0.7500 0.1875 0.7188 0.2188 0.7188 0.2188 0.7500 0.1875 0.7500 0.1562 0.7188 0.1875 0.7188 0.1875 0.7500 0.1562 0.7500 0.1250 0.7188 0.1562 0.7188 0.1562 0.7500 0.1250 0.7500 0.1250 0.6875 0.1562 0.6875 0.1562 0.7188 0.1250 0.7188 0.1250 0.6562 0.1562 0.6562 0.1562 0.6875 0.1250 0.6875 0.1250 0.6250 0.1562 0.6250 0.1562 0.6562 0.1250 0.6562 0.1250 0.5938 0.1562 0.5938 0.1562 0.6250 0.1250 0.6250 0.1250 0.5625 0.1562 0.5625 0.1562 0.5938 0.1250 0.5938 0.1250 0.5312 0.1562 0.5312 0.1562 0.5625 0.1250 0.5625 0.6562 0.5312 0.6875 0.5312 0.6875 0.5625 0.6562 0.5625 0.6875 0.5312 0.7188 0.5312 0.7188 0.5625 0.6875 0.5625 0.7188 0.5312 0.7500 0.5312 0.7500 0.5625 0.7188 0.5625 0.7500 0.5312 0.7812 0.5312 0.7812 0.5625 0.7500 0.5625 0.7812 0.5312 0.8125 0.5312 0.8125 0.5625 0.7812 0.5625 0.8125 0.5312 0.8438 0.5312 0.8438 0.5625 0.8125 0.5625 0.6562 0.5625 0.6875 0.5625 0.6875 0.5938 0.6562 0.5938 0.6875 0.5625 0.7188 0.5625 0.7188 0.5938 0.6875 0.5938 0.7188 0.5625 0.7500 0.5625 0.7500 0.5938 0.7188 0.5938 0.7500 0.5625 0.7812 0.5625 0.7812 0.5938 0.7500 0.5938 0.7812 0.5625 0.8125 0.5625 0.8125 0.5938 0.7812 0.5938 0.8125 0.5625 0.8438 0.5625 0.8438 0.5938 0.8125 0.5938 0.6562 0.5938 0.6875 0.5938 0.6875 0.6250 0.6562 0.6250 0.6875 0.5938 0.7188 0.5938 0.7188 0.6250 0.6875 0.6250 0.7188 0.5938 0.7500 0.5938 0.7500 0.6250 0.7188 0.6250 0.7500 0.5938 0.7812 0.5938 0.7812 0.6250 0.7500 0.6250 0.7812 0.5938 0.8125 0.5938 0.8125 0.6250 0.7812 0.6250 0.8125 0.5938 0.8438 0.5938 0.8438 0.6250 0.8125 0.6250 0.6562 0.6250 0.6875 0.6250 0.6875 0.6562 0.6562 0.6562 0.6875 0.6250 0.7188 0.6250 0.7188 0.6562 0.6875 0.6562 0.7188 0.6250 0.7500 0.6250 0.7500 0.6562 0.7188 0.6562 0.7500 0.6250 0.7812 0.6250 0.7812 0.6562 0.7500 0.6562 0.7812 0.6250 0.8125 0.6250 0.8125 0.6562 0.7812 0.6562 0.8125 0.6250 0.8438 0.6250 0.8438 0.6562 0.8125 0.6562 0.6562 0.6562 0.6875 0.6562 0.6875 0.6875 0.6562 0.6875 0.6875 0.6562 0.7188 0.6562 0.7188 0.6875 0.6875 0.6875 0.7188 0.6562 0.7500 0.6562 0.7500 0.6875 0.7188 0.6875 0.7500 0.6562 0.7812 0.6562 0.7812 0.6875 0.7500 0.6875 0.7812 0.6562 0.8125 0.6562 0.8125 0.6875 0.7812 0.6875 0.8125 0.6562 0.8438 0.6562 0.8438 0.6875 0.8125 0.6875 0.6562 0.6875 0.6875 0.6875 0.6875 0.7188 0.6562 0.7188 0.6875 0.6875 0.7188 0.6875 0.7188 0.7188 0.6875 0.7188 0.7188 0.6875 0.7500 0.6875 0.7500 0.7188 0.7188 0.7188 0.7500 0.6875 0.7812 0.6875 0.7812 0.7188 0.7500 0.7188 0.7812 0.6875 0.8125 0.6875 0.8125 0.7188 0.7812 0.7188 0.8125 0.6875 0.8438 0.6875 0.8438 0.7188 0.8125 0.7188 0.6250 0.5000 0.6562 0.5000 0.6562 0.5312 0.6250 0.5312 0.6562 0.5000 0.6875 0.5000 0.6875 0.5312 0.6562 0.5312 0.6875 0.5000 0.7188 0.5000 0.7188 0.5312 0.6875 0.5312 0.7188 0.5000 0.7500 0.5000 0.7500 0.5312 0.7188 0.5312 0.7500 0.5000 0.7812 0.5000 0.7812 0.5312 0.7500 0.5312 0.7812 0.5000 0.8125 0.5000 0.8125 0.5312 0.7812 0.5312 0.8125 0.5000 0.8438 0.5000 0.8438 0.5312 0.8125 0.5312 0.8438 0.5000 0.8750 0.5000 0.8750 0.5312 0.8438 0.5312 0.8438 0.5312 0.8750 0.5312 0.8750 0.5625 0.8438 0.5625 0.8438 0.5625 0.8750 0.5625 0.8750 0.5938 0.8438 0.5938 0.8438 0.5938 0.8750 0.5938 0.8750 0.6250 0.8438 0.6250 0.8438 0.6250 0.8750 0.6250 0.8750 0.6562 0.8438 0.6562 0.8438 0.6562 0.8750 0.6562 0.8750 0.6875 0.8438 0.6875 0.8438 0.6875 0.8750 0.6875 0.8750 0.7188 0.8438 0.7188 0.8438 0.7188 0.8750 0.7188 0.8750 0.7500 0.8438 0.7500 0.8125 0.7188 0.8438 0.7188 0.8438 0.7500 0.8125 0.7500 0.7812 0.7188 0.8125 0.7188 0.8125 0.7500 0.7812 0.7500 0.7500 0.7188 0.7812 0.7188 0.7812 0.7500 0.7500 0.7500 0.7188 0.7188 0.7500 0.7188 0.7500 0.7500 0.7188 0.7500 0.6875 0.7188 0.7188 0.7188 0.7188 0.7500 0.6875 0.7500 0.6562 0.7188 0.6875 0.7188 0.6875 0.7500 0.6562 0.7500 0.6250 0.7188 0.6562 0.7188 0.6562 0.7500 0.6250 0.7500 0.6250 0.6875 0.6562 0.6875 0.6562 0.7188 0.6250 0.7188 0.6250 0.6562 0.6562 0.6562 0.6562 0.6875 0.6250 0.6875 0.6250 0.6250 0.6562 0.6250 0.6562 0.6562 0.6250 0.6562 0.6250 0.5938 0.6562 0.5938 0.6562 0.6250 0.6250 0.6250 0.6250 0.5625 0.6562 0.5625 0.6562 0.5938 0.6250 0.5938 0.6250 0.5312 0.6562 0.5312 0.6562 0.5625 0.6250 0.5625 " />
						</IndexedFaceSet>
					</Shape>
				</Group>
			</Transform>
		</Transform>
		<Transform DEF="Shape_IndexedFaceSet_005_TRANSFORM"
		           translation="0.000000 0.000000 0.000000"
		           scale="1.000000 1.000000 1.000000"
		           rotation="-0.000000 0.000000 0.000000 0.000000"
		           >
			<Transform DEF="Shape_IndexedFaceSet_005_ifs_TRANSFORM"
			           translation="0.000000 0.000000 0.000000"
			           scale="1.000000 1.000000 1.000000"
			           rotation="0.000000 1.000000 0.000000 0.000000"
			           >
				<Group DEF="group_ME_Shape_IndexedFaceSet_005">
					<Shape>
						<Appearance>
							<Material USE="MA_MA_Material_001" />
						</Appearance>
						<IndexedFaceSet solid="false"
						                texCoordIndex="0 1 2 3 -1 4 5 6 7 -1 8 9 10 11 -1 12 13 14 15 -1 16 17 18 19 -1 20 21 22 23 -1 24 25 26 27 -1 28 29 30 31 -1 32 33 34 35 -1 36 37 38 39 -1 40 41 42 43 -1 44 45 46 47 -1 48 49 50 51 -1 52 53 54 55 -1 56 57 58 59 -1 60 61 62 63 -1 64 65 66 67 -1 68 69 70 71 -1 72 73 74 75 -1 76 77 78 79 -1 80 81 82 83 -1 84 85 86 87 -1 88 89 90 91 -1 92 93 94 95 -1 96 97 98 99 -1 100 101 102 103 -1 104 105 106 107 -1 108 109 110 111 -1 112 113 114 115 -1 116 117 118 119 -1 120 121 122 123 -1 124 125 126 127 -1 128 129 130 131 -1 132 133 134 135 -1 136 137 138 139 -1 140 141 142 143 -1 144 145 146 147 -1 148 149 150 151 -1 152 153 154 155 -1 156 157 158 159 -1 160 161 162 163 -1 164 165 166 167 -1 168 169 170 171 -1 172 173 174 175 -1 176 177 178 179 -1 180 181 182 183 -1 184 185 186 187 -1 188 189 190 191 -1 192 193 194 195 -1 196 197 198 199 -1 200 201 202 203 -1 204 205 206 207 -1 208 209 210 211 -1 212 213 214 215 -1 216 217 218 219 -1 220 221 222 223 -1 224 225 226 227 -1 228 229 230 231 -1 232 233 234 235 -1 236 237 238 239 -1 240 241 242 243 -1 244 245 246 247 -1 248 249 250 251 -1 252 253 254 255 -1 256 257 258 259 -1 260 261 262 263 -1 264 265 266 267 -1 268 269 270 271 -1 272 273 274 275 -1 276 277 278 279 -1 280 281 282 283 -1 284 285 286 287 -1 288 289 290 291 -1 292 293 294 295 -1 296 297 298 299 -1 300 301 302 303 -1 304 305 306 307 -1 308 309 310 311 -1 312 313 314 315 -1 316 317 318 319 -1 320 321 322 323 -1 324 325 326 327 -1 328 329 330 331 -1 332 333 334 335 -1 336 337 338 339 -1 340 341 342 343 -1 344 345 346 347 -1 348 349 350 351 -1 352 353 354 355 -1 356 357 358 359 -1 360 361 362 363 -1 364 365 366 367 -1 368 369 370 371 -1 372 373 374 375 -1 376 377 378 379 -1 380 381 382 383 -1 384 385 386 387 -1 388 389 390 391 -1 392 393 394 395 -1 396 397 398 399 -1 400 401 402 403 -1 404 405 406 407 -1 408 409 410 411 -1 412 413 414 415 -1 416 417 418 419 -1 420 421 422 423 -1 424 425 426 427 -1 428 429 430 431 -1 432 433 434 435 -1 436 437 438 439 -1 440 441 442 443 -1 444 445 446 447 -1 448 449 450 451 -1 452 453 454 455 -1 456 457 458 459 -1 460 461 462 463 -1 464 465 466 467 -1 468 469 470 471 -1 472 473 474 475 -1 476 477 478 479 -1 480 481 482 483 -1 484 485 486 487 -1 488 489 490 491 -1 492 493 494 495 -1 496 497 498 499 -1 500 501 502 503 -1 504 505 506 507 -1 508 509 510 511 -1 512 513 514 515 -1 516 517 518 519 -1 520 521 522 523 -1 524 525 526 527 -1 528 529 530 531 -1 532 533 534 535 -1 536 537 538 539 -1 540 541 542 543 -1 544 545 546 547 -1 548 549 550 551 -1 552 553 554 555 -1 556 557 558 559 -1 560 561 562 563 -1 564 565 566 567 -1 568 569 570 571 -1 572 573 574 575 -1 576 577 578 579 -1 580 581 582 583 -1 584 585 586 587 -1 588 589 590 591 -1 592 593 594 595 -1 596 597 598 599 -1 600 601 602 603 -1 604 605 606 607 -1 608 609 610 611 -1 612 613 614 615 -1 616 617 618 619 -1 620 621 622 623 -1 624 625 626 627 -1 628 629 630 631 -1 632 633 634 635 -1 636 637 638 639 -1 640 641 642 643 -1 644 645 646 647 -1 648 649 650 651 -1 652 653 654 655 -1 656 657 658 659 -1 660 661 662 663 -1 664 665 666 667 -1 668 669 670 671 -1 672 673 674 675 -1 676 677 678 679 -1 680 681 682 683 -1 684 685 686 687 -1 688 689 690 691 -1 692 693 694 695 -1 696 697 698 699 -1 700 701 702 703 -1 704 705 706 707 -1 708 709 710 711 -1 712 713 714 715 -1 716 717 718 719 -1 720 721 722 723 -1 724 725 726 727 -1 728 729 730 731 -1 732 733 734 735 -1 736 737 738 739 -1 740 741 742 743 -1 744 745 746 747 -1 748 749 750 751 -1 752 753 754 755 -1 756 757 758 759 -1 760 761 762 763 -1 764 765 766 767 -1 768 769 770 771 -1 772 773 774 775 -1 776 777 778 779 -1 780 781 782 783 -1 784 785 786 787 -1 788 789 790 791 -1 792 793 794 795 -1 796 797 798 799 -1 800 801 802 803 -1 804 805 806 807 -1 808 809 810 811 -1 812 813 814 815 -1 816 817 818 819 -1 820 821 822 823 -1 824 825 826 827 -1 828 829 830 831 -1 832 833 834 835 -1 836 837 838 839 -1 840 841 842 843 -1 844 845 846 847 -1 848 849 850 851 -1 852 853 854 855 -1 856 857 858 859 -1 860 861 862 863 -1 864 865 866 867 -1 868 869 870 871 -1 872 873 874 875 -1 876 877 878 879 -1 880 881 882 883 -1 884 885 886 887 -1 888 889 890 891 -1 892 893 894 895 -1 896 897 898 899 -1 900 901 902 903 -1 904 905 906 907 -1 908 909 910 911 -1 912 913 914 915 -1 916 917 918 919 -1 920 921 922 923 -1 924 925 926 927 -1 928 929 930 931 -1 932 933 934 935 -1 936 937 938 939 -1 940 941 942 943 -1 944 945 946 947 -1 948 949 950 951 -1 952 953 954 955 -1 956 957 958 959 -1 960 961 962 963 -1 964 965 966 967 -1 968 969 970 971 -1 972 973 974 975 -1 976 977 978 979 -1 980 981 982 983 -1 984 985 986 987 -1 988 989 990 991 -1 992 993 994 995 -1 996 997 998 999 -1 1000 1001 1002 1003 -1 1004 1005 1006 1007 -1 1008 1009 1010 1011 -1 1012 1013 1014 1015 -1 1016 1017 1018 1019 -1 1020 1021 1022 1023 -1 1024 1025 1026 1027 -1 1028 1029 1030 1031 -1 1032 1033 1034 1035 -1 1036 1037 1038 1039 -1 1040 1041 1042 1043 -1 1044 1045 1046 1047 -1 1048 1049 1050 1051 -1 1052 1053 1054 1055 -1 1056 1057 1058 1059 -1 1060 1061 1062 1063 -1 1064 1065 1066 1067 -1 1068 1069 1070 1071 -1 1072 1073 1074 1075 -1 1076 1077 1078 1079 -1 1080 1081 1082 1083 -1 1084 1085 1086 1087 -1 1088 1089 1090 1091 -1 1092 1093 1094 1095 -1 1096 1097 1098 1099 -1 1100 1101 1102 1103 -1 1104 1105 1106 1107 -1 1108 1109 1110 1111 -1 1112 1113 1114 1115 -1 1116 1117 1118 1119 -1 1120 1121 1122 1123 -1 1124 1125 1126 1127 -1 1128 1129 1130 1131 -1 1132 1133 1134 1135 -1 1136 1137 1138 1139 -1 1140 1141 1142 1143 -1 1144 1145 1146 1147 -1 1148 1149 1150 1151 -1 1152 1153 1154 1155 -1 1156 1157 1158 1159 -1 1160 1161 1162 1163 -1 1164 1165 1166 1167 -1 1168 1169 1170 1171 -1 1172 1173 1174 1175 -1 1176 1177 1178 1179 -1 1180 1181 1182 1183 -1 1184 1185 1186 1187 -1 1188 1189 1190 1191 -1 1192 1193 1194 1195 -1 1196 1197 1198 1199 -1 1200 1201 1202 1203 -1 1204 1205 1206 1207 -1 1208 1209 1210 1211 -1 1212 1213 1214 1215 -1 1216 1217 1218 1219 -1 1220 1221 1222 1223 -1 1224 1225 1226 1227 -1 1228 1229 1230 1231 -1 1232 1233 1234 1235 -1 1236 1237 1238 1239 -1 1240 1241 1242 1243 -1 1244 1245 1246 1247 -1 1248 1249 1250 1251 -1 1252 1253 1254 1255 -1 1256 1257 1258 1259 -1 1260 1261 1262 1263 -1 1264 1265 1266 1267 -1 1268 1269 1270 1271 -1 1272 1273 1274 1275 -1 1276 1277 1278 1279 -1 1280 1281 1282 1283 -1 1284 1285 1286 1287 -1 1288 1289 1290 1291 -1 1292 1293 1294 1295 -1 1296 1297 1298 1299 -1 1300 1301 1302 1303 -1 1304 1305 1306 1307 -1 1308 1309 1310 1311 -1 1312 1313 1314 1315 -1 1316 1317 1318 1319 -1 1320 1321 1322 1323 -1 1324 1325 1326 1327 -1 1328 1329 1330 1331 -1 1332 1333 1334 1335 -1 1336 1337 1338 1339 -1 1340 1341 1342 1343 -1 1344 1345 1346 1347 -1 1348 1349 1350 1351 -1 1352 1353 1354 1355 -1 1356 1357 1358 1359 -1 1360 1361 1362 1363 -1 1364 1365 1366 1367 -1 1368 1369 1370 1371 -1 1372 1373 1374 1375 -1 1376 1377 1378 1379 -1 1380 1381 1382 1383 -1 1384 1385 1386 1387 -1 1388 1389 1390 1391 -1 1392 1393 1394 1395 -1 1396 1397 1398 1399 -1 1400 1401 1402 1403 -1 1404 1405 1406 1407 -1 1408 1409 1410 1411 -1 1412 1413 1414 1415 -1 1416 1417 1418 1419 -1 1420 1421 1422 1423 -1 1424 1425 1426 1427 -1 1428 1429 1430 1431 -1 1432 1433 1434 1435 -1 1436 1437 1438 1439 -1 1440 1441 1442 1443 -1 1444 1445 1446 1447 -1 1448 1449 1450 1451 -1 1452 1453 1454 1455 -1 1456 1457 1458 1459 -1 1460 1461 1462 1463 -1 1464 1465 1466 1467 -1 1468 1469 1470 1471 -1 1472 1473 1474 1475 -1 1476 1477 1478 1479 -1 1480 1481 1482 1483 -1 1484 1485 1486 1487 -1 1488 1489 1490 1491 -1 1492 1493 1494 1495 -1 1496 1497 1498 1499 -1 1500 1501 1502 1503 -1 1504 1505 1506 1507 -1 1508 1509 1510 1511 -1 1512 1513 1514 1515 -1 1516 1517 1518 1519 -1 1520 1521 1522 1523 -1 1524 1525 1526 1527 -1 1528 1529 1530 1531 -1 1532 1533 1534 1535 -1 "
						                coordIndex="92 93 100 99 -1 93 94 101 100 -1 94 95 102 101 -1 95 96 103 102 -1 96 97 104 103 -1 97 98 105 104 -1 99 100 107 106 -1 100 101 108 107 -1 101 102 109 108 -1 102 103 110 109 -1 103 104 111 110 -1 104 105 112 111 -1 106 107 114 113 -1 107 108 115 114 -1 108 109 116 115 -1 109 110 117 116 -1 110 111 118 117 -1 111 112 119 118 -1 113 114 121 120 -1 114 115 122 121 -1 115 116 123 122 -1 116 117 124 123 -1 117 118 125 124 -1 118 119 126 125 -1 120 121 128 127 -1 121 122 129 128 -1 122 123 130 129 -1 123 124 131 130 -1 124 125 132 131 -1 125 126 133 132 -1 127 128 135 134 -1 128 129 136 135 -1 129 130 137 136 -1 130 131 138 137 -1 131 132 139 138 -1 132 133 140 139 -1 0 15 92 14 -1 15 16 93 92 -1 16 17 94 93 -1 17 18 95 94 -1 18 19 96 95 -1 19 20 97 96 -1 20 21 98 97 -1 21 1 22 98 -1 98 22 23 105 -1 105 23 24 112 -1 112 24 25 119 -1 119 25 26 126 -1 126 26 27 133 -1 133 27 28 140 -1 140 28 3 29 -1 139 140 29 30 -1 138 139 30 31 -1 137 138 31 32 -1 136 137 32 33 -1 135 136 33 34 -1 134 135 34 35 -1 8 134 35 2 -1 9 127 134 8 -1 10 120 127 9 -1 11 113 120 10 -1 12 106 113 11 -1 13 99 106 12 -1 14 92 99 13 -1 141 142 149 148 -1 142 143 150 149 -1 143 144 151 150 -1 144 145 152 151 -1 145 146 153 152 -1 146 147 154 153 -1 148 149 156 155 -1 149 150 157 156 -1 150 151 158 157 -1 151 152 159 158 -1 152 153 160 159 -1 153 154 161 160 -1 155 156 163 162 -1 156 157 164 163 -1 157 158 165 164 -1 158 159 166 165 -1 159 160 167 166 -1 160 161 168 167 -1 162 163 170 169 -1 163 164 171 170 -1 164 165 172 171 -1 165 166 173 172 -1 166 167 174 173 -1 167 168 175 174 -1 169 170 177 176 -1 170 171 178 177 -1 171 172 179 178 -1 172 173 180 179 -1 173 174 181 180 -1 174 175 182 181 -1 176 177 184 183 -1 177 178 185 184 -1 178 179 186 185 -1 179 180 187 186 -1 180 181 188 187 -1 181 182 189 188 -1 2 35 141 42 -1 35 34 142 141 -1 34 33 143 142 -1 33 32 144 143 -1 32 31 145 144 -1 31 30 146 145 -1 30 29 147 146 -1 29 3 43 147 -1 147 43 44 154 -1 154 44 45 161 -1 161 45 46 168 -1 168 46 47 175 -1 175 47 48 182 -1 182 48 49 189 -1 189 49 7 50 -1 188 189 50 51 -1 187 188 51 52 -1 186 187 52 53 -1 185 186 53 54 -1 184 185 54 55 -1 183 184 55 56 -1 36 183 56 6 -1 37 176 183 36 -1 38 169 176 37 -1 39 162 169 38 -1 40 155 162 39 -1 41 148 155 40 -1 42 141 148 41 -1 190 191 198 197 -1 191 192 199 198 -1 192 193 200 199 -1 193 194 201 200 -1 194 195 202 201 -1 195 196 203 202 -1 197 198 205 204 -1 198 199 206 205 -1 199 200 207 206 -1 200 201 208 207 -1 201 202 209 208 -1 202 203 210 209 -1 204 205 212 211 -1 205 206 213 212 -1 206 207 214 213 -1 207 208 215 214 -1 208 209 216 215 -1 209 210 217 216 -1 211 212 219 218 -1 212 213 220 219 -1 213 214 221 220 -1 214 215 222 221 -1 215 216 223 222 -1 216 217 224 223 -1 218 219 226 225 -1 219 220 227 226 -1 220 221 228 227 -1 221 222 229 228 -1 222 223 230 229 -1 223 224 231 230 -1 225 226 233 232 -1 226 227 234 233 -1 227 228 235 234 -1 228 229 236 235 -1 229 230 237 236 -1 230 231 238 237 -1 6 56 190 63 -1 56 55 191 190 -1 55 54 192 191 -1 54 53 193 192 -1 53 52 194 193 -1 52 51 195 194 -1 51 50 196 195 -1 50 7 64 196 -1 196 64 65 203 -1 203 65 66 210 -1 210 66 67 217 -1 217 67 68 224 -1 224 68 69 231 -1 231 69 70 238 -1 238 70 5 71 -1 237 238 71 72 -1 236 237 72 73 -1 235 236 73 74 -1 234 235 74 75 -1 233 234 75 76 -1 232 233 76 77 -1 57 232 77 4 -1 58 225 232 57 -1 59 218 225 58 -1 60 211 218 59 -1 61 204 211 60 -1 62 197 204 61 -1 63 190 197 62 -1 239 240 247 246 -1 240 241 248 247 -1 241 242 249 248 -1 242 243 250 249 -1 243 244 251 250 -1 244 245 252 251 -1 246 247 254 253 -1 247 248 255 254 -1 248 249 256 255 -1 249 250 257 256 -1 250 251 258 257 -1 251 252 259 258 -1 253 254 261 260 -1 254 255 262 261 -1 255 256 263 262 -1 256 257 264 263 -1 257 258 265 264 -1 258 259 266 265 -1 260 261 268 267 -1 261 262 269 268 -1 262 263 270 269 -1 263 264 271 270 -1 264 265 272 271 -1 265 266 273 272 -1 267 268 275 274 -1 268 269 276 275 -1 269 270 277 276 -1 270 271 278 277 -1 271 272 279 278 -1 272 273 280 279 -1 274 275 282 281 -1 275 276 283 282 -1 276 277 284 283 -1 277 278 285 284 -1 278 279 286 285 -1 279 280 287 286 -1 4 77 239 84 -1 77 76 240 239 -1 76 75 241 240 -1 75 74 242 241 -1 74 73 243 242 -1 73 72 244 243 -1 72 71 245 244 -1 71 5 85 245 -1 245 85 86 252 -1 252 86 87 259 -1 259 87 88 266 -1 266 88 89 273 -1 273 89 90 280 -1 280 90 91 287 -1 287 91 1 21 -1 286 287 21 20 -1 285 286 20 19 -1 284 285 19 18 -1 283 284 18 17 -1 282 283 17 16 -1 281 282 16 15 -1 78 281 15 0 -1 79 274 281 78 -1 80 267 274 79 -1 81 260 267 80 -1 82 253 260 81 -1 83 246 253 82 -1 84 239 246 83 -1 288 289 296 295 -1 289 290 297 296 -1 290 291 298 297 -1 291 292 299 298 -1 292 293 300 299 -1 293 294 301 300 -1 295 296 303 302 -1 296 297 304 303 -1 297 298 305 304 -1 298 299 306 305 -1 299 300 307 306 -1 300 301 308 307 -1 302 303 310 309 -1 303 304 311 310 -1 304 305 312 311 -1 305 306 313 312 -1 306 307 314 313 -1 307 308 315 314 -1 309 310 317 316 -1 310 311 318 317 -1 311 312 319 318 -1 312 313 320 319 -1 313 314 321 320 -1 314 315 322 321 -1 316 317 324 323 -1 317 318 325 324 -1 318 319 326 325 -1 319 320 327 326 -1 320 321 328 327 -1 321 322 329 328 -1 323 324 331 330 -1 324 325 332 331 -1 325 326 333 332 -1 326 327 334 333 -1 327 328 335 334 -1 328 329 336 335 -1 2 42 288 8 -1 42 41 289 288 -1 41 40 290 289 -1 40 39 291 290 -1 39 38 292 291 -1 38 37 293 292 -1 37 36 294 293 -1 36 6 63 294 -1 294 63 62 301 -1 301 62 61 308 -1 308 61 60 315 -1 315 60 59 322 -1 322 59 58 329 -1 329 58 57 336 -1 336 57 4 84 -1 335 336 84 83 -1 334 335 83 82 -1 333 334 82 81 -1 332 333 81 80 -1 331 332 80 79 -1 330 331 79 78 -1 14 330 78 0 -1 13 323 330 14 -1 12 316 323 13 -1 11 309 316 12 -1 10 302 309 11 -1 9 295 302 10 -1 8 288 295 9 -1 337 338 345 344 -1 338 339 346 345 -1 339 340 347 346 -1 340 341 348 347 -1 341 342 349 348 -1 342 343 350 349 -1 344 345 352 351 -1 345 346 353 352 -1 346 347 354 353 -1 347 348 355 354 -1 348 349 356 355 -1 349 350 357 356 -1 351 352 359 358 -1 352 353 360 359 -1 353 354 361 360 -1 354 355 362 361 -1 355 356 363 362 -1 356 357 364 363 -1 358 359 366 365 -1 359 360 367 366 -1 360 361 368 367 -1 361 362 369 368 -1 362 363 370 369 -1 363 364 371 370 -1 365 366 373 372 -1 366 367 374 373 -1 367 368 375 374 -1 368 369 376 375 -1 369 370 377 376 -1 370 371 378 377 -1 372 373 380 379 -1 373 374 381 380 -1 374 375 382 381 -1 375 376 383 382 -1 376 377 384 383 -1 377 378 385 384 -1 7 49 337 64 -1 49 48 338 337 -1 48 47 339 338 -1 47 46 340 339 -1 46 45 341 340 -1 45 44 342 341 -1 44 43 343 342 -1 43 3 28 343 -1 343 28 27 350 -1 350 27 26 357 -1 357 26 25 364 -1 364 25 24 371 -1 371 24 23 378 -1 378 23 22 385 -1 385 22 1 91 -1 384 385 91 90 -1 383 384 90 89 -1 382 383 89 88 -1 381 382 88 87 -1 380 381 87 86 -1 379 380 86 85 -1 70 379 85 5 -1 69 372 379 70 -1 68 365 372 69 -1 67 358 365 68 -1 66 351 358 67 -1 65 344 351 66 -1 64 337 344 65 -1 "
						                >
							<Coordinate DEF="coords_ME_Shape_IndexedFaceSet_005"
							            point="-1.152054 2.291670 -0.711377 -1.351105 3.437443 -0.786854 -1.084717 2.472962 -1.686218 -1.530918 3.661654 -1.711377 -0.253430 2.295369 -0.786854 -0.468760 3.350867 -0.912648 -0.335566 2.377506 -1.711377 -0.798046 3.475921 -1.786854 -1.104300 2.418282 -1.605130 -1.130356 2.352465 -1.483363 -1.155296 2.295080 -1.341289 -1.174086 2.255131 -1.190178 -1.182732 2.238499 -1.040487 -1.180457 2.243465 -0.902414 -1.168078 2.265368 -0.786636 -1.201791 2.377324 -0.679998 -1.260996 2.509472 -0.648692 -1.312707 2.668144 -0.630770 -1.350137 2.842138 -0.631627 -1.369275 3.020478 -0.653927 -1.372352 3.190470 -0.693472 -1.363642 3.338018 -0.743225 -1.404281 3.501201 -0.859493 -1.468389 3.578846 -0.969755 -1.524520 3.647604 -1.100162 -1.564070 3.696676 -1.241195 -1.581356 3.718818 -1.383807 -1.577571 3.715504 -1.518274 -1.556724 3.691662 -1.633965 -1.523011 3.579705 -1.740603 -1.497032 3.449497 -1.771997 -1.451381 3.289175 -1.793524 -1.388019 3.109670 -1.799746 -1.310541 2.922206 -1.787524 -1.226393 2.740839 -1.759646 -1.144939 2.581465 -1.721398 -0.378860 2.349108 -1.740603 -0.449986 2.321787 -1.771997 -0.541426 2.307893 -1.793524 -0.649348 2.312315 -1.799746 -0.768991 2.337331 -1.787524 -0.891048 2.378648 -1.759646 -1.003948 2.429236 -1.721398 -1.497842 3.695162 -1.750233 -1.438497 3.723669 -1.794557 -1.356521 3.732042 -1.830042 -1.253977 3.715272 -1.850763 -1.134508 3.671822 -1.853198 -1.007926 3.608626 -1.839338 -0.886996 3.536053 -1.813460 -0.746005 3.383825 -1.813460 -0.672581 3.246434 -1.839338 -0.592958 3.086948 -1.853198 -0.515305 2.917916 -1.850763 -0.446567 2.750761 -1.830041 -0.391450 2.595957 -1.794557 -0.353691 2.464563 -1.750233 -0.219967 2.265035 -0.859493 -0.186113 2.234565 -0.969755 -0.166192 2.216977 -1.100162 -0.166314 2.217730 -1.241195 -0.189723 2.239749 -1.383807 -0.232345 2.279661 -1.518274 -0.286958 2.331200 -1.633965 -0.758750 3.497179 -1.722664 -0.702440 3.515820 -1.623907 -0.641291 3.522034 -1.505166 -0.582827 3.512158 -1.374211 -0.533488 3.484628 -1.238679 -0.496925 3.443064 -1.107816 -0.475538 3.393465 -0.992213 -0.408806 3.260103 -0.875945 -0.337820 3.126769 -0.831533 -0.276644 2.973616 -0.792444 -0.233836 2.811970 -0.764643 -0.214525 2.652065 -0.752130 -0.215972 2.503951 -0.754324 -0.232713 2.378388 -0.768697 -1.076176 2.247461 -0.679998 -0.962817 2.201339 -0.648692 -0.831028 2.170354 -0.630770 -0.691053 2.160546 -0.631627 -0.552497 2.174726 -0.653927 -0.425422 2.208383 -0.693472 -0.320320 2.254080 -0.743224 -0.534420 3.389966 -0.875945 -0.635999 3.434901 -0.831533 -0.758322 3.471407 -0.792444 -0.892921 3.493562 -0.764643 -1.031303 3.497817 -0.752130 -1.162903 3.486039 -0.754324 -1.276035 3.462326 -0.768697 -1.257800 2.381433 -0.775217 -1.335058 2.526223 -0.755702 -1.398361 2.693593 -0.742879 -1.443499 2.874287 -0.743763 -1.466881 3.057984 -0.761921 -1.468830 3.232371 -0.793251 -1.449697 3.384548 -0.830418 -1.288885 2.379687 -0.896922 -1.380911 2.541428 -0.886362 -1.454855 2.721900 -0.878990 -1.507833 2.912781 -0.880595 -1.537065 3.104925 -0.894686 -1.541393 3.287419 -0.918115 -1.519573 3.449008 -0.945570 -1.301472 2.387396 -1.038293 -1.402948 2.562157 -1.034200 -1.484907 2.754169 -1.031860 -1.544948 2.954628 -1.034619 -1.580753 3.154424 -1.044788 -1.590500 3.343428 -1.060841 -1.572425 3.511264 -1.080230 -1.297601 2.410586 -1.190469 -1.403968 2.592482 -1.191634 -1.491035 2.791127 -1.194109 -1.556650 2.996833 -1.198332 -1.598701 3.199908 -1.204734 -1.615232 3.390683 -1.213736 -1.604327 3.559496 -1.225751 -1.278830 2.451226 -1.344146 -1.386150 2.633704 -1.350766 -1.475482 2.832232 -1.358302 -1.544788 3.036409 -1.364224 -1.591993 3.236077 -1.367024 -1.615121 3.422168 -1.368975 -1.612223 3.585937 -1.373371 -1.247550 2.502305 -1.489793 -1.350790 2.679042 -1.503540 -1.439585 2.872206 -1.516920 -1.511366 3.070384 -1.524775 -1.563213 3.262426 -1.524185 -1.592893 3.439206 -1.518676 -1.598351 3.592484 -1.513987 -1.205011 2.552679 -1.618107 -1.298293 2.718940 -1.642113 -1.384374 2.904505 -1.662455 -1.458429 3.095793 -1.672457 -1.515334 3.279740 -1.668785 -1.552177 3.445946 -1.655207 -1.566719 3.585281 -1.638735 -1.056530 2.568480 -1.796809 -1.133858 2.735775 -1.850943 -1.219408 2.920532 -1.886081 -1.302327 3.109963 -1.900418 -1.374034 3.291513 -1.892411 -1.430609 3.455074 -1.864038 -1.470460 3.591695 -1.817437 -0.947678 2.534203 -1.850943 -1.026284 2.712218 -1.916373 -1.115139 2.903693 -1.957293 -1.204116 3.098273 -1.973463 -1.284549 3.285682 -1.964557 -1.352005 3.457350 -1.931509 -1.403610 3.605481 -1.875138 -0.830047 2.498876 -1.886081 -0.910919 2.682172 -1.957293 -1.002604 2.878037 -2.001583 -1.096297 3.077118 -2.019172 -1.183868 3.270240 -2.010304 -1.259685 3.449101 -1.975502 -1.318801 3.605656 -1.915305 -0.713347 2.472351 -1.900418 -0.794808 2.654343 -1.973463 -0.886646 2.849497 -2.019172 -0.981778 3.049013 -2.037838 -1.073127 3.244107 -2.029797 -1.153640 3.426016 -1.995564 -1.216272 3.585988 -1.935700 -0.605639 2.460433 -1.892410 -0.683893 2.634722 -1.964557 -0.771505 2.822787 -2.010304 -0.863476 3.016484 -2.029797 -0.954130 3.207442 -2.023232 -1.035386 3.386522 -1.991198 -1.098506 3.544406 -1.934347 -0.510052 2.460757 -1.864038 -0.579915 2.621727 -1.931509 -0.659029 2.798140 -1.975502 -0.744332 2.982085 -1.995564 -0.831167 3.164999 -1.991198 -0.911011 3.337046 -1.963262 -0.973895 3.488163 -1.912686 -0.427506 2.467179 -1.817437 -0.483054 2.611165 -1.875138 -0.550405 2.774576 -1.915305 -0.627293 2.948375 -1.935700 -0.709145 3.122749 -1.934347 -0.787715 3.286592 -1.912686 -0.852622 3.428366 -1.872638 -0.281209 2.436745 -1.655736 -0.304133 2.571007 -1.689643 -0.349064 2.725952 -1.720916 -0.411477 2.892709 -1.742150 -0.487063 3.062159 -1.748999 -0.571227 3.224761 -1.743567 -0.660556 3.371526 -1.730886 -0.214212 2.399147 -1.537323 -0.225718 2.542057 -1.565022 -0.262180 2.702179 -1.592860 -0.319549 2.872521 -1.614607 -0.394195 3.045891 -1.626047 -0.483532 3.215098 -1.628719 -0.585918 3.373396 -1.626134 -0.160656 2.367375 -1.402607 -0.162175 2.516900 -1.426706 -0.190872 2.682075 -1.451761 -0.243423 2.856554 -1.473716 -0.316747 3.033990 -1.489426 -0.408680 3.208129 -1.499111 -0.517365 3.372794 -1.503895 -0.127198 2.348590 -1.260162 -0.119298 2.500735 -1.281467 -0.140078 2.667950 -1.303601 -0.186999 2.844014 -1.325058 -0.257485 3.022710 -1.344335 -0.348801 3.197795 -1.359943 -0.458173 3.363024 -1.370397 -0.118679 2.346412 -1.118508 -0.101968 2.496433 -1.136061 -0.114316 2.661049 -1.154262 -0.154140 2.834106 -1.174220 -0.219527 3.009376 -1.196135 -0.307055 3.180471 -1.216899 -0.412946 3.340988 -1.232508 -0.134258 2.356988 -0.985282 -0.111584 2.500137 -0.996405 -0.116453 2.658672 -1.009126 -0.148550 2.826009 -1.026802 -0.207050 2.995190 -1.050745 -0.287777 3.159003 -1.076719 -0.385851 3.310378 -1.098547 -0.172034 2.372941 -0.867369 -0.148949 2.505623 -0.867849 -0.148981 2.657048 -0.873404 -0.173894 2.818905 -0.888409 -0.224538 2.982410 -0.914199 -0.295930 3.138518 -0.946227 -0.381570 3.278236 -0.977091 -0.320516 2.357139 -0.688666 -0.313383 2.488789 -0.659018 -0.313947 2.641020 -0.649778 -0.329995 2.804734 -0.660448 -0.365838 2.970637 -0.690574 -0.417499 3.129390 -0.737397 -0.477830 3.271823 -0.798389 -0.434130 2.325090 -0.624132 -0.436089 2.466960 -0.583572 -0.440900 2.627185 -0.568753 -0.455800 2.798120 -0.578114 -0.485714 2.971934 -0.610372 -0.528665 3.140859 -0.663887 -0.580592 3.297380 -0.737396 -0.567461 2.298762 -0.576573 -0.577199 2.447966 -0.529534 -0.587194 2.615244 -0.510982 -0.602631 2.793396 -0.519272 -0.627651 2.975211 -0.552855 -0.662491 3.153538 -0.610372 -0.706369 3.321267 -0.690574 -0.711452 2.286825 -0.550213 -0.728458 2.438874 -0.499638 -0.744467 2.609582 -0.478538 -0.761871 2.791834 -0.485552 -0.783058 2.978511 -0.519272 -0.810392 3.162462 -0.578114 -0.846227 3.336531 -0.660448 -0.856490 2.294338 -0.548490 -0.881230 2.444335 -0.496348 -0.904274 2.613456 -0.473316 -0.924894 2.794696 -0.478538 -0.943371 2.980973 -0.510982 -0.963793 3.165035 -0.568753 -0.991285 3.339652 -0.649778 -0.993045 2.318076 -0.570208 -1.026714 2.461757 -0.519875 -1.058006 2.625940 -0.496348 -1.083050 2.803217 -0.499638 -1.100093 2.985818 -0.529535 -1.113914 3.165470 -0.583572 -1.131595 3.334240 -0.659018 -1.111503 2.351000 -0.613516 -1.156137 2.486066 -0.570208 -1.197020 2.644969 -0.548490 -1.227684 2.818621 -0.550213 -1.244799 2.997392 -0.576573 -1.252341 3.170540 -0.624132 -1.257631 3.327708 -0.688666 -0.990445 2.321810 -1.618107 -0.864739 2.252476 -1.642113 -0.734235 2.205184 -1.662455 -0.608088 2.181639 -1.672457 -0.494936 2.183758 -1.668785 -0.400141 2.209856 -1.655207 -0.328563 2.258063 -1.638735 -1.000176 2.237411 -1.489793 -0.861969 2.155681 -1.503540 -0.721985 2.104118 -1.516920 -0.587630 2.082144 -1.524775 -0.466152 2.089590 -1.524185 -0.362987 2.125319 -1.518676 -0.283221 2.188402 -1.513987 -1.018052 2.173562 -1.344146 -0.872770 2.087138 -1.350766 -0.725948 2.034400 -1.358302 -0.584230 2.014261 -1.364224 -0.454105 2.025714 -1.367024 -0.341283 2.067728 -1.368975 -0.251295 2.139325 -1.373370 -1.036241 2.134044 -1.190469 -0.889541 2.048174 -1.191634 -0.740128 1.996603 -1.194109 -0.594145 1.978419 -1.198332 -0.457716 1.992647 -1.204734 -0.336904 2.038103 -1.213736 -0.237755 2.113544 -1.225751 -1.049470 2.122495 -1.038293 -0.906542 2.040282 -1.034200 -0.759382 1.991260 -1.031860 -0.613614 1.974989 -1.034619 -0.475042 1.990865 -1.044788 -0.350006 2.037489 -1.060841 -0.244949 2.113310 -1.080230 -1.057405 2.137912 -0.896922 -0.923094 2.063164 -0.886362 -0.781673 2.018420 -0.878990 -0.638814 2.004131 -0.880595 -0.500791 2.020508 -0.894686 -0.374748 2.065548 -0.918115 -0.267807 2.137091 -0.945570 -1.062597 2.178730 -0.775217 -0.940485 2.116458 -0.755702 -0.805828 2.078061 -0.742879 -0.665907 2.065948 -0.743763 -0.528766 2.081686 -0.761921 -0.403244 2.122027 -0.793251 -0.298015 2.183111 -0.830418 -0.875123 3.602396 -1.730886 -1.004781 3.691226 -1.743567 -1.137201 3.761480 -1.748999 -1.261817 3.806864 -1.742150 -1.369463 3.821934 -1.720916 -1.456170 3.807100 -1.689643 -1.519366 3.763963 -1.655736 -0.833292 3.638290 -1.626134 -0.972352 3.738458 -1.628719 -1.111795 3.813978 -1.626047 -1.243284 3.860759 -1.614607 -1.359242 3.875015 -1.592860 -1.455624 3.855943 -1.565022 -1.529341 3.803229 -1.537323 -0.778142 3.650459 -1.503895 -0.922060 3.754695 -1.499111 -1.066282 3.831822 -1.489426 -1.203980 3.878700 -1.473716 -1.328760 3.892437 -1.451761 -1.436013 3.871340 -1.426706 -1.521585 3.813986 -1.402607 -0.719533 3.639567 -1.370397 -0.863228 3.742102 -1.359943 -1.008392 3.817235 -1.344335 -1.149505 3.862429 -1.325058 -1.281063 3.875210 -1.303601 -1.397626 3.853317 -1.281467 -1.493770 3.794541 -1.260162 -0.664949 3.605889 -1.232508 -0.803461 3.702346 -1.216899 -0.945051 3.772285 -1.196135 -1.085474 3.813745 -1.174220 -1.220027 3.824610 -1.154262 -1.342463 3.802375 -1.136061 -1.446155 3.744365 -1.118508 -0.617331 3.552154 -1.098547 -0.745593 3.637268 -1.076719 -0.880232 3.698672 -1.050745 -1.017569 3.734660 -1.026802 -1.152728 3.743089 -1.009126 -1.278229 3.722008 -0.996405 -1.386024 3.668904 -0.985282 -0.576773 3.480939 -0.977091 -0.690503 3.548282 -0.946227 -0.817071 3.597942 -0.914199 -0.951486 3.627244 -0.888409 -1.087096 3.633343 -0.873404 -1.214535 3.615968 -0.867849 -1.323716 3.574379 -0.867369 "
							            />
							<TextureCoordinate point="0.4062 0.0312 0.4375 0.0312 0.4375 0.0625 0.4062 0.0625 0.4375 0.0312 0.4688 0.0312 0.4688 0.0625 0.4375 0.0625 0.4688 0.0312 0.5000 0.0312 0.5000 0.0625 0.4688 0.0625 0.5000 0.0312 0.5312 0.0312 0.5312 0.0625 0.5000 0.0625 0.5312 0.0312 0.5625 0.0312 0.5625 0.0625 0.5312 0.0625 0.5625 0.0312 0.5938 0.0312 0.5938 0.0625 0.5625 0.0625 0.4062 0.0625 0.4375 0.0625 0.4375 0.0938 0.4062 0.0938 0.4375 0.0625 0.4688 0.0625 0.4688 0.0938 0.4375 0.0938 0.4688 0.0625 0.5000 0.0625 0.5000 0.0938 0.4688 0.0938 0.5000 0.0625 0.5312 0.0625 0.5312 0.0938 0.5000 0.0938 0.5312 0.0625 0.5625 0.0625 0.5625 0.0938 0.5312 0.0938 0.5625 0.0625 0.5938 0.0625 0.5938 0.0938 0.5625 0.0938 0.4062 0.0938 0.4375 0.0938 0.4375 0.1250 0.4062 0.1250 0.4375 0.0938 0.4688 0.0938 0.4688 0.1250 0.4375 0.1250 0.4688 0.0938 0.5000 0.0938 0.5000 0.1250 0.4688 0.1250 0.5000 0.0938 0.5312 0.0938 0.5312 0.1250 0.5000 0.1250 0.5312 0.0938 0.5625 0.0938 0.5625 0.1250 0.5312 0.1250 0.5625 0.0938 0.5938 0.0938 0.5938 0.1250 0.5625 0.1250 0.4062 0.1250 0.4375 0.1250 0.4375 0.1562 0.4062 0.1562 0.4375 0.1250 0.4688 0.1250 0.4688 0.1562 0.4375 0.1562 0.4688 0.1250 0.5000 0.1250 0.5000 0.1562 0.4688 0.1562 0.5000 0.1250 0.5312 0.1250 0.5312 0.1562 0.5000 0.1562 0.5312 0.1250 0.5625 0.1250 0.5625 0.1562 0.5312 0.1562 0.5625 0.1250 0.5938 0.1250 0.5938 0.1562 0.5625 0.1562 0.4062 0.1562 0.4375 0.1562 0.4375 0.1875 0.4062 0.1875 0.4375 0.1562 0.4688 0.1562 0.4688 0.1875 0.4375 0.1875 0.4688 0.1562 0.5000 0.1562 0.5000 0.1875 0.4688 0.1875 0.5000 0.1562 0.5312 0.1562 0.5312 0.1875 0.5000 0.1875 0.5312 0.1562 0.5625 0.1562 0.5625 0.1875 0.5312 0.1875 0.5625 0.1562 0.5938 0.1562 0.5938 0.1875 0.5625 0.1875 0.4062 0.1875 0.4375 0.1875 0.4375 0.2188 0.4062 0.2188 0.4375 0.1875 0.4688 0.1875 0.4688 0.2188 0.4375 0.2188 0.4688 0.1875 0.5000 0.1875 0.5000 0.2188 0.4688 0.2188 0.5000 0.1875 0.5312 0.1875 0.5312 0.2188 0.5000 0.2188 0.5312 0.1875 0.5625 0.1875 0.5625 0.2188 0.5312 0.2188 0.5625 0.1875 0.5938 0.1875 0.5938 0.2188 0.5625 0.2188 0.3750 0.0000 0.4062 0.0000 0.4062 0.0312 0.3750 0.0312 0.4062 0.0000 0.4375 0.0000 0.4375 0.0312 0.4062 0.0312 0.4375 0.0000 0.4688 0.0000 0.4688 0.0312 0.4375 0.0312 0.4688 0.0000 0.5000 0.0000 0.5000 0.0312 0.4688 0.0312 0.5000 0.0000 0.5312 0.0000 0.5312 0.0312 0.5000 0.0312 0.5312 0.0000 0.5625 0.0000 0.5625 0.0312 0.5312 0.0312 0.5625 0.0000 0.5938 0.0000 0.5938 0.0312 0.5625 0.0312 0.5938 0.0000 0.6250 0.0000 0.6250 0.0312 0.5938 0.0312 0.5938 0.0312 0.6250 0.0312 0.6250 0.0625 0.5938 0.0625 0.5938 0.0625 0.6250 0.0625 0.6250 0.0938 0.5938 0.0938 0.5938 0.0938 0.6250 0.0938 0.6250 0.1250 0.5938 0.1250 0.5938 0.1250 0.6250 0.1250 0.6250 0.1562 0.5938 0.1562 0.5938 0.1562 0.6250 0.1562 0.6250 0.1875 0.5938 0.1875 0.5938 0.1875 0.6250 0.1875 0.6250 0.2188 0.5938 0.2188 0.5938 0.2188 0.6250 0.2188 0.6250 0.2500 0.5938 0.2500 0.5625 0.2188 0.5938 0.2188 0.5938 0.2500 0.5625 0.2500 0.5312 0.2188 0.5625 0.2188 0.5625 0.2500 0.5312 0.2500 0.5000 0.2188 0.5312 0.2188 0.5312 0.2500 0.5000 0.2500 0.4688 0.2188 0.5000 0.2188 0.5000 0.2500 0.4688 0.2500 0.4375 0.2188 0.4688 0.2188 0.4688 0.2500 0.4375 0.2500 0.4062 0.2188 0.4375 0.2188 0.4375 0.2500 0.4062 0.2500 0.3750 0.2188 0.4062 0.2188 0.4062 0.2500 0.3750 0.2500 0.3750 0.1875 0.4062 0.1875 0.4062 0.2188 0.3750 0.2188 0.3750 0.1562 0.4062 0.1562 0.4062 0.1875 0.3750 0.1875 0.3750 0.1250 0.4062 0.1250 0.4062 0.1562 0.3750 0.1562 0.3750 0.0938 0.4062 0.0938 0.4062 0.1250 0.3750 0.1250 0.3750 0.0625 0.4062 0.0625 0.4062 0.0938 0.3750 0.0938 0.3750 0.0312 0.4062 0.0312 0.4062 0.0625 0.3750 0.0625 0.4062 0.2812 0.4375 0.2812 0.4375 0.3125 0.4062 0.3125 0.4375 0.2812 0.4688 0.2812 0.4688 0.3125 0.4375 0.3125 0.4688 0.2812 0.5000 0.2812 0.5000 0.3125 0.4688 0.3125 0.5000 0.2812 0.5312 0.2812 0.5312 0.3125 0.5000 0.3125 0.5312 0.2812 0.5625 0.2812 0.5625 0.3125 0.5312 0.3125 0.5625 0.2812 0.5938 0.2812 0.5938 0.3125 0.5625 0.3125 0.4062 0.3125 0.4375 0.3125 0.4375 0.3438 0.4062 0.3438 0.4375 0.3125 0.4688 0.3125 0.4688 0.3438 0.4375 0.3438 0.4688 0.3125 0.5000 0.3125 0.5000 0.3438 0.4688 0.3438 0.5000 0.3125 0.5312 0.3125 0.5312 0.3438 0.5000 0.3438 0.5312 0.3125 0.5625 0.3125 0.5625 0.3438 0.5312 0.3438 0.5625 0.3125 0.5938 0.3125 0.5938 0.3438 0.5625 0.3438 0.4062 0.3438 0.4375 0.3438 0.4375 0.3750 0.4062 0.3750 0.4375 0.3438 0.4688 0.3438 0.4688 0.3750 0.4375 0.3750 0.4688 0.3438 0.5000 0.3438 0.5000 0.3750 0.4688 0.3750 0.5000 0.3438 0.5312 0.3438 0.5312 0.3750 0.5000 0.3750 0.5312 0.3438 0.5625 0.3438 0.5625 0.3750 0.5312 0.3750 0.5625 0.3438 0.5938 0.3438 0.5938 0.3750 0.5625 0.3750 0.4062 0.3750 0.4375 0.3750 0.4375 0.4062 0.4062 0.4062 0.4375 0.3750 0.4688 0.3750 0.4688 0.4062 0.4375 0.4062 0.4688 0.3750 0.5000 0.3750 0.5000 0.4062 0.4688 0.4062 0.5000 0.3750 0.5312 0.3750 0.5312 0.4062 0.5000 0.4062 0.5312 0.3750 0.5625 0.3750 0.5625 0.4062 0.5312 0.4062 0.5625 0.3750 0.5938 0.3750 0.5938 0.4062 0.5625 0.4062 0.4062 0.4062 0.4375 0.4062 0.4375 0.4375 0.4062 0.4375 0.4375 0.4062 0.4688 0.4062 0.4688 0.4375 0.4375 0.4375 0.4688 0.4062 0.5000 0.4062 0.5000 0.4375 0.4688 0.4375 0.5000 0.4062 0.5312 0.4062 0.5312 0.4375 0.5000 0.4375 0.5312 0.4062 0.5625 0.4062 0.5625 0.4375 0.5312 0.4375 0.5625 0.4062 0.5938 0.4062 0.5938 0.4375 0.5625 0.4375 0.4062 0.4375 0.4375 0.4375 0.4375 0.4688 0.4062 0.4688 0.4375 0.4375 0.4688 0.4375 0.4688 0.4688 0.4375 0.4688 0.4688 0.4375 0.5000 0.4375 0.5000 0.4688 0.4688 0.4688 0.5000 0.4375 0.5312 0.4375 0.5312 0.4688 0.5000 0.4688 0.5312 0.4375 0.5625 0.4375 0.5625 0.4688 0.5312 0.4688 0.5625 0.4375 0.5938 0.4375 0.5938 0.4688 0.5625 0.4688 0.3750 0.2500 0.4062 0.2500 0.4062 0.2812 0.3750 0.2812 0.4062 0.2500 0.4375 0.2500 0.4375 0.2812 0.4062 0.2812 0.4375 0.2500 0.4688 0.2500 0.4688 0.2812 0.4375 0.2812 0.4688 0.2500 0.5000 0.2500 0.5000 0.2812 0.4688 0.2812 0.5000 0.2500 0.5312 0.2500 0.5312 0.2812 0.5000 0.2812 0.5312 0.2500 0.5625 0.2500 0.5625 0.2812 0.5312 0.2812 0.5625 0.2500 0.5938 0.2500 0.5938 0.2812 0.5625 0.2812 0.5938 0.2500 0.6250 0.2500 0.6250 0.2812 0.5938 0.2812 0.5938 0.2812 0.6250 0.2812 0.6250 0.3125 0.5938 0.3125 0.5938 0.3125 0.6250 0.3125 0.6250 0.3438 0.5938 0.3438 0.5938 0.3438 0.6250 0.3438 0.6250 0.3750 0.5938 0.3750 0.5938 0.3750 0.6250 0.3750 0.6250 0.4062 0.5938 0.4062 0.5938 0.4062 0.6250 0.4062 0.6250 0.4375 0.5938 0.4375 0.5938 0.4375 0.6250 0.4375 0.6250 0.4688 0.5938 0.4688 0.5938 0.4688 0.6250 0.4688 0.6250 0.5000 0.5938 0.5000 0.5625 0.4688 0.5938 0.4688 0.5938 0.5000 0.5625 0.5000 0.5312 0.4688 0.5625 0.4688 0.5625 0.5000 0.5312 0.5000 0.5000 0.4688 0.5312 0.4688 0.5312 0.5000 0.5000 0.5000 0.4688 0.4688 0.5000 0.4688 0.5000 0.5000 0.4688 0.5000 0.4375 0.4688 0.4688 0.4688 0.4688 0.5000 0.4375 0.5000 0.4062 0.4688 0.4375 0.4688 0.4375 0.5000 0.4062 0.5000 0.3750 0.4688 0.4062 0.4688 0.4062 0.5000 0.3750 0.5000 0.3750 0.4375 0.4062 0.4375 0.4062 0.4688 0.3750 0.4688 0.3750 0.4062 0.4062 0.4062 0.4062 0.4375 0.3750 0.4375 0.3750 0.3750 0.4062 0.3750 0.4062 0.4062 0.3750 0.4062 0.3750 0.3438 0.4062 0.3438 0.4062 0.3750 0.3750 0.3750 0.3750 0.3125 0.4062 0.3125 0.4062 0.3438 0.3750 0.3438 0.3750 0.2812 0.4062 0.2812 0.4062 0.3125 0.3750 0.3125 0.4062 0.5312 0.4375 0.5312 0.4375 0.5625 0.4062 0.5625 0.4375 0.5312 0.4688 0.5312 0.4688 0.5625 0.4375 0.5625 0.4688 0.5312 0.5000 0.5312 0.5000 0.5625 0.4688 0.5625 0.5000 0.5312 0.5312 0.5312 0.5312 0.5625 0.5000 0.5625 0.5312 0.5312 0.5625 0.5312 0.5625 0.5625 0.5312 0.5625 0.5625 0.5312 0.5938 0.5312 0.5938 0.5625 0.5625 0.5625 0.4062 0.5625 0.4375 0.5625 0.4375 0.5938 0.4062 0.5938 0.4375 0.5625 0.4688 0.5625 0.4688 0.5938 0.4375 0.5938 0.4688 0.5625 0.5000 0.5625 0.5000 0.5938 0.4688 0.5938 0.5000 0.5625 0.5312 0.5625 0.5312 0.5938 0.5000 0.5938 0.5312 0.5625 0.5625 0.5625 0.5625 0.5938 0.5312 0.5938 0.5625 0.5625 0.5938 0.5625 0.5938 0.5938 0.5625 0.5938 0.4062 0.5938 0.4375 0.5938 0.4375 0.6250 0.4062 0.6250 0.4375 0.5938 0.4688 0.5938 0.4688 0.6250 0.4375 0.6250 0.4688 0.5938 0.5000 0.5938 0.5000 0.6250 0.4688 0.6250 0.5000 0.5938 0.5312 0.5938 0.5312 0.6250 0.5000 0.6250 0.5312 0.5938 0.5625 0.5938 0.5625 0.6250 0.5312 0.6250 0.5625 0.5938 0.5938 0.5938 0.5938 0.6250 0.5625 0.6250 0.4062 0.6250 0.4375 0.6250 0.4375 0.6562 0.4062 0.6562 0.4375 0.6250 0.4688 0.6250 0.4688 0.6562 0.4375 0.6562 0.4688 0.6250 0.5000 0.6250 0.5000 0.6562 0.4688 0.6562 0.5000 0.6250 0.5312 0.6250 0.5312 0.6562 0.5000 0.6562 0.5312 0.6250 0.5625 0.6250 0.5625 0.6562 0.5312 0.6562 0.5625 0.6250 0.5938 0.6250 0.5938 0.6562 0.5625 0.6562 0.4062 0.6562 0.4375 0.6562 0.4375 0.6875 0.4062 0.6875 0.4375 0.6562 0.4688 0.6562 0.4688 0.6875 0.4375 0.6875 0.4688 0.6562 0.5000 0.6562 0.5000 0.6875 0.4688 0.6875 0.5000 0.6562 0.5312 0.6562 0.5312 0.6875 0.5000 0.6875 0.5312 0.6562 0.5625 0.6562 0.5625 0.6875 0.5312 0.6875 0.5625 0.6562 0.5938 0.6562 0.5938 0.6875 0.5625 0.6875 0.4062 0.6875 0.4375 0.6875 0.4375 0.7188 0.4062 0.7188 0.4375 0.6875 0.4688 0.6875 0.4688 0.7188 0.4375 0.7188 0.4688 0.6875 0.5000 0.6875 0.5000 0.7188 0.4688 0.7188 0.5000 0.6875 0.5312 0.6875 0.5312 0.7188 0.5000 0.7188 0.5312 0.6875 0.5625 0.6875 0.5625 0.7188 0.5312 0.7188 0.5625 0.6875 0.5938 0.6875 0.5938 0.7188 0.5625 0.7188 0.3750 0.5000 0.4062 0.5000 0.4062 0.5312 0.3750 0.5312 0.4062 0.5000 0.4375 0.5000 0.4375 0.5312 0.4062 0.5312 0.4375 0.5000 0.4688 0.5000 0.4688 0.5312 0.4375 0.5312 0.4688 0.5000 0.5000 0.5000 0.5000 0.5312 0.4688 0.5312 0.5000 0.5000 0.5312 0.5000 0.5312 0.5312 0.5000 0.5312 0.5312 0.5000 0.5625 0.5000 0.5625 0.5312 0.5312 0.5312 0.5625 0.5000 0.5938 0.5000 0.5938 0.5312 0.5625 0.5312 0.5938 0.5000 0.6250 0.5000 0.6250 0.5312 0.5938 0.5312 0.5938 0.5312 0.6250 0.5312 0.6250 0.5625 0.5938 0.5625 0.5938 0.5625 0.6250 0.5625 0.6250 0.5938 0.5938 0.5938 0.5938 0.5938 0.6250 0.5938 0.6250 0.6250 0.5938 0.6250 0.5938 0.6250 0.6250 0.6250 0.6250 0.6562 0.5938 0.6562 0.5938 0.6562 0.6250 0.6562 0.6250 0.6875 0.5938 0.6875 0.5938 0.6875 0.6250 0.6875 0.6250 0.7188 0.5938 0.7188 0.5938 0.7188 0.6250 0.7188 0.6250 0.7500 0.5938 0.7500 0.5625 0.7188 0.5938 0.7188 0.5938 0.7500 0.5625 0.7500 0.5312 0.7188 0.5625 0.7188 0.5625 0.7500 0.5312 0.7500 0.5000 0.7188 0.5312 0.7188 0.5312 0.7500 0.5000 0.7500 0.4688 0.7188 0.5000 0.7188 0.5000 0.7500 0.4688 0.7500 0.4375 0.7188 0.4688 0.7188 0.4688 0.7500 0.4375 0.7500 0.4062 0.7188 0.4375 0.7188 0.4375 0.7500 0.4062 0.7500 0.3750 0.7188 0.4062 0.7188 0.4062 0.7500 0.3750 0.7500 0.3750 0.6875 0.4062 0.6875 0.4062 0.7188 0.3750 0.7188 0.3750 0.6562 0.4062 0.6562 0.4062 0.6875 0.3750 0.6875 0.3750 0.6250 0.4062 0.6250 0.4062 0.6562 0.3750 0.6562 0.3750 0.5938 0.4062 0.5938 0.4062 0.6250 0.3750 0.6250 0.3750 0.5625 0.4062 0.5625 0.4062 0.5938 0.3750 0.5938 0.3750 0.5312 0.4062 0.5312 0.4062 0.5625 0.3750 0.5625 0.4062 0.7812 0.4375 0.7812 0.4375 0.8125 0.4062 0.8125 0.4375 0.7812 0.4688 0.7812 0.4688 0.8125 0.4375 0.8125 0.4688 0.7812 0.5000 0.7812 0.5000 0.8125 0.4688 0.8125 0.5000 0.7812 0.5312 0.7812 0.5312 0.8125 0.5000 0.8125 0.5312 0.7812 0.5625 0.7812 0.5625 0.8125 0.5312 0.8125 0.5625 0.7812 0.5938 0.7812 0.5938 0.8125 0.5625 0.8125 0.4062 0.8125 0.4375 0.8125 0.4375 0.8438 0.4062 0.8438 0.4375 0.8125 0.4688 0.8125 0.4688 0.8438 0.4375 0.8438 0.4688 0.8125 0.5000 0.8125 0.5000 0.8438 0.4688 0.8438 0.5000 0.8125 0.5312 0.8125 0.5312 0.8438 0.5000 0.8438 0.5312 0.8125 0.5625 0.8125 0.5625 0.8438 0.5312 0.8438 0.5625 0.8125 0.5938 0.8125 0.5938 0.8438 0.5625 0.8438 0.4062 0.8438 0.4375 0.8438 0.4375 0.8750 0.4062 0.8750 0.4375 0.8438 0.4688 0.8438 0.4688 0.8750 0.4375 0.8750 0.4688 0.8438 0.5000 0.8438 0.5000 0.8750 0.4688 0.8750 0.5000 0.8438 0.5312 0.8438 0.5312 0.8750 0.5000 0.8750 0.5312 0.8438 0.5625 0.8438 0.5625 0.8750 0.5312 0.8750 0.5625 0.8438 0.5938 0.8438 0.5938 0.8750 0.5625 0.8750 0.4062 0.8750 0.4375 0.8750 0.4375 0.9062 0.4062 0.9062 0.4375 0.8750 0.4688 0.8750 0.4688 0.9062 0.4375 0.9062 0.4688 0.8750 0.5000 0.8750 0.5000 0.9062 0.4688 0.9062 0.5000 0.8750 0.5312 0.8750 0.5312 0.9062 0.5000 0.9062 0.5312 0.8750 0.5625 0.8750 0.5625 0.9062 0.5312 0.9062 0.5625 0.8750 0.5938 0.8750 0.5938 0.9062 0.5625 0.9062 0.4062 0.9062 0.4375 0.9062 0.4375 0.9375 0.4062 0.9375 0.4375 0.9062 0.4688 0.9062 0.4688 0.9375 0.4375 0.9375 0.4688 0.9062 0.5000 0.9062 0.5000 0.9375 0.4688 0.9375 0.5000 0.9062 0.5312 0.9062 0.5312 0.9375 0.5000 0.9375 0.5312 0.9062 0.5625 0.9062 0.5625 0.9375 0.5312 0.9375 0.5625 0.9062 0.5938 0.9062 0.5938 0.9375 0.5625 0.9375 0.4062 0.9375 0.4375 0.9375 0.4375 0.9688 0.4062 0.9688 0.4375 0.9375 0.4688 0.9375 0.4688 0.9688 0.4375 0.9688 0.4688 0.9375 0.5000 0.9375 0.5000 0.9688 0.4688 0.9688 0.5000 0.9375 0.5312 0.9375 0.5312 0.9688 0.5000 0.9688 0.5312 0.9375 0.5625 0.9375 0.5625 0.9688 0.5312 0.9688 0.5625 0.9375 0.5938 0.9375 0.5938 0.9688 0.5625 0.9688 0.3750 0.7500 0.4062 0.7500 0.4062 0.7812 0.3750 0.7812 0.4062 0.7500 0.4375 0.7500 0.4375 0.7812 0.4062 0.7812 0.4375 0.7500 0.4688 0.7500 0.4688 0.7812 0.4375 0.7812 0.4688 0.7500 0.5000 0.7500 0.5000 0.7812 0.4688 0.7812 0.5000 0.7500 0.5312 0.7500 0.5312 0.7812 0.5000 0.7812 0.5312 0.7500 0.5625 0.7500 0.5625 0.7812 0.5312 0.7812 0.5625 0.7500 0.5938 0.7500 0.5938 0.7812 0.5625 0.7812 0.5938 0.7500 0.6250 0.7500 0.6250 0.7812 0.5938 0.7812 0.5938 0.7812 0.6250 0.7812 0.6250 0.8125 0.5938 0.8125 0.5938 0.8125 0.6250 0.8125 0.6250 0.8438 0.5938 0.8438 0.5938 0.8438 0.6250 0.8438 0.6250 0.8750 0.5938 0.8750 0.5938 0.8750 0.6250 0.8750 0.6250 0.9062 0.5938 0.9062 0.5938 0.9062 0.6250 0.9062 0.6250 0.9375 0.5938 0.9375 0.5938 0.9375 0.6250 0.9375 0.6250 0.9688 0.5938 0.9688 0.5938 0.9688 0.6250 0.9688 0.6250 1.0000 0.5938 1.0000 0.5625 0.9688 0.5938 0.9688 0.5938 1.0000 0.5625 1.0000 0.5312 0.9688 0.5625 0.9688 0.5625 1.0000 0.5312 1.0000 0.5000 0.9688 0.5312 0.9688 0.5312 1.0000 0.5000 1.0000 0.4688 0.9688 0.5000 0.9688 0.5000 1.0000 0.4688 1.0000 0.4375 0.9688 0.4688 0.9688 0.4688 1.0000 0.4375 1.0000 0.4062 0.9688 0.4375 0.9688 0.4375 1.0000 0.4062 1.0000 0.3750 0.9688 0.4062 0.9688 0.4062 1.0000 0.3750 1.0000 0.3750 0.9375 0.4062 0.9375 0.4062 0.9688 0.3750 0.9688 0.3750 0.9062 0.4062 0.9062 0.4062 0.9375 0.3750 0.9375 0.3750 0.8750 0.4062 0.8750 0.4062 0.9062 0.3750 0.9062 0.3750 0.8438 0.4062 0.8438 0.4062 0.8750 0.3750 0.8750 0.3750 0.8125 0.4062 0.8125 0.4062 0.8438 0.3750 0.8438 0.3750 0.7812 0.4062 0.7812 0.4062 0.8125 0.3750 0.8125 0.1562 0.5312 0.1875 0.5312 0.1875 0.5625 0.1562 0.5625 0.1875 0.5312 0.2188 0.5312 0.2188 0.5625 0.1875 0.5625 0.2188 0.5312 0.2500 0.5312 0.2500 0.5625 0.2188 0.5625 0.2500 0.5312 0.2812 0.5312 0.2812 0.5625 0.2500 0.5625 0.2812 0.5312 0.3125 0.5312 0.3125 0.5625 0.2812 0.5625 0.3125 0.5312 0.3438 0.5312 0.3438 0.5625 0.3125 0.5625 0.1562 0.5625 0.1875 0.5625 0.1875 0.5938 0.1562 0.5938 0.1875 0.5625 0.2188 0.5625 0.2188 0.5938 0.1875 0.5938 0.2188 0.5625 0.2500 0.5625 0.2500 0.5938 0.2188 0.5938 0.2500 0.5625 0.2812 0.5625 0.2812 0.5938 0.2500 0.5938 0.2812 0.5625 0.3125 0.5625 0.3125 0.5938 0.2812 0.5938 0.3125 0.5625 0.3438 0.5625 0.3438 0.5938 0.3125 0.5938 0.1562 0.5938 0.1875 0.5938 0.1875 0.6250 0.1562 0.6250 0.1875 0.5938 0.2188 0.5938 0.2188 0.6250 0.1875 0.6250 0.2188 0.5938 0.2500 0.5938 0.2500 0.6250 0.2188 0.6250 0.2500 0.5938 0.2812 0.5938 0.2812 0.6250 0.2500 0.6250 0.2812 0.5938 0.3125 0.5938 0.3125 0.6250 0.2812 0.6250 0.3125 0.5938 0.3438 0.5938 0.3438 0.6250 0.3125 0.6250 0.1562 0.6250 0.1875 0.6250 0.1875 0.6562 0.1562 0.6562 0.1875 0.6250 0.2188 0.6250 0.2188 0.6562 0.1875 0.6562 0.2188 0.6250 0.2500 0.6250 0.2500 0.6562 0.2188 0.6562 0.2500 0.6250 0.2812 0.6250 0.2812 0.6562 0.2500 0.6562 0.2812 0.6250 0.3125 0.6250 0.3125 0.6562 0.2812 0.6562 0.3125 0.6250 0.3438 0.6250 0.3438 0.6562 0.3125 0.6562 0.1562 0.6562 0.1875 0.6562 0.1875 0.6875 0.1562 0.6875 0.1875 0.6562 0.2188 0.6562 0.2188 0.6875 0.1875 0.6875 0.2188 0.6562 0.2500 0.6562 0.2500 0.6875 0.2188 0.6875 0.2500 0.6562 0.2812 0.6562 0.2812 0.6875 0.2500 0.6875 0.2812 0.6562 0.3125 0.6562 0.3125 0.6875 0.2812 0.6875 0.3125 0.6562 0.3438 0.6562 0.3438 0.6875 0.3125 0.6875 0.1562 0.6875 0.1875 0.6875 0.1875 0.7188 0.1562 0.7188 0.1875 0.6875 0.2188 0.6875 0.2188 0.7188 0.1875 0.7188 0.2188 0.6875 0.2500 0.6875 0.2500 0.7188 0.2188 0.7188 0.2500 0.6875 0.2812 0.6875 0.2812 0.7188 0.2500 0.7188 0.2812 0.6875 0.3125 0.6875 0.3125 0.7188 0.2812 0.7188 0.3125 0.6875 0.3438 0.6875 0.3438 0.7188 0.3125 0.7188 0.1250 0.5000 0.1562 0.5000 0.1562 0.5312 0.1250 0.5312 0.1562 0.5000 0.1875 0.5000 0.1875 0.5312 0.1562 0.5312 0.1875 0.5000 0.2188 0.5000 0.2188 0.5312 0.1875 0.5312 0.2188 0.5000 0.2500 0.5000 0.2500 0.5312 0.2188 0.5312 0.2500 0.5000 0.2812 0.5000 0.2812 0.5312 0.2500 0.5312 0.2812 0.5000 0.3125 0.5000 0.3125 0.5312 0.2812 0.5312 0.3125 0.5000 0.3438 0.5000 0.3438 0.5312 0.3125 0.5312 0.3438 0.5000 0.3750 0.5000 0.3750 0.5312 0.3438 0.5312 0.3438 0.5312 0.3750 0.5312 0.3750 0.5625 0.3438 0.5625 0.3438 0.5625 0.3750 0.5625 0.3750 0.5938 0.3438 0.5938 0.3438 0.5938 0.3750 0.5938 0.3750 0.6250 0.3438 0.6250 0.3438 0.6250 0.3750 0.6250 0.3750 0.6562 0.3438 0.6562 0.3438 0.6562 0.3750 0.6562 0.3750 0.6875 0.3438 0.6875 0.3438 0.6875 0.3750 0.6875 0.3750 0.7188 0.3438 0.7188 0.3438 0.7188 0.3750 0.7188 0.3750 0.7500 0.3438 0.7500 0.3125 0.7188 0.3438 0.7188 0.3438 0.7500 0.3125 0.7500 0.2812 0.7188 0.3125 0.7188 0.3125 0.7500 0.2812 0.7500 0.2500 0.7188 0.2812 0.7188 0.2812 0.7500 0.2500 0.7500 0.2188 0.7188 0.2500 0.7188 0.2500 0.7500 0.2188 0.7500 0.1875 0.7188 0.2188 0.7188 0.2188 0.7500 0.1875 0.7500 0.1562 0.7188 0.1875 0.7188 0.1875 0.7500 0.1562 0.7500 0.1250 0.7188 0.1562 0.7188 0.1562 0.7500 0.1250 0.7500 0.1250 0.6875 0.1562 0.6875 0.1562 0.7188 0.1250 0.7188 0.1250 0.6562 0.1562 0.6562 0.1562 0.6875 0.1250 0.6875 0.1250 0.6250 0.1562 0.6250 0.1562 0.6562 0.1250 0.6562 0.1250 0.5938 0.1562 0.5938 0.1562 0.6250 0.1250 0.6250 0.1250 0.5625 0.1562 0.5625 0.1562 0.5938 0.1250 0.5938 0.1250 0.5312 0.1562 0.5312 0.1562 0.5625 0.1250 0.5625 0.6562 0.5312 0.6875 0.5312 0.6875 0.5625 0.6562 0.5625 0.6875 0.5312 0.7188 0.5312 0.7188 0.5625 0.6875 0.5625 0.7188 0.5312 0.7500 0.5312 0.7500 0.5625 0.7188 0.5625 0.7500 0.5312 0.7812 0.5312 0.7812 0.5625 0.7500 0.5625 0.7812 0.5312 0.8125 0.5312 0.8125 0.5625 0.7812 0.5625 0.8125 0.5312 0.8438 0.5312 0.8438 0.5625 0.8125 0.5625 0.6562 0.5625 0.6875 0.5625 0.6875 0.5938 0.6562 0.5938 0.6875 0.5625 0.7188 0.5625 0.7188 0.5938 0.6875 0.5938 0.7188 0.5625 0.7500 0.5625 0.7500 0.5938 0.7188 0.5938 0.7500 0.5625 0.7812 0.5625 0.7812 0.5938 0.7500 0.5938 0.7812 0.5625 0.8125 0.5625 0.8125 0.5938 0.7812 0.5938 0.8125 0.5625 0.8438 0.5625 0.8438 0.5938 0.8125 0.5938 0.6562 0.5938 0.6875 0.5938 0.6875 0.6250 0.6562 0.6250 0.6875 0.5938 0.7188 0.5938 0.7188 0.6250 0.6875 0.6250 0.7188 0.5938 0.7500 0.5938 0.7500 0.6250 0.7188 0.6250 0.7500 0.5938 0.7812 0.5938 0.7812 0.6250 0.7500 0.6250 0.7812 0.5938 0.8125 0.5938 0.8125 0.6250 0.7812 0.6250 0.8125 0.5938 0.8438 0.5938 0.8438 0.6250 0.8125 0.6250 0.6562 0.6250 0.6875 0.6250 0.6875 0.6562 0.6562 0.6562 0.6875 0.6250 0.7188 0.6250 0.7188 0.6562 0.6875 0.6562 0.7188 0.6250 0.7500 0.6250 0.7500 0.6562 0.7188 0.6562 0.7500 0.6250 0.7812 0.6250 0.7812 0.6562 0.7500 0.6562 0.7812 0.6250 0.8125 0.6250 0.8125 0.6562 0.7812 0.6562 0.8125 0.6250 0.8438 0.6250 0.8438 0.6562 0.8125 0.6562 0.6562 0.6562 0.6875 0.6562 0.6875 0.6875 0.6562 0.6875 0.6875 0.6562 0.7188 0.6562 0.7188 0.6875 0.6875 0.6875 0.7188 0.6562 0.7500 0.6562 0.7500 0.6875 0.7188 0.6875 0.7500 0.6562 0.7812 0.6562 0.7812 0.6875 0.7500 0.6875 0.7812 0.6562 0.8125 0.6562 0.8125 0.6875 0.7812 0.6875 0.8125 0.6562 0.8438 0.6562 0.8438 0.6875 0.8125 0.6875 0.6562 0.6875 0.6875 0.6875 0.6875 0.7188 0.6562 0.7188 0.6875 0.6875 0.7188 0.6875 0.7188 0.7188 0.6875 0.7188 0.7188 0.6875 0.7500 0.6875 0.7500 0.7188 0.7188 0.7188 0.7500 0.6875 0.7812 0.6875 0.7812 0.7188 0.7500 0.7188 0.7812 0.6875 0.8125 0.6875 0.8125 0.7188 0.7812 0.7188 0.8125 0.6875 0.8438 0.6875 0.8438 0.7188 0.8125 0.7188 0.6250 0.5000 0.6562 0.5000 0.6562 0.5312 0.6250 0.5312 0.6562 0.5000 0.6875 0.5000 0.6875 0.5312 0.6562 0.5312 0.6875 0.5000 0.7188 0.5000 0.7188 0.5312 0.6875 0.5312 0.7188 0.5000 0.7500 0.5000 0.7500 0.5312 0.7188 0.5312 0.7500 0.5000 0.7812 0.5000 0.7812 0.5312 0.7500 0.5312 0.7812 0.5000 0.8125 0.5000 0.8125 0.5312 0.7812 0.5312 0.8125 0.5000 0.8438 0.5000 0.8438 0.5312 0.8125 0.5312 0.8438 0.5000 0.8750 0.5000 0.8750 0.5312 0.8438 0.5312 0.8438 0.5312 0.8750 0.5312 0.8750 0.5625 0.8438 0.5625 0.8438 0.5625 0.8750 0.5625 0.8750 0.5938 0.8438 0.5938 0.8438 0.5938 0.8750 0.5938 0.8750 0.6250 0.8438 0.6250 0.8438 0.6250 0.8750 0.6250 0.8750 0.6562 0.8438 0.6562 0.8438 0.6562 0.8750 0.6562 0.8750 0.6875 0.8438 0.6875 0.8438 0.6875 0.8750 0.6875 0.8750 0.7188 0.8438 0.7188 0.8438 0.7188 0.8750 0.7188 0.8750 0.7500 0.8438 0.7500 0.8125 0.7188 0.8438 0.7188 0.8438 0.7500 0.8125 0.7500 0.7812 0.7188 0.8125 0.7188 0.8125 0.7500 0.7812 0.7500 0.7500 0.7188 0.7812 0.7188 0.7812 0.7500 0.7500 0.7500 0.7188 0.7188 0.7500 0.7188 0.7500 0.7500 0.7188 0.7500 0.6875 0.7188 0.7188 0.7188 0.7188 0.7500 0.6875 0.7500 0.6562 0.7188 0.6875 0.7188 0.6875 0.7500 0.6562 0.7500 0.6250 0.7188 0.6562 0.7188 0.6562 0.7500 0.6250 0.7500 0.6250 0.6875 0.6562 0.6875 0.6562 0.7188 0.6250 0.7188 0.6250 0.6562 0.6562 0.6562 0.6562 0.6875 0.6250 0.6875 0.6250 0.6250 0.6562 0.6250 0.6562 0.6562 0.6250 0.6562 0.6250 0.5938 0.6562 0.5938 0.6562 0.6250 0.6250 0.6250 0.6250 0.5625 0.6562 0.5625 0.6562 0.5938 0.6250 0.5938 0.6250 0.5312 0.6562 0.5312 0.6562 0.5625 0.6250 0.5625 " />
						</IndexedFaceSet>
					</Shape>
				</Group>
			</Transform>
		</Transform>
		<Transform DEF="Shape_IndexedFaceSet_006_TRANSFORM"
		           translation="0.000000 0.000000 0.000000"
		           scale="1.000000 1.000000 1.000000"
		           rotation="-0.000000 0.000000 0.000000 0.000000"
		           >
			<Transform DEF="Shape_IndexedFaceSet_006_ifs_TRANSFORM"
			           translation="0.000000 0.000000 0.000000"
			           scale="1.000000 1.000000 1.000000"
			           rotation="0.000000 1.000000 0.000000 0.000000"
			           >
				<Group DEF="group_ME_Shape_IndexedFaceSet_006">
					<Shape>
						<Appearance>
							<Material USE="MA_MA_Material_001" />
						</Appearance>
						<IndexedFaceSet solid="false"
						                texCoordIndex="0 1 2 3 -1 4 5 6 7 -1 8 9 10 11 -1 12 13 14 15 -1 16 17 18 19 -1 20 21 22 23 -1 24 25 26 27 -1 28 29 30 31 -1 32 33 34 35 -1 36 37 38 39 -1 40 41 42 43 -1 44 45 46 47 -1 48 49 50 51 -1 52 53 54 55 -1 56 57 58 59 -1 60 61 62 63 -1 64 65 66 67 -1 68 69 70 71 -1 72 73 74 75 -1 76 77 78 79 -1 80 81 82 83 -1 84 85 86 87 -1 88 89 90 91 -1 92 93 94 95 -1 96 97 98 99 -1 100 101 102 103 -1 104 105 106 107 -1 108 109 110 111 -1 112 113 114 115 -1 116 117 118 119 -1 120 121 122 123 -1 124 125 126 127 -1 128 129 130 131 -1 132 133 134 135 -1 136 137 138 139 -1 140 141 142 143 -1 144 145 146 147 -1 148 149 150 151 -1 152 153 154 155 -1 156 157 158 159 -1 160 161 162 163 -1 164 165 166 167 -1 168 169 170 171 -1 172 173 174 175 -1 176 177 178 179 -1 180 181 182 183 -1 184 185 186 187 -1 188 189 190 191 -1 192 193 194 195 -1 196 197 198 199 -1 200 201 202 203 -1 204 205 206 207 -1 208 209 210 211 -1 212 213 214 215 -1 216 217 218 219 -1 220 221 222 223 -1 224 225 226 227 -1 228 229 230 231 -1 232 233 234 235 -1 236 237 238 239 -1 240 241 242 243 -1 244 245 246 247 -1 248 249 250 251 -1 252 253 254 255 -1 256 257 258 259 -1 260 261 262 263 -1 264 265 266 267 -1 268 269 270 271 -1 272 273 274 275 -1 276 277 278 279 -1 280 281 282 283 -1 284 285 286 287 -1 288 289 290 291 -1 292 293 294 295 -1 296 297 298 299 -1 300 301 302 303 -1 304 305 306 307 -1 308 309 310 311 -1 312 313 314 315 -1 316 317 318 319 -1 320 321 322 323 -1 324 325 326 327 -1 328 329 330 331 -1 332 333 334 335 -1 336 337 338 339 -1 340 341 342 343 -1 344 345 346 347 -1 348 349 350 351 -1 352 353 354 355 -1 356 357 358 359 -1 360 361 362 363 -1 364 365 366 367 -1 368 369 370 371 -1 372 373 374 375 -1 376 377 378 379 -1 380 381 382 383 -1 384 385 386 387 -1 388 389 390 391 -1 392 393 394 395 -1 396 397 398 399 -1 400 401 402 403 -1 404 405 406 407 -1 408 409 410 411 -1 412 413 414 415 -1 416 417 418 419 -1 420 421 422 423 -1 424 425 426 427 -1 428 429 430 431 -1 432 433 434 435 -1 436 437 438 439 -1 440 441 442 443 -1 444 445 446 447 -1 448 449 450 451 -1 452 453 454 455 -1 456 457 458 459 -1 460 461 462 463 -1 464 465 466 467 -1 468 469 470 471 -1 472 473 474 475 -1 476 477 478 479 -1 480 481 482 483 -1 484 485 486 487 -1 488 489 490 491 -1 492 493 494 495 -1 496 497 498 499 -1 500 501 502 503 -1 504 505 506 507 -1 508 509 510 511 -1 512 513 514 515 -1 516 517 518 519 -1 520 521 522 523 -1 524 525 526 527 -1 528 529 530 531 -1 532 533 534 535 -1 536 537 538 539 -1 540 541 542 543 -1 544 545 546 547 -1 548 549 550 551 -1 552 553 554 555 -1 556 557 558 559 -1 560 561 562 563 -1 564 565 566 567 -1 568 569 570 571 -1 572 573 574 575 -1 576 577 578 579 -1 580 581 582 583 -1 584 585 586 587 -1 588 589 590 591 -1 592 593 594 595 -1 596 597 598 599 -1 600 601 602 603 -1 604 605 606 607 -1 608 609 610 611 -1 612 613 614 615 -1 616 617 618 619 -1 620 621 622 623 -1 624 625 626 627 -1 628 629 630 631 -1 632 633 634 635 -1 636 637 638 639 -1 640 641 642 643 -1 644 645 646 647 -1 648 649 650 651 -1 652 653 654 655 -1 656 657 658 659 -1 660 661 662 663 -1 664 665 666 667 -1 668 669 670 671 -1 672 673 674 675 -1 676 677 678 679 -1 680 681 682 683 -1 684 685 686 687 -1 688 689 690 691 -1 692 693 694 695 -1 696 697 698 699 -1 700 701 702 703 -1 704 705 706 707 -1 708 709 710 711 -1 712 713 714 715 -1 716 717 718 719 -1 720 721 722 723 -1 724 725 726 727 -1 728 729 730 731 -1 732 733 734 735 -1 736 737 738 739 -1 740 741 742 743 -1 744 745 746 747 -1 748 749 750 751 -1 752 753 754 755 -1 756 757 758 759 -1 760 761 762 763 -1 764 765 766 767 -1 768 769 770 771 -1 772 773 774 775 -1 776 777 778 779 -1 780 781 782 783 -1 784 785 786 787 -1 788 789 790 791 -1 792 793 794 795 -1 796 797 798 799 -1 800 801 802 803 -1 804 805 806 807 -1 808 809 810 811 -1 812 813 814 815 -1 816 817 818 819 -1 820 821 822 823 -1 824 825 826 827 -1 828 829 830 831 -1 832 833 834 835 -1 836 837 838 839 -1 840 841 842 843 -1 844 845 846 847 -1 848 849 850 851 -1 852 853 854 855 -1 856 857 858 859 -1 860 861 862 863 -1 864 865 866 867 -1 868 869 870 871 -1 872 873 874 875 -1 876 877 878 879 -1 880 881 882 883 -1 884 885 886 887 -1 888 889 890 891 -1 892 893 894 895 -1 896 897 898 899 -1 900 901 902 903 -1 904 905 906 907 -1 908 909 910 911 -1 912 913 914 915 -1 916 917 918 919 -1 920 921 922 923 -1 924 925 926 927 -1 928 929 930 931 -1 932 933 934 935 -1 936 937 938 939 -1 940 941 942 943 -1 944 945 946 947 -1 948 949 950 951 -1 952 953 954 955 -1 956 957 958 959 -1 960 961 962 963 -1 964 965 966 967 -1 968 969 970 971 -1 972 973 974 975 -1 976 977 978 979 -1 980 981 982 983 -1 984 985 986 987 -1 988 989 990 991 -1 992 993 994 995 -1 996 997 998 999 -1 1000 1001 1002 1003 -1 1004 1005 1006 1007 -1 1008 1009 1010 1011 -1 1012 1013 1014 1015 -1 1016 1017 1018 1019 -1 1020 1021 1022 1023 -1 1024 1025 1026 1027 -1 1028 1029 1030 1031 -1 1032 1033 1034 1035 -1 1036 1037 1038 1039 -1 1040 1041 1042 1043 -1 1044 1045 1046 1047 -1 1048 1049 1050 1051 -1 1052 1053 1054 1055 -1 1056 1057 1058 1059 -1 1060 1061 1062 1063 -1 1064 1065 1066 1067 -1 1068 1069 1070 1071 -1 1072 1073 1074 1075 -1 1076 1077 1078 1079 -1 1080 1081 1082 1083 -1 1084 1085 1086 1087 -1 1088 1089 1090 1091 -1 1092 1093 1094 1095 -1 1096 1097 1098 1099 -1 1100 1101 1102 1103 -1 1104 1105 1106 1107 -1 1108 1109 1110 1111 -1 1112 1113 1114 1115 -1 1116 1117 1118 1119 -1 1120 1121 1122 1123 -1 1124 1125 1126 1127 -1 1128 1129 1130 1131 -1 1132 1133 1134 1135 -1 1136 1137 1138 1139 -1 1140 1141 1142 1143 -1 1144 1145 1146 1147 -1 1148 1149 1150 1151 -1 1152 1153 1154 1155 -1 1156 1157 1158 1159 -1 1160 1161 1162 1163 -1 1164 1165 1166 1167 -1 1168 1169 1170 1171 -1 1172 1173 1174 1175 -1 1176 1177 1178 1179 -1 1180 1181 1182 1183 -1 1184 1185 1186 1187 -1 1188 1189 1190 1191 -1 1192 1193 1194 1195 -1 1196 1197 1198 1199 -1 1200 1201 1202 1203 -1 1204 1205 1206 1207 -1 1208 1209 1210 1211 -1 1212 1213 1214 1215 -1 1216 1217 1218 1219 -1 1220 1221 1222 1223 -1 1224 1225 1226 1227 -1 1228 1229 1230 1231 -1 1232 1233 1234 1235 -1 1236 1237 1238 1239 -1 1240 1241 1242 1243 -1 1244 1245 1246 1247 -1 1248 1249 1250 1251 -1 1252 1253 1254 1255 -1 1256 1257 1258 1259 -1 1260 1261 1262 1263 -1 1264 1265 1266 1267 -1 1268 1269 1270 1271 -1 1272 1273 1274 1275 -1 1276 1277 1278 1279 -1 1280 1281 1282 1283 -1 1284 1285 1286 1287 -1 1288 1289 1290 1291 -1 1292 1293 1294 1295 -1 1296 1297 1298 1299 -1 1300 1301 1302 1303 -1 1304 1305 1306 1307 -1 1308 1309 1310 1311 -1 1312 1313 1314 1315 -1 1316 1317 1318 1319 -1 1320 1321 1322 1323 -1 1324 1325 1326 1327 -1 1328 1329 1330 1331 -1 1332 1333 1334 1335 -1 1336 1337 1338 1339 -1 1340 1341 1342 1343 -1 1344 1345 1346 1347 -1 1348 1349 1350 1351 -1 1352 1353 1354 1355 -1 1356 1357 1358 1359 -1 1360 1361 1362 1363 -1 1364 1365 1366 1367 -1 1368 1369 1370 1371 -1 1372 1373 1374 1375 -1 1376 1377 1378 1379 -1 1380 1381 1382 1383 -1 1384 1385 1386 1387 -1 1388 1389 1390 1391 -1 1392 1393 1394 1395 -1 1396 1397 1398 1399 -1 1400 1401 1402 1403 -1 1404 1405 1406 1407 -1 1408 1409 1410 1411 -1 1412 1413 1414 1415 -1 1416 1417 1418 1419 -1 1420 1421 1422 1423 -1 1424 1425 1426 1427 -1 1428 1429 1430 1431 -1 1432 1433 1434 1435 -1 1436 1437 1438 1439 -1 1440 1441 1442 1443 -1 1444 1445 1446 1447 -1 1448 1449 1450 1451 -1 1452 1453 1454 1455 -1 1456 1457 1458 1459 -1 1460 1461 1462 1463 -1 1464 1465 1466 1467 -1 1468 1469 1470 1471 -1 1472 1473 1474 1475 -1 1476 1477 1478 1479 -1 1480 1481 1482 1483 -1 1484 1485 1486 1487 -1 1488 1489 1490 1491 -1 1492 1493 1494 1495 -1 1496 1497 1498 1499 -1 1500 1501 1502 1503 -1 1504 1505 1506 1507 -1 1508 1509 1510 1511 -1 1512 1513 1514 1515 -1 1516 1517 1518 1519 -1 1520 1521 1522 1523 -1 1524 1525 1526 1527 -1 1528 1529 1530 1531 -1 1532 1533 1534 1535 -1 "
						                coordIndex="92 93 100 99 -1 93 94 101 100 -1 94 95 102 101 -1 95 96 103 102 -1 96 97 104 103 -1 97 98 105 104 -1 99 100 107 106 -1 100 101 108 107 -1 101 102 109 108 -1 102 103 110 109 -1 103 104 111 110 -1 104 105 112 111 -1 106 107 114 113 -1 107 108 115 114 -1 108 109 116 115 -1 109 110 117 116 -1 110 111 118 117 -1 111 112 119 118 -1 113 114 121 120 -1 114 115 122 121 -1 115 116 123 122 -1 116 117 124 123 -1 117 118 125 124 -1 118 119 126 125 -1 120 121 128 127 -1 121 122 129 128 -1 122 123 130 129 -1 123 124 131 130 -1 124 125 132 131 -1 125 126 133 132 -1 127 128 135 134 -1 128 129 136 135 -1 129 130 137 136 -1 130 131 138 137 -1 131 132 139 138 -1 132 133 140 139 -1 0 15 92 14 -1 15 16 93 92 -1 16 17 94 93 -1 17 18 95 94 -1 18 19 96 95 -1 19 20 97 96 -1 20 21 98 97 -1 21 1 22 98 -1 98 22 23 105 -1 105 23 24 112 -1 112 24 25 119 -1 119 25 26 126 -1 126 26 27 133 -1 133 27 28 140 -1 140 28 3 29 -1 139 140 29 30 -1 138 139 30 31 -1 137 138 31 32 -1 136 137 32 33 -1 135 136 33 34 -1 134 135 34 35 -1 8 134 35 2 -1 9 127 134 8 -1 10 120 127 9 -1 11 113 120 10 -1 12 106 113 11 -1 13 99 106 12 -1 14 92 99 13 -1 141 142 149 148 -1 142 143 150 149 -1 143 144 151 150 -1 144 145 152 151 -1 145 146 153 152 -1 146 147 154 153 -1 148 149 156 155 -1 149 150 157 156 -1 150 151 158 157 -1 151 152 159 158 -1 152 153 160 159 -1 153 154 161 160 -1 155 156 163 162 -1 156 157 164 163 -1 157 158 165 164 -1 158 159 166 165 -1 159 160 167 166 -1 160 161 168 167 -1 162 163 170 169 -1 163 164 171 170 -1 164 165 172 171 -1 165 166 173 172 -1 166 167 174 173 -1 167 168 175 174 -1 169 170 177 176 -1 170 171 178 177 -1 171 172 179 178 -1 172 173 180 179 -1 173 174 181 180 -1 174 175 182 181 -1 176 177 184 183 -1 177 178 185 184 -1 178 179 186 185 -1 179 180 187 186 -1 180 181 188 187 -1 181 182 189 188 -1 2 35 141 42 -1 35 34 142 141 -1 34 33 143 142 -1 33 32 144 143 -1 32 31 145 144 -1 31 30 146 145 -1 30 29 147 146 -1 29 3 43 147 -1 147 43 44 154 -1 154 44 45 161 -1 161 45 46 168 -1 168 46 47 175 -1 175 47 48 182 -1 182 48 49 189 -1 189 49 7 50 -1 188 189 50 51 -1 187 188 51 52 -1 186 187 52 53 -1 185 186 53 54 -1 184 185 54 55 -1 183 184 55 56 -1 36 183 56 6 -1 37 176 183 36 -1 38 169 176 37 -1 39 162 169 38 -1 40 155 162 39 -1 41 148 155 40 -1 42 141 148 41 -1 190 191 198 197 -1 191 192 199 198 -1 192 193 200 199 -1 193 194 201 200 -1 194 195 202 201 -1 195 196 203 202 -1 197 198 205 204 -1 198 199 206 205 -1 199 200 207 206 -1 200 201 208 207 -1 201 202 209 208 -1 202 203 210 209 -1 204 205 212 211 -1 205 206 213 212 -1 206 207 214 213 -1 207 208 215 214 -1 208 209 216 215 -1 209 210 217 216 -1 211 212 219 218 -1 212 213 220 219 -1 213 214 221 220 -1 214 215 222 221 -1 215 216 223 222 -1 216 217 224 223 -1 218 219 226 225 -1 219 220 227 226 -1 220 221 228 227 -1 221 222 229 228 -1 222 223 230 229 -1 223 224 231 230 -1 225 226 233 232 -1 226 227 234 233 -1 227 228 235 234 -1 228 229 236 235 -1 229 230 237 236 -1 230 231 238 237 -1 6 56 190 63 -1 56 55 191 190 -1 55 54 192 191 -1 54 53 193 192 -1 53 52 194 193 -1 52 51 195 194 -1 51 50 196 195 -1 50 7 64 196 -1 196 64 65 203 -1 203 65 66 210 -1 210 66 67 217 -1 217 67 68 224 -1 224 68 69 231 -1 231 69 70 238 -1 238 70 5 71 -1 237 238 71 72 -1 236 237 72 73 -1 235 236 73 74 -1 234 235 74 75 -1 233 234 75 76 -1 232 233 76 77 -1 57 232 77 4 -1 58 225 232 57 -1 59 218 225 58 -1 60 211 218 59 -1 61 204 211 60 -1 62 197 204 61 -1 63 190 197 62 -1 239 240 247 246 -1 240 241 248 247 -1 241 242 249 248 -1 242 243 250 249 -1 243 244 251 250 -1 244 245 252 251 -1 246 247 254 253 -1 247 248 255 254 -1 248 249 256 255 -1 249 250 257 256 -1 250 251 258 257 -1 251 252 259 258 -1 253 254 261 260 -1 254 255 262 261 -1 255 256 263 262 -1 256 257 264 263 -1 257 258 265 264 -1 258 259 266 265 -1 260 261 268 267 -1 261 262 269 268 -1 262 263 270 269 -1 263 264 271 270 -1 264 265 272 271 -1 265 266 273 272 -1 267 268 275 274 -1 268 269 276 275 -1 269 270 277 276 -1 270 271 278 277 -1 271 272 279 278 -1 272 273 280 279 -1 274 275 282 281 -1 275 276 283 282 -1 276 277 284 283 -1 277 278 285 284 -1 278 279 286 285 -1 279 280 287 286 -1 4 77 239 84 -1 77 76 240 239 -1 76 75 241 240 -1 75 74 242 241 -1 74 73 243 242 -1 73 72 244 243 -1 72 71 245 244 -1 71 5 85 245 -1 245 85 86 252 -1 252 86 87 259 -1 259 87 88 266 -1 266 88 89 273 -1 273 89 90 280 -1 280 90 91 287 -1 287 91 1 21 -1 286 287 21 20 -1 285 286 20 19 -1 284 285 19 18 -1 283 284 18 17 -1 282 283 17 16 -1 281 282 16 15 -1 78 281 15 0 -1 79 274 281 78 -1 80 267 274 79 -1 81 260 267 80 -1 82 253 260 81 -1 83 246 253 82 -1 84 239 246 83 -1 288 289 296 295 -1 289 290 297 296 -1 290 291 298 297 -1 291 292 299 298 -1 292 293 300 299 -1 293 294 301 300 -1 295 296 303 302 -1 296 297 304 303 -1 297 298 305 304 -1 298 299 306 305 -1 299 300 307 306 -1 300 301 308 307 -1 302 303 310 309 -1 303 304 311 310 -1 304 305 312 311 -1 305 306 313 312 -1 306 307 314 313 -1 307 308 315 314 -1 309 310 317 316 -1 310 311 318 317 -1 311 312 319 318 -1 312 313 320 319 -1 313 314 321 320 -1 314 315 322 321 -1 316 317 324 323 -1 317 318 325 324 -1 318 319 326 325 -1 319 320 327 326 -1 320 321 328 327 -1 321 322 329 328 -1 323 324 331 330 -1 324 325 332 331 -1 325 326 333 332 -1 326 327 334 333 -1 327 328 335 334 -1 328 329 336 335 -1 2 42 288 8 -1 42 41 289 288 -1 41 40 290 289 -1 40 39 291 290 -1 39 38 292 291 -1 38 37 293 292 -1 37 36 294 293 -1 36 6 63 294 -1 294 63 62 301 -1 301 62 61 308 -1 308 61 60 315 -1 315 60 59 322 -1 322 59 58 329 -1 329 58 57 336 -1 336 57 4 84 -1 335 336 84 83 -1 334 335 83 82 -1 333 334 82 81 -1 332 333 81 80 -1 331 332 80 79 -1 330 331 79 78 -1 14 330 78 0 -1 13 323 330 14 -1 12 316 323 13 -1 11 309 316 12 -1 10 302 309 11 -1 9 295 302 10 -1 8 288 295 9 -1 337 338 345 344 -1 338 339 346 345 -1 339 340 347 346 -1 340 341 348 347 -1 341 342 349 348 -1 342 343 350 349 -1 344 345 352 351 -1 345 346 353 352 -1 346 347 354 353 -1 347 348 355 354 -1 348 349 356 355 -1 349 350 357 356 -1 351 352 359 358 -1 352 353 360 359 -1 353 354 361 360 -1 354 355 362 361 -1 355 356 363 362 -1 356 357 364 363 -1 358 359 366 365 -1 359 360 367 366 -1 360 361 368 367 -1 361 362 369 368 -1 362 363 370 369 -1 363 364 371 370 -1 365 366 373 372 -1 366 367 374 373 -1 367 368 375 374 -1 368 369 376 375 -1 369 370 377 376 -1 370 371 378 377 -1 372 373 380 379 -1 373 374 381 380 -1 374 375 382 381 -1 375 376 383 382 -1 376 377 384 383 -1 377 378 385 384 -1 7 49 337 64 -1 49 48 338 337 -1 48 47 339 338 -1 47 46 340 339 -1 46 45 341 340 -1 45 44 342 341 -1 44 43 343 342 -1 43 3 28 343 -1 343 28 27 350 -1 350 27 26 357 -1 357 26 25 364 -1 364 25 24 371 -1 371 24 23 378 -1 378 23 22 385 -1 385 22 1 91 -1 384 385 91 90 -1 383 384 90 89 -1 382 383 89 88 -1 381 382 88 87 -1 380 381 87 86 -1 379 380 86 85 -1 70 379 85 5 -1 69 372 379 70 -1 68 365 372 69 -1 67 358 365 68 -1 66 351 358 67 -1 65 344 351 66 -1 64 337 344 65 -1 "
						                >
							<Coordinate DEF="coords_ME_Shape_IndexedFaceSet_006"
							            point="1.364216 -2.882454 -0.839511 1.536312 -2.273335 -0.839511 1.351320 -2.776822 -1.532923 1.424078 -2.014586 -1.532923 2.156179 -3.024899 -0.839511 2.340385 -2.510740 -0.839511 1.970401 -2.824303 -1.532923 2.055269 -2.157031 -1.532923 1.325969 -2.809612 -1.476653 1.297385 -2.847260 -1.391918 1.276132 -2.878407 -1.292587 1.267631 -2.898904 -1.186217 1.275437 -2.906575 -1.079847 1.298070 -2.903583 -0.980516 1.331714 -2.893491 -0.895782 1.349416 -2.831043 -0.815160 1.339541 -2.754581 -0.788939 1.342566 -2.666070 -0.770422 1.361411 -2.572504 -0.763535 1.396855 -2.480185 -0.770422 1.443877 -2.394678 -0.788939 1.495201 -2.321864 -0.815160 1.505469 -2.220958 -0.895782 1.468794 -2.154902 -0.980516 1.436970 -2.092911 -1.079847 1.414400 -2.043479 -1.186217 1.403793 -2.012533 -1.292587 1.404088 -1.999898 -1.391918 1.412818 -2.003125 -1.476653 1.395116 -2.065573 -1.557274 1.362617 -2.148900 -1.583496 1.336664 -2.253039 -1.602012 1.320619 -2.369881 -1.608899 1.316246 -2.491134 -1.602012 1.322301 -2.607482 -1.583496 1.336237 -2.708706 -1.557275 1.913410 -2.840293 -1.557274 1.831975 -2.857533 -1.583496 1.740678 -2.868627 -1.602012 1.646093 -2.869424 -1.608899 1.553904 -2.857305 -1.602012 1.469409 -2.834224 -1.583496 1.398244 -2.804048 -1.557275 1.471361 -1.988406 -1.557275 1.542921 -1.964736 -1.583496 1.628099 -1.955787 -1.602012 1.721788 -1.966616 -1.608899 1.819002 -1.999490 -1.602012 1.913292 -2.049248 -1.583496 1.997122 -2.107733 -1.557274 2.059128 -2.203073 -1.557275 2.060400 -2.275989 -1.583496 2.056659 -2.365661 -1.602012 2.047262 -2.466161 -1.608899 2.032112 -2.571374 -1.602012 2.012280 -2.673369 -1.583496 1.989655 -2.763126 -1.557275 2.161689 -3.030990 -0.895782 2.160642 -3.030671 -0.980516 2.148798 -3.019197 -1.079847 2.125272 -2.995185 -1.186217 2.090544 -2.958647 -1.292587 2.048537 -2.913146 -1.391918 2.004696 -2.864032 -1.476653 2.105953 -2.170523 -1.476653 2.172260 -2.199254 -1.391918 2.237180 -2.241570 -1.292587 2.291777 -2.294514 -1.186217 2.329306 -2.354328 -1.079847 2.348386 -2.415457 -0.980516 2.349852 -2.471436 -0.895782 2.364893 -2.572341 -0.815160 2.384643 -2.655234 -0.788938 2.387738 -2.741601 -0.770422 2.369788 -2.823539 -0.763535 2.329319 -2.895106 -0.770422 2.272501 -2.953935 -0.788939 2.208514 -2.998441 -0.815160 1.423000 -2.917229 -0.815160 1.514632 -2.959195 -0.788938 1.625303 -2.996596 -0.770422 1.746810 -3.024665 -0.763535 1.871026 -3.040298 -0.770422 1.988618 -3.043707 -0.788938 2.089414 -3.036554 -0.815160 2.291309 -2.486155 -0.815160 2.209552 -2.450620 -0.788938 2.105000 -2.411074 -0.770422 1.984389 -2.371377 -0.763535 1.855148 -2.334992 -0.770422 1.727761 -2.304906 -0.788939 1.614300 -2.283751 -0.815160 1.288627 -2.819473 -0.886830 1.265988 -2.731525 -0.870505 1.261840 -2.633756 -0.857262 1.277025 -2.532228 -0.852001 1.311881 -2.433337 -0.857262 1.363069 -2.343479 -0.870505 1.427138 -2.269532 -0.886830 1.245584 -2.816197 -0.976125 1.215535 -2.715922 -0.966990 1.206891 -2.607488 -0.958730 1.219655 -2.496569 -0.955213 1.253701 -2.389189 -0.958730 1.307335 -2.291842 -0.966990 1.378943 -2.211286 -0.976125 1.219754 -2.811267 -1.077982 1.186773 -2.702047 -1.073943 1.176022 -2.584757 -1.070014 1.187160 -2.465360 -1.068257 1.219754 -2.349946 -1.070014 1.272877 -2.244989 -1.073943 1.345534 -2.157087 -1.077982 1.212169 -2.799860 -1.186217 1.179028 -2.685861 -1.186217 1.167629 -2.563268 -1.186217 1.177397 -2.438438 -1.186217 1.207719 -2.317723 -1.186217 1.257849 -2.207448 -1.186217 1.327004 -2.113926 -1.186217 1.223156 -2.779438 -1.294453 1.191375 -2.664962 -1.298491 1.179957 -2.541493 -1.302421 1.188188 -2.415631 -1.304177 1.215383 -2.293880 -1.302421 1.260832 -2.182245 -1.298491 1.323839 -2.086574 -1.294453 1.249572 -2.752759 -1.396309 1.221142 -2.641804 -1.405445 1.210550 -2.520762 -1.413705 1.217222 -2.396739 -1.417221 1.240714 -2.276804 -1.413705 1.280137 -2.167157 -1.405445 1.334654 -2.073436 -1.396309 1.287747 -2.725199 -1.485604 1.265446 -2.620565 -1.501929 1.256810 -2.503188 -1.515172 1.262148 -2.381558 -1.520434 1.281753 -2.264084 -1.515172 1.314250 -2.158108 -1.501929 1.358007 -2.070055 -1.485604 1.396926 -2.715374 -1.609519 1.390025 -2.607081 -1.646735 1.386533 -2.486294 -1.670237 1.390392 -2.361673 -1.678505 1.403640 -2.241966 -1.670237 1.424635 -2.135159 -1.646735 1.449894 -2.048703 -1.609519 1.470150 -2.732861 -1.646735 1.467234 -2.615023 -1.691708 1.465871 -2.487403 -1.719065 1.469641 -2.357602 -1.728347 1.480875 -2.233339 -1.719065 1.498541 -2.121917 -1.691708 1.520421 -2.030329 -1.646735 1.553754 -2.749313 -1.670237 1.552423 -2.625279 -1.719065 1.552568 -2.492528 -1.748479 1.556643 -2.358501 -1.758326 1.566553 -2.230620 -1.748479 1.582213 -2.116117 -1.719065 1.602994 -2.022154 -1.670237 1.644049 -2.759588 -1.678505 1.643294 -2.633953 -1.728347 1.644834 -2.500000 -1.758326 1.649678 -2.365211 -1.768341 1.658827 -2.237056 -1.758326 1.673252 -2.122962 -1.728347 1.693917 -2.030344 -1.678505 1.736996 -2.761259 -1.670237 1.737307 -2.638989 -1.719065 1.740833 -2.508988 -1.748479 1.747018 -2.378553 -1.758326 1.755831 -2.255020 -1.748479 1.769127 -2.145741 -1.719065 1.789295 -2.058091 -1.670237 1.828257 -2.757574 -1.646735 1.831752 -2.643588 -1.691708 1.838645 -2.521768 -1.719065 1.846905 -2.399312 -1.728347 1.855679 -2.283617 -1.719065 1.867058 -2.181844 -1.691708 1.884413 -2.101192 -1.646735 1.913561 -2.754304 -1.609519 1.924043 -2.652742 -1.646735 1.936350 -2.541447 -1.670237 1.947574 -2.428258 -1.678505 1.956516 -2.321112 -1.670237 1.964538 -2.226971 -1.646735 1.974849 -2.152880 -1.609519 2.056303 -2.796214 -1.485604 2.094691 -2.710268 -1.501929 2.123792 -2.613518 -1.515172 2.143754 -2.513087 -1.520434 2.153971 -2.415470 -1.515172 2.153322 -2.324864 -1.501929 2.139684 -2.243968 -1.485604 2.116818 -2.842461 -1.396309 2.169341 -2.757838 -1.405445 2.207938 -2.664081 -1.413705 2.233039 -2.566277 -1.417221 2.244340 -2.469043 -1.413705 2.240023 -2.374837 -1.405444 2.217451 -2.285084 -1.396309 2.170512 -2.889767 -1.294453 2.233934 -2.808280 -1.298491 2.280732 -2.717872 -1.302421 2.310655 -2.622269 -1.304177 2.323125 -2.524883 -1.302421 2.316434 -2.427846 -1.298491 2.288539 -2.332906 -1.294453 2.213517 -2.931388 -1.186217 2.284907 -2.855398 -1.186217 2.338198 -2.769907 -1.186217 2.372143 -2.677603 -1.186217 2.385534 -2.581185 -1.186217 2.377296 -2.483377 -1.186217 2.346390 -2.386909 -1.186217 2.241851 -2.962652 -1.077982 2.318395 -2.894286 -1.073943 2.376244 -2.815763 -1.070014 2.413076 -2.728822 -1.068257 2.426943 -2.635575 -1.070014 2.417542 -2.539511 -1.073943 2.384975 -2.444475 -1.077982 2.253114 -2.982955 -0.976125 2.330580 -2.923602 -0.966990 2.390488 -2.853088 -0.958730 2.429165 -2.772500 -0.955213 2.443537 -2.683712 -0.958730 2.434067 -2.591168 -0.966990 2.402024 -2.499991 -0.976125 2.244510 -2.993386 -0.886830 2.317243 -2.943174 -0.870505 2.376419 -2.880089 -0.857262 2.416153 -2.805212 -0.852001 2.431695 -2.720726 -0.857262 2.424151 -2.632185 -0.870505 2.396144 -2.546342 -0.886830 2.135331 -3.003211 -0.762916 2.192664 -2.956659 -0.725699 2.246695 -2.896983 -0.702197 2.287909 -2.825096 -0.693930 2.309808 -2.742843 -0.702197 2.313766 -2.655131 -0.725699 2.304257 -2.567694 -0.762916 2.032535 -3.002853 -0.725699 2.084488 -2.950383 -0.680726 2.135168 -2.886448 -0.653370 2.176746 -2.811637 -0.644087 2.203376 -2.727177 -0.653370 2.215663 -2.636407 -0.680726 2.216257 -2.543097 -0.725699 1.911252 -2.992776 -0.702197 1.957347 -2.933969 -0.653370 2.003633 -2.864727 -0.623955 2.044622 -2.785953 -0.614108 2.075773 -2.698834 -0.623955 2.096161 -2.605639 -0.653370 2.105820 -2.508894 -0.702197 1.781637 -2.971659 -0.693930 1.820641 -2.907307 -0.644087 1.860992 -2.833176 -0.614108 1.899862 -2.750831 -0.604093 1.934427 -2.661853 -0.614108 1.961894 -2.567863 -0.644087 1.979476 -2.470492 -0.693930 1.653270 -2.939776 -0.702197 1.683399 -2.871338 -0.653370 1.715921 -2.793643 -0.623955 1.750797 -2.709076 -0.614108 1.787048 -2.619809 -0.623955 1.820184 -2.527094 -0.653370 1.844778 -2.431903 -0.702197 1.534145 -2.901085 -0.725699 1.553124 -2.830171 -0.680726 1.576184 -2.749800 -0.653370 1.605789 -2.663532 -0.644087 1.642363 -2.574615 -0.653370 1.680300 -2.484834 -0.680727 1.711982 -2.395177 -0.725699 1.431368 -2.861382 -0.762916 1.436637 -2.789051 -0.725699 1.449282 -2.705827 -0.702197 1.473205 -2.617056 -0.693930 1.509335 -2.527695 -0.702197 1.551853 -2.441372 -0.725699 1.591973 -2.360620 -0.762916 1.384658 -2.870465 -1.485604 1.461355 -2.914099 -1.501929 1.551122 -2.943390 -1.515172 1.648728 -2.957428 -1.520434 1.748807 -2.955337 -1.515172 1.845624 -2.938810 -1.501929 1.933165 -2.909395 -1.485604 1.365356 -2.920513 -1.396309 1.450191 -2.973307 -1.405445 1.547491 -3.007464 -1.413705 1.652503 -3.023355 -1.417221 1.760316 -3.021174 -1.413705 1.865741 -3.001873 -1.405444 1.963536 -2.966173 -1.396309 1.350247 -2.956620 -1.294453 1.441763 -3.013788 -1.298491 1.546011 -3.050810 -1.302421 1.658277 -3.068408 -1.304177 1.773796 -3.067270 -1.302421 1.887650 -3.048152 -1.298491 1.994881 -3.011775 -1.294453 1.345092 -2.977815 -1.186217 1.440656 -3.036125 -1.186217 1.549526 -3.074547 -1.186217 1.666909 -3.093791 -1.186217 1.788003 -3.094598 -1.186217 1.907982 -3.077837 -1.186217 2.022016 -3.044400 -1.186217 1.353453 -2.983226 -1.077982 1.449942 -3.040766 -1.073943 1.560154 -3.079781 -1.070014 1.679252 -3.100739 -1.068257 1.802394 -3.104179 -1.070014 1.924801 -3.091044 -1.073943 2.041764 -3.062372 -1.077982 1.373336 -2.974488 -0.976125 1.467928 -3.028966 -0.966990 1.577276 -3.067744 -0.958730 1.696135 -3.090607 -0.955213 1.819073 -3.097368 -0.958730 1.940572 -3.088893 -0.966990 2.055535 -3.066299 -0.976125 1.400117 -2.953212 -0.886830 1.491249 -3.001850 -0.870505 1.599526 -3.039664 -0.857262 1.718381 -3.064787 -0.852001 1.840889 -3.075602 -0.857262 1.959536 -3.072713 -0.870505 2.067407 -3.057389 -0.886830 2.042773 -2.098701 -1.485604 1.957412 -2.031332 -1.501929 1.859659 -1.975266 -1.515172 1.757174 -1.937217 -1.520434 1.656738 -1.922266 -1.515172 1.563318 -1.929564 -1.501929 1.481145 -1.956873 -1.485604 2.101667 -2.117332 -1.396309 2.010974 -2.043334 -1.405445 1.907400 -1.982342 -1.413705 1.797757 -1.939662 -1.417221 1.688336 -1.919710 -1.413705 1.583737 -1.923122 -1.405445 1.487936 -1.949723 -1.396309 2.161447 -2.155724 -1.294453 2.066046 -2.079021 -1.298491 1.957070 -2.015566 -1.302421 1.840567 -1.969493 -1.304177 1.722320 -1.944481 -1.302421 1.607116 -1.942374 -1.298491 1.499470 -1.964567 -1.294453 2.213467 -2.208954 -1.186217 2.115668 -2.133113 -1.186217 2.003637 -2.069907 -1.186217 1.882631 -2.022252 -1.186217 1.757914 -1.993032 -1.186217 1.634774 -1.985008 -1.186217 1.518504 -2.000915 -1.186217 2.251276 -2.272516 -1.077982 2.154372 -2.200792 -1.073943 2.042810 -2.140553 -1.070014 1.920984 -2.093446 -1.068257 1.793605 -2.061527 -1.070014 1.666470 -2.048230 -1.073943 1.545621 -2.057369 -1.077982 2.274272 -2.341702 -0.976125 2.181674 -2.278123 -0.966990 2.073152 -2.223454 -0.958730 1.952685 -2.178461 -0.955213 1.825116 -2.144909 -0.958730 1.697343 -2.126550 -0.966990 1.576522 -2.127942 -0.976125 2.284653 -2.412604 -0.886830 2.198890 -2.361860 -0.870505 2.094008 -2.314817 -0.857262 1.974798 -2.272652 -0.852001 1.847410 -2.237825 -0.857262 1.720777 -2.213940 -0.870505 1.604242 -2.205529 -0.886830 "
							            />
							<TextureCoordinate point="0.4062 0.0312 0.4375 0.0312 0.4375 0.0625 0.4062 0.0625 0.4375 0.0312 0.4688 0.0312 0.4688 0.0625 0.4375 0.0625 0.4688 0.0312 0.5000 0.0312 0.5000 0.0625 0.4688 0.0625 0.5000 0.0312 0.5312 0.0312 0.5312 0.0625 0.5000 0.0625 0.5312 0.0312 0.5625 0.0312 0.5625 0.0625 0.5312 0.0625 0.5625 0.0312 0.5938 0.0312 0.5938 0.0625 0.5625 0.0625 0.4062 0.0625 0.4375 0.0625 0.4375 0.0938 0.4062 0.0938 0.4375 0.0625 0.4688 0.0625 0.4688 0.0938 0.4375 0.0938 0.4688 0.0625 0.5000 0.0625 0.5000 0.0938 0.4688 0.0938 0.5000 0.0625 0.5312 0.0625 0.5312 0.0938 0.5000 0.0938 0.5312 0.0625 0.5625 0.0625 0.5625 0.0938 0.5312 0.0938 0.5625 0.0625 0.5938 0.0625 0.5938 0.0938 0.5625 0.0938 0.4062 0.0938 0.4375 0.0938 0.4375 0.1250 0.4062 0.1250 0.4375 0.0938 0.4688 0.0938 0.4688 0.1250 0.4375 0.1250 0.4688 0.0938 0.5000 0.0938 0.5000 0.1250 0.4688 0.1250 0.5000 0.0938 0.5312 0.0938 0.5312 0.1250 0.5000 0.1250 0.5312 0.0938 0.5625 0.0938 0.5625 0.1250 0.5312 0.1250 0.5625 0.0938 0.5938 0.0938 0.5938 0.1250 0.5625 0.1250 0.4062 0.1250 0.4375 0.1250 0.4375 0.1562 0.4062 0.1562 0.4375 0.1250 0.4688 0.1250 0.4688 0.1562 0.4375 0.1562 0.4688 0.1250 0.5000 0.1250 0.5000 0.1562 0.4688 0.1562 0.5000 0.1250 0.5312 0.1250 0.5312 0.1562 0.5000 0.1562 0.5312 0.1250 0.5625 0.1250 0.5625 0.1562 0.5312 0.1562 0.5625 0.1250 0.5938 0.1250 0.5938 0.1562 0.5625 0.1562 0.4062 0.1562 0.4375 0.1562 0.4375 0.1875 0.4062 0.1875 0.4375 0.1562 0.4688 0.1562 0.4688 0.1875 0.4375 0.1875 0.4688 0.1562 0.5000 0.1562 0.5000 0.1875 0.4688 0.1875 0.5000 0.1562 0.5312 0.1562 0.5312 0.1875 0.5000 0.1875 0.5312 0.1562 0.5625 0.1562 0.5625 0.1875 0.5312 0.1875 0.5625 0.1562 0.5938 0.1562 0.5938 0.1875 0.5625 0.1875 0.4062 0.1875 0.4375 0.1875 0.4375 0.2188 0.4062 0.2188 0.4375 0.1875 0.4688 0.1875 0.4688 0.2188 0.4375 0.2188 0.4688 0.1875 0.5000 0.1875 0.5000 0.2188 0.4688 0.2188 0.5000 0.1875 0.5312 0.1875 0.5312 0.2188 0.5000 0.2188 0.5312 0.1875 0.5625 0.1875 0.5625 0.2188 0.5312 0.2188 0.5625 0.1875 0.5938 0.1875 0.5938 0.2188 0.5625 0.2188 0.3750 0.0000 0.4062 0.0000 0.4062 0.0312 0.3750 0.0312 0.4062 0.0000 0.4375 0.0000 0.4375 0.0312 0.4062 0.0312 0.4375 0.0000 0.4688 0.0000 0.4688 0.0312 0.4375 0.0312 0.4688 0.0000 0.5000 0.0000 0.5000 0.0312 0.4688 0.0312 0.5000 0.0000 0.5312 0.0000 0.5312 0.0312 0.5000 0.0312 0.5312 0.0000 0.5625 0.0000 0.5625 0.0312 0.5312 0.0312 0.5625 0.0000 0.5938 0.0000 0.5938 0.0312 0.5625 0.0312 0.5938 0.0000 0.6250 0.0000 0.6250 0.0312 0.5938 0.0312 0.5938 0.0312 0.6250 0.0312 0.6250 0.0625 0.5938 0.0625 0.5938 0.0625 0.6250 0.0625 0.6250 0.0938 0.5938 0.0938 0.5938 0.0938 0.6250 0.0938 0.6250 0.1250 0.5938 0.1250 0.5938 0.1250 0.6250 0.1250 0.6250 0.1562 0.5938 0.1562 0.5938 0.1562 0.6250 0.1562 0.6250 0.1875 0.5938 0.1875 0.5938 0.1875 0.6250 0.1875 0.6250 0.2188 0.5938 0.2188 0.5938 0.2188 0.6250 0.2188 0.6250 0.2500 0.5938 0.2500 0.5625 0.2188 0.5938 0.2188 0.5938 0.2500 0.5625 0.2500 0.5312 0.2188 0.5625 0.2188 0.5625 0.2500 0.5312 0.2500 0.5000 0.2188 0.5312 0.2188 0.5312 0.2500 0.5000 0.2500 0.4688 0.2188 0.5000 0.2188 0.5000 0.2500 0.4688 0.2500 0.4375 0.2188 0.4688 0.2188 0.4688 0.2500 0.4375 0.2500 0.4062 0.2188 0.4375 0.2188 0.4375 0.2500 0.4062 0.2500 0.3750 0.2188 0.4062 0.2188 0.4062 0.2500 0.3750 0.2500 0.3750 0.1875 0.4062 0.1875 0.4062 0.2188 0.3750 0.2188 0.3750 0.1562 0.4062 0.1562 0.4062 0.1875 0.3750 0.1875 0.3750 0.1250 0.4062 0.1250 0.4062 0.1562 0.3750 0.1562 0.3750 0.0938 0.4062 0.0938 0.4062 0.1250 0.3750 0.1250 0.3750 0.0625 0.4062 0.0625 0.4062 0.0938 0.3750 0.0938 0.3750 0.0312 0.4062 0.0312 0.4062 0.0625 0.3750 0.0625 0.4062 0.2812 0.4375 0.2812 0.4375 0.3125 0.4062 0.3125 0.4375 0.2812 0.4688 0.2812 0.4688 0.3125 0.4375 0.3125 0.4688 0.2812 0.5000 0.2812 0.5000 0.3125 0.4688 0.3125 0.5000 0.2812 0.5312 0.2812 0.5312 0.3125 0.5000 0.3125 0.5312 0.2812 0.5625 0.2812 0.5625 0.3125 0.5312 0.3125 0.5625 0.2812 0.5938 0.2812 0.5938 0.3125 0.5625 0.3125 0.4062 0.3125 0.4375 0.3125 0.4375 0.3438 0.4062 0.3438 0.4375 0.3125 0.4688 0.3125 0.4688 0.3438 0.4375 0.3438 0.4688 0.3125 0.5000 0.3125 0.5000 0.3438 0.4688 0.3438 0.5000 0.3125 0.5312 0.3125 0.5312 0.3438 0.5000 0.3438 0.5312 0.3125 0.5625 0.3125 0.5625 0.3438 0.5312 0.3438 0.5625 0.3125 0.5938 0.3125 0.5938 0.3438 0.5625 0.3438 0.4062 0.3438 0.4375 0.3438 0.4375 0.3750 0.4062 0.3750 0.4375 0.3438 0.4688 0.3438 0.4688 0.3750 0.4375 0.3750 0.4688 0.3438 0.5000 0.3438 0.5000 0.3750 0.4688 0.3750 0.5000 0.3438 0.5312 0.3438 0.5312 0.3750 0.5000 0.3750 0.5312 0.3438 0.5625 0.3438 0.5625 0.3750 0.5312 0.3750 0.5625 0.3438 0.5938 0.3438 0.5938 0.3750 0.5625 0.3750 0.4062 0.3750 0.4375 0.3750 0.4375 0.4062 0.4062 0.4062 0.4375 0.3750 0.4688 0.3750 0.4688 0.4062 0.4375 0.4062 0.4688 0.3750 0.5000 0.3750 0.5000 0.4062 0.4688 0.4062 0.5000 0.3750 0.5312 0.3750 0.5312 0.4062 0.5000 0.4062 0.5312 0.3750 0.5625 0.3750 0.5625 0.4062 0.5312 0.4062 0.5625 0.3750 0.5938 0.3750 0.5938 0.4062 0.5625 0.4062 0.4062 0.4062 0.4375 0.4062 0.4375 0.4375 0.4062 0.4375 0.4375 0.4062 0.4688 0.4062 0.4688 0.4375 0.4375 0.4375 0.4688 0.4062 0.5000 0.4062 0.5000 0.4375 0.4688 0.4375 0.5000 0.4062 0.5312 0.4062 0.5312 0.4375 0.5000 0.4375 0.5312 0.4062 0.5625 0.4062 0.5625 0.4375 0.5312 0.4375 0.5625 0.4062 0.5938 0.4062 0.5938 0.4375 0.5625 0.4375 0.4062 0.4375 0.4375 0.4375 0.4375 0.4688 0.4062 0.4688 0.4375 0.4375 0.4688 0.4375 0.4688 0.4688 0.4375 0.4688 0.4688 0.4375 0.5000 0.4375 0.5000 0.4688 0.4688 0.4688 0.5000 0.4375 0.5312 0.4375 0.5312 0.4688 0.5000 0.4688 0.5312 0.4375 0.5625 0.4375 0.5625 0.4688 0.5312 0.4688 0.5625 0.4375 0.5938 0.4375 0.5938 0.4688 0.5625 0.4688 0.3750 0.2500 0.4062 0.2500 0.4062 0.2812 0.3750 0.2812 0.4062 0.2500 0.4375 0.2500 0.4375 0.2812 0.4062 0.2812 0.4375 0.2500 0.4688 0.2500 0.4688 0.2812 0.4375 0.2812 0.4688 0.2500 0.5000 0.2500 0.5000 0.2812 0.4688 0.2812 0.5000 0.2500 0.5312 0.2500 0.5312 0.2812 0.5000 0.2812 0.5312 0.2500 0.5625 0.2500 0.5625 0.2812 0.5312 0.2812 0.5625 0.2500 0.5938 0.2500 0.5938 0.2812 0.5625 0.2812 0.5938 0.2500 0.6250 0.2500 0.6250 0.2812 0.5938 0.2812 0.5938 0.2812 0.6250 0.2812 0.6250 0.3125 0.5938 0.3125 0.5938 0.3125 0.6250 0.3125 0.6250 0.3438 0.5938 0.3438 0.5938 0.3438 0.6250 0.3438 0.6250 0.3750 0.5938 0.3750 0.5938 0.3750 0.6250 0.3750 0.6250 0.4062 0.5938 0.4062 0.5938 0.4062 0.6250 0.4062 0.6250 0.4375 0.5938 0.4375 0.5938 0.4375 0.6250 0.4375 0.6250 0.4688 0.5938 0.4688 0.5938 0.4688 0.6250 0.4688 0.6250 0.5000 0.5938 0.5000 0.5625 0.4688 0.5938 0.4688 0.5938 0.5000 0.5625 0.5000 0.5312 0.4688 0.5625 0.4688 0.5625 0.5000 0.5312 0.5000 0.5000 0.4688 0.5312 0.4688 0.5312 0.5000 0.5000 0.5000 0.4688 0.4688 0.5000 0.4688 0.5000 0.5000 0.4688 0.5000 0.4375 0.4688 0.4688 0.4688 0.4688 0.5000 0.4375 0.5000 0.4062 0.4688 0.4375 0.4688 0.4375 0.5000 0.4062 0.5000 0.3750 0.4688 0.4062 0.4688 0.4062 0.5000 0.3750 0.5000 0.3750 0.4375 0.4062 0.4375 0.4062 0.4688 0.3750 0.4688 0.3750 0.4062 0.4062 0.4062 0.4062 0.4375 0.3750 0.4375 0.3750 0.3750 0.4062 0.3750 0.4062 0.4062 0.3750 0.4062 0.3750 0.3438 0.4062 0.3438 0.4062 0.3750 0.3750 0.3750 0.3750 0.3125 0.4062 0.3125 0.4062 0.3438 0.3750 0.3438 0.3750 0.2812 0.4062 0.2812 0.4062 0.3125 0.3750 0.3125 0.4062 0.5312 0.4375 0.5312 0.4375 0.5625 0.4062 0.5625 0.4375 0.5312 0.4688 0.5312 0.4688 0.5625 0.4375 0.5625 0.4688 0.5312 0.5000 0.5312 0.5000 0.5625 0.4688 0.5625 0.5000 0.5312 0.5312 0.5312 0.5312 0.5625 0.5000 0.5625 0.5312 0.5312 0.5625 0.5312 0.5625 0.5625 0.5312 0.5625 0.5625 0.5312 0.5938 0.5312 0.5938 0.5625 0.5625 0.5625 0.4062 0.5625 0.4375 0.5625 0.4375 0.5938 0.4062 0.5938 0.4375 0.5625 0.4688 0.5625 0.4688 0.5938 0.4375 0.5938 0.4688 0.5625 0.5000 0.5625 0.5000 0.5938 0.4688 0.5938 0.5000 0.5625 0.5312 0.5625 0.5312 0.5938 0.5000 0.5938 0.5312 0.5625 0.5625 0.5625 0.5625 0.5938 0.5312 0.5938 0.5625 0.5625 0.5938 0.5625 0.5938 0.5938 0.5625 0.5938 0.4062 0.5938 0.4375 0.5938 0.4375 0.6250 0.4062 0.6250 0.4375 0.5938 0.4688 0.5938 0.4688 0.6250 0.4375 0.6250 0.4688 0.5938 0.5000 0.5938 0.5000 0.6250 0.4688 0.6250 0.5000 0.5938 0.5312 0.5938 0.5312 0.6250 0.5000 0.6250 0.5312 0.5938 0.5625 0.5938 0.5625 0.6250 0.5312 0.6250 0.5625 0.5938 0.5938 0.5938 0.5938 0.6250 0.5625 0.6250 0.4062 0.6250 0.4375 0.6250 0.4375 0.6562 0.4062 0.6562 0.4375 0.6250 0.4688 0.6250 0.4688 0.6562 0.4375 0.6562 0.4688 0.6250 0.5000 0.6250 0.5000 0.6562 0.4688 0.6562 0.5000 0.6250 0.5312 0.6250 0.5312 0.6562 0.5000 0.6562 0.5312 0.6250 0.5625 0.6250 0.5625 0.6562 0.5312 0.6562 0.5625 0.6250 0.5938 0.6250 0.5938 0.6562 0.5625 0.6562 0.4062 0.6562 0.4375 0.6562 0.4375 0.6875 0.4062 0.6875 0.4375 0.6562 0.4688 0.6562 0.4688 0.6875 0.4375 0.6875 0.4688 0.6562 0.5000 0.6562 0.5000 0.6875 0.4688 0.6875 0.5000 0.6562 0.5312 0.6562 0.5312 0.6875 0.5000 0.6875 0.5312 0.6562 0.5625 0.6562 0.5625 0.6875 0.5312 0.6875 0.5625 0.6562 0.5938 0.6562 0.5938 0.6875 0.5625 0.6875 0.4062 0.6875 0.4375 0.6875 0.4375 0.7188 0.4062 0.7188 0.4375 0.6875 0.4688 0.6875 0.4688 0.7188 0.4375 0.7188 0.4688 0.6875 0.5000 0.6875 0.5000 0.7188 0.4688 0.7188 0.5000 0.6875 0.5312 0.6875 0.5312 0.7188 0.5000 0.7188 0.5312 0.6875 0.5625 0.6875 0.5625 0.7188 0.5312 0.7188 0.5625 0.6875 0.5938 0.6875 0.5938 0.7188 0.5625 0.7188 0.3750 0.5000 0.4062 0.5000 0.4062 0.5312 0.3750 0.5312 0.4062 0.5000 0.4375 0.5000 0.4375 0.5312 0.4062 0.5312 0.4375 0.5000 0.4688 0.5000 0.4688 0.5312 0.4375 0.5312 0.4688 0.5000 0.5000 0.5000 0.5000 0.5312 0.4688 0.5312 0.5000 0.5000 0.5312 0.5000 0.5312 0.5312 0.5000 0.5312 0.5312 0.5000 0.5625 0.5000 0.5625 0.5312 0.5312 0.5312 0.5625 0.5000 0.5938 0.5000 0.5938 0.5312 0.5625 0.5312 0.5938 0.5000 0.6250 0.5000 0.6250 0.5312 0.5938 0.5312 0.5938 0.5312 0.6250 0.5312 0.6250 0.5625 0.5938 0.5625 0.5938 0.5625 0.6250 0.5625 0.6250 0.5938 0.5938 0.5938 0.5938 0.5938 0.6250 0.5938 0.6250 0.6250 0.5938 0.6250 0.5938 0.6250 0.6250 0.6250 0.6250 0.6562 0.5938 0.6562 0.5938 0.6562 0.6250 0.6562 0.6250 0.6875 0.5938 0.6875 0.5938 0.6875 0.6250 0.6875 0.6250 0.7188 0.5938 0.7188 0.5938 0.7188 0.6250 0.7188 0.6250 0.7500 0.5938 0.7500 0.5625 0.7188 0.5938 0.7188 0.5938 0.7500 0.5625 0.7500 0.5312 0.7188 0.5625 0.7188 0.5625 0.7500 0.5312 0.7500 0.5000 0.7188 0.5312 0.7188 0.5312 0.7500 0.5000 0.7500 0.4688 0.7188 0.5000 0.7188 0.5000 0.7500 0.4688 0.7500 0.4375 0.7188 0.4688 0.7188 0.4688 0.7500 0.4375 0.7500 0.4062 0.7188 0.4375 0.7188 0.4375 0.7500 0.4062 0.7500 0.3750 0.7188 0.4062 0.7188 0.4062 0.7500 0.3750 0.7500 0.3750 0.6875 0.4062 0.6875 0.4062 0.7188 0.3750 0.7188 0.3750 0.6562 0.4062 0.6562 0.4062 0.6875 0.3750 0.6875 0.3750 0.6250 0.4062 0.6250 0.4062 0.6562 0.3750 0.6562 0.3750 0.5938 0.4062 0.5938 0.4062 0.6250 0.3750 0.6250 0.3750 0.5625 0.4062 0.5625 0.4062 0.5938 0.3750 0.5938 0.3750 0.5312 0.4062 0.5312 0.4062 0.5625 0.3750 0.5625 0.4062 0.7812 0.4375 0.7812 0.4375 0.8125 0.4062 0.8125 0.4375 0.7812 0.4688 0.7812 0.4688 0.8125 0.4375 0.8125 0.4688 0.7812 0.5000 0.7812 0.5000 0.8125 0.4688 0.8125 0.5000 0.7812 0.5312 0.7812 0.5312 0.8125 0.5000 0.8125 0.5312 0.7812 0.5625 0.7812 0.5625 0.8125 0.5312 0.8125 0.5625 0.7812 0.5938 0.7812 0.5938 0.8125 0.5625 0.8125 0.4062 0.8125 0.4375 0.8125 0.4375 0.8438 0.4062 0.8438 0.4375 0.8125 0.4688 0.8125 0.4688 0.8438 0.4375 0.8438 0.4688 0.8125 0.5000 0.8125 0.5000 0.8438 0.4688 0.8438 0.5000 0.8125 0.5312 0.8125 0.5312 0.8438 0.5000 0.8438 0.5312 0.8125 0.5625 0.8125 0.5625 0.8438 0.5312 0.8438 0.5625 0.8125 0.5938 0.8125 0.5938 0.8438 0.5625 0.8438 0.4062 0.8438 0.4375 0.8438 0.4375 0.8750 0.4062 0.8750 0.4375 0.8438 0.4688 0.8438 0.4688 0.8750 0.4375 0.8750 0.4688 0.8438 0.5000 0.8438 0.5000 0.8750 0.4688 0.8750 0.5000 0.8438 0.5312 0.8438 0.5312 0.8750 0.5000 0.8750 0.5312 0.8438 0.5625 0.8438 0.5625 0.8750 0.5312 0.8750 0.5625 0.8438 0.5938 0.8438 0.5938 0.8750 0.5625 0.8750 0.4062 0.8750 0.4375 0.8750 0.4375 0.9062 0.4062 0.9062 0.4375 0.8750 0.4688 0.8750 0.4688 0.9062 0.4375 0.9062 0.4688 0.8750 0.5000 0.8750 0.5000 0.9062 0.4688 0.9062 0.5000 0.8750 0.5312 0.8750 0.5312 0.9062 0.5000 0.9062 0.5312 0.8750 0.5625 0.8750 0.5625 0.9062 0.5312 0.9062 0.5625 0.8750 0.5938 0.8750 0.5938 0.9062 0.5625 0.9062 0.4062 0.9062 0.4375 0.9062 0.4375 0.9375 0.4062 0.9375 0.4375 0.9062 0.4688 0.9062 0.4688 0.9375 0.4375 0.9375 0.4688 0.9062 0.5000 0.9062 0.5000 0.9375 0.4688 0.9375 0.5000 0.9062 0.5312 0.9062 0.5312 0.9375 0.5000 0.9375 0.5312 0.9062 0.5625 0.9062 0.5625 0.9375 0.5312 0.9375 0.5625 0.9062 0.5938 0.9062 0.5938 0.9375 0.5625 0.9375 0.4062 0.9375 0.4375 0.9375 0.4375 0.9688 0.4062 0.9688 0.4375 0.9375 0.4688 0.9375 0.4688 0.9688 0.4375 0.9688 0.4688 0.9375 0.5000 0.9375 0.5000 0.9688 0.4688 0.9688 0.5000 0.9375 0.5312 0.9375 0.5312 0.9688 0.5000 0.9688 0.5312 0.9375 0.5625 0.9375 0.5625 0.9688 0.5312 0.9688 0.5625 0.9375 0.5938 0.9375 0.5938 0.9688 0.5625 0.9688 0.3750 0.7500 0.4062 0.7500 0.4062 0.7812 0.3750 0.7812 0.4062 0.7500 0.4375 0.7500 0.4375 0.7812 0.4062 0.7812 0.4375 0.7500 0.4688 0.7500 0.4688 0.7812 0.4375 0.7812 0.4688 0.7500 0.5000 0.7500 0.5000 0.7812 0.4688 0.7812 0.5000 0.7500 0.5312 0.7500 0.5312 0.7812 0.5000 0.7812 0.5312 0.7500 0.5625 0.7500 0.5625 0.7812 0.5312 0.7812 0.5625 0.7500 0.5938 0.7500 0.5938 0.7812 0.5625 0.7812 0.5938 0.7500 0.6250 0.7500 0.6250 0.7812 0.5938 0.7812 0.5938 0.7812 0.6250 0.7812 0.6250 0.8125 0.5938 0.8125 0.5938 0.8125 0.6250 0.8125 0.6250 0.8438 0.5938 0.8438 0.5938 0.8438 0.6250 0.8438 0.6250 0.8750 0.5938 0.8750 0.5938 0.8750 0.6250 0.8750 0.6250 0.9062 0.5938 0.9062 0.5938 0.9062 0.6250 0.9062 0.6250 0.9375 0.5938 0.9375 0.5938 0.9375 0.6250 0.9375 0.6250 0.9688 0.5938 0.9688 0.5938 0.9688 0.6250 0.9688 0.6250 1.0000 0.5938 1.0000 0.5625 0.9688 0.5938 0.9688 0.5938 1.0000 0.5625 1.0000 0.5312 0.9688 0.5625 0.9688 0.5625 1.0000 0.5312 1.0000 0.5000 0.9688 0.5312 0.9688 0.5312 1.0000 0.5000 1.0000 0.4688 0.9688 0.5000 0.9688 0.5000 1.0000 0.4688 1.0000 0.4375 0.9688 0.4688 0.9688 0.4688 1.0000 0.4375 1.0000 0.4062 0.9688 0.4375 0.9688 0.4375 1.0000 0.4062 1.0000 0.3750 0.9688 0.4062 0.9688 0.4062 1.0000 0.3750 1.0000 0.3750 0.9375 0.4062 0.9375 0.4062 0.9688 0.3750 0.9688 0.3750 0.9062 0.4062 0.9062 0.4062 0.9375 0.3750 0.9375 0.3750 0.8750 0.4062 0.8750 0.4062 0.9062 0.3750 0.9062 0.3750 0.8438 0.4062 0.8438 0.4062 0.8750 0.3750 0.8750 0.3750 0.8125 0.4062 0.8125 0.4062 0.8438 0.3750 0.8438 0.3750 0.7812 0.4062 0.7812 0.4062 0.8125 0.3750 0.8125 0.1562 0.5312 0.1875 0.5312 0.1875 0.5625 0.1562 0.5625 0.1875 0.5312 0.2188 0.5312 0.2188 0.5625 0.1875 0.5625 0.2188 0.5312 0.2500 0.5312 0.2500 0.5625 0.2188 0.5625 0.2500 0.5312 0.2812 0.5312 0.2812 0.5625 0.2500 0.5625 0.2812 0.5312 0.3125 0.5312 0.3125 0.5625 0.2812 0.5625 0.3125 0.5312 0.3438 0.5312 0.3438 0.5625 0.3125 0.5625 0.1562 0.5625 0.1875 0.5625 0.1875 0.5938 0.1562 0.5938 0.1875 0.5625 0.2188 0.5625 0.2188 0.5938 0.1875 0.5938 0.2188 0.5625 0.2500 0.5625 0.2500 0.5938 0.2188 0.5938 0.2500 0.5625 0.2812 0.5625 0.2812 0.5938 0.2500 0.5938 0.2812 0.5625 0.3125 0.5625 0.3125 0.5938 0.2812 0.5938 0.3125 0.5625 0.3438 0.5625 0.3438 0.5938 0.3125 0.5938 0.1562 0.5938 0.1875 0.5938 0.1875 0.6250 0.1562 0.6250 0.1875 0.5938 0.2188 0.5938 0.2188 0.6250 0.1875 0.6250 0.2188 0.5938 0.2500 0.5938 0.2500 0.6250 0.2188 0.6250 0.2500 0.5938 0.2812 0.5938 0.2812 0.6250 0.2500 0.6250 0.2812 0.5938 0.3125 0.5938 0.3125 0.6250 0.2812 0.6250 0.3125 0.5938 0.3438 0.5938 0.3438 0.6250 0.3125 0.6250 0.1562 0.6250 0.1875 0.6250 0.1875 0.6562 0.1562 0.6562 0.1875 0.6250 0.2188 0.6250 0.2188 0.6562 0.1875 0.6562 0.2188 0.6250 0.2500 0.6250 0.2500 0.6562 0.2188 0.6562 0.2500 0.6250 0.2812 0.6250 0.2812 0.6562 0.2500 0.6562 0.2812 0.6250 0.3125 0.6250 0.3125 0.6562 0.2812 0.6562 0.3125 0.6250 0.3438 0.6250 0.3438 0.6562 0.3125 0.6562 0.1562 0.6562 0.1875 0.6562 0.1875 0.6875 0.1562 0.6875 0.1875 0.6562 0.2188 0.6562 0.2188 0.6875 0.1875 0.6875 0.2188 0.6562 0.2500 0.6562 0.2500 0.6875 0.2188 0.6875 0.2500 0.6562 0.2812 0.6562 0.2812 0.6875 0.2500 0.6875 0.2812 0.6562 0.3125 0.6562 0.3125 0.6875 0.2812 0.6875 0.3125 0.6562 0.3438 0.6562 0.3438 0.6875 0.3125 0.6875 0.1562 0.6875 0.1875 0.6875 0.1875 0.7188 0.1562 0.7188 0.1875 0.6875 0.2188 0.6875 0.2188 0.7188 0.1875 0.7188 0.2188 0.6875 0.2500 0.6875 0.2500 0.7188 0.2188 0.7188 0.2500 0.6875 0.2812 0.6875 0.2812 0.7188 0.2500 0.7188 0.2812 0.6875 0.3125 0.6875 0.3125 0.7188 0.2812 0.7188 0.3125 0.6875 0.3438 0.6875 0.3438 0.7188 0.3125 0.7188 0.1250 0.5000 0.1562 0.5000 0.1562 0.5312 0.1250 0.5312 0.1562 0.5000 0.1875 0.5000 0.1875 0.5312 0.1562 0.5312 0.1875 0.5000 0.2188 0.5000 0.2188 0.5312 0.1875 0.5312 0.2188 0.5000 0.2500 0.5000 0.2500 0.5312 0.2188 0.5312 0.2500 0.5000 0.2812 0.5000 0.2812 0.5312 0.2500 0.5312 0.2812 0.5000 0.3125 0.5000 0.3125 0.5312 0.2812 0.5312 0.3125 0.5000 0.3438 0.5000 0.3438 0.5312 0.3125 0.5312 0.3438 0.5000 0.3750 0.5000 0.3750 0.5312 0.3438 0.5312 0.3438 0.5312 0.3750 0.5312 0.3750 0.5625 0.3438 0.5625 0.3438 0.5625 0.3750 0.5625 0.3750 0.5938 0.3438 0.5938 0.3438 0.5938 0.3750 0.5938 0.3750 0.6250 0.3438 0.6250 0.3438 0.6250 0.3750 0.6250 0.3750 0.6562 0.3438 0.6562 0.3438 0.6562 0.3750 0.6562 0.3750 0.6875 0.3438 0.6875 0.3438 0.6875 0.3750 0.6875 0.3750 0.7188 0.3438 0.7188 0.3438 0.7188 0.3750 0.7188 0.3750 0.7500 0.3438 0.7500 0.3125 0.7188 0.3438 0.7188 0.3438 0.7500 0.3125 0.7500 0.2812 0.7188 0.3125 0.7188 0.3125 0.7500 0.2812 0.7500 0.2500 0.7188 0.2812 0.7188 0.2812 0.7500 0.2500 0.7500 0.2188 0.7188 0.2500 0.7188 0.2500 0.7500 0.2188 0.7500 0.1875 0.7188 0.2188 0.7188 0.2188 0.7500 0.1875 0.7500 0.1562 0.7188 0.1875 0.7188 0.1875 0.7500 0.1562 0.7500 0.1250 0.7188 0.1562 0.7188 0.1562 0.7500 0.1250 0.7500 0.1250 0.6875 0.1562 0.6875 0.1562 0.7188 0.1250 0.7188 0.1250 0.6562 0.1562 0.6562 0.1562 0.6875 0.1250 0.6875 0.1250 0.6250 0.1562 0.6250 0.1562 0.6562 0.1250 0.6562 0.1250 0.5938 0.1562 0.5938 0.1562 0.6250 0.1250 0.6250 0.1250 0.5625 0.1562 0.5625 0.1562 0.5938 0.1250 0.5938 0.1250 0.5312 0.1562 0.5312 0.1562 0.5625 0.1250 0.5625 0.6562 0.5312 0.6875 0.5312 0.6875 0.5625 0.6562 0.5625 0.6875 0.5312 0.7188 0.5312 0.7188 0.5625 0.6875 0.5625 0.7188 0.5312 0.7500 0.5312 0.7500 0.5625 0.7188 0.5625 0.7500 0.5312 0.7812 0.5312 0.7812 0.5625 0.7500 0.5625 0.7812 0.5312 0.8125 0.5312 0.8125 0.5625 0.7812 0.5625 0.8125 0.5312 0.8438 0.5312 0.8438 0.5625 0.8125 0.5625 0.6562 0.5625 0.6875 0.5625 0.6875 0.5938 0.6562 0.5938 0.6875 0.5625 0.7188 0.5625 0.7188 0.5938 0.6875 0.5938 0.7188 0.5625 0.7500 0.5625 0.7500 0.5938 0.7188 0.5938 0.7500 0.5625 0.7812 0.5625 0.7812 0.5938 0.7500 0.5938 0.7812 0.5625 0.8125 0.5625 0.8125 0.5938 0.7812 0.5938 0.8125 0.5625 0.8438 0.5625 0.8438 0.5938 0.8125 0.5938 0.6562 0.5938 0.6875 0.5938 0.6875 0.6250 0.6562 0.6250 0.6875 0.5938 0.7188 0.5938 0.7188 0.6250 0.6875 0.6250 0.7188 0.5938 0.7500 0.5938 0.7500 0.6250 0.7188 0.6250 0.7500 0.5938 0.7812 0.5938 0.7812 0.6250 0.7500 0.6250 0.7812 0.5938 0.8125 0.5938 0.8125 0.6250 0.7812 0.6250 0.8125 0.5938 0.8438 0.5938 0.8438 0.6250 0.8125 0.6250 0.6562 0.6250 0.6875 0.6250 0.6875 0.6562 0.6562 0.6562 0.6875 0.6250 0.7188 0.6250 0.7188 0.6562 0.6875 0.6562 0.7188 0.6250 0.7500 0.6250 0.7500 0.6562 0.7188 0.6562 0.7500 0.6250 0.7812 0.6250 0.7812 0.6562 0.7500 0.6562 0.7812 0.6250 0.8125 0.6250 0.8125 0.6562 0.7812 0.6562 0.8125 0.6250 0.8438 0.6250 0.8438 0.6562 0.8125 0.6562 0.6562 0.6562 0.6875 0.6562 0.6875 0.6875 0.6562 0.6875 0.6875 0.6562 0.7188 0.6562 0.7188 0.6875 0.6875 0.6875 0.7188 0.6562 0.7500 0.6562 0.7500 0.6875 0.7188 0.6875 0.7500 0.6562 0.7812 0.6562 0.7812 0.6875 0.7500 0.6875 0.7812 0.6562 0.8125 0.6562 0.8125 0.6875 0.7812 0.6875 0.8125 0.6562 0.8438 0.6562 0.8438 0.6875 0.8125 0.6875 0.6562 0.6875 0.6875 0.6875 0.6875 0.7188 0.6562 0.7188 0.6875 0.6875 0.7188 0.6875 0.7188 0.7188 0.6875 0.7188 0.7188 0.6875 0.7500 0.6875 0.7500 0.7188 0.7188 0.7188 0.7500 0.6875 0.7812 0.6875 0.7812 0.7188 0.7500 0.7188 0.7812 0.6875 0.8125 0.6875 0.8125 0.7188 0.7812 0.7188 0.8125 0.6875 0.8438 0.6875 0.8438 0.7188 0.8125 0.7188 0.6250 0.5000 0.6562 0.5000 0.6562 0.5312 0.6250 0.5312 0.6562 0.5000 0.6875 0.5000 0.6875 0.5312 0.6562 0.5312 0.6875 0.5000 0.7188 0.5000 0.7188 0.5312 0.6875 0.5312 0.7188 0.5000 0.7500 0.5000 0.7500 0.5312 0.7188 0.5312 0.7500 0.5000 0.7812 0.5000 0.7812 0.5312 0.7500 0.5312 0.7812 0.5000 0.8125 0.5000 0.8125 0.5312 0.7812 0.5312 0.8125 0.5000 0.8438 0.5000 0.8438 0.5312 0.8125 0.5312 0.8438 0.5000 0.8750 0.5000 0.8750 0.5312 0.8438 0.5312 0.8438 0.5312 0.8750 0.5312 0.8750 0.5625 0.8438 0.5625 0.8438 0.5625 0.8750 0.5625 0.8750 0.5938 0.8438 0.5938 0.8438 0.5938 0.8750 0.5938 0.8750 0.6250 0.8438 0.6250 0.8438 0.6250 0.8750 0.6250 0.8750 0.6562 0.8438 0.6562 0.8438 0.6562 0.8750 0.6562 0.8750 0.6875 0.8438 0.6875 0.8438 0.6875 0.8750 0.6875 0.8750 0.7188 0.8438 0.7188 0.8438 0.7188 0.8750 0.7188 0.8750 0.7500 0.8438 0.7500 0.8125 0.7188 0.8438 0.7188 0.8438 0.7500 0.8125 0.7500 0.7812 0.7188 0.8125 0.7188 0.8125 0.7500 0.7812 0.7500 0.7500 0.7188 0.7812 0.7188 0.7812 0.7500 0.7500 0.7500 0.7188 0.7188 0.7500 0.7188 0.7500 0.7500 0.7188 0.7500 0.6875 0.7188 0.7188 0.7188 0.7188 0.7500 0.6875 0.7500 0.6562 0.7188 0.6875 0.7188 0.6875 0.7500 0.6562 0.7500 0.6250 0.7188 0.6562 0.7188 0.6562 0.7500 0.6250 0.7500 0.6250 0.6875 0.6562 0.6875 0.6562 0.7188 0.6250 0.7188 0.6250 0.6562 0.6562 0.6562 0.6562 0.6875 0.6250 0.6875 0.6250 0.6250 0.6562 0.6250 0.6562 0.6562 0.6250 0.6562 0.6250 0.5938 0.6562 0.5938 0.6562 0.6250 0.6250 0.6250 0.6250 0.5625 0.6562 0.5625 0.6562 0.5938 0.6250 0.5938 0.6250 0.5312 0.6562 0.5312 0.6562 0.5625 0.6250 0.5625 " />
						</IndexedFaceSet>
					</Shape>
				</Group>
			</Transform>
		</Transform>
		<Transform DEF="Shape_IndexedFaceSet_007_TRANSFORM"
		           translation="0.000000 0.000000 0.000000"
		           scale="1.000000 1.000000 1.000000"
		           rotation="-0.000000 0.000000 0.000000 0.000000"
		           >
			<Transform DEF="Shape_IndexedFaceSet_007_ifs_TRANSFORM"
			           translation="0.000000 0.000000 0.000000"
			           scale="1.000000 1.000000 1.000000"
			           rotation="0.000000 1.000000 0.000000 0.000000"
			           >
				<Group DEF="group_ME_Shape_IndexedFaceSet_007">
					<Shape>
						<Appearance>
							<Material USE="MA_MA_Material_001" />
						</Appearance>
						<IndexedFaceSet solid="false"
						                texCoordIndex="0 1 2 3 -1 4 5 6 7 -1 8 9 10 11 -1 12 13 14 15 -1 16 17 18 19 -1 20 21 22 23 -1 24 25 26 27 -1 28 29 30 31 -1 32 33 34 35 -1 36 37 38 39 -1 40 41 42 43 -1 44 45 46 47 -1 48 49 50 51 -1 52 53 54 55 -1 56 57 58 59 -1 60 61 62 63 -1 64 65 66 67 -1 68 69 70 71 -1 72 73 74 75 -1 76 77 78 79 -1 80 81 82 83 -1 84 85 86 87 -1 88 89 90 91 -1 92 93 94 95 -1 96 97 98 99 -1 100 101 102 103 -1 104 105 106 107 -1 108 109 110 111 -1 112 113 114 115 -1 116 117 118 119 -1 120 121 122 123 -1 124 125 126 127 -1 128 129 130 131 -1 132 133 134 135 -1 136 137 138 139 -1 140 141 142 143 -1 144 145 146 147 -1 148 149 150 151 -1 152 153 154 155 -1 156 157 158 159 -1 160 161 162 163 -1 164 165 166 167 -1 168 169 170 171 -1 172 173 174 175 -1 176 177 178 179 -1 180 181 182 183 -1 184 185 186 187 -1 188 189 190 191 -1 192 193 194 195 -1 196 197 198 199 -1 200 201 202 203 -1 204 205 206 207 -1 208 209 210 211 -1 212 213 214 215 -1 216 217 218 219 -1 220 221 222 223 -1 224 225 226 227 -1 228 229 230 231 -1 232 233 234 235 -1 236 237 238 239 -1 240 241 242 243 -1 244 245 246 247 -1 248 249 250 251 -1 252 253 254 255 -1 256 257 258 259 -1 260 261 262 263 -1 264 265 266 267 -1 268 269 270 271 -1 272 273 274 275 -1 276 277 278 279 -1 280 281 282 283 -1 284 285 286 287 -1 288 289 290 291 -1 292 293 294 295 -1 296 297 298 299 -1 300 301 302 303 -1 304 305 306 307 -1 308 309 310 311 -1 312 313 314 315 -1 316 317 318 319 -1 320 321 322 323 -1 324 325 326 327 -1 328 329 330 331 -1 332 333 334 335 -1 336 337 338 339 -1 340 341 342 343 -1 344 345 346 347 -1 348 349 350 351 -1 352 353 354 355 -1 356 357 358 359 -1 360 361 362 363 -1 364 365 366 367 -1 368 369 370 371 -1 372 373 374 375 -1 376 377 378 379 -1 380 381 382 383 -1 384 385 386 387 -1 388 389 390 391 -1 392 393 394 395 -1 396 397 398 399 -1 400 401 402 403 -1 404 405 406 407 -1 408 409 410 411 -1 412 413 414 415 -1 416 417 418 419 -1 420 421 422 423 -1 424 425 426 427 -1 428 429 430 431 -1 432 433 434 435 -1 436 437 438 439 -1 440 441 442 443 -1 444 445 446 447 -1 448 449 450 451 -1 452 453 454 455 -1 456 457 458 459 -1 460 461 462 463 -1 464 465 466 467 -1 468 469 470 471 -1 472 473 474 475 -1 476 477 478 479 -1 480 481 482 483 -1 484 485 486 487 -1 488 489 490 491 -1 492 493 494 495 -1 496 497 498 499 -1 500 501 502 503 -1 504 505 506 507 -1 508 509 510 511 -1 512 513 514 515 -1 516 517 518 519 -1 520 521 522 523 -1 524 525 526 527 -1 528 529 530 531 -1 532 533 534 535 -1 536 537 538 539 -1 540 541 542 543 -1 544 545 546 547 -1 548 549 550 551 -1 552 553 554 555 -1 556 557 558 559 -1 560 561 562 563 -1 564 565 566 567 -1 568 569 570 571 -1 572 573 574 575 -1 576 577 578 579 -1 580 581 582 583 -1 584 585 586 587 -1 588 589 590 591 -1 592 593 594 595 -1 596 597 598 599 -1 600 601 602 603 -1 604 605 606 607 -1 608 609 610 611 -1 612 613 614 615 -1 616 617 618 619 -1 620 621 622 623 -1 624 625 626 627 -1 628 629 630 631 -1 632 633 634 635 -1 636 637 638 639 -1 640 641 642 643 -1 644 645 646 647 -1 648 649 650 651 -1 652 653 654 655 -1 656 657 658 659 -1 660 661 662 663 -1 664 665 666 667 -1 668 669 670 671 -1 672 673 674 675 -1 676 677 678 679 -1 680 681 682 683 -1 684 685 686 687 -1 688 689 690 691 -1 692 693 694 695 -1 696 697 698 699 -1 700 701 702 703 -1 704 705 706 707 -1 708 709 710 711 -1 712 713 714 715 -1 716 717 718 719 -1 720 721 722 723 -1 724 725 726 727 -1 728 729 730 731 -1 732 733 734 735 -1 736 737 738 739 -1 740 741 742 743 -1 744 745 746 747 -1 748 749 750 751 -1 752 753 754 755 -1 756 757 758 759 -1 760 761 762 763 -1 764 765 766 767 -1 768 769 770 771 -1 772 773 774 775 -1 776 777 778 779 -1 780 781 782 783 -1 784 785 786 787 -1 788 789 790 791 -1 792 793 794 795 -1 796 797 798 799 -1 800 801 802 803 -1 804 805 806 807 -1 808 809 810 811 -1 812 813 814 815 -1 816 817 818 819 -1 820 821 822 823 -1 824 825 826 827 -1 828 829 830 831 -1 832 833 834 835 -1 836 837 838 839 -1 840 841 842 843 -1 844 845 846 847 -1 848 849 850 851 -1 852 853 854 855 -1 856 857 858 859 -1 860 861 862 863 -1 864 865 866 867 -1 868 869 870 871 -1 872 873 874 875 -1 876 877 878 879 -1 880 881 882 883 -1 884 885 886 887 -1 888 889 890 891 -1 892 893 894 895 -1 896 897 898 899 -1 900 901 902 903 -1 904 905 906 907 -1 908 909 910 911 -1 912 913 914 915 -1 916 917 918 919 -1 920 921 922 923 -1 924 925 926 927 -1 928 929 930 931 -1 932 933 934 935 -1 936 937 938 939 -1 940 941 942 943 -1 944 945 946 947 -1 948 949 950 951 -1 952 953 954 955 -1 956 957 958 959 -1 960 961 962 963 -1 964 965 966 967 -1 968 969 970 971 -1 972 973 974 975 -1 976 977 978 979 -1 980 981 982 983 -1 984 985 986 987 -1 988 989 990 991 -1 992 993 994 995 -1 996 997 998 999 -1 1000 1001 1002 1003 -1 1004 1005 1006 1007 -1 1008 1009 1010 1011 -1 1012 1013 1014 1015 -1 1016 1017 1018 1019 -1 1020 1021 1022 1023 -1 1024 1025 1026 1027 -1 1028 1029 1030 1031 -1 1032 1033 1034 1035 -1 1036 1037 1038 1039 -1 1040 1041 1042 1043 -1 1044 1045 1046 1047 -1 1048 1049 1050 1051 -1 1052 1053 1054 1055 -1 1056 1057 1058 1059 -1 1060 1061 1062 1063 -1 1064 1065 1066 1067 -1 1068 1069 1070 1071 -1 1072 1073 1074 1075 -1 1076 1077 1078 1079 -1 1080 1081 1082 1083 -1 1084 1085 1086 1087 -1 1088 1089 1090 1091 -1 1092 1093 1094 1095 -1 1096 1097 1098 1099 -1 1100 1101 1102 1103 -1 1104 1105 1106 1107 -1 1108 1109 1110 1111 -1 1112 1113 1114 1115 -1 1116 1117 1118 1119 -1 1120 1121 1122 1123 -1 1124 1125 1126 1127 -1 1128 1129 1130 1131 -1 1132 1133 1134 1135 -1 1136 1137 1138 1139 -1 1140 1141 1142 1143 -1 1144 1145 1146 1147 -1 1148 1149 1150 1151 -1 1152 1153 1154 1155 -1 1156 1157 1158 1159 -1 1160 1161 1162 1163 -1 1164 1165 1166 1167 -1 1168 1169 1170 1171 -1 1172 1173 1174 1175 -1 1176 1177 1178 1179 -1 1180 1181 1182 1183 -1 1184 1185 1186 1187 -1 1188 1189 1190 1191 -1 1192 1193 1194 1195 -1 1196 1197 1198 1199 -1 1200 1201 1202 1203 -1 1204 1205 1206 1207 -1 1208 1209 1210 1211 -1 1212 1213 1214 1215 -1 1216 1217 1218 1219 -1 1220 1221 1222 1223 -1 1224 1225 1226 1227 -1 1228 1229 1230 1231 -1 1232 1233 1234 1235 -1 1236 1237 1238 1239 -1 1240 1241 1242 1243 -1 1244 1245 1246 1247 -1 1248 1249 1250 1251 -1 1252 1253 1254 1255 -1 1256 1257 1258 1259 -1 1260 1261 1262 1263 -1 1264 1265 1266 1267 -1 1268 1269 1270 1271 -1 1272 1273 1274 1275 -1 1276 1277 1278 1279 -1 1280 1281 1282 1283 -1 1284 1285 1286 1287 -1 1288 1289 1290 1291 -1 1292 1293 1294 1295 -1 1296 1297 1298 1299 -1 1300 1301 1302 1303 -1 1304 1305 1306 1307 -1 1308 1309 1310 1311 -1 1312 1313 1314 1315 -1 1316 1317 1318 1319 -1 1320 1321 1322 1323 -1 1324 1325 1326 1327 -1 1328 1329 1330 1331 -1 1332 1333 1334 1335 -1 1336 1337 1338 1339 -1 1340 1341 1342 1343 -1 1344 1345 1346 1347 -1 1348 1349 1350 1351 -1 1352 1353 1354 1355 -1 1356 1357 1358 1359 -1 1360 1361 1362 1363 -1 1364 1365 1366 1367 -1 1368 1369 1370 1371 -1 1372 1373 1374 1375 -1 1376 1377 1378 1379 -1 1380 1381 1382 1383 -1 1384 1385 1386 1387 -1 1388 1389 1390 1391 -1 1392 1393 1394 1395 -1 1396 1397 1398 1399 -1 1400 1401 1402 1403 -1 1404 1405 1406 1407 -1 1408 1409 1410 1411 -1 1412 1413 1414 1415 -1 1416 1417 1418 1419 -1 1420 1421 1422 1423 -1 1424 1425 1426 1427 -1 1428 1429 1430 1431 -1 1432 1433 1434 1435 -1 1436 1437 1438 1439 -1 1440 1441 1442 1443 -1 1444 1445 1446 1447 -1 1448 1449 1450 1451 -1 1452 1453 1454 1455 -1 1456 1457 1458 1459 -1 1460 1461 1462 1463 -1 1464 1465 1466 1467 -1 1468 1469 1470 1471 -1 1472 1473 1474 1475 -1 1476 1477 1478 1479 -1 1480 1481 1482 1483 -1 1484 1485 1486 1487 -1 1488 1489 1490 1491 -1 1492 1493 1494 1495 -1 1496 1497 1498 1499 -1 1500 1501 1502 1503 -1 1504 1505 1506 1507 -1 1508 1509 1510 1511 -1 1512 1513 1514 1515 -1 1516 1517 1518 1519 -1 1520 1521 1522 1523 -1 1524 1525 1526 1527 -1 1528 1529 1530 1531 -1 1532 1533 1534 1535 -1 "
						                coordIndex="92 93 100 99 -1 93 94 101 100 -1 94 95 102 101 -1 95 96 103 102 -1 96 97 104 103 -1 97 98 105 104 -1 99 100 107 106 -1 100 101 108 107 -1 101 102 109 108 -1 102 103 110 109 -1 103 104 111 110 -1 104 105 112 111 -1 106 107 114 113 -1 107 108 115 114 -1 108 109 116 115 -1 109 110 117 116 -1 110 111 118 117 -1 111 112 119 118 -1 113 114 121 120 -1 114 115 122 121 -1 115 116 123 122 -1 116 117 124 123 -1 117 118 125 124 -1 118 119 126 125 -1 120 121 128 127 -1 121 122 129 128 -1 122 123 130 129 -1 123 124 131 130 -1 124 125 132 131 -1 125 126 133 132 -1 127 128 135 134 -1 128 129 136 135 -1 129 130 137 136 -1 130 131 138 137 -1 131 132 139 138 -1 132 133 140 139 -1 0 15 92 14 -1 15 16 93 92 -1 16 17 94 93 -1 17 18 95 94 -1 18 19 96 95 -1 19 20 97 96 -1 20 21 98 97 -1 21 1 22 98 -1 98 22 23 105 -1 105 23 24 112 -1 112 24 25 119 -1 119 25 26 126 -1 126 26 27 133 -1 133 27 28 140 -1 140 28 3 29 -1 139 140 29 30 -1 138 139 30 31 -1 137 138 31 32 -1 136 137 32 33 -1 135 136 33 34 -1 134 135 34 35 -1 8 134 35 2 -1 9 127 134 8 -1 10 120 127 9 -1 11 113 120 10 -1 12 106 113 11 -1 13 99 106 12 -1 14 92 99 13 -1 141 142 149 148 -1 142 143 150 149 -1 143 144 151 150 -1 144 145 152 151 -1 145 146 153 152 -1 146 147 154 153 -1 148 149 156 155 -1 149 150 157 156 -1 150 151 158 157 -1 151 152 159 158 -1 152 153 160 159 -1 153 154 161 160 -1 155 156 163 162 -1 156 157 164 163 -1 157 158 165 164 -1 158 159 166 165 -1 159 160 167 166 -1 160 161 168 167 -1 162 163 170 169 -1 163 164 171 170 -1 164 165 172 171 -1 165 166 173 172 -1 166 167 174 173 -1 167 168 175 174 -1 169 170 177 176 -1 170 171 178 177 -1 171 172 179 178 -1 172 173 180 179 -1 173 174 181 180 -1 174 175 182 181 -1 176 177 184 183 -1 177 178 185 184 -1 178 179 186 185 -1 179 180 187 186 -1 180 181 188 187 -1 181 182 189 188 -1 2 35 141 42 -1 35 34 142 141 -1 34 33 143 142 -1 33 32 144 143 -1 32 31 145 144 -1 31 30 146 145 -1 30 29 147 146 -1 29 3 43 147 -1 147 43 44 154 -1 154 44 45 161 -1 161 45 46 168 -1 168 46 47 175 -1 175 47 48 182 -1 182 48 49 189 -1 189 49 7 50 -1 188 189 50 51 -1 187 188 51 52 -1 186 187 52 53 -1 185 186 53 54 -1 184 185 54 55 -1 183 184 55 56 -1 36 183 56 6 -1 37 176 183 36 -1 38 169 176 37 -1 39 162 169 38 -1 40 155 162 39 -1 41 148 155 40 -1 42 141 148 41 -1 190 191 198 197 -1 191 192 199 198 -1 192 193 200 199 -1 193 194 201 200 -1 194 195 202 201 -1 195 196 203 202 -1 197 198 205 204 -1 198 199 206 205 -1 199 200 207 206 -1 200 201 208 207 -1 201 202 209 208 -1 202 203 210 209 -1 204 205 212 211 -1 205 206 213 212 -1 206 207 214 213 -1 207 208 215 214 -1 208 209 216 215 -1 209 210 217 216 -1 211 212 219 218 -1 212 213 220 219 -1 213 214 221 220 -1 214 215 222 221 -1 215 216 223 222 -1 216 217 224 223 -1 218 219 226 225 -1 219 220 227 226 -1 220 221 228 227 -1 221 222 229 228 -1 222 223 230 229 -1 223 224 231 230 -1 225 226 233 232 -1 226 227 234 233 -1 227 228 235 234 -1 228 229 236 235 -1 229 230 237 236 -1 230 231 238 237 -1 6 56 190 63 -1 56 55 191 190 -1 55 54 192 191 -1 54 53 193 192 -1 53 52 194 193 -1 52 51 195 194 -1 51 50 196 195 -1 50 7 64 196 -1 196 64 65 203 -1 203 65 66 210 -1 210 66 67 217 -1 217 67 68 224 -1 224 68 69 231 -1 231 69 70 238 -1 238 70 5 71 -1 237 238 71 72 -1 236 237 72 73 -1 235 236 73 74 -1 234 235 74 75 -1 233 234 75 76 -1 232 233 76 77 -1 57 232 77 4 -1 58 225 232 57 -1 59 218 225 58 -1 60 211 218 59 -1 61 204 211 60 -1 62 197 204 61 -1 63 190 197 62 -1 239 240 247 246 -1 240 241 248 247 -1 241 242 249 248 -1 242 243 250 249 -1 243 244 251 250 -1 244 245 252 251 -1 246 247 254 253 -1 247 248 255 254 -1 248 249 256 255 -1 249 250 257 256 -1 250 251 258 257 -1 251 252 259 258 -1 253 254 261 260 -1 254 255 262 261 -1 255 256 263 262 -1 256 257 264 263 -1 257 258 265 264 -1 258 259 266 265 -1 260 261 268 267 -1 261 262 269 268 -1 262 263 270 269 -1 263 264 271 270 -1 264 265 272 271 -1 265 266 273 272 -1 267 268 275 274 -1 268 269 276 275 -1 269 270 277 276 -1 270 271 278 277 -1 271 272 279 278 -1 272 273 280 279 -1 274 275 282 281 -1 275 276 283 282 -1 276 277 284 283 -1 277 278 285 284 -1 278 279 286 285 -1 279 280 287 286 -1 4 77 239 84 -1 77 76 240 239 -1 76 75 241 240 -1 75 74 242 241 -1 74 73 243 242 -1 73 72 244 243 -1 72 71 245 244 -1 71 5 85 245 -1 245 85 86 252 -1 252 86 87 259 -1 259 87 88 266 -1 266 88 89 273 -1 273 89 90 280 -1 280 90 91 287 -1 287 91 1 21 -1 286 287 21 20 -1 285 286 20 19 -1 284 285 19 18 -1 283 284 18 17 -1 282 283 17 16 -1 281 282 16 15 -1 78 281 15 0 -1 79 274 281 78 -1 80 267 274 79 -1 81 260 267 80 -1 82 253 260 81 -1 83 246 253 82 -1 84 239 246 83 -1 288 289 296 295 -1 289 290 297 296 -1 290 291 298 297 -1 291 292 299 298 -1 292 293 300 299 -1 293 294 301 300 -1 295 296 303 302 -1 296 297 304 303 -1 297 298 305 304 -1 298 299 306 305 -1 299 300 307 306 -1 300 301 308 307 -1 302 303 310 309 -1 303 304 311 310 -1 304 305 312 311 -1 305 306 313 312 -1 306 307 314 313 -1 307 308 315 314 -1 309 310 317 316 -1 310 311 318 317 -1 311 312 319 318 -1 312 313 320 319 -1 313 314 321 320 -1 314 315 322 321 -1 316 317 324 323 -1 317 318 325 324 -1 318 319 326 325 -1 319 320 327 326 -1 320 321 328 327 -1 321 322 329 328 -1 323 324 331 330 -1 324 325 332 331 -1 325 326 333 332 -1 326 327 334 333 -1 327 328 335 334 -1 328 329 336 335 -1 2 42 288 8 -1 42 41 289 288 -1 41 40 290 289 -1 40 39 291 290 -1 39 38 292 291 -1 38 37 293 292 -1 37 36 294 293 -1 36 6 63 294 -1 294 63 62 301 -1 301 62 61 308 -1 308 61 60 315 -1 315 60 59 322 -1 322 59 58 329 -1 329 58 57 336 -1 336 57 4 84 -1 335 336 84 83 -1 334 335 83 82 -1 333 334 82 81 -1 332 333 81 80 -1 331 332 80 79 -1 330 331 79 78 -1 14 330 78 0 -1 13 323 330 14 -1 12 316 323 13 -1 11 309 316 12 -1 10 302 309 11 -1 9 295 302 10 -1 8 288 295 9 -1 337 338 345 344 -1 338 339 346 345 -1 339 340 347 346 -1 340 341 348 347 -1 341 342 349 348 -1 342 343 350 349 -1 344 345 352 351 -1 345 346 353 352 -1 346 347 354 353 -1 347 348 355 354 -1 348 349 356 355 -1 349 350 357 356 -1 351 352 359 358 -1 352 353 360 359 -1 353 354 361 360 -1 354 355 362 361 -1 355 356 363 362 -1 356 357 364 363 -1 358 359 366 365 -1 359 360 367 366 -1 360 361 368 367 -1 361 362 369 368 -1 362 363 370 369 -1 363 364 371 370 -1 365 366 373 372 -1 366 367 374 373 -1 367 368 375 374 -1 368 369 376 375 -1 369 370 377 376 -1 370 371 378 377 -1 372 373 380 379 -1 373 374 381 380 -1 374 375 382 381 -1 375 376 383 382 -1 376 377 384 383 -1 377 378 385 384 -1 7 49 337 64 -1 49 48 338 337 -1 48 47 339 338 -1 47 46 340 339 -1 46 45 341 340 -1 45 44 342 341 -1 44 43 343 342 -1 43 3 28 343 -1 343 28 27 350 -1 350 27 26 357 -1 357 26 25 364 -1 364 25 24 371 -1 371 24 23 378 -1 378 23 22 385 -1 385 22 1 91 -1 384 385 91 90 -1 383 384 90 89 -1 382 383 89 88 -1 381 382 88 87 -1 380 381 87 86 -1 379 380 86 85 -1 70 379 85 5 -1 69 372 379 70 -1 68 365 372 69 -1 67 358 365 68 -1 66 351 358 67 -1 65 344 351 66 -1 64 337 344 65 -1 "
						                >
							<Coordinate DEF="coords_ME_Shape_IndexedFaceSet_007"
							            point="-0.185580 -2.875952 -0.871424 0.021473 -2.245365 -0.871424 -0.443706 -2.724401 -1.501010 -0.126569 -2.073993 -1.501010 0.579625 -2.932408 -0.871424 0.592738 -2.264184 -0.871424 0.360148 -2.818495 -1.501010 0.483345 -2.130450 -1.501010 -0.463283 -2.755920 -1.449919 -0.474968 -2.795145 -1.372984 -0.467954 -2.831508 -1.282796 -0.438597 -2.860306 -1.186217 -0.386219 -2.878309 -1.089638 -0.318015 -2.885515 -0.999451 -0.244288 -2.883205 -0.922516 -0.185416 -2.829057 -0.849315 -0.177374 -2.757088 -0.825507 -0.159251 -2.670821 -0.808695 -0.131170 -2.576026 -0.802442 -0.094294 -2.478338 -0.808695 -0.052384 -2.384431 -0.825507 -0.010409 -2.301883 -0.849315 -0.000353 -2.208640 -0.922516 -0.027988 -2.162863 -0.999451 -0.055016 -2.120476 -1.089638 -0.079262 -2.087178 -1.186217 -0.099215 -2.066917 -1.282796 -0.113994 -2.059719 -1.372984 -0.123041 -2.064015 -1.449919 -0.181913 -2.118164 -1.523120 -0.254634 -2.188147 -1.546927 -0.326183 -2.274405 -1.563739 -0.386690 -2.371459 -1.569992 -0.428676 -2.473647 -1.563739 -0.450572 -2.573576 -1.546927 -0.453227 -2.662678 -1.523120 0.279603 -2.830642 -1.523120 0.163056 -2.840015 -1.546927 0.033158 -2.840814 -1.563739 -0.097333 -2.831179 -1.569992 -0.217440 -2.810659 -1.563739 -0.319823 -2.782264 -1.546927 -0.398107 -2.750422 -1.523120 -0.071065 -2.049472 -1.523120 0.009244 -2.024976 -1.546927 0.099898 -2.010849 -1.563739 0.193674 -2.011232 -1.569992 0.284367 -2.028169 -1.563739 0.367131 -2.058471 -1.546927 0.436974 -2.096766 -1.523120 0.492093 -2.184510 -1.523120 0.497881 -2.267158 -1.546927 0.495602 -2.365181 -1.563739 0.483030 -2.470953 -1.569992 0.459238 -2.577257 -1.563739 0.426935 -2.676846 -1.546927 0.390450 -2.761951 -1.523120 0.590023 -2.949551 -0.922516 0.593671 -2.964527 -0.999451 0.583704 -2.969085 -1.089638 0.557656 -2.959801 -1.186217 0.515147 -2.935118 -1.282796 0.461627 -2.898412 -1.372984 0.404840 -2.855194 -1.449919 0.514350 -2.118511 -1.449919 0.550022 -2.110088 -1.372984 0.580003 -2.111553 -1.282796 0.600940 -2.125339 -1.186217 0.611024 -2.152278 -1.089638 0.611119 -2.188977 -0.999451 0.603225 -2.230209 -0.922516 0.617615 -2.323452 -0.849315 0.645811 -2.410544 -0.825507 0.666932 -2.510140 -0.808695 0.675567 -2.614186 -0.802442 0.668104 -2.715457 -0.808695 0.645812 -2.807458 -0.825507 0.612279 -2.883554 -0.849315 -0.119051 -2.907756 -0.849315 -0.019444 -2.943913 -0.825507 0.095771 -2.972614 -0.808695 0.216392 -2.988929 -0.802442 0.333190 -2.989935 -0.808695 0.438526 -2.977407 -0.825507 0.524846 -2.955050 -0.849315 0.551250 -2.244752 -0.849315 0.487881 -2.223720 -0.825507 0.411911 -2.208348 -0.808695 0.328004 -2.201283 -0.802442 0.240621 -2.203860 -0.808695 0.154902 -2.214481 -0.825507 0.077024 -2.230387 -0.849315 -0.274656 -2.816540 -0.914388 -0.276370 -2.737408 -0.899566 -0.258519 -2.647487 -0.887542 -0.224985 -2.550843 -0.882765 -0.178954 -2.452301 -0.887542 -0.124375 -2.357972 -0.899566 -0.064813 -2.274409 -0.914388 -0.357000 -2.807211 -0.995464 -0.363527 -2.718908 -0.987169 -0.344574 -2.622780 -0.979669 -0.305326 -2.522079 -0.976477 -0.250370 -2.420629 -0.979669 -0.183709 -2.323448 -0.987169 -0.108860 -2.235818 -0.995464 -0.427711 -2.793133 -1.087945 -0.435217 -2.698052 -1.084278 -0.414240 -2.596357 -1.080710 -0.370053 -2.491472 -1.079115 -0.307718 -2.387033 -1.080710 -0.231651 -2.287379 -1.084278 -0.146068 -2.197030 -1.087945 -0.479759 -2.771842 -1.186217 -0.486701 -2.673120 -1.186217 -0.464198 -2.568105 -1.186217 -0.417026 -2.460760 -1.186217 -0.349993 -2.355047 -1.186217 -0.268038 -2.254915 -1.186217 -0.176137 -2.164309 -1.186217 -0.507337 -2.742971 -1.284490 -0.513904 -2.643826 -1.288157 -0.491548 -2.538552 -1.291724 -0.444137 -2.431680 -1.293319 -0.375822 -2.327569 -1.291724 -0.291889 -2.229832 -1.288157 -0.197883 -2.141860 -1.284490 -0.510783 -2.710321 -1.376971 -0.516548 -2.613826 -1.385265 -0.495185 -2.510579 -1.392765 -0.449413 -2.405956 -1.395958 -0.382533 -2.305106 -1.392765 -0.300375 -2.211819 -1.385265 -0.209143 -2.129295 -1.376971 -0.492093 -2.679783 -1.458046 -0.495269 -2.588168 -1.472869 -0.474452 -2.487700 -1.484893 -0.430911 -2.385308 -1.489670 -0.367075 -2.287506 -1.484893 -0.289773 -2.199099 -1.472869 -0.206614 -2.124034 -1.458046 -0.393751 -2.670078 -1.570555 -0.383237 -2.574844 -1.604346 -0.358023 -2.471007 -1.625684 -0.316064 -2.365661 -1.633191 -0.258179 -2.265651 -1.625684 -0.191387 -2.176425 -1.604346 -0.124896 -2.102937 -1.570555 -0.312102 -2.690660 -1.604346 -0.295254 -2.587363 -1.645179 -0.266039 -2.477617 -1.670017 -0.223364 -2.367285 -1.678445 -0.167960 -2.262158 -1.670017 -0.105699 -2.167120 -1.645179 -0.043929 -2.086704 -1.604346 -0.209583 -2.713207 -1.625684 -0.189269 -2.604618 -1.670017 -0.157157 -2.490172 -1.696724 -0.114175 -2.375233 -1.705665 -0.062044 -2.265066 -1.696724 -0.005389 -2.164494 -1.670017 0.050415 -2.078208 -1.625684 -0.090858 -2.732050 -1.633191 -0.069328 -2.621830 -1.678445 -0.035987 -2.505591 -1.705665 0.005917 -2.388407 -1.714758 0.053129 -2.275342 -1.705665 0.102359 -2.171438 -1.678445 0.150307 -2.081723 -1.633191 0.037914 -2.743721 -1.625684 0.059590 -2.635747 -1.670017 0.092512 -2.521492 -1.696724 0.131317 -2.405702 -1.705665 0.171410 -2.293240 -1.696724 0.210969 -2.189317 -1.670017 0.248915 -2.099215 -1.625684 0.167343 -2.749287 -1.604346 0.190174 -2.647438 -1.645179 0.222161 -2.538083 -1.670017 0.256395 -2.425983 -1.678445 0.287739 -2.316317 -1.670017 0.315680 -2.214763 -1.645179 0.341262 -2.127038 -1.604346 0.287534 -2.752149 -1.570555 0.314801 -2.659565 -1.604346 0.346509 -2.556280 -1.625684 0.375512 -2.448114 -1.633191 0.397354 -2.341413 -1.625684 0.412397 -2.242856 -1.604346 0.423137 -2.159149 -1.570555 0.473376 -2.789495 -1.458046 0.521495 -2.702592 -1.472869 0.555015 -2.601604 -1.484893 0.574139 -2.493500 -1.489670 0.578547 -2.385137 -1.484893 0.569619 -2.282984 -1.472869 0.548709 -2.192964 -1.458046 0.542686 -2.824747 -1.376971 0.598134 -2.732460 -1.385265 0.632285 -2.627308 -1.392765 0.647346 -2.515316 -1.395958 0.645026 -2.402446 -1.392765 0.627138 -2.294131 -1.385265 0.595273 -2.195387 -1.376971 0.599763 -2.856874 -1.284490 0.657196 -2.760557 -1.288157 0.690380 -2.651758 -1.291724 0.701986 -2.536100 -1.293319 0.694546 -2.419126 -1.291724 0.670320 -2.306023 -1.288157 0.631462 -2.201859 -1.284490 0.640951 -2.880035 -1.186217 0.697050 -2.782481 -1.186217 0.728386 -2.672525 -1.186217 0.737395 -2.555552 -1.186217 0.726542 -2.436946 -1.186217 0.698427 -2.322108 -1.186217 0.655682 -2.216439 -1.186217 0.662681 -2.890764 -1.087944 0.715972 -2.795393 -1.084278 0.745456 -2.687913 -1.080710 0.752943 -2.573371 -1.079115 0.740418 -2.456938 -1.080710 0.710648 -2.344182 -1.084278 0.666568 -2.240757 -1.087945 0.665107 -2.891096 -0.995464 0.713856 -2.801220 -0.987169 0.741267 -2.698971 -0.979669 0.748130 -2.589273 -0.976477 0.735559 -2.477430 -0.979669 0.706505 -2.369436 -0.987169 0.664195 -2.271370 -0.995464 0.648934 -2.885468 -0.914388 0.690761 -2.803500 -0.899566 0.715596 -2.707487 -0.887542 0.722494 -2.602973 -0.882765 0.711316 -2.496028 -0.887542 0.685386 -2.393524 -0.899566 0.648631 -2.302556 -0.914388 0.550592 -2.895175 -0.801880 0.578729 -2.816824 -0.768089 0.599166 -2.724179 -0.746750 0.607647 -2.622620 -0.739244 0.602421 -2.517882 -0.746750 0.587000 -2.416197 -0.768089 0.566913 -2.323652 -0.801880 0.466426 -2.910758 -0.768089 0.492562 -2.827682 -0.727256 0.512120 -2.731933 -0.702417 0.522081 -2.627944 -0.693989 0.520987 -2.520377 -0.702417 0.511829 -2.414136 -0.727256 0.498980 -2.313962 -0.768089 0.364927 -2.920528 -0.746750 0.391337 -2.834603 -0.702417 0.411065 -2.736294 -0.675710 0.422980 -2.629818 -0.666770 0.426640 -2.519443 -0.675710 0.424147 -2.409520 -0.702417 0.418269 -2.304409 -0.746750 0.252051 -2.919827 -0.739244 0.279677 -2.833771 -0.693989 0.300175 -2.735039 -0.666770 0.314452 -2.627905 -0.657676 0.323420 -2.516650 -0.666770 0.328029 -2.405584 -0.693989 0.329238 -2.299023 -0.739244 0.134138 -2.906285 -0.746750 0.162389 -2.822862 -0.702417 0.183628 -2.726624 -0.675710 0.200615 -2.621871 -0.666770 0.215419 -2.512918 -0.675710 0.227700 -2.404088 -0.702417 0.236479 -2.299674 -0.746750 0.018343 -2.882671 -0.768089 0.044434 -2.803930 -0.727256 0.065549 -2.712005 -0.702417 0.085624 -2.611413 -0.693989 0.106916 -2.506757 -0.702417 0.127749 -2.402814 -0.727256 0.145151 -2.304167 -0.768089 -0.088814 -2.853885 -0.801880 -0.069676 -2.780437 -0.768089 -0.050013 -2.692811 -0.746750 -0.026358 -2.596230 -0.739244 0.002239 -2.496023 -0.746750 0.032848 -2.398100 -0.768089 0.060759 -2.308222 -0.801880 -0.405813 -2.813390 -1.458046 -0.320845 -2.858135 -1.472869 -0.212391 -2.892545 -1.484893 -0.086610 -2.914866 -1.489670 0.049057 -2.923060 -1.484893 0.183869 -2.916760 -1.472869 0.306257 -2.895461 -1.458046 -0.407494 -2.864471 -1.376971 -0.312207 -2.918438 -1.385265 -0.194557 -2.957778 -1.392765 -0.060966 -2.981659 -1.395958 0.081291 -2.988909 -1.392765 0.222513 -2.978513 -1.385265 0.352518 -2.949193 -1.376971 -0.393717 -2.905617 -1.284490 -0.290046 -2.964026 -1.288157 -0.164255 -3.006056 -1.291724 -0.023782 -3.030832 -1.293319 0.123586 -3.037376 -1.291724 0.268773 -3.024492 -1.288157 0.402400 -2.990888 -1.284490 -0.360664 -2.935009 -1.186217 -0.252290 -2.994278 -1.186217 -0.122031 -3.036900 -1.186217 0.021561 -3.061656 -1.186217 0.169922 -3.067368 -1.186217 0.314460 -3.052979 -1.186217 0.446572 -3.017464 -1.186217 -0.307672 -2.950617 -1.087945 -0.198944 -3.008266 -1.084278 -0.069388 -3.049737 -1.080710 0.071674 -3.073433 -1.079115 0.215221 -3.077911 -1.080710 0.353398 -3.062425 -1.084278 0.478680 -3.026381 -1.087945 -0.242088 -2.952013 -0.995464 -0.136511 -3.005283 -0.987169 -0.011461 -3.043850 -0.979669 0.123136 -3.065596 -0.976477 0.257909 -3.068673 -0.979669 0.385445 -3.052928 -0.987169 0.499141 -3.018441 -0.995464 -0.174215 -2.938756 -0.914388 -0.073438 -2.984444 -0.899566 0.045671 -3.018445 -0.887542 0.172519 -3.037607 -0.882765 0.297355 -3.039451 -0.887542 0.412492 -3.024779 -0.899566 0.511300 -2.994967 -0.914388 0.462429 -2.059357 -1.458046 0.395196 -2.013016 -1.472869 0.316486 -1.980291 -1.484893 0.229839 -1.963943 -1.489670 0.138882 -1.966048 -1.484893 0.047853 -1.984931 -1.472869 -0.039495 -2.018068 -1.458046 0.491985 -2.041237 -1.376971 0.422797 -1.989517 -1.385265 0.344397 -1.955246 -1.392765 0.258899 -1.939612 -1.395958 0.168462 -1.943506 -1.392765 0.075246 -1.965766 -1.385265 -0.018976 -2.004849 -1.376971 0.517841 -2.039213 -1.284490 0.446461 -1.985824 -1.288157 0.367254 -1.951622 -1.291724 0.281630 -1.936949 -1.293319 0.190973 -1.941952 -1.291724 0.096533 -1.965897 -1.288157 -0.000520 -2.007844 -1.284490 0.536587 -2.053270 -1.186217 0.464016 -2.000949 -1.186217 0.384374 -1.968153 -1.186217 0.298808 -1.954656 -1.186217 0.208471 -1.960205 -1.186217 0.114551 -1.984417 -1.186217 0.018242 -2.026881 -1.186217 0.546529 -2.083273 -1.087945 0.474374 -2.033968 -1.084278 0.395567 -2.003557 -1.080710 0.311215 -1.991410 -1.079115 0.222517 -1.997035 -1.080710 0.130923 -2.020349 -1.084278 0.037933 -2.061414 -1.087945 0.549282 -2.126570 -0.995464 0.479489 -2.083061 -0.987169 0.402446 -2.056360 -0.979669 0.319668 -2.045755 -0.976477 0.232987 -2.050926 -0.979669 0.144702 -2.071740 -0.987169 0.057105 -2.108474 -0.995464 0.548191 -2.180340 -0.914388 0.482454 -2.146488 -0.899566 0.407127 -2.125069 -0.887542 0.324990 -2.116208 -0.882765 0.239287 -2.120335 -0.887542 0.153894 -2.136693 -0.899566 0.072821 -2.164910 -0.914388 "
							            />
							<TextureCoordinate point="0.4062 0.0312 0.4375 0.0312 0.4375 0.0625 0.4062 0.0625 0.4375 0.0312 0.4688 0.0312 0.4688 0.0625 0.4375 0.0625 0.4688 0.0312 0.5000 0.0312 0.5000 0.0625 0.4688 0.0625 0.5000 0.0312 0.5312 0.0312 0.5312 0.0625 0.5000 0.0625 0.5312 0.0312 0.5625 0.0312 0.5625 0.0625 0.5312 0.0625 0.5625 0.0312 0.5938 0.0312 0.5938 0.0625 0.5625 0.0625 0.4062 0.0625 0.4375 0.0625 0.4375 0.0938 0.4062 0.0938 0.4375 0.0625 0.4688 0.0625 0.4688 0.0938 0.4375 0.0938 0.4688 0.0625 0.5000 0.0625 0.5000 0.0938 0.4688 0.0938 0.5000 0.0625 0.5312 0.0625 0.5312 0.0938 0.5000 0.0938 0.5312 0.0625 0.5625 0.0625 0.5625 0.0938 0.5312 0.0938 0.5625 0.0625 0.5938 0.0625 0.5938 0.0938 0.5625 0.0938 0.4062 0.0938 0.4375 0.0938 0.4375 0.1250 0.4062 0.1250 0.4375 0.0938 0.4688 0.0938 0.4688 0.1250 0.4375 0.1250 0.4688 0.0938 0.5000 0.0938 0.5000 0.1250 0.4688 0.1250 0.5000 0.0938 0.5312 0.0938 0.5312 0.1250 0.5000 0.1250 0.5312 0.0938 0.5625 0.0938 0.5625 0.1250 0.5312 0.1250 0.5625 0.0938 0.5938 0.0938 0.5938 0.1250 0.5625 0.1250 0.4062 0.1250 0.4375 0.1250 0.4375 0.1562 0.4062 0.1562 0.4375 0.1250 0.4688 0.1250 0.4688 0.1562 0.4375 0.1562 0.4688 0.1250 0.5000 0.1250 0.5000 0.1562 0.4688 0.1562 0.5000 0.1250 0.5312 0.1250 0.5312 0.1562 0.5000 0.1562 0.5312 0.1250 0.5625 0.1250 0.5625 0.1562 0.5312 0.1562 0.5625 0.1250 0.5938 0.1250 0.5938 0.1562 0.5625 0.1562 0.4062 0.1562 0.4375 0.1562 0.4375 0.1875 0.4062 0.1875 0.4375 0.1562 0.4688 0.1562 0.4688 0.1875 0.4375 0.1875 0.4688 0.1562 0.5000 0.1562 0.5000 0.1875 0.4688 0.1875 0.5000 0.1562 0.5312 0.1562 0.5312 0.1875 0.5000 0.1875 0.5312 0.1562 0.5625 0.1562 0.5625 0.1875 0.5312 0.1875 0.5625 0.1562 0.5938 0.1562 0.5938 0.1875 0.5625 0.1875 0.4062 0.1875 0.4375 0.1875 0.4375 0.2188 0.4062 0.2188 0.4375 0.1875 0.4688 0.1875 0.4688 0.2188 0.4375 0.2188 0.4688 0.1875 0.5000 0.1875 0.5000 0.2188 0.4688 0.2188 0.5000 0.1875 0.5312 0.1875 0.5312 0.2188 0.5000 0.2188 0.5312 0.1875 0.5625 0.1875 0.5625 0.2188 0.5312 0.2188 0.5625 0.1875 0.5938 0.1875 0.5938 0.2188 0.5625 0.2188 0.3750 0.0000 0.4062 0.0000 0.4062 0.0312 0.3750 0.0312 0.4062 0.0000 0.4375 0.0000 0.4375 0.0312 0.4062 0.0312 0.4375 0.0000 0.4688 0.0000 0.4688 0.0312 0.4375 0.0312 0.4688 0.0000 0.5000 0.0000 0.5000 0.0312 0.4688 0.0312 0.5000 0.0000 0.5312 0.0000 0.5312 0.0312 0.5000 0.0312 0.5312 0.0000 0.5625 0.0000 0.5625 0.0312 0.5312 0.0312 0.5625 0.0000 0.5938 0.0000 0.5938 0.0312 0.5625 0.0312 0.5938 0.0000 0.6250 0.0000 0.6250 0.0312 0.5938 0.0312 0.5938 0.0312 0.6250 0.0312 0.6250 0.0625 0.5938 0.0625 0.5938 0.0625 0.6250 0.0625 0.6250 0.0938 0.5938 0.0938 0.5938 0.0938 0.6250 0.0938 0.6250 0.1250 0.5938 0.1250 0.5938 0.1250 0.6250 0.1250 0.6250 0.1562 0.5938 0.1562 0.5938 0.1562 0.6250 0.1562 0.6250 0.1875 0.5938 0.1875 0.5938 0.1875 0.6250 0.1875 0.6250 0.2188 0.5938 0.2188 0.5938 0.2188 0.6250 0.2188 0.6250 0.2500 0.5938 0.2500 0.5625 0.2188 0.5938 0.2188 0.5938 0.2500 0.5625 0.2500 0.5312 0.2188 0.5625 0.2188 0.5625 0.2500 0.5312 0.2500 0.5000 0.2188 0.5312 0.2188 0.5312 0.2500 0.5000 0.2500 0.4688 0.2188 0.5000 0.2188 0.5000 0.2500 0.4688 0.2500 0.4375 0.2188 0.4688 0.2188 0.4688 0.2500 0.4375 0.2500 0.4062 0.2188 0.4375 0.2188 0.4375 0.2500 0.4062 0.2500 0.3750 0.2188 0.4062 0.2188 0.4062 0.2500 0.3750 0.2500 0.3750 0.1875 0.4062 0.1875 0.4062 0.2188 0.3750 0.2188 0.3750 0.1562 0.4062 0.1562 0.4062 0.1875 0.3750 0.1875 0.3750 0.1250 0.4062 0.1250 0.4062 0.1562 0.3750 0.1562 0.3750 0.0938 0.4062 0.0938 0.4062 0.1250 0.3750 0.1250 0.3750 0.0625 0.4062 0.0625 0.4062 0.0938 0.3750 0.0938 0.3750 0.0312 0.4062 0.0312 0.4062 0.0625 0.3750 0.0625 0.4062 0.2812 0.4375 0.2812 0.4375 0.3125 0.4062 0.3125 0.4375 0.2812 0.4688 0.2812 0.4688 0.3125 0.4375 0.3125 0.4688 0.2812 0.5000 0.2812 0.5000 0.3125 0.4688 0.3125 0.5000 0.2812 0.5312 0.2812 0.5312 0.3125 0.5000 0.3125 0.5312 0.2812 0.5625 0.2812 0.5625 0.3125 0.5312 0.3125 0.5625 0.2812 0.5938 0.2812 0.5938 0.3125 0.5625 0.3125 0.4062 0.3125 0.4375 0.3125 0.4375 0.3438 0.4062 0.3438 0.4375 0.3125 0.4688 0.3125 0.4688 0.3438 0.4375 0.3438 0.4688 0.3125 0.5000 0.3125 0.5000 0.3438 0.4688 0.3438 0.5000 0.3125 0.5312 0.3125 0.5312 0.3438 0.5000 0.3438 0.5312 0.3125 0.5625 0.3125 0.5625 0.3438 0.5312 0.3438 0.5625 0.3125 0.5938 0.3125 0.5938 0.3438 0.5625 0.3438 0.4062 0.3438 0.4375 0.3438 0.4375 0.3750 0.4062 0.3750 0.4375 0.3438 0.4688 0.3438 0.4688 0.3750 0.4375 0.3750 0.4688 0.3438 0.5000 0.3438 0.5000 0.3750 0.4688 0.3750 0.5000 0.3438 0.5312 0.3438 0.5312 0.3750 0.5000 0.3750 0.5312 0.3438 0.5625 0.3438 0.5625 0.3750 0.5312 0.3750 0.5625 0.3438 0.5938 0.3438 0.5938 0.3750 0.5625 0.3750 0.4062 0.3750 0.4375 0.3750 0.4375 0.4062 0.4062 0.4062 0.4375 0.3750 0.4688 0.3750 0.4688 0.4062 0.4375 0.4062 0.4688 0.3750 0.5000 0.3750 0.5000 0.4062 0.4688 0.4062 0.5000 0.3750 0.5312 0.3750 0.5312 0.4062 0.5000 0.4062 0.5312 0.3750 0.5625 0.3750 0.5625 0.4062 0.5312 0.4062 0.5625 0.3750 0.5938 0.3750 0.5938 0.4062 0.5625 0.4062 0.4062 0.4062 0.4375 0.4062 0.4375 0.4375 0.4062 0.4375 0.4375 0.4062 0.4688 0.4062 0.4688 0.4375 0.4375 0.4375 0.4688 0.4062 0.5000 0.4062 0.5000 0.4375 0.4688 0.4375 0.5000 0.4062 0.5312 0.4062 0.5312 0.4375 0.5000 0.4375 0.5312 0.4062 0.5625 0.4062 0.5625 0.4375 0.5312 0.4375 0.5625 0.4062 0.5938 0.4062 0.5938 0.4375 0.5625 0.4375 0.4062 0.4375 0.4375 0.4375 0.4375 0.4688 0.4062 0.4688 0.4375 0.4375 0.4688 0.4375 0.4688 0.4688 0.4375 0.4688 0.4688 0.4375 0.5000 0.4375 0.5000 0.4688 0.4688 0.4688 0.5000 0.4375 0.5312 0.4375 0.5312 0.4688 0.5000 0.4688 0.5312 0.4375 0.5625 0.4375 0.5625 0.4688 0.5312 0.4688 0.5625 0.4375 0.5938 0.4375 0.5938 0.4688 0.5625 0.4688 0.3750 0.2500 0.4062 0.2500 0.4062 0.2812 0.3750 0.2812 0.4062 0.2500 0.4375 0.2500 0.4375 0.2812 0.4062 0.2812 0.4375 0.2500 0.4688 0.2500 0.4688 0.2812 0.4375 0.2812 0.4688 0.2500 0.5000 0.2500 0.5000 0.2812 0.4688 0.2812 0.5000 0.2500 0.5312 0.2500 0.5312 0.2812 0.5000 0.2812 0.5312 0.2500 0.5625 0.2500 0.5625 0.2812 0.5312 0.2812 0.5625 0.2500 0.5938 0.2500 0.5938 0.2812 0.5625 0.2812 0.5938 0.2500 0.6250 0.2500 0.6250 0.2812 0.5938 0.2812 0.5938 0.2812 0.6250 0.2812 0.6250 0.3125 0.5938 0.3125 0.5938 0.3125 0.6250 0.3125 0.6250 0.3438 0.5938 0.3438 0.5938 0.3438 0.6250 0.3438 0.6250 0.3750 0.5938 0.3750 0.5938 0.3750 0.6250 0.3750 0.6250 0.4062 0.5938 0.4062 0.5938 0.4062 0.6250 0.4062 0.6250 0.4375 0.5938 0.4375 0.5938 0.4375 0.6250 0.4375 0.6250 0.4688 0.5938 0.4688 0.5938 0.4688 0.6250 0.4688 0.6250 0.5000 0.5938 0.5000 0.5625 0.4688 0.5938 0.4688 0.5938 0.5000 0.5625 0.5000 0.5312 0.4688 0.5625 0.4688 0.5625 0.5000 0.5312 0.5000 0.5000 0.4688 0.5312 0.4688 0.5312 0.5000 0.5000 0.5000 0.4688 0.4688 0.5000 0.4688 0.5000 0.5000 0.4688 0.5000 0.4375 0.4688 0.4688 0.4688 0.4688 0.5000 0.4375 0.5000 0.4062 0.4688 0.4375 0.4688 0.4375 0.5000 0.4062 0.5000 0.3750 0.4688 0.4062 0.4688 0.4062 0.5000 0.3750 0.5000 0.3750 0.4375 0.4062 0.4375 0.4062 0.4688 0.3750 0.4688 0.3750 0.4062 0.4062 0.4062 0.4062 0.4375 0.3750 0.4375 0.3750 0.3750 0.4062 0.3750 0.4062 0.4062 0.3750 0.4062 0.3750 0.3438 0.4062 0.3438 0.4062 0.3750 0.3750 0.3750 0.3750 0.3125 0.4062 0.3125 0.4062 0.3438 0.3750 0.3438 0.3750 0.2812 0.4062 0.2812 0.4062 0.3125 0.3750 0.3125 0.4062 0.5312 0.4375 0.5312 0.4375 0.5625 0.4062 0.5625 0.4375 0.5312 0.4688 0.5312 0.4688 0.5625 0.4375 0.5625 0.4688 0.5312 0.5000 0.5312 0.5000 0.5625 0.4688 0.5625 0.5000 0.5312 0.5312 0.5312 0.5312 0.5625 0.5000 0.5625 0.5312 0.5312 0.5625 0.5312 0.5625 0.5625 0.5312 0.5625 0.5625 0.5312 0.5938 0.5312 0.5938 0.5625 0.5625 0.5625 0.4062 0.5625 0.4375 0.5625 0.4375 0.5938 0.4062 0.5938 0.4375 0.5625 0.4688 0.5625 0.4688 0.5938 0.4375 0.5938 0.4688 0.5625 0.5000 0.5625 0.5000 0.5938 0.4688 0.5938 0.5000 0.5625 0.5312 0.5625 0.5312 0.5938 0.5000 0.5938 0.5312 0.5625 0.5625 0.5625 0.5625 0.5938 0.5312 0.5938 0.5625 0.5625 0.5938 0.5625 0.5938 0.5938 0.5625 0.5938 0.4062 0.5938 0.4375 0.5938 0.4375 0.6250 0.4062 0.6250 0.4375 0.5938 0.4688 0.5938 0.4688 0.6250 0.4375 0.6250 0.4688 0.5938 0.5000 0.5938 0.5000 0.6250 0.4688 0.6250 0.5000 0.5938 0.5312 0.5938 0.5312 0.6250 0.5000 0.6250 0.5312 0.5938 0.5625 0.5938 0.5625 0.6250 0.5312 0.6250 0.5625 0.5938 0.5938 0.5938 0.5938 0.6250 0.5625 0.6250 0.4062 0.6250 0.4375 0.6250 0.4375 0.6562 0.4062 0.6562 0.4375 0.6250 0.4688 0.6250 0.4688 0.6562 0.4375 0.6562 0.4688 0.6250 0.5000 0.6250 0.5000 0.6562 0.4688 0.6562 0.5000 0.6250 0.5312 0.6250 0.5312 0.6562 0.5000 0.6562 0.5312 0.6250 0.5625 0.6250 0.5625 0.6562 0.5312 0.6562 0.5625 0.6250 0.5938 0.6250 0.5938 0.6562 0.5625 0.6562 0.4062 0.6562 0.4375 0.6562 0.4375 0.6875 0.4062 0.6875 0.4375 0.6562 0.4688 0.6562 0.4688 0.6875 0.4375 0.6875 0.4688 0.6562 0.5000 0.6562 0.5000 0.6875 0.4688 0.6875 0.5000 0.6562 0.5312 0.6562 0.5312 0.6875 0.5000 0.6875 0.5312 0.6562 0.5625 0.6562 0.5625 0.6875 0.5312 0.6875 0.5625 0.6562 0.5938 0.6562 0.5938 0.6875 0.5625 0.6875 0.4062 0.6875 0.4375 0.6875 0.4375 0.7188 0.4062 0.7188 0.4375 0.6875 0.4688 0.6875 0.4688 0.7188 0.4375 0.7188 0.4688 0.6875 0.5000 0.6875 0.5000 0.7188 0.4688 0.7188 0.5000 0.6875 0.5312 0.6875 0.5312 0.7188 0.5000 0.7188 0.5312 0.6875 0.5625 0.6875 0.5625 0.7188 0.5312 0.7188 0.5625 0.6875 0.5938 0.6875 0.5938 0.7188 0.5625 0.7188 0.3750 0.5000 0.4062 0.5000 0.4062 0.5312 0.3750 0.5312 0.4062 0.5000 0.4375 0.5000 0.4375 0.5312 0.4062 0.5312 0.4375 0.5000 0.4688 0.5000 0.4688 0.5312 0.4375 0.5312 0.4688 0.5000 0.5000 0.5000 0.5000 0.5312 0.4688 0.5312 0.5000 0.5000 0.5312 0.5000 0.5312 0.5312 0.5000 0.5312 0.5312 0.5000 0.5625 0.5000 0.5625 0.5312 0.5312 0.5312 0.5625 0.5000 0.5938 0.5000 0.5938 0.5312 0.5625 0.5312 0.5938 0.5000 0.6250 0.5000 0.6250 0.5312 0.5938 0.5312 0.5938 0.5312 0.6250 0.5312 0.6250 0.5625 0.5938 0.5625 0.5938 0.5625 0.6250 0.5625 0.6250 0.5938 0.5938 0.5938 0.5938 0.5938 0.6250 0.5938 0.6250 0.6250 0.5938 0.6250 0.5938 0.6250 0.6250 0.6250 0.6250 0.6562 0.5938 0.6562 0.5938 0.6562 0.6250 0.6562 0.6250 0.6875 0.5938 0.6875 0.5938 0.6875 0.6250 0.6875 0.6250 0.7188 0.5938 0.7188 0.5938 0.7188 0.6250 0.7188 0.6250 0.7500 0.5938 0.7500 0.5625 0.7188 0.5938 0.7188 0.5938 0.7500 0.5625 0.7500 0.5312 0.7188 0.5625 0.7188 0.5625 0.7500 0.5312 0.7500 0.5000 0.7188 0.5312 0.7188 0.5312 0.7500 0.5000 0.7500 0.4688 0.7188 0.5000 0.7188 0.5000 0.7500 0.4688 0.7500 0.4375 0.7188 0.4688 0.7188 0.4688 0.7500 0.4375 0.7500 0.4062 0.7188 0.4375 0.7188 0.4375 0.7500 0.4062 0.7500 0.3750 0.7188 0.4062 0.7188 0.4062 0.7500 0.3750 0.7500 0.3750 0.6875 0.4062 0.6875 0.4062 0.7188 0.3750 0.7188 0.3750 0.6562 0.4062 0.6562 0.4062 0.6875 0.3750 0.6875 0.3750 0.6250 0.4062 0.6250 0.4062 0.6562 0.3750 0.6562 0.3750 0.5938 0.4062 0.5938 0.4062 0.6250 0.3750 0.6250 0.3750 0.5625 0.4062 0.5625 0.4062 0.5938 0.3750 0.5938 0.3750 0.5312 0.4062 0.5312 0.4062 0.5625 0.3750 0.5625 0.4062 0.7812 0.4375 0.7812 0.4375 0.8125 0.4062 0.8125 0.4375 0.7812 0.4688 0.7812 0.4688 0.8125 0.4375 0.8125 0.4688 0.7812 0.5000 0.7812 0.5000 0.8125 0.4688 0.8125 0.5000 0.7812 0.5312 0.7812 0.5312 0.8125 0.5000 0.8125 0.5312 0.7812 0.5625 0.7812 0.5625 0.8125 0.5312 0.8125 0.5625 0.7812 0.5938 0.7812 0.5938 0.8125 0.5625 0.8125 0.4062 0.8125 0.4375 0.8125 0.4375 0.8438 0.4062 0.8438 0.4375 0.8125 0.4688 0.8125 0.4688 0.8438 0.4375 0.8438 0.4688 0.8125 0.5000 0.8125 0.5000 0.8438 0.4688 0.8438 0.5000 0.8125 0.5312 0.8125 0.5312 0.8438 0.5000 0.8438 0.5312 0.8125 0.5625 0.8125 0.5625 0.8438 0.5312 0.8438 0.5625 0.8125 0.5938 0.8125 0.5938 0.8438 0.5625 0.8438 0.4062 0.8438 0.4375 0.8438 0.4375 0.8750 0.4062 0.8750 0.4375 0.8438 0.4688 0.8438 0.4688 0.8750 0.4375 0.8750 0.4688 0.8438 0.5000 0.8438 0.5000 0.8750 0.4688 0.8750 0.5000 0.8438 0.5312 0.8438 0.5312 0.8750 0.5000 0.8750 0.5312 0.8438 0.5625 0.8438 0.5625 0.8750 0.5312 0.8750 0.5625 0.8438 0.5938 0.8438 0.5938 0.8750 0.5625 0.8750 0.4062 0.8750 0.4375 0.8750 0.4375 0.9062 0.4062 0.9062 0.4375 0.8750 0.4688 0.8750 0.4688 0.9062 0.4375 0.9062 0.4688 0.8750 0.5000 0.8750 0.5000 0.9062 0.4688 0.9062 0.5000 0.8750 0.5312 0.8750 0.5312 0.9062 0.5000 0.9062 0.5312 0.8750 0.5625 0.8750 0.5625 0.9062 0.5312 0.9062 0.5625 0.8750 0.5938 0.8750 0.5938 0.9062 0.5625 0.9062 0.4062 0.9062 0.4375 0.9062 0.4375 0.9375 0.4062 0.9375 0.4375 0.9062 0.4688 0.9062 0.4688 0.9375 0.4375 0.9375 0.4688 0.9062 0.5000 0.9062 0.5000 0.9375 0.4688 0.9375 0.5000 0.9062 0.5312 0.9062 0.5312 0.9375 0.5000 0.9375 0.5312 0.9062 0.5625 0.9062 0.5625 0.9375 0.5312 0.9375 0.5625 0.9062 0.5938 0.9062 0.5938 0.9375 0.5625 0.9375 0.4062 0.9375 0.4375 0.9375 0.4375 0.9688 0.4062 0.9688 0.4375 0.9375 0.4688 0.9375 0.4688 0.9688 0.4375 0.9688 0.4688 0.9375 0.5000 0.9375 0.5000 0.9688 0.4688 0.9688 0.5000 0.9375 0.5312 0.9375 0.5312 0.9688 0.5000 0.9688 0.5312 0.9375 0.5625 0.9375 0.5625 0.9688 0.5312 0.9688 0.5625 0.9375 0.5938 0.9375 0.5938 0.9688 0.5625 0.9688 0.3750 0.7500 0.4062 0.7500 0.4062 0.7812 0.3750 0.7812 0.4062 0.7500 0.4375 0.7500 0.4375 0.7812 0.4062 0.7812 0.4375 0.7500 0.4688 0.7500 0.4688 0.7812 0.4375 0.7812 0.4688 0.7500 0.5000 0.7500 0.5000 0.7812 0.4688 0.7812 0.5000 0.7500 0.5312 0.7500 0.5312 0.7812 0.5000 0.7812 0.5312 0.7500 0.5625 0.7500 0.5625 0.7812 0.5312 0.7812 0.5625 0.7500 0.5938 0.7500 0.5938 0.7812 0.5625 0.7812 0.5938 0.7500 0.6250 0.7500 0.6250 0.7812 0.5938 0.7812 0.5938 0.7812 0.6250 0.7812 0.6250 0.8125 0.5938 0.8125 0.5938 0.8125 0.6250 0.8125 0.6250 0.8438 0.5938 0.8438 0.5938 0.8438 0.6250 0.8438 0.6250 0.8750 0.5938 0.8750 0.5938 0.8750 0.6250 0.8750 0.6250 0.9062 0.5938 0.9062 0.5938 0.9062 0.6250 0.9062 0.6250 0.9375 0.5938 0.9375 0.5938 0.9375 0.6250 0.9375 0.6250 0.9688 0.5938 0.9688 0.5938 0.9688 0.6250 0.9688 0.6250 1.0000 0.5938 1.0000 0.5625 0.9688 0.5938 0.9688 0.5938 1.0000 0.5625 1.0000 0.5312 0.9688 0.5625 0.9688 0.5625 1.0000 0.5312 1.0000 0.5000 0.9688 0.5312 0.9688 0.5312 1.0000 0.5000 1.0000 0.4688 0.9688 0.5000 0.9688 0.5000 1.0000 0.4688 1.0000 0.4375 0.9688 0.4688 0.9688 0.4688 1.0000 0.4375 1.0000 0.4062 0.9688 0.4375 0.9688 0.4375 1.0000 0.4062 1.0000 0.3750 0.9688 0.4062 0.9688 0.4062 1.0000 0.3750 1.0000 0.3750 0.9375 0.4062 0.9375 0.4062 0.9688 0.3750 0.9688 0.3750 0.9062 0.4062 0.9062 0.4062 0.9375 0.3750 0.9375 0.3750 0.8750 0.4062 0.8750 0.4062 0.9062 0.3750 0.9062 0.3750 0.8438 0.4062 0.8438 0.4062 0.8750 0.3750 0.8750 0.3750 0.8125 0.4062 0.8125 0.4062 0.8438 0.3750 0.8438 0.3750 0.7812 0.4062 0.7812 0.4062 0.8125 0.3750 0.8125 0.1562 0.5312 0.1875 0.5312 0.1875 0.5625 0.1562 0.5625 0.1875 0.5312 0.2188 0.5312 0.2188 0.5625 0.1875 0.5625 0.2188 0.5312 0.2500 0.5312 0.2500 0.5625 0.2188 0.5625 0.2500 0.5312 0.2812 0.5312 0.2812 0.5625 0.2500 0.5625 0.2812 0.5312 0.3125 0.5312 0.3125 0.5625 0.2812 0.5625 0.3125 0.5312 0.3438 0.5312 0.3438 0.5625 0.3125 0.5625 0.1562 0.5625 0.1875 0.5625 0.1875 0.5938 0.1562 0.5938 0.1875 0.5625 0.2188 0.5625 0.2188 0.5938 0.1875 0.5938 0.2188 0.5625 0.2500 0.5625 0.2500 0.5938 0.2188 0.5938 0.2500 0.5625 0.2812 0.5625 0.2812 0.5938 0.2500 0.5938 0.2812 0.5625 0.3125 0.5625 0.3125 0.5938 0.2812 0.5938 0.3125 0.5625 0.3438 0.5625 0.3438 0.5938 0.3125 0.5938 0.1562 0.5938 0.1875 0.5938 0.1875 0.6250 0.1562 0.6250 0.1875 0.5938 0.2188 0.5938 0.2188 0.6250 0.1875 0.6250 0.2188 0.5938 0.2500 0.5938 0.2500 0.6250 0.2188 0.6250 0.2500 0.5938 0.2812 0.5938 0.2812 0.6250 0.2500 0.6250 0.2812 0.5938 0.3125 0.5938 0.3125 0.6250 0.2812 0.6250 0.3125 0.5938 0.3438 0.5938 0.3438 0.6250 0.3125 0.6250 0.1562 0.6250 0.1875 0.6250 0.1875 0.6562 0.1562 0.6562 0.1875 0.6250 0.2188 0.6250 0.2188 0.6562 0.1875 0.6562 0.2188 0.6250 0.2500 0.6250 0.2500 0.6562 0.2188 0.6562 0.2500 0.6250 0.2812 0.6250 0.2812 0.6562 0.2500 0.6562 0.2812 0.6250 0.3125 0.6250 0.3125 0.6562 0.2812 0.6562 0.3125 0.6250 0.3438 0.6250 0.3438 0.6562 0.3125 0.6562 0.1562 0.6562 0.1875 0.6562 0.1875 0.6875 0.1562 0.6875 0.1875 0.6562 0.2188 0.6562 0.2188 0.6875 0.1875 0.6875 0.2188 0.6562 0.2500 0.6562 0.2500 0.6875 0.2188 0.6875 0.2500 0.6562 0.2812 0.6562 0.2812 0.6875 0.2500 0.6875 0.2812 0.6562 0.3125 0.6562 0.3125 0.6875 0.2812 0.6875 0.3125 0.6562 0.3438 0.6562 0.3438 0.6875 0.3125 0.6875 0.1562 0.6875 0.1875 0.6875 0.1875 0.7188 0.1562 0.7188 0.1875 0.6875 0.2188 0.6875 0.2188 0.7188 0.1875 0.7188 0.2188 0.6875 0.2500 0.6875 0.2500 0.7188 0.2188 0.7188 0.2500 0.6875 0.2812 0.6875 0.2812 0.7188 0.2500 0.7188 0.2812 0.6875 0.3125 0.6875 0.3125 0.7188 0.2812 0.7188 0.3125 0.6875 0.3438 0.6875 0.3438 0.7188 0.3125 0.7188 0.1250 0.5000 0.1562 0.5000 0.1562 0.5312 0.1250 0.5312 0.1562 0.5000 0.1875 0.5000 0.1875 0.5312 0.1562 0.5312 0.1875 0.5000 0.2188 0.5000 0.2188 0.5312 0.1875 0.5312 0.2188 0.5000 0.2500 0.5000 0.2500 0.5312 0.2188 0.5312 0.2500 0.5000 0.2812 0.5000 0.2812 0.5312 0.2500 0.5312 0.2812 0.5000 0.3125 0.5000 0.3125 0.5312 0.2812 0.5312 0.3125 0.5000 0.3438 0.5000 0.3438 0.5312 0.3125 0.5312 0.3438 0.5000 0.3750 0.5000 0.3750 0.5312 0.3438 0.5312 0.3438 0.5312 0.3750 0.5312 0.3750 0.5625 0.3438 0.5625 0.3438 0.5625 0.3750 0.5625 0.3750 0.5938 0.3438 0.5938 0.3438 0.5938 0.3750 0.5938 0.3750 0.6250 0.3438 0.6250 0.3438 0.6250 0.3750 0.6250 0.3750 0.6562 0.3438 0.6562 0.3438 0.6562 0.3750 0.6562 0.3750 0.6875 0.3438 0.6875 0.3438 0.6875 0.3750 0.6875 0.3750 0.7188 0.3438 0.7188 0.3438 0.7188 0.3750 0.7188 0.3750 0.7500 0.3438 0.7500 0.3125 0.7188 0.3438 0.7188 0.3438 0.7500 0.3125 0.7500 0.2812 0.7188 0.3125 0.7188 0.3125 0.7500 0.2812 0.7500 0.2500 0.7188 0.2812 0.7188 0.2812 0.7500 0.2500 0.7500 0.2188 0.7188 0.2500 0.7188 0.2500 0.7500 0.2188 0.7500 0.1875 0.7188 0.2188 0.7188 0.2188 0.7500 0.1875 0.7500 0.1562 0.7188 0.1875 0.7188 0.1875 0.7500 0.1562 0.7500 0.1250 0.7188 0.1562 0.7188 0.1562 0.7500 0.1250 0.7500 0.1250 0.6875 0.1562 0.6875 0.1562 0.7188 0.1250 0.7188 0.1250 0.6562 0.1562 0.6562 0.1562 0.6875 0.1250 0.6875 0.1250 0.6250 0.1562 0.6250 0.1562 0.6562 0.1250 0.6562 0.1250 0.5938 0.1562 0.5938 0.1562 0.6250 0.1250 0.6250 0.1250 0.5625 0.1562 0.5625 0.1562 0.5938 0.1250 0.5938 0.1250 0.5312 0.1562 0.5312 0.1562 0.5625 0.1250 0.5625 0.6562 0.5312 0.6875 0.5312 0.6875 0.5625 0.6562 0.5625 0.6875 0.5312 0.7188 0.5312 0.7188 0.5625 0.6875 0.5625 0.7188 0.5312 0.7500 0.5312 0.7500 0.5625 0.7188 0.5625 0.7500 0.5312 0.7812 0.5312 0.7812 0.5625 0.7500 0.5625 0.7812 0.5312 0.8125 0.5312 0.8125 0.5625 0.7812 0.5625 0.8125 0.5312 0.8438 0.5312 0.8438 0.5625 0.8125 0.5625 0.6562 0.5625 0.6875 0.5625 0.6875 0.5938 0.6562 0.5938 0.6875 0.5625 0.7188 0.5625 0.7188 0.5938 0.6875 0.5938 0.7188 0.5625 0.7500 0.5625 0.7500 0.5938 0.7188 0.5938 0.7500 0.5625 0.7812 0.5625 0.7812 0.5938 0.7500 0.5938 0.7812 0.5625 0.8125 0.5625 0.8125 0.5938 0.7812 0.5938 0.8125 0.5625 0.8438 0.5625 0.8438 0.5938 0.8125 0.5938 0.6562 0.5938 0.6875 0.5938 0.6875 0.6250 0.6562 0.6250 0.6875 0.5938 0.7188 0.5938 0.7188 0.6250 0.6875 0.6250 0.7188 0.5938 0.7500 0.5938 0.7500 0.6250 0.7188 0.6250 0.7500 0.5938 0.7812 0.5938 0.7812 0.6250 0.7500 0.6250 0.7812 0.5938 0.8125 0.5938 0.8125 0.6250 0.7812 0.6250 0.8125 0.5938 0.8438 0.5938 0.8438 0.6250 0.8125 0.6250 0.6562 0.6250 0.6875 0.6250 0.6875 0.6562 0.6562 0.6562 0.6875 0.6250 0.7188 0.6250 0.7188 0.6562 0.6875 0.6562 0.7188 0.6250 0.7500 0.6250 0.7500 0.6562 0.7188 0.6562 0.7500 0.6250 0.7812 0.6250 0.7812 0.6562 0.7500 0.6562 0.7812 0.6250 0.8125 0.6250 0.8125 0.6562 0.7812 0.6562 0.8125 0.6250 0.8438 0.6250 0.8438 0.6562 0.8125 0.6562 0.6562 0.6562 0.6875 0.6562 0.6875 0.6875 0.6562 0.6875 0.6875 0.6562 0.7188 0.6562 0.7188 0.6875 0.6875 0.6875 0.7188 0.6562 0.7500 0.6562 0.7500 0.6875 0.7188 0.6875 0.7500 0.6562 0.7812 0.6562 0.7812 0.6875 0.7500 0.6875 0.7812 0.6562 0.8125 0.6562 0.8125 0.6875 0.7812 0.6875 0.8125 0.6562 0.8438 0.6562 0.8438 0.6875 0.8125 0.6875 0.6562 0.6875 0.6875 0.6875 0.6875 0.7188 0.6562 0.7188 0.6875 0.6875 0.7188 0.6875 0.7188 0.7188 0.6875 0.7188 0.7188 0.6875 0.7500 0.6875 0.7500 0.7188 0.7188 0.7188 0.7500 0.6875 0.7812 0.6875 0.7812 0.7188 0.7500 0.7188 0.7812 0.6875 0.8125 0.6875 0.8125 0.7188 0.7812 0.7188 0.8125 0.6875 0.8438 0.6875 0.8438 0.7188 0.8125 0.7188 0.6250 0.5000 0.6562 0.5000 0.6562 0.5312 0.6250 0.5312 0.6562 0.5000 0.6875 0.5000 0.6875 0.5312 0.6562 0.5312 0.6875 0.5000 0.7188 0.5000 0.7188 0.5312 0.6875 0.5312 0.7188 0.5000 0.7500 0.5000 0.7500 0.5312 0.7188 0.5312 0.7500 0.5000 0.7812 0.5000 0.7812 0.5312 0.7500 0.5312 0.7812 0.5000 0.8125 0.5000 0.8125 0.5312 0.7812 0.5312 0.8125 0.5000 0.8438 0.5000 0.8438 0.5312 0.8125 0.5312 0.8438 0.5000 0.8750 0.5000 0.8750 0.5312 0.8438 0.5312 0.8438 0.5312 0.8750 0.5312 0.8750 0.5625 0.8438 0.5625 0.8438 0.5625 0.8750 0.5625 0.8750 0.5938 0.8438 0.5938 0.8438 0.5938 0.8750 0.5938 0.8750 0.6250 0.8438 0.6250 0.8438 0.6250 0.8750 0.6250 0.8750 0.6562 0.8438 0.6562 0.8438 0.6562 0.8750 0.6562 0.8750 0.6875 0.8438 0.6875 0.8438 0.6875 0.8750 0.6875 0.8750 0.7188 0.8438 0.7188 0.8438 0.7188 0.8750 0.7188 0.8750 0.7500 0.8438 0.7500 0.8125 0.7188 0.8438 0.7188 0.8438 0.7500 0.8125 0.7500 0.7812 0.7188 0.8125 0.7188 0.8125 0.7500 0.7812 0.7500 0.7500 0.7188 0.7812 0.7188 0.7812 0.7500 0.7500 0.7500 0.7188 0.7188 0.7500 0.7188 0.7500 0.7500 0.7188 0.7500 0.6875 0.7188 0.7188 0.7188 0.7188 0.7500 0.6875 0.7500 0.6562 0.7188 0.6875 0.7188 0.6875 0.7500 0.6562 0.7500 0.6250 0.7188 0.6562 0.7188 0.6562 0.7500 0.6250 0.7500 0.6250 0.6875 0.6562 0.6875 0.6562 0.7188 0.6250 0.7188 0.6250 0.6562 0.6562 0.6562 0.6562 0.6875 0.6250 0.6875 0.6250 0.6250 0.6562 0.6250 0.6562 0.6562 0.6250 0.6562 0.6250 0.5938 0.6562 0.5938 0.6562 0.6250 0.6250 0.6250 0.6250 0.5625 0.6562 0.5625 0.6562 0.5938 0.6250 0.5938 0.6250 0.5312 0.6562 0.5312 0.6562 0.5625 0.6250 0.5625 " />
						</IndexedFaceSet>
					</Shape>
				</Group>
			</Transform>
		</Transform>
		<Transform DEF="Shape_IndexedFaceSet_008_TRANSFORM"
		           translation="0.000000 0.000000 0.000000"
		           scale="1.000000 1.000000 1.000000"
		           rotation="-0.000000 0.000000 0.000000 0.000000"
		           >
			<Transform DEF="Shape_IndexedFaceSet_008_ifs_TRANSFORM"
			           translation="0.000000 0.000000 0.000000"
			           scale="1.000000 1.000000 1.000000"
			           rotation="0.000000 1.000000 0.000000 0.000000"
			           >
				<Group DEF="group_ME_Shape_IndexedFaceSet_008">
					<Shape>
						<Appearance>
							<Material USE="MA_MA_Material_001" />
						</Appearance>
						<IndexedFaceSet solid="false"
						                texCoordIndex="0 1 2 3 -1 4 5 6 7 -1 8 9 10 11 -1 12 13 14 15 -1 16 17 18 19 -1 20 21 22 23 -1 24 25 26 27 -1 28 29 30 31 -1 32 33 34 35 -1 36 37 38 39 -1 40 41 42 43 -1 44 45 46 47 -1 48 49 50 51 -1 52 53 54 55 -1 56 57 58 59 -1 60 61 62 63 -1 64 65 66 67 -1 68 69 70 71 -1 72 73 74 75 -1 76 77 78 79 -1 80 81 82 83 -1 84 85 86 87 -1 88 89 90 91 -1 92 93 94 95 -1 96 97 98 99 -1 100 101 102 103 -1 104 105 106 107 -1 108 109 110 111 -1 112 113 114 115 -1 116 117 118 119 -1 120 121 122 123 -1 124 125 126 127 -1 128 129 130 131 -1 132 133 134 135 -1 136 137 138 139 -1 140 141 142 143 -1 144 145 146 147 -1 148 149 150 151 -1 152 153 154 155 -1 156 157 158 159 -1 160 161 162 163 -1 164 165 166 167 -1 168 169 170 171 -1 172 173 174 175 -1 176 177 178 179 -1 180 181 182 183 -1 184 185 186 187 -1 188 189 190 191 -1 192 193 194 195 -1 196 197 198 199 -1 200 201 202 203 -1 204 205 206 207 -1 208 209 210 211 -1 212 213 214 215 -1 216 217 218 219 -1 220 221 222 223 -1 224 225 226 227 -1 228 229 230 231 -1 232 233 234 235 -1 236 237 238 239 -1 240 241 242 243 -1 244 245 246 247 -1 248 249 250 251 -1 252 253 254 255 -1 256 257 258 259 -1 260 261 262 263 -1 264 265 266 267 -1 268 269 270 271 -1 272 273 274 275 -1 276 277 278 279 -1 280 281 282 283 -1 284 285 286 287 -1 288 289 290 291 -1 292 293 294 295 -1 296 297 298 299 -1 300 301 302 303 -1 304 305 306 307 -1 308 309 310 311 -1 312 313 314 315 -1 316 317 318 319 -1 320 321 322 323 -1 324 325 326 327 -1 328 329 330 331 -1 332 333 334 335 -1 336 337 338 339 -1 340 341 342 343 -1 344 345 346 347 -1 348 349 350 351 -1 352 353 354 355 -1 356 357 358 359 -1 360 361 362 363 -1 364 365 366 367 -1 368 369 370 371 -1 372 373 374 375 -1 376 377 378 379 -1 380 381 382 383 -1 384 385 386 387 -1 388 389 390 391 -1 392 393 394 395 -1 396 397 398 399 -1 400 401 402 403 -1 404 405 406 407 -1 408 409 410 411 -1 412 413 414 415 -1 416 417 418 419 -1 420 421 422 423 -1 424 425 426 427 -1 428 429 430 431 -1 432 433 434 435 -1 436 437 438 439 -1 440 441 442 443 -1 444 445 446 447 -1 448 449 450 451 -1 452 453 454 455 -1 456 457 458 459 -1 460 461 462 463 -1 464 465 466 467 -1 468 469 470 471 -1 472 473 474 475 -1 476 477 478 479 -1 480 481 482 483 -1 484 485 486 487 -1 488 489 490 491 -1 492 493 494 495 -1 496 497 498 499 -1 500 501 502 503 -1 504 505 506 507 -1 508 509 510 511 -1 512 513 514 515 -1 516 517 518 519 -1 520 521 522 523 -1 524 525 526 527 -1 528 529 530 531 -1 532 533 534 535 -1 536 537 538 539 -1 540 541 542 543 -1 544 545 546 547 -1 548 549 550 551 -1 552 553 554 555 -1 556 557 558 559 -1 560 561 562 563 -1 564 565 566 567 -1 568 569 570 571 -1 572 573 574 575 -1 576 577 578 579 -1 580 581 582 583 -1 584 585 586 587 -1 588 589 590 591 -1 592 593 594 595 -1 596 597 598 599 -1 600 601 602 603 -1 604 605 606 607 -1 608 609 610 611 -1 612 613 614 615 -1 616 617 618 619 -1 620 621 622 623 -1 624 625 626 627 -1 628 629 630 631 -1 632 633 634 635 -1 636 637 638 639 -1 640 641 642 643 -1 644 645 646 647 -1 648 649 650 651 -1 652 653 654 655 -1 656 657 658 659 -1 660 661 662 663 -1 664 665 666 667 -1 668 669 670 671 -1 672 673 674 675 -1 676 677 678 679 -1 680 681 682 683 -1 684 685 686 687 -1 688 689 690 691 -1 692 693 694 695 -1 696 697 698 699 -1 700 701 702 703 -1 704 705 706 707 -1 708 709 710 711 -1 712 713 714 715 -1 716 717 718 719 -1 720 721 722 723 -1 724 725 726 727 -1 728 729 730 731 -1 732 733 734 735 -1 736 737 738 739 -1 740 741 742 743 -1 744 745 746 747 -1 748 749 750 751 -1 752 753 754 755 -1 756 757 758 759 -1 760 761 762 763 -1 764 765 766 767 -1 768 769 770 771 -1 772 773 774 775 -1 776 777 778 779 -1 780 781 782 783 -1 784 785 786 787 -1 788 789 790 791 -1 792 793 794 795 -1 796 797 798 799 -1 800 801 802 803 -1 804 805 806 807 -1 808 809 810 811 -1 812 813 814 815 -1 816 817 818 819 -1 820 821 822 823 -1 824 825 826 827 -1 828 829 830 831 -1 832 833 834 835 -1 836 837 838 839 -1 840 841 842 843 -1 844 845 846 847 -1 848 849 850 851 -1 852 853 854 855 -1 856 857 858 859 -1 860 861 862 863 -1 864 865 866 867 -1 868 869 870 871 -1 872 873 874 875 -1 876 877 878 879 -1 880 881 882 883 -1 884 885 886 887 -1 888 889 890 891 -1 892 893 894 895 -1 896 897 898 899 -1 900 901 902 903 -1 904 905 906 907 -1 908 909 910 911 -1 912 913 914 915 -1 916 917 918 919 -1 920 921 922 923 -1 924 925 926 927 -1 928 929 930 931 -1 932 933 934 935 -1 936 937 938 939 -1 940 941 942 943 -1 944 945 946 947 -1 948 949 950 951 -1 952 953 954 955 -1 956 957 958 959 -1 960 961 962 963 -1 964 965 966 967 -1 968 969 970 971 -1 972 973 974 975 -1 976 977 978 979 -1 980 981 982 983 -1 984 985 986 987 -1 988 989 990 991 -1 992 993 994 995 -1 996 997 998 999 -1 1000 1001 1002 1003 -1 1004 1005 1006 1007 -1 1008 1009 1010 1011 -1 1012 1013 1014 1015 -1 1016 1017 1018 1019 -1 1020 1021 1022 1023 -1 1024 1025 1026 1027 -1 1028 1029 1030 1031 -1 1032 1033 1034 1035 -1 1036 1037 1038 1039 -1 1040 1041 1042 1043 -1 1044 1045 1046 1047 -1 1048 1049 1050 1051 -1 1052 1053 1054 1055 -1 1056 1057 1058 1059 -1 1060 1061 1062 1063 -1 1064 1065 1066 1067 -1 1068 1069 1070 1071 -1 1072 1073 1074 1075 -1 1076 1077 1078 1079 -1 1080 1081 1082 1083 -1 1084 1085 1086 1087 -1 1088 1089 1090 1091 -1 1092 1093 1094 1095 -1 1096 1097 1098 1099 -1 1100 1101 1102 1103 -1 1104 1105 1106 1107 -1 1108 1109 1110 1111 -1 1112 1113 1114 1115 -1 1116 1117 1118 1119 -1 1120 1121 1122 1123 -1 1124 1125 1126 1127 -1 1128 1129 1130 1131 -1 1132 1133 1134 1135 -1 1136 1137 1138 1139 -1 1140 1141 1142 1143 -1 1144 1145 1146 1147 -1 1148 1149 1150 1151 -1 1152 1153 1154 1155 -1 1156 1157 1158 1159 -1 1160 1161 1162 1163 -1 1164 1165 1166 1167 -1 1168 1169 1170 1171 -1 1172 1173 1174 1175 -1 1176 1177 1178 1179 -1 1180 1181 1182 1183 -1 1184 1185 1186 1187 -1 1188 1189 1190 1191 -1 1192 1193 1194 1195 -1 1196 1197 1198 1199 -1 1200 1201 1202 1203 -1 1204 1205 1206 1207 -1 1208 1209 1210 1211 -1 1212 1213 1214 1215 -1 1216 1217 1218 1219 -1 1220 1221 1222 1223 -1 1224 1225 1226 1227 -1 1228 1229 1230 1231 -1 1232 1233 1234 1235 -1 1236 1237 1238 1239 -1 1240 1241 1242 1243 -1 1244 1245 1246 1247 -1 1248 1249 1250 1251 -1 1252 1253 1254 1255 -1 1256 1257 1258 1259 -1 1260 1261 1262 1263 -1 1264 1265 1266 1267 -1 1268 1269 1270 1271 -1 1272 1273 1274 1275 -1 1276 1277 1278 1279 -1 1280 1281 1282 1283 -1 1284 1285 1286 1287 -1 1288 1289 1290 1291 -1 1292 1293 1294 1295 -1 1296 1297 1298 1299 -1 1300 1301 1302 1303 -1 1304 1305 1306 1307 -1 1308 1309 1310 1311 -1 1312 1313 1314 1315 -1 1316 1317 1318 1319 -1 1320 1321 1322 1323 -1 1324 1325 1326 1327 -1 1328 1329 1330 1331 -1 1332 1333 1334 1335 -1 1336 1337 1338 1339 -1 1340 1341 1342 1343 -1 1344 1345 1346 1347 -1 1348 1349 1350 1351 -1 1352 1353 1354 1355 -1 1356 1357 1358 1359 -1 1360 1361 1362 1363 -1 1364 1365 1366 1367 -1 1368 1369 1370 1371 -1 1372 1373 1374 1375 -1 1376 1377 1378 1379 -1 1380 1381 1382 1383 -1 1384 1385 1386 1387 -1 1388 1389 1390 1391 -1 1392 1393 1394 1395 -1 1396 1397 1398 1399 -1 1400 1401 1402 1403 -1 1404 1405 1406 1407 -1 1408 1409 1410 1411 -1 1412 1413 1414 1415 -1 1416 1417 1418 1419 -1 1420 1421 1422 1423 -1 1424 1425 1426 1427 -1 1428 1429 1430 1431 -1 1432 1433 1434 1435 -1 1436 1437 1438 1439 -1 1440 1441 1442 1443 -1 1444 1445 1446 1447 -1 1448 1449 1450 1451 -1 1452 1453 1454 1455 -1 1456 1457 1458 1459 -1 1460 1461 1462 1463 -1 1464 1465 1466 1467 -1 1468 1469 1470 1471 -1 1472 1473 1474 1475 -1 1476 1477 1478 1479 -1 1480 1481 1482 1483 -1 1484 1485 1486 1487 -1 1488 1489 1490 1491 -1 1492 1493 1494 1495 -1 1496 1497 1498 1499 -1 1500 1501 1502 1503 -1 1504 1505 1506 1507 -1 1508 1509 1510 1511 -1 1512 1513 1514 1515 -1 1516 1517 1518 1519 -1 1520 1521 1522 1523 -1 1524 1525 1526 1527 -1 1528 1529 1530 1531 -1 1532 1533 1534 1535 -1 "
						                coordIndex="92 93 100 99 -1 93 94 101 100 -1 94 95 102 101 -1 95 96 103 102 -1 96 97 104 103 -1 97 98 105 104 -1 99 100 107 106 -1 100 101 108 107 -1 101 102 109 108 -1 102 103 110 109 -1 103 104 111 110 -1 104 105 112 111 -1 106 107 114 113 -1 107 108 115 114 -1 108 109 116 115 -1 109 110 117 116 -1 110 111 118 117 -1 111 112 119 118 -1 113 114 121 120 -1 114 115 122 121 -1 115 116 123 122 -1 116 117 124 123 -1 117 118 125 124 -1 118 119 126 125 -1 120 121 128 127 -1 121 122 129 128 -1 122 123 130 129 -1 123 124 131 130 -1 124 125 132 131 -1 125 126 133 132 -1 127 128 135 134 -1 128 129 136 135 -1 129 130 137 136 -1 130 131 138 137 -1 131 132 139 138 -1 132 133 140 139 -1 0 15 92 14 -1 15 16 93 92 -1 16 17 94 93 -1 17 18 95 94 -1 18 19 96 95 -1 19 20 97 96 -1 20 21 98 97 -1 21 1 22 98 -1 98 22 23 105 -1 105 23 24 112 -1 112 24 25 119 -1 119 25 26 126 -1 126 26 27 133 -1 133 27 28 140 -1 140 28 3 29 -1 139 140 29 30 -1 138 139 30 31 -1 137 138 31 32 -1 136 137 32 33 -1 135 136 33 34 -1 134 135 34 35 -1 8 134 35 2 -1 9 127 134 8 -1 10 120 127 9 -1 11 113 120 10 -1 12 106 113 11 -1 13 99 106 12 -1 14 92 99 13 -1 141 142 149 148 -1 142 143 150 149 -1 143 144 151 150 -1 144 145 152 151 -1 145 146 153 152 -1 146 147 154 153 -1 148 149 156 155 -1 149 150 157 156 -1 150 151 158 157 -1 151 152 159 158 -1 152 153 160 159 -1 153 154 161 160 -1 155 156 163 162 -1 156 157 164 163 -1 157 158 165 164 -1 158 159 166 165 -1 159 160 167 166 -1 160 161 168 167 -1 162 163 170 169 -1 163 164 171 170 -1 164 165 172 171 -1 165 166 173 172 -1 166 167 174 173 -1 167 168 175 174 -1 169 170 177 176 -1 170 171 178 177 -1 171 172 179 178 -1 172 173 180 179 -1 173 174 181 180 -1 174 175 182 181 -1 176 177 184 183 -1 177 178 185 184 -1 178 179 186 185 -1 179 180 187 186 -1 180 181 188 187 -1 181 182 189 188 -1 2 35 141 42 -1 35 34 142 141 -1 34 33 143 142 -1 33 32 144 143 -1 32 31 145 144 -1 31 30 146 145 -1 30 29 147 146 -1 29 3 43 147 -1 147 43 44 154 -1 154 44 45 161 -1 161 45 46 168 -1 168 46 47 175 -1 175 47 48 182 -1 182 48 49 189 -1 189 49 7 50 -1 188 189 50 51 -1 187 188 51 52 -1 186 187 52 53 -1 185 186 53 54 -1 184 185 54 55 -1 183 184 55 56 -1 36 183 56 6 -1 37 176 183 36 -1 38 169 176 37 -1 39 162 169 38 -1 40 155 162 39 -1 41 148 155 40 -1 42 141 148 41 -1 190 191 198 197 -1 191 192 199 198 -1 192 193 200 199 -1 193 194 201 200 -1 194 195 202 201 -1 195 196 203 202 -1 197 198 205 204 -1 198 199 206 205 -1 199 200 207 206 -1 200 201 208 207 -1 201 202 209 208 -1 202 203 210 209 -1 204 205 212 211 -1 205 206 213 212 -1 206 207 214 213 -1 207 208 215 214 -1 208 209 216 215 -1 209 210 217 216 -1 211 212 219 218 -1 212 213 220 219 -1 213 214 221 220 -1 214 215 222 221 -1 215 216 223 222 -1 216 217 224 223 -1 218 219 226 225 -1 219 220 227 226 -1 220 221 228 227 -1 221 222 229 228 -1 222 223 230 229 -1 223 224 231 230 -1 225 226 233 232 -1 226 227 234 233 -1 227 228 235 234 -1 228 229 236 235 -1 229 230 237 236 -1 230 231 238 237 -1 6 56 190 63 -1 56 55 191 190 -1 55 54 192 191 -1 54 53 193 192 -1 53 52 194 193 -1 52 51 195 194 -1 51 50 196 195 -1 50 7 64 196 -1 196 64 65 203 -1 203 65 66 210 -1 210 66 67 217 -1 217 67 68 224 -1 224 68 69 231 -1 231 69 70 238 -1 238 70 5 71 -1 237 238 71 72 -1 236 237 72 73 -1 235 236 73 74 -1 234 235 74 75 -1 233 234 75 76 -1 232 233 76 77 -1 57 232 77 4 -1 58 225 232 57 -1 59 218 225 58 -1 60 211 218 59 -1 61 204 211 60 -1 62 197 204 61 -1 63 190 197 62 -1 239 240 247 246 -1 240 241 248 247 -1 241 242 249 248 -1 242 243 250 249 -1 243 244 251 250 -1 244 245 252 251 -1 246 247 254 253 -1 247 248 255 254 -1 248 249 256 255 -1 249 250 257 256 -1 250 251 258 257 -1 251 252 259 258 -1 253 254 261 260 -1 254 255 262 261 -1 255 256 263 262 -1 256 257 264 263 -1 257 258 265 264 -1 258 259 266 265 -1 260 261 268 267 -1 261 262 269 268 -1 262 263 270 269 -1 263 264 271 270 -1 264 265 272 271 -1 265 266 273 272 -1 267 268 275 274 -1 268 269 276 275 -1 269 270 277 276 -1 270 271 278 277 -1 271 272 279 278 -1 272 273 280 279 -1 274 275 282 281 -1 275 276 283 282 -1 276 277 284 283 -1 277 278 285 284 -1 278 279 286 285 -1 279 280 287 286 -1 4 77 239 84 -1 77 76 240 239 -1 76 75 241 240 -1 75 74 242 241 -1 74 73 243 242 -1 73 72 244 243 -1 72 71 245 244 -1 71 5 85 245 -1 245 85 86 252 -1 252 86 87 259 -1 259 87 88 266 -1 266 88 89 273 -1 273 89 90 280 -1 280 90 91 287 -1 287 91 1 21 -1 286 287 21 20 -1 285 286 20 19 -1 284 285 19 18 -1 283 284 18 17 -1 282 283 17 16 -1 281 282 16 15 -1 78 281 15 0 -1 79 274 281 78 -1 80 267 274 79 -1 81 260 267 80 -1 82 253 260 81 -1 83 246 253 82 -1 84 239 246 83 -1 288 289 296 295 -1 289 290 297 296 -1 290 291 298 297 -1 291 292 299 298 -1 292 293 300 299 -1 293 294 301 300 -1 295 296 303 302 -1 296 297 304 303 -1 297 298 305 304 -1 298 299 306 305 -1 299 300 307 306 -1 300 301 308 307 -1 302 303 310 309 -1 303 304 311 310 -1 304 305 312 311 -1 305 306 313 312 -1 306 307 314 313 -1 307 308 315 314 -1 309 310 317 316 -1 310 311 318 317 -1 311 312 319 318 -1 312 313 320 319 -1 313 314 321 320 -1 314 315 322 321 -1 316 317 324 323 -1 317 318 325 324 -1 318 319 326 325 -1 319 320 327 326 -1 320 321 328 327 -1 321 322 329 328 -1 323 324 331 330 -1 324 325 332 331 -1 325 326 333 332 -1 326 327 334 333 -1 327 328 335 334 -1 328 329 336 335 -1 2 42 288 8 -1 42 41 289 288 -1 41 40 290 289 -1 40 39 291 290 -1 39 38 292 291 -1 38 37 293 292 -1 37 36 294 293 -1 36 6 63 294 -1 294 63 62 301 -1 301 62 61 308 -1 308 61 60 315 -1 315 60 59 322 -1 322 59 58 329 -1 329 58 57 336 -1 336 57 4 84 -1 335 336 84 83 -1 334 335 83 82 -1 333 334 82 81 -1 332 333 81 80 -1 331 332 80 79 -1 330 331 79 78 -1 14 330 78 0 -1 13 323 330 14 -1 12 316 323 13 -1 11 309 316 12 -1 10 302 309 11 -1 9 295 302 10 -1 8 288 295 9 -1 337 338 345 344 -1 338 339 346 345 -1 339 340 347 346 -1 340 341 348 347 -1 341 342 349 348 -1 342 343 350 349 -1 344 345 352 351 -1 345 346 353 352 -1 346 347 354 353 -1 347 348 355 354 -1 348 349 356 355 -1 349 350 357 356 -1 351 352 359 358 -1 352 353 360 359 -1 353 354 361 360 -1 354 355 362 361 -1 355 356 363 362 -1 356 357 364 363 -1 358 359 366 365 -1 359 360 367 366 -1 360 361 368 367 -1 361 362 369 368 -1 362 363 370 369 -1 363 364 371 370 -1 365 366 373 372 -1 366 367 374 373 -1 367 368 375 374 -1 368 369 376 375 -1 369 370 377 376 -1 370 371 378 377 -1 372 373 380 379 -1 373 374 381 380 -1 374 375 382 381 -1 375 376 383 382 -1 376 377 384 383 -1 377 378 385 384 -1 7 49 337 64 -1 49 48 338 337 -1 48 47 339 338 -1 47 46 340 339 -1 46 45 341 340 -1 45 44 342 341 -1 44 43 343 342 -1 43 3 28 343 -1 343 28 27 350 -1 350 27 26 357 -1 357 26 25 364 -1 364 25 24 371 -1 371 24 23 378 -1 378 23 22 385 -1 385 22 1 91 -1 384 385 91 90 -1 383 384 90 89 -1 382 383 89 88 -1 381 382 88 87 -1 380 381 87 86 -1 379 380 86 85 -1 70 379 85 5 -1 69 372 379 70 -1 68 365 372 69 -1 67 358 365 68 -1 66 351 358 67 -1 65 344 351 66 -1 64 337 344 65 -1 "
						                >
							<Coordinate DEF="coords_ME_Shape_IndexedFaceSet_008"
							            point="1.724551 1.568203 -2.289336 1.811497 1.987004 -2.289336 1.688169 1.529355 -2.717387 1.833080 1.941989 -2.717387 2.185283 1.586086 -2.289336 2.214265 2.011053 -2.289336 2.152601 1.568203 -2.717387 2.239547 1.987004 -2.717387 1.669519 1.516851 -2.682650 1.650938 1.504853 -2.630343 1.640173 1.498706 -2.569025 1.640201 1.500417 -2.503361 1.652388 1.510878 -2.437698 1.674101 1.528280 -2.376380 1.701142 1.549669 -2.324073 1.716750 1.603184 -2.274304 1.711388 1.655492 -2.258118 1.712562 1.716331 -2.246688 1.721706 1.780904 -2.242436 1.739237 1.844819 -2.246688 1.762973 1.903966 -2.258118 1.789585 1.954012 -2.274304 1.803320 1.996913 -2.324073 1.795785 2.005823 -2.376380 1.792190 2.009354 -2.437698 1.793430 2.005967 -2.503361 1.799739 1.995079 -2.569025 1.809979 1.978421 -2.630343 1.822408 1.958700 -2.682650 1.806800 1.905186 -2.732419 1.772692 1.851210 -2.748605 1.739565 1.789627 -2.760035 1.711925 1.725480 -2.764287 1.693125 1.663241 -2.760035 1.683750 1.606709 -2.748605 1.683254 1.559752 -2.732419 2.109488 1.549669 -2.732419 2.046326 1.528280 -2.748605 1.974725 1.510878 -2.760035 1.901126 1.500417 -2.764287 1.831183 1.498706 -2.760035 1.769201 1.504853 -2.748605 1.719288 1.516851 -2.732419 1.872176 1.958700 -2.732419 1.928241 1.978421 -2.748605 1.990749 1.995079 -2.760035 2.054356 2.005967 -2.764287 2.114527 2.009354 -2.760035 2.168010 2.005823 -2.748605 2.211665 1.996913 -2.732419 2.247699 1.954012 -2.732419 2.253460 1.903966 -2.748605 2.252585 1.844819 -2.760035 2.243557 1.780904 -2.764287 2.225910 1.716331 -2.760035 2.201875 1.655492 -2.748605 2.174864 1.603184 -2.732419 2.198058 1.570487 -2.324073 2.210489 1.553227 -2.376380 2.217173 1.540188 -2.437698 2.216048 1.533733 -2.503361 2.206218 1.535165 -2.569025 2.189710 1.543311 -2.630343 2.169672 1.556011 -2.682650 2.253600 2.005197 -2.682650 2.267284 2.025546 -2.630343 2.274961 2.041200 -2.569025 2.274817 2.049332 -2.503361 2.266151 2.048326 -2.437698 2.250706 2.039436 -2.376380 2.231275 2.025068 -2.324073 2.226082 1.977895 -2.274304 2.238541 1.927255 -2.258118 2.246460 1.867160 -2.246688 2.247308 1.802161 -2.242436 2.239549 1.736569 -2.246688 2.224313 1.674807 -2.258118 2.203958 1.621672 -2.274304 1.761326 1.556011 -2.274304 1.817486 1.543311 -2.258118 1.883881 1.535165 -2.246688 1.955122 1.533733 -2.242436 2.026162 1.540188 -2.246688 2.092227 1.553227 -2.258118 2.148289 1.570487 -2.274304 2.181506 2.025068 -2.274304 2.132443 2.039436 -2.258118 2.075140 2.048326 -2.246688 2.013892 2.049332 -2.242436 1.952624 2.041200 -2.246688 1.895059 2.025546 -2.258118 1.845254 2.005197 -2.274304 1.676541 1.592212 -2.318547 1.665812 1.646138 -2.308469 1.666243 1.707742 -2.300295 1.677343 1.773001 -2.297047 1.698593 1.837930 -2.300295 1.727930 1.898913 -2.308469 1.763112 1.952631 -2.318547 1.644435 1.575807 -2.373670 1.630993 1.633010 -2.368030 1.631630 1.696884 -2.362931 1.645009 1.764124 -2.360761 1.669860 1.831433 -2.362931 1.704370 1.895866 -2.368030 1.746742 1.954708 -2.373670 1.621387 1.560724 -2.436547 1.607599 1.619994 -2.434054 1.609302 1.685721 -2.431628 1.624875 1.754901 -2.430544 1.652691 1.824572 -2.431628 1.691007 1.891981 -2.434054 1.738066 1.954445 -2.436547 1.609798 1.550475 -2.503361 1.596923 1.609982 -2.503361 1.599915 1.676093 -2.503361 1.617114 1.745961 -2.503361 1.646839 1.816737 -2.503361 1.687324 1.885567 -2.503361 1.736783 1.949595 -2.503361 1.611532 1.547154 -2.570176 1.599992 1.604926 -2.572669 1.603955 1.669408 -2.575095 1.621880 1.737929 -2.576179 1.652190 1.807744 -2.575095 1.693114 1.875880 -2.572669 1.742856 1.939317 -2.570176 1.625486 1.549743 -2.633053 1.616128 1.604025 -2.638692 1.621139 1.665475 -2.643792 1.639238 1.731425 -2.645962 1.669082 1.798990 -2.643792 1.708646 1.864845 -2.638692 1.755962 1.925646 -2.633053 1.649832 1.555815 -2.688176 1.644297 1.605537 -2.698253 1.651005 1.663669 -2.706428 1.669238 1.727070 -2.709676 1.698000 1.792299 -2.706428 1.734586 1.855316 -2.698253 1.776228 1.911997 -2.688176 1.726325 1.555815 -2.764669 1.733687 1.605537 -2.787643 1.746728 1.663669 -2.802151 1.766816 1.727070 -2.807255 1.793723 1.792299 -2.802151 1.823976 1.855316 -2.787643 1.852722 1.911997 -2.764669 1.780076 1.549743 -2.787643 1.792841 1.604025 -2.815406 1.809640 1.665475 -2.832293 1.831299 1.731425 -2.838023 1.857584 1.798990 -2.832293 1.885359 1.864845 -2.815405 1.910553 1.925646 -2.787643 1.843507 1.547154 -2.802151 1.859615 1.604926 -2.832293 1.879310 1.669408 -2.850451 1.902230 1.737929 -2.856529 1.927546 1.807744 -2.850451 1.952737 1.875880 -2.832293 1.974831 1.939317 -2.802151 1.913691 1.550475 -2.807255 1.931584 1.609982 -2.838023 1.953083 1.676093 -2.856529 1.976465 1.745961 -2.862712 2.000007 1.816737 -2.856529 2.021986 1.885567 -2.838023 2.040677 1.949595 -2.807255 1.986991 1.560724 -2.802151 2.005838 1.619994 -2.832293 2.028125 1.685721 -2.850451 2.050860 1.754901 -2.856529 2.071514 1.824572 -2.850451 2.089246 1.891981 -2.832293 2.103671 1.954445 -2.802151 2.058409 1.575807 -2.787643 2.078368 1.633010 -2.815406 2.100992 1.696884 -2.832293 2.122271 1.764124 -2.838023 2.139221 1.831433 -2.832293 2.151745 1.895866 -2.815406 2.160715 1.954708 -2.787643 2.122664 1.592212 -2.764669 2.144986 1.646138 -2.787643 2.168099 1.707742 -2.802151 2.187552 1.773001 -2.807255 2.200450 1.837930 -2.802151 2.207104 1.898913 -2.787643 2.209234 1.952631 -2.764669 2.212631 1.602229 -2.688176 2.246126 1.658270 -2.698253 2.271512 1.721254 -2.706428 2.287661 1.787339 -2.709676 2.293447 1.852549 -2.706428 2.289380 1.913051 -2.698254 2.276220 1.965093 -2.688176 2.240140 1.596062 -2.633053 2.278063 1.657018 -2.638692 2.304455 1.723511 -2.643792 2.319312 1.792345 -2.645962 2.322537 1.860203 -2.643792 2.314641 1.923789 -2.638692 2.296181 1.979884 -2.633053 2.259167 1.591174 -2.570176 2.298553 1.655339 -2.572669 2.324869 1.724666 -2.575095 2.338480 1.796096 -2.576179 2.339762 1.866549 -2.575095 2.329243 1.932934 -2.572669 2.307476 1.992168 -2.570176 2.268636 1.590536 -2.503361 2.307395 1.655703 -2.503361 2.332751 1.726143 -2.503361 2.345134 1.798763 -2.503361 2.344991 1.870476 -2.503361 2.332855 1.938196 -2.503361 2.309279 1.998842 -2.503361 2.267421 1.595681 -2.436547 2.304255 1.659606 -2.434054 2.328088 1.728919 -2.431628 2.339262 1.800523 -2.430544 2.338135 1.871317 -2.431628 2.325230 1.938235 -2.434054 2.301087 1.998233 -2.436547 2.256087 1.605114 -2.373670 2.289358 1.665769 -2.368030 2.310961 1.732338 -2.362931 2.320937 1.801554 -2.360761 2.319329 1.870063 -2.362931 2.306794 1.934576 -2.368030 2.283958 1.991933 -2.373670 2.235332 1.615909 -2.318547 2.262889 1.671947 -2.308469 2.281450 1.735300 -2.300295 2.290255 1.802039 -2.297047 2.288742 1.868154 -2.300295 2.277973 1.929725 -2.308469 2.259095 1.983009 -2.318547 2.158839 1.615909 -2.242054 2.173499 1.671947 -2.219080 2.185727 1.735300 -2.204572 2.192676 1.802039 -2.199468 2.193019 1.868154 -2.204572 2.188583 1.929725 -2.219080 2.182602 1.983009 -2.242054 2.101497 1.605114 -2.219080 2.112645 1.665769 -2.191317 2.122459 1.732338 -2.174430 2.128876 1.801554 -2.168700 2.130828 1.870063 -2.174430 2.130081 1.934576 -2.191317 2.129368 1.991933 -2.219080 2.035446 1.595681 -2.204572 2.044631 1.659606 -2.174430 2.052732 1.728919 -2.156272 2.058911 1.800523 -2.150193 2.062779 1.871317 -2.156272 2.065607 1.938235 -2.174430 2.069112 1.998233 -2.204572 1.964743 1.590536 -2.199468 1.972733 1.655703 -2.168700 1.979583 1.726143 -2.150193 1.985783 1.798763 -2.144011 1.991823 1.870476 -2.150193 1.998193 1.938196 -2.168700 2.005385 1.998842 -2.199468 1.893562 1.591174 -2.204572 1.900314 1.655339 -2.174430 1.906046 1.724666 -2.156272 1.912495 1.796096 -2.150193 1.920939 1.866549 -2.156272 1.931003 1.932934 -2.174430 1.941871 1.992168 -2.204572 1.826167 1.596062 -2.219080 1.830688 1.657018 -2.191317 1.835093 1.723511 -2.174430 1.842050 1.792345 -2.168700 1.853175 1.860203 -2.174430 1.867266 1.923789 -2.191317 1.882208 1.979884 -2.219080 1.766509 1.602229 -2.242054 1.766952 1.658270 -2.219080 1.769655 1.721254 -2.204572 1.777452 1.787339 -2.199468 1.791591 1.852549 -2.204572 1.810206 1.913051 -2.219080 1.830098 1.965093 -2.242054 1.706401 1.489284 -2.688176 1.758663 1.471059 -2.698254 1.822867 1.461751 -2.706428 1.895136 1.462174 -2.709676 1.971226 1.472884 -2.706428 2.045826 1.492709 -2.698254 2.113497 1.520302 -2.688176 1.693463 1.471059 -2.633053 1.750625 1.448420 -2.638692 1.819055 1.436705 -2.643792 1.895063 1.436182 -2.645962 1.974709 1.447058 -2.643792 2.053378 1.468792 -2.638692 2.126417 1.500832 -2.633053 1.686615 1.461751 -2.570176 1.747933 1.436705 -2.572669 1.820280 1.423568 -2.575095 1.899773 1.422398 -2.576179 1.982433 1.433211 -2.575095 2.063961 1.455776 -2.572669 2.139989 1.489822 -2.570176 1.688821 1.462174 -2.503361 1.752462 1.436182 -2.503361 1.826955 1.422398 -2.503361 1.908132 1.420776 -2.503361 1.991821 1.431253 -2.503361 2.073832 1.453682 -2.503361 2.149972 1.487897 -2.503361 1.701345 1.472884 -2.436547 1.764971 1.447058 -2.434054 1.838966 1.433211 -2.431628 1.919003 1.431253 -2.430544 2.000810 1.441101 -2.431628 2.080379 1.462615 -2.434054 2.153784 1.495658 -2.436547 1.721242 1.492709 -2.373670 1.782716 1.468792 -2.368030 1.854223 1.455776 -2.362931 1.931231 1.453682 -2.360761 2.009256 1.462615 -2.362931 2.084246 1.482240 -2.368030 2.152399 1.512292 -2.373670 1.743868 1.520302 -2.318547 1.801834 1.500832 -2.308469 1.870108 1.489822 -2.300295 1.943657 1.487897 -2.297047 2.017532 1.495658 -2.300295 2.087198 1.512292 -2.308469 2.148422 1.536915 -2.318547 2.219651 2.031624 -2.688176 2.175014 2.047529 -2.698253 2.121586 2.054468 -2.706428 2.061762 2.052235 -2.709676 1.998286 2.040669 -2.706428 1.934886 2.020876 -2.698253 1.875363 1.993925 -2.688176 2.228204 2.058567 -2.633053 2.180143 2.079394 -2.638692 2.124621 2.088973 -2.643792 2.063488 2.087588 -2.645962 1.998829 2.075443 -2.643792 1.933331 2.053071 -2.638692 1.869686 2.020876 -2.633053 2.232393 2.077572 -2.570176 2.181302 2.101156 -2.572669 2.123436 2.112390 -2.575095 2.060587 2.111626 -2.576179 1.994626 2.099199 -2.575095 1.927706 2.075443 -2.572669 1.862034 2.040669 -2.570176 2.230256 2.087143 -2.503361 2.177315 2.111996 -2.503361 2.117951 2.124171 -2.503361 2.054116 2.123947 -2.503361 1.987770 2.111626 -2.503361 1.920887 2.087588 -2.503361 1.855447 2.052235 -2.503361 2.221129 2.086074 -2.436547 2.167858 2.111172 -2.434054 2.108470 2.123827 -2.431628 2.045133 2.124171 -2.430544 1.979969 2.112390 -2.431628 1.914883 2.088973 -2.434054 1.851704 2.054468 -2.436547 2.207151 2.075031 -2.373670 2.155072 2.098793 -2.368030 2.096736 2.111172 -2.362931 2.034715 2.111996 -2.360761 1.971564 2.101156 -2.362931 1.909481 2.079394 -2.368030 1.850430 2.047529 -2.373670 2.191769 2.054919 -2.318547 2.141951 2.075031 -2.308469 2.084877 2.086074 -2.300295 2.023941 2.087143 -2.297047 1.962511 2.077571 -2.300295 1.903621 2.058567 -2.308469 1.850023 2.031624 -2.318547 "
							            />
							<TextureCoordinate point="0.4062 0.0312 0.4375 0.0312 0.4375 0.0625 0.4062 0.0625 0.4375 0.0312 0.4688 0.0312 0.4688 0.0625 0.4375 0.0625 0.4688 0.0312 0.5000 0.0312 0.5000 0.0625 0.4688 0.0625 0.5000 0.0312 0.5312 0.0312 0.5312 0.0625 0.5000 0.0625 0.5312 0.0312 0.5625 0.0312 0.5625 0.0625 0.5312 0.0625 0.5625 0.0312 0.5938 0.0312 0.5938 0.0625 0.5625 0.0625 0.4062 0.0625 0.4375 0.0625 0.4375 0.0938 0.4062 0.0938 0.4375 0.0625 0.4688 0.0625 0.4688 0.0938 0.4375 0.0938 0.4688 0.0625 0.5000 0.0625 0.5000 0.0938 0.4688 0.0938 0.5000 0.0625 0.5312 0.0625 0.5312 0.0938 0.5000 0.0938 0.5312 0.0625 0.5625 0.0625 0.5625 0.0938 0.5312 0.0938 0.5625 0.0625 0.5938 0.0625 0.5938 0.0938 0.5625 0.0938 0.4062 0.0938 0.4375 0.0938 0.4375 0.1250 0.4062 0.1250 0.4375 0.0938 0.4688 0.0938 0.4688 0.1250 0.4375 0.1250 0.4688 0.0938 0.5000 0.0938 0.5000 0.1250 0.4688 0.1250 0.5000 0.0938 0.5312 0.0938 0.5312 0.1250 0.5000 0.1250 0.5312 0.0938 0.5625 0.0938 0.5625 0.1250 0.5312 0.1250 0.5625 0.0938 0.5938 0.0938 0.5938 0.1250 0.5625 0.1250 0.4062 0.1250 0.4375 0.1250 0.4375 0.1562 0.4062 0.1562 0.4375 0.1250 0.4688 0.1250 0.4688 0.1562 0.4375 0.1562 0.4688 0.1250 0.5000 0.1250 0.5000 0.1562 0.4688 0.1562 0.5000 0.1250 0.5312 0.1250 0.5312 0.1562 0.5000 0.1562 0.5312 0.1250 0.5625 0.1250 0.5625 0.1562 0.5312 0.1562 0.5625 0.1250 0.5938 0.1250 0.5938 0.1562 0.5625 0.1562 0.4062 0.1562 0.4375 0.1562 0.4375 0.1875 0.4062 0.1875 0.4375 0.1562 0.4688 0.1562 0.4688 0.1875 0.4375 0.1875 0.4688 0.1562 0.5000 0.1562 0.5000 0.1875 0.4688 0.1875 0.5000 0.1562 0.5312 0.1562 0.5312 0.1875 0.5000 0.1875 0.5312 0.1562 0.5625 0.1562 0.5625 0.1875 0.5312 0.1875 0.5625 0.1562 0.5938 0.1562 0.5938 0.1875 0.5625 0.1875 0.4062 0.1875 0.4375 0.1875 0.4375 0.2188 0.4062 0.2188 0.4375 0.1875 0.4688 0.1875 0.4688 0.2188 0.4375 0.2188 0.4688 0.1875 0.5000 0.1875 0.5000 0.2188 0.4688 0.2188 0.5000 0.1875 0.5312 0.1875 0.5312 0.2188 0.5000 0.2188 0.5312 0.1875 0.5625 0.1875 0.5625 0.2188 0.5312 0.2188 0.5625 0.1875 0.5938 0.1875 0.5938 0.2188 0.5625 0.2188 0.3750 0.0000 0.4062 0.0000 0.4062 0.0312 0.3750 0.0312 0.4062 0.0000 0.4375 0.0000 0.4375 0.0312 0.4062 0.0312 0.4375 0.0000 0.4688 0.0000 0.4688 0.0312 0.4375 0.0312 0.4688 0.0000 0.5000 0.0000 0.5000 0.0312 0.4688 0.0312 0.5000 0.0000 0.5312 0.0000 0.5312 0.0312 0.5000 0.0312 0.5312 0.0000 0.5625 0.0000 0.5625 0.0312 0.5312 0.0312 0.5625 0.0000 0.5938 0.0000 0.5938 0.0312 0.5625 0.0312 0.5938 0.0000 0.6250 0.0000 0.6250 0.0312 0.5938 0.0312 0.5938 0.0312 0.6250 0.0312 0.6250 0.0625 0.5938 0.0625 0.5938 0.0625 0.6250 0.0625 0.6250 0.0938 0.5938 0.0938 0.5938 0.0938 0.6250 0.0938 0.6250 0.1250 0.5938 0.1250 0.5938 0.1250 0.6250 0.1250 0.6250 0.1562 0.5938 0.1562 0.5938 0.1562 0.6250 0.1562 0.6250 0.1875 0.5938 0.1875 0.5938 0.1875 0.6250 0.1875 0.6250 0.2188 0.5938 0.2188 0.5938 0.2188 0.6250 0.2188 0.6250 0.2500 0.5938 0.2500 0.5625 0.2188 0.5938 0.2188 0.5938 0.2500 0.5625 0.2500 0.5312 0.2188 0.5625 0.2188 0.5625 0.2500 0.5312 0.2500 0.5000 0.2188 0.5312 0.2188 0.5312 0.2500 0.5000 0.2500 0.4688 0.2188 0.5000 0.2188 0.5000 0.2500 0.4688 0.2500 0.4375 0.2188 0.4688 0.2188 0.4688 0.2500 0.4375 0.2500 0.4062 0.2188 0.4375 0.2188 0.4375 0.2500 0.4062 0.2500 0.3750 0.2188 0.4062 0.2188 0.4062 0.2500 0.3750 0.2500 0.3750 0.1875 0.4062 0.1875 0.4062 0.2188 0.3750 0.2188 0.3750 0.1562 0.4062 0.1562 0.4062 0.1875 0.3750 0.1875 0.3750 0.1250 0.4062 0.1250 0.4062 0.1562 0.3750 0.1562 0.3750 0.0938 0.4062 0.0938 0.4062 0.1250 0.3750 0.1250 0.3750 0.0625 0.4062 0.0625 0.4062 0.0938 0.3750 0.0938 0.3750 0.0312 0.4062 0.0312 0.4062 0.0625 0.3750 0.0625 0.4062 0.2812 0.4375 0.2812 0.4375 0.3125 0.4062 0.3125 0.4375 0.2812 0.4688 0.2812 0.4688 0.3125 0.4375 0.3125 0.4688 0.2812 0.5000 0.2812 0.5000 0.3125 0.4688 0.3125 0.5000 0.2812 0.5312 0.2812 0.5312 0.3125 0.5000 0.3125 0.5312 0.2812 0.5625 0.2812 0.5625 0.3125 0.5312 0.3125 0.5625 0.2812 0.5938 0.2812 0.5938 0.3125 0.5625 0.3125 0.4062 0.3125 0.4375 0.3125 0.4375 0.3438 0.4062 0.3438 0.4375 0.3125 0.4688 0.3125 0.4688 0.3438 0.4375 0.3438 0.4688 0.3125 0.5000 0.3125 0.5000 0.3438 0.4688 0.3438 0.5000 0.3125 0.5312 0.3125 0.5312 0.3438 0.5000 0.3438 0.5312 0.3125 0.5625 0.3125 0.5625 0.3438 0.5312 0.3438 0.5625 0.3125 0.5938 0.3125 0.5938 0.3438 0.5625 0.3438 0.4062 0.3438 0.4375 0.3438 0.4375 0.3750 0.4062 0.3750 0.4375 0.3438 0.4688 0.3438 0.4688 0.3750 0.4375 0.3750 0.4688 0.3438 0.5000 0.3438 0.5000 0.3750 0.4688 0.3750 0.5000 0.3438 0.5312 0.3438 0.5312 0.3750 0.5000 0.3750 0.5312 0.3438 0.5625 0.3438 0.5625 0.3750 0.5312 0.3750 0.5625 0.3438 0.5938 0.3438 0.5938 0.3750 0.5625 0.3750 0.4062 0.3750 0.4375 0.3750 0.4375 0.4062 0.4062 0.4062 0.4375 0.3750 0.4688 0.3750 0.4688 0.4062 0.4375 0.4062 0.4688 0.3750 0.5000 0.3750 0.5000 0.4062 0.4688 0.4062 0.5000 0.3750 0.5312 0.3750 0.5312 0.4062 0.5000 0.4062 0.5312 0.3750 0.5625 0.3750 0.5625 0.4062 0.5312 0.4062 0.5625 0.3750 0.5938 0.3750 0.5938 0.4062 0.5625 0.4062 0.4062 0.4062 0.4375 0.4062 0.4375 0.4375 0.4062 0.4375 0.4375 0.4062 0.4688 0.4062 0.4688 0.4375 0.4375 0.4375 0.4688 0.4062 0.5000 0.4062 0.5000 0.4375 0.4688 0.4375 0.5000 0.4062 0.5312 0.4062 0.5312 0.4375 0.5000 0.4375 0.5312 0.4062 0.5625 0.4062 0.5625 0.4375 0.5312 0.4375 0.5625 0.4062 0.5938 0.4062 0.5938 0.4375 0.5625 0.4375 0.4062 0.4375 0.4375 0.4375 0.4375 0.4688 0.4062 0.4688 0.4375 0.4375 0.4688 0.4375 0.4688 0.4688 0.4375 0.4688 0.4688 0.4375 0.5000 0.4375 0.5000 0.4688 0.4688 0.4688 0.5000 0.4375 0.5312 0.4375 0.5312 0.4688 0.5000 0.4688 0.5312 0.4375 0.5625 0.4375 0.5625 0.4688 0.5312 0.4688 0.5625 0.4375 0.5938 0.4375 0.5938 0.4688 0.5625 0.4688 0.3750 0.2500 0.4062 0.2500 0.4062 0.2812 0.3750 0.2812 0.4062 0.2500 0.4375 0.2500 0.4375 0.2812 0.4062 0.2812 0.4375 0.2500 0.4688 0.2500 0.4688 0.2812 0.4375 0.2812 0.4688 0.2500 0.5000 0.2500 0.5000 0.2812 0.4688 0.2812 0.5000 0.2500 0.5312 0.2500 0.5312 0.2812 0.5000 0.2812 0.5312 0.2500 0.5625 0.2500 0.5625 0.2812 0.5312 0.2812 0.5625 0.2500 0.5938 0.2500 0.5938 0.2812 0.5625 0.2812 0.5938 0.2500 0.6250 0.2500 0.6250 0.2812 0.5938 0.2812 0.5938 0.2812 0.6250 0.2812 0.6250 0.3125 0.5938 0.3125 0.5938 0.3125 0.6250 0.3125 0.6250 0.3438 0.5938 0.3438 0.5938 0.3438 0.6250 0.3438 0.6250 0.3750 0.5938 0.3750 0.5938 0.3750 0.6250 0.3750 0.6250 0.4062 0.5938 0.4062 0.5938 0.4062 0.6250 0.4062 0.6250 0.4375 0.5938 0.4375 0.5938 0.4375 0.6250 0.4375 0.6250 0.4688 0.5938 0.4688 0.5938 0.4688 0.6250 0.4688 0.6250 0.5000 0.5938 0.5000 0.5625 0.4688 0.5938 0.4688 0.5938 0.5000 0.5625 0.5000 0.5312 0.4688 0.5625 0.4688 0.5625 0.5000 0.5312 0.5000 0.5000 0.4688 0.5312 0.4688 0.5312 0.5000 0.5000 0.5000 0.4688 0.4688 0.5000 0.4688 0.5000 0.5000 0.4688 0.5000 0.4375 0.4688 0.4688 0.4688 0.4688 0.5000 0.4375 0.5000 0.4062 0.4688 0.4375 0.4688 0.4375 0.5000 0.4062 0.5000 0.3750 0.4688 0.4062 0.4688 0.4062 0.5000 0.3750 0.5000 0.3750 0.4375 0.4062 0.4375 0.4062 0.4688 0.3750 0.4688 0.3750 0.4062 0.4062 0.4062 0.4062 0.4375 0.3750 0.4375 0.3750 0.3750 0.4062 0.3750 0.4062 0.4062 0.3750 0.4062 0.3750 0.3438 0.4062 0.3438 0.4062 0.3750 0.3750 0.3750 0.3750 0.3125 0.4062 0.3125 0.4062 0.3438 0.3750 0.3438 0.3750 0.2812 0.4062 0.2812 0.4062 0.3125 0.3750 0.3125 0.4062 0.5312 0.4375 0.5312 0.4375 0.5625 0.4062 0.5625 0.4375 0.5312 0.4688 0.5312 0.4688 0.5625 0.4375 0.5625 0.4688 0.5312 0.5000 0.5312 0.5000 0.5625 0.4688 0.5625 0.5000 0.5312 0.5312 0.5312 0.5312 0.5625 0.5000 0.5625 0.5312 0.5312 0.5625 0.5312 0.5625 0.5625 0.5312 0.5625 0.5625 0.5312 0.5938 0.5312 0.5938 0.5625 0.5625 0.5625 0.4062 0.5625 0.4375 0.5625 0.4375 0.5938 0.4062 0.5938 0.4375 0.5625 0.4688 0.5625 0.4688 0.5938 0.4375 0.5938 0.4688 0.5625 0.5000 0.5625 0.5000 0.5938 0.4688 0.5938 0.5000 0.5625 0.5312 0.5625 0.5312 0.5938 0.5000 0.5938 0.5312 0.5625 0.5625 0.5625 0.5625 0.5938 0.5312 0.5938 0.5625 0.5625 0.5938 0.5625 0.5938 0.5938 0.5625 0.5938 0.4062 0.5938 0.4375 0.5938 0.4375 0.6250 0.4062 0.6250 0.4375 0.5938 0.4688 0.5938 0.4688 0.6250 0.4375 0.6250 0.4688 0.5938 0.5000 0.5938 0.5000 0.6250 0.4688 0.6250 0.5000 0.5938 0.5312 0.5938 0.5312 0.6250 0.5000 0.6250 0.5312 0.5938 0.5625 0.5938 0.5625 0.6250 0.5312 0.6250 0.5625 0.5938 0.5938 0.5938 0.5938 0.6250 0.5625 0.6250 0.4062 0.6250 0.4375 0.6250 0.4375 0.6562 0.4062 0.6562 0.4375 0.6250 0.4688 0.6250 0.4688 0.6562 0.4375 0.6562 0.4688 0.6250 0.5000 0.6250 0.5000 0.6562 0.4688 0.6562 0.5000 0.6250 0.5312 0.6250 0.5312 0.6562 0.5000 0.6562 0.5312 0.6250 0.5625 0.6250 0.5625 0.6562 0.5312 0.6562 0.5625 0.6250 0.5938 0.6250 0.5938 0.6562 0.5625 0.6562 0.4062 0.6562 0.4375 0.6562 0.4375 0.6875 0.4062 0.6875 0.4375 0.6562 0.4688 0.6562 0.4688 0.6875 0.4375 0.6875 0.4688 0.6562 0.5000 0.6562 0.5000 0.6875 0.4688 0.6875 0.5000 0.6562 0.5312 0.6562 0.5312 0.6875 0.5000 0.6875 0.5312 0.6562 0.5625 0.6562 0.5625 0.6875 0.5312 0.6875 0.5625 0.6562 0.5938 0.6562 0.5938 0.6875 0.5625 0.6875 0.4062 0.6875 0.4375 0.6875 0.4375 0.7188 0.4062 0.7188 0.4375 0.6875 0.4688 0.6875 0.4688 0.7188 0.4375 0.7188 0.4688 0.6875 0.5000 0.6875 0.5000 0.7188 0.4688 0.7188 0.5000 0.6875 0.5312 0.6875 0.5312 0.7188 0.5000 0.7188 0.5312 0.6875 0.5625 0.6875 0.5625 0.7188 0.5312 0.7188 0.5625 0.6875 0.5938 0.6875 0.5938 0.7188 0.5625 0.7188 0.3750 0.5000 0.4062 0.5000 0.4062 0.5312 0.3750 0.5312 0.4062 0.5000 0.4375 0.5000 0.4375 0.5312 0.4062 0.5312 0.4375 0.5000 0.4688 0.5000 0.4688 0.5312 0.4375 0.5312 0.4688 0.5000 0.5000 0.5000 0.5000 0.5312 0.4688 0.5312 0.5000 0.5000 0.5312 0.5000 0.5312 0.5312 0.5000 0.5312 0.5312 0.5000 0.5625 0.5000 0.5625 0.5312 0.5312 0.5312 0.5625 0.5000 0.5938 0.5000 0.5938 0.5312 0.5625 0.5312 0.5938 0.5000 0.6250 0.5000 0.6250 0.5312 0.5938 0.5312 0.5938 0.5312 0.6250 0.5312 0.6250 0.5625 0.5938 0.5625 0.5938 0.5625 0.6250 0.5625 0.6250 0.5938 0.5938 0.5938 0.5938 0.5938 0.6250 0.5938 0.6250 0.6250 0.5938 0.6250 0.5938 0.6250 0.6250 0.6250 0.6250 0.6562 0.5938 0.6562 0.5938 0.6562 0.6250 0.6562 0.6250 0.6875 0.5938 0.6875 0.5938 0.6875 0.6250 0.6875 0.6250 0.7188 0.5938 0.7188 0.5938 0.7188 0.6250 0.7188 0.6250 0.7500 0.5938 0.7500 0.5625 0.7188 0.5938 0.7188 0.5938 0.7500 0.5625 0.7500 0.5312 0.7188 0.5625 0.7188 0.5625 0.7500 0.5312 0.7500 0.5000 0.7188 0.5312 0.7188 0.5312 0.7500 0.5000 0.7500 0.4688 0.7188 0.5000 0.7188 0.5000 0.7500 0.4688 0.7500 0.4375 0.7188 0.4688 0.7188 0.4688 0.7500 0.4375 0.7500 0.4062 0.7188 0.4375 0.7188 0.4375 0.7500 0.4062 0.7500 0.3750 0.7188 0.4062 0.7188 0.4062 0.7500 0.3750 0.7500 0.3750 0.6875 0.4062 0.6875 0.4062 0.7188 0.3750 0.7188 0.3750 0.6562 0.4062 0.6562 0.4062 0.6875 0.3750 0.6875 0.3750 0.6250 0.4062 0.6250 0.4062 0.6562 0.3750 0.6562 0.3750 0.5938 0.4062 0.5938 0.4062 0.6250 0.3750 0.6250 0.3750 0.5625 0.4062 0.5625 0.4062 0.5938 0.3750 0.5938 0.3750 0.5312 0.4062 0.5312 0.4062 0.5625 0.3750 0.5625 0.4062 0.7812 0.4375 0.7812 0.4375 0.8125 0.4062 0.8125 0.4375 0.7812 0.4688 0.7812 0.4688 0.8125 0.4375 0.8125 0.4688 0.7812 0.5000 0.7812 0.5000 0.8125 0.4688 0.8125 0.5000 0.7812 0.5312 0.7812 0.5312 0.8125 0.5000 0.8125 0.5312 0.7812 0.5625 0.7812 0.5625 0.8125 0.5312 0.8125 0.5625 0.7812 0.5938 0.7812 0.5938 0.8125 0.5625 0.8125 0.4062 0.8125 0.4375 0.8125 0.4375 0.8438 0.4062 0.8438 0.4375 0.8125 0.4688 0.8125 0.4688 0.8438 0.4375 0.8438 0.4688 0.8125 0.5000 0.8125 0.5000 0.8438 0.4688 0.8438 0.5000 0.8125 0.5312 0.8125 0.5312 0.8438 0.5000 0.8438 0.5312 0.8125 0.5625 0.8125 0.5625 0.8438 0.5312 0.8438 0.5625 0.8125 0.5938 0.8125 0.5938 0.8438 0.5625 0.8438 0.4062 0.8438 0.4375 0.8438 0.4375 0.8750 0.4062 0.8750 0.4375 0.8438 0.4688 0.8438 0.4688 0.8750 0.4375 0.8750 0.4688 0.8438 0.5000 0.8438 0.5000 0.8750 0.4688 0.8750 0.5000 0.8438 0.5312 0.8438 0.5312 0.8750 0.5000 0.8750 0.5312 0.8438 0.5625 0.8438 0.5625 0.8750 0.5312 0.8750 0.5625 0.8438 0.5938 0.8438 0.5938 0.8750 0.5625 0.8750 0.4062 0.8750 0.4375 0.8750 0.4375 0.9062 0.4062 0.9062 0.4375 0.8750 0.4688 0.8750 0.4688 0.9062 0.4375 0.9062 0.4688 0.8750 0.5000 0.8750 0.5000 0.9062 0.4688 0.9062 0.5000 0.8750 0.5312 0.8750 0.5312 0.9062 0.5000 0.9062 0.5312 0.8750 0.5625 0.8750 0.5625 0.9062 0.5312 0.9062 0.5625 0.8750 0.5938 0.8750 0.5938 0.9062 0.5625 0.9062 0.4062 0.9062 0.4375 0.9062 0.4375 0.9375 0.4062 0.9375 0.4375 0.9062 0.4688 0.9062 0.4688 0.9375 0.4375 0.9375 0.4688 0.9062 0.5000 0.9062 0.5000 0.9375 0.4688 0.9375 0.5000 0.9062 0.5312 0.9062 0.5312 0.9375 0.5000 0.9375 0.5312 0.9062 0.5625 0.9062 0.5625 0.9375 0.5312 0.9375 0.5625 0.9062 0.5938 0.9062 0.5938 0.9375 0.5625 0.9375 0.4062 0.9375 0.4375 0.9375 0.4375 0.9688 0.4062 0.9688 0.4375 0.9375 0.4688 0.9375 0.4688 0.9688 0.4375 0.9688 0.4688 0.9375 0.5000 0.9375 0.5000 0.9688 0.4688 0.9688 0.5000 0.9375 0.5312 0.9375 0.5312 0.9688 0.5000 0.9688 0.5312 0.9375 0.5625 0.9375 0.5625 0.9688 0.5312 0.9688 0.5625 0.9375 0.5938 0.9375 0.5938 0.9688 0.5625 0.9688 0.3750 0.7500 0.4062 0.7500 0.4062 0.7812 0.3750 0.7812 0.4062 0.7500 0.4375 0.7500 0.4375 0.7812 0.4062 0.7812 0.4375 0.7500 0.4688 0.7500 0.4688 0.7812 0.4375 0.7812 0.4688 0.7500 0.5000 0.7500 0.5000 0.7812 0.4688 0.7812 0.5000 0.7500 0.5312 0.7500 0.5312 0.7812 0.5000 0.7812 0.5312 0.7500 0.5625 0.7500 0.5625 0.7812 0.5312 0.7812 0.5625 0.7500 0.5938 0.7500 0.5938 0.7812 0.5625 0.7812 0.5938 0.7500 0.6250 0.7500 0.6250 0.7812 0.5938 0.7812 0.5938 0.7812 0.6250 0.7812 0.6250 0.8125 0.5938 0.8125 0.5938 0.8125 0.6250 0.8125 0.6250 0.8438 0.5938 0.8438 0.5938 0.8438 0.6250 0.8438 0.6250 0.8750 0.5938 0.8750 0.5938 0.8750 0.6250 0.8750 0.6250 0.9062 0.5938 0.9062 0.5938 0.9062 0.6250 0.9062 0.6250 0.9375 0.5938 0.9375 0.5938 0.9375 0.6250 0.9375 0.6250 0.9688 0.5938 0.9688 0.5938 0.9688 0.6250 0.9688 0.6250 1.0000 0.5938 1.0000 0.5625 0.9688 0.5938 0.9688 0.5938 1.0000 0.5625 1.0000 0.5312 0.9688 0.5625 0.9688 0.5625 1.0000 0.5312 1.0000 0.5000 0.9688 0.5312 0.9688 0.5312 1.0000 0.5000 1.0000 0.4688 0.9688 0.5000 0.9688 0.5000 1.0000 0.4688 1.0000 0.4375 0.9688 0.4688 0.9688 0.4688 1.0000 0.4375 1.0000 0.4062 0.9688 0.4375 0.9688 0.4375 1.0000 0.4062 1.0000 0.3750 0.9688 0.4062 0.9688 0.4062 1.0000 0.3750 1.0000 0.3750 0.9375 0.4062 0.9375 0.4062 0.9688 0.3750 0.9688 0.3750 0.9062 0.4062 0.9062 0.4062 0.9375 0.3750 0.9375 0.3750 0.8750 0.4062 0.8750 0.4062 0.9062 0.3750 0.9062 0.3750 0.8438 0.4062 0.8438 0.4062 0.8750 0.3750 0.8750 0.3750 0.8125 0.4062 0.8125 0.4062 0.8438 0.3750 0.8438 0.3750 0.7812 0.4062 0.7812 0.4062 0.8125 0.3750 0.8125 0.1562 0.5312 0.1875 0.5312 0.1875 0.5625 0.1562 0.5625 0.1875 0.5312 0.2188 0.5312 0.2188 0.5625 0.1875 0.5625 0.2188 0.5312 0.2500 0.5312 0.2500 0.5625 0.2188 0.5625 0.2500 0.5312 0.2812 0.5312 0.2812 0.5625 0.2500 0.5625 0.2812 0.5312 0.3125 0.5312 0.3125 0.5625 0.2812 0.5625 0.3125 0.5312 0.3438 0.5312 0.3438 0.5625 0.3125 0.5625 0.1562 0.5625 0.1875 0.5625 0.1875 0.5938 0.1562 0.5938 0.1875 0.5625 0.2188 0.5625 0.2188 0.5938 0.1875 0.5938 0.2188 0.5625 0.2500 0.5625 0.2500 0.5938 0.2188 0.5938 0.2500 0.5625 0.2812 0.5625 0.2812 0.5938 0.2500 0.5938 0.2812 0.5625 0.3125 0.5625 0.3125 0.5938 0.2812 0.5938 0.3125 0.5625 0.3438 0.5625 0.3438 0.5938 0.3125 0.5938 0.1562 0.5938 0.1875 0.5938 0.1875 0.6250 0.1562 0.6250 0.1875 0.5938 0.2188 0.5938 0.2188 0.6250 0.1875 0.6250 0.2188 0.5938 0.2500 0.5938 0.2500 0.6250 0.2188 0.6250 0.2500 0.5938 0.2812 0.5938 0.2812 0.6250 0.2500 0.6250 0.2812 0.5938 0.3125 0.5938 0.3125 0.6250 0.2812 0.6250 0.3125 0.5938 0.3438 0.5938 0.3438 0.6250 0.3125 0.6250 0.1562 0.6250 0.1875 0.6250 0.1875 0.6562 0.1562 0.6562 0.1875 0.6250 0.2188 0.6250 0.2188 0.6562 0.1875 0.6562 0.2188 0.6250 0.2500 0.6250 0.2500 0.6562 0.2188 0.6562 0.2500 0.6250 0.2812 0.6250 0.2812 0.6562 0.2500 0.6562 0.2812 0.6250 0.3125 0.6250 0.3125 0.6562 0.2812 0.6562 0.3125 0.6250 0.3438 0.6250 0.3438 0.6562 0.3125 0.6562 0.1562 0.6562 0.1875 0.6562 0.1875 0.6875 0.1562 0.6875 0.1875 0.6562 0.2188 0.6562 0.2188 0.6875 0.1875 0.6875 0.2188 0.6562 0.2500 0.6562 0.2500 0.6875 0.2188 0.6875 0.2500 0.6562 0.2812 0.6562 0.2812 0.6875 0.2500 0.6875 0.2812 0.6562 0.3125 0.6562 0.3125 0.6875 0.2812 0.6875 0.3125 0.6562 0.3438 0.6562 0.3438 0.6875 0.3125 0.6875 0.1562 0.6875 0.1875 0.6875 0.1875 0.7188 0.1562 0.7188 0.1875 0.6875 0.2188 0.6875 0.2188 0.7188 0.1875 0.7188 0.2188 0.6875 0.2500 0.6875 0.2500 0.7188 0.2188 0.7188 0.2500 0.6875 0.2812 0.6875 0.2812 0.7188 0.2500 0.7188 0.2812 0.6875 0.3125 0.6875 0.3125 0.7188 0.2812 0.7188 0.3125 0.6875 0.3438 0.6875 0.3438 0.7188 0.3125 0.7188 0.1250 0.5000 0.1562 0.5000 0.1562 0.5312 0.1250 0.5312 0.1562 0.5000 0.1875 0.5000 0.1875 0.5312 0.1562 0.5312 0.1875 0.5000 0.2188 0.5000 0.2188 0.5312 0.1875 0.5312 0.2188 0.5000 0.2500 0.5000 0.2500 0.5312 0.2188 0.5312 0.2500 0.5000 0.2812 0.5000 0.2812 0.5312 0.2500 0.5312 0.2812 0.5000 0.3125 0.5000 0.3125 0.5312 0.2812 0.5312 0.3125 0.5000 0.3438 0.5000 0.3438 0.5312 0.3125 0.5312 0.3438 0.5000 0.3750 0.5000 0.3750 0.5312 0.3438 0.5312 0.3438 0.5312 0.3750 0.5312 0.3750 0.5625 0.3438 0.5625 0.3438 0.5625 0.3750 0.5625 0.3750 0.5938 0.3438 0.5938 0.3438 0.5938 0.3750 0.5938 0.3750 0.6250 0.3438 0.6250 0.3438 0.6250 0.3750 0.6250 0.3750 0.6562 0.3438 0.6562 0.3438 0.6562 0.3750 0.6562 0.3750 0.6875 0.3438 0.6875 0.3438 0.6875 0.3750 0.6875 0.3750 0.7188 0.3438 0.7188 0.3438 0.7188 0.3750 0.7188 0.3750 0.7500 0.3438 0.7500 0.3125 0.7188 0.3438 0.7188 0.3438 0.7500 0.3125 0.7500 0.2812 0.7188 0.3125 0.7188 0.3125 0.7500 0.2812 0.7500 0.2500 0.7188 0.2812 0.7188 0.2812 0.7500 0.2500 0.7500 0.2188 0.7188 0.2500 0.7188 0.2500 0.7500 0.2188 0.7500 0.1875 0.7188 0.2188 0.7188 0.2188 0.7500 0.1875 0.7500 0.1562 0.7188 0.1875 0.7188 0.1875 0.7500 0.1562 0.7500 0.1250 0.7188 0.1562 0.7188 0.1562 0.7500 0.1250 0.7500 0.1250 0.6875 0.1562 0.6875 0.1562 0.7188 0.1250 0.7188 0.1250 0.6562 0.1562 0.6562 0.1562 0.6875 0.1250 0.6875 0.1250 0.6250 0.1562 0.6250 0.1562 0.6562 0.1250 0.6562 0.1250 0.5938 0.1562 0.5938 0.1562 0.6250 0.1250 0.6250 0.1250 0.5625 0.1562 0.5625 0.1562 0.5938 0.1250 0.5938 0.1250 0.5312 0.1562 0.5312 0.1562 0.5625 0.1250 0.5625 0.6562 0.5312 0.6875 0.5312 0.6875 0.5625 0.6562 0.5625 0.6875 0.5312 0.7188 0.5312 0.7188 0.5625 0.6875 0.5625 0.7188 0.5312 0.7500 0.5312 0.7500 0.5625 0.7188 0.5625 0.7500 0.5312 0.7812 0.5312 0.7812 0.5625 0.7500 0.5625 0.7812 0.5312 0.8125 0.5312 0.8125 0.5625 0.7812 0.5625 0.8125 0.5312 0.8438 0.5312 0.8438 0.5625 0.8125 0.5625 0.6562 0.5625 0.6875 0.5625 0.6875 0.5938 0.6562 0.5938 0.6875 0.5625 0.7188 0.5625 0.7188 0.5938 0.6875 0.5938 0.7188 0.5625 0.7500 0.5625 0.7500 0.5938 0.7188 0.5938 0.7500 0.5625 0.7812 0.5625 0.7812 0.5938 0.7500 0.5938 0.7812 0.5625 0.8125 0.5625 0.8125 0.5938 0.7812 0.5938 0.8125 0.5625 0.8438 0.5625 0.8438 0.5938 0.8125 0.5938 0.6562 0.5938 0.6875 0.5938 0.6875 0.6250 0.6562 0.6250 0.6875 0.5938 0.7188 0.5938 0.7188 0.6250 0.6875 0.6250 0.7188 0.5938 0.7500 0.5938 0.7500 0.6250 0.7188 0.6250 0.7500 0.5938 0.7812 0.5938 0.7812 0.6250 0.7500 0.6250 0.7812 0.5938 0.8125 0.5938 0.8125 0.6250 0.7812 0.6250 0.8125 0.5938 0.8438 0.5938 0.8438 0.6250 0.8125 0.6250 0.6562 0.6250 0.6875 0.6250 0.6875 0.6562 0.6562 0.6562 0.6875 0.6250 0.7188 0.6250 0.7188 0.6562 0.6875 0.6562 0.7188 0.6250 0.7500 0.6250 0.7500 0.6562 0.7188 0.6562 0.7500 0.6250 0.7812 0.6250 0.7812 0.6562 0.7500 0.6562 0.7812 0.6250 0.8125 0.6250 0.8125 0.6562 0.7812 0.6562 0.8125 0.6250 0.8438 0.6250 0.8438 0.6562 0.8125 0.6562 0.6562 0.6562 0.6875 0.6562 0.6875 0.6875 0.6562 0.6875 0.6875 0.6562 0.7188 0.6562 0.7188 0.6875 0.6875 0.6875 0.7188 0.6562 0.7500 0.6562 0.7500 0.6875 0.7188 0.6875 0.7500 0.6562 0.7812 0.6562 0.7812 0.6875 0.7500 0.6875 0.7812 0.6562 0.8125 0.6562 0.8125 0.6875 0.7812 0.6875 0.8125 0.6562 0.8438 0.6562 0.8438 0.6875 0.8125 0.6875 0.6562 0.6875 0.6875 0.6875 0.6875 0.7188 0.6562 0.7188 0.6875 0.6875 0.7188 0.6875 0.7188 0.7188 0.6875 0.7188 0.7188 0.6875 0.7500 0.6875 0.7500 0.7188 0.7188 0.7188 0.7500 0.6875 0.7812 0.6875 0.7812 0.7188 0.7500 0.7188 0.7812 0.6875 0.8125 0.6875 0.8125 0.7188 0.7812 0.7188 0.8125 0.6875 0.8438 0.6875 0.8438 0.7188 0.8125 0.7188 0.6250 0.5000 0.6562 0.5000 0.6562 0.5312 0.6250 0.5312 0.6562 0.5000 0.6875 0.5000 0.6875 0.5312 0.6562 0.5312 0.6875 0.5000 0.7188 0.5000 0.7188 0.5312 0.6875 0.5312 0.7188 0.5000 0.7500 0.5000 0.7500 0.5312 0.7188 0.5312 0.7500 0.5000 0.7812 0.5000 0.7812 0.5312 0.7500 0.5312 0.7812 0.5000 0.8125 0.5000 0.8125 0.5312 0.7812 0.5312 0.8125 0.5000 0.8438 0.5000 0.8438 0.5312 0.8125 0.5312 0.8438 0.5000 0.8750 0.5000 0.8750 0.5312 0.8438 0.5312 0.8438 0.5312 0.8750 0.5312 0.8750 0.5625 0.8438 0.5625 0.8438 0.5625 0.8750 0.5625 0.8750 0.5938 0.8438 0.5938 0.8438 0.5938 0.8750 0.5938 0.8750 0.6250 0.8438 0.6250 0.8438 0.6250 0.8750 0.6250 0.8750 0.6562 0.8438 0.6562 0.8438 0.6562 0.8750 0.6562 0.8750 0.6875 0.8438 0.6875 0.8438 0.6875 0.8750 0.6875 0.8750 0.7188 0.8438 0.7188 0.8438 0.7188 0.8750 0.7188 0.8750 0.7500 0.8438 0.7500 0.8125 0.7188 0.8438 0.7188 0.8438 0.7500 0.8125 0.7500 0.7812 0.7188 0.8125 0.7188 0.8125 0.7500 0.7812 0.7500 0.7500 0.7188 0.7812 0.7188 0.7812 0.7500 0.7500 0.7500 0.7188 0.7188 0.7500 0.7188 0.7500 0.7500 0.7188 0.7500 0.6875 0.7188 0.7188 0.7188 0.7188 0.7500 0.6875 0.7500 0.6562 0.7188 0.6875 0.7188 0.6875 0.7500 0.6562 0.7500 0.6250 0.7188 0.6562 0.7188 0.6562 0.7500 0.6250 0.7500 0.6250 0.6875 0.6562 0.6875 0.6562 0.7188 0.6250 0.7188 0.6250 0.6562 0.6562 0.6562 0.6562 0.6875 0.6250 0.6875 0.6250 0.6250 0.6562 0.6250 0.6562 0.6562 0.6250 0.6562 0.6250 0.5938 0.6562 0.5938 0.6562 0.6250 0.6250 0.6250 0.6250 0.5625 0.6562 0.5625 0.6562 0.5938 0.6250 0.5938 0.6250 0.5312 0.6562 0.5312 0.6562 0.5625 0.6250 0.5625 " />
						</IndexedFaceSet>
					</Shape>
				</Group>
			</Transform>
		</Transform>
		<Transform DEF="Shape_IndexedFaceSet_009_TRANSFORM"
		           translation="0.000000 0.000000 0.000000"
		           scale="1.000000 1.000000 1.000000"
		           rotation="-0.000000 0.000000 0.000000 0.000000"
		           >
			<Transform DEF="Shape_IndexedFaceSet_009_ifs_TRANSFORM"
			           translation="0.000000 0.000000 0.000000"
			           scale="1.000000 1.000000 1.000000"
			           rotation="0.000000 1.000000 0.000000 0.000000"
			           >
				<Group DEF="group_ME_Shape_IndexedFaceSet_009">
					<Shape>
						<Appearance>
							<Material USE="MA_MA_Material_001" />
						</Appearance>
						<IndexedFaceSet solid="false"
						                texCoordIndex="0 1 2 3 -1 4 5 6 7 -1 8 9 10 11 -1 12 13 14 15 -1 16 17 18 19 -1 20 21 22 23 -1 24 25 26 27 -1 28 29 30 31 -1 32 33 34 35 -1 36 37 38 39 -1 40 41 42 43 -1 44 45 46 47 -1 48 49 50 51 -1 52 53 54 55 -1 56 57 58 59 -1 60 61 62 63 -1 64 65 66 67 -1 68 69 70 71 -1 72 73 74 75 -1 76 77 78 79 -1 80 81 82 83 -1 84 85 86 87 -1 88 89 90 91 -1 92 93 94 95 -1 96 97 98 99 -1 100 101 102 103 -1 104 105 106 107 -1 108 109 110 111 -1 112 113 114 115 -1 116 117 118 119 -1 120 121 122 123 -1 124 125 126 127 -1 128 129 130 131 -1 132 133 134 135 -1 136 137 138 139 -1 140 141 142 143 -1 144 145 146 147 -1 148 149 150 151 -1 152 153 154 155 -1 156 157 158 159 -1 160 161 162 163 -1 164 165 166 167 -1 168 169 170 171 -1 172 173 174 175 -1 176 177 178 179 -1 180 181 182 183 -1 184 185 186 187 -1 188 189 190 191 -1 192 193 194 195 -1 196 197 198 199 -1 200 201 202 203 -1 204 205 206 207 -1 208 209 210 211 -1 212 213 214 215 -1 216 217 218 219 -1 220 221 222 223 -1 224 225 226 227 -1 228 229 230 231 -1 232 233 234 235 -1 236 237 238 239 -1 240 241 242 243 -1 244 245 246 247 -1 248 249 250 251 -1 252 253 254 255 -1 256 257 258 259 -1 260 261 262 263 -1 264 265 266 267 -1 268 269 270 271 -1 272 273 274 275 -1 276 277 278 279 -1 280 281 282 283 -1 284 285 286 287 -1 288 289 290 291 -1 292 293 294 295 -1 296 297 298 299 -1 300 301 302 303 -1 304 305 306 307 -1 308 309 310 311 -1 312 313 314 315 -1 316 317 318 319 -1 320 321 322 323 -1 324 325 326 327 -1 328 329 330 331 -1 332 333 334 335 -1 336 337 338 339 -1 340 341 342 343 -1 344 345 346 347 -1 348 349 350 351 -1 352 353 354 355 -1 356 357 358 359 -1 360 361 362 363 -1 364 365 366 367 -1 368 369 370 371 -1 372 373 374 375 -1 376 377 378 379 -1 380 381 382 383 -1 384 385 386 387 -1 388 389 390 391 -1 392 393 394 395 -1 396 397 398 399 -1 400 401 402 403 -1 404 405 406 407 -1 408 409 410 411 -1 412 413 414 415 -1 416 417 418 419 -1 420 421 422 423 -1 424 425 426 427 -1 428 429 430 431 -1 432 433 434 435 -1 436 437 438 439 -1 440 441 442 443 -1 444 445 446 447 -1 448 449 450 451 -1 452 453 454 455 -1 456 457 458 459 -1 460 461 462 463 -1 464 465 466 467 -1 468 469 470 471 -1 472 473 474 475 -1 476 477 478 479 -1 480 481 482 483 -1 484 485 486 487 -1 488 489 490 491 -1 492 493 494 495 -1 496 497 498 499 -1 500 501 502 503 -1 504 505 506 507 -1 508 509 510 511 -1 512 513 514 515 -1 516 517 518 519 -1 520 521 522 523 -1 524 525 526 527 -1 528 529 530 531 -1 532 533 534 535 -1 536 537 538 539 -1 540 541 542 543 -1 544 545 546 547 -1 548 549 550 551 -1 552 553 554 555 -1 556 557 558 559 -1 560 561 562 563 -1 564 565 566 567 -1 568 569 570 571 -1 572 573 574 575 -1 576 577 578 579 -1 580 581 582 583 -1 584 585 586 587 -1 588 589 590 591 -1 592 593 594 595 -1 596 597 598 599 -1 600 601 602 603 -1 604 605 606 607 -1 608 609 610 611 -1 612 613 614 615 -1 616 617 618 619 -1 620 621 622 623 -1 624 625 626 627 -1 628 629 630 631 -1 632 633 634 635 -1 636 637 638 639 -1 640 641 642 643 -1 644 645 646 647 -1 648 649 650 651 -1 652 653 654 655 -1 656 657 658 659 -1 660 661 662 663 -1 664 665 666 667 -1 668 669 670 671 -1 672 673 674 675 -1 676 677 678 679 -1 680 681 682 683 -1 684 685 686 687 -1 688 689 690 691 -1 692 693 694 695 -1 696 697 698 699 -1 700 701 702 703 -1 704 705 706 707 -1 708 709 710 711 -1 712 713 714 715 -1 716 717 718 719 -1 720 721 722 723 -1 724 725 726 727 -1 728 729 730 731 -1 732 733 734 735 -1 736 737 738 739 -1 740 741 742 743 -1 744 745 746 747 -1 748 749 750 751 -1 752 753 754 755 -1 756 757 758 759 -1 760 761 762 763 -1 764 765 766 767 -1 768 769 770 771 -1 772 773 774 775 -1 776 777 778 779 -1 780 781 782 783 -1 784 785 786 787 -1 788 789 790 791 -1 792 793 794 795 -1 796 797 798 799 -1 800 801 802 803 -1 804 805 806 807 -1 808 809 810 811 -1 812 813 814 815 -1 816 817 818 819 -1 820 821 822 823 -1 824 825 826 827 -1 828 829 830 831 -1 832 833 834 835 -1 836 837 838 839 -1 840 841 842 843 -1 844 845 846 847 -1 848 849 850 851 -1 852 853 854 855 -1 856 857 858 859 -1 860 861 862 863 -1 864 865 866 867 -1 868 869 870 871 -1 872 873 874 875 -1 876 877 878 879 -1 880 881 882 883 -1 884 885 886 887 -1 888 889 890 891 -1 892 893 894 895 -1 896 897 898 899 -1 900 901 902 903 -1 904 905 906 907 -1 908 909 910 911 -1 912 913 914 915 -1 916 917 918 919 -1 920 921 922 923 -1 924 925 926 927 -1 928 929 930 931 -1 932 933 934 935 -1 936 937 938 939 -1 940 941 942 943 -1 944 945 946 947 -1 948 949 950 951 -1 952 953 954 955 -1 956 957 958 959 -1 960 961 962 963 -1 964 965 966 967 -1 968 969 970 971 -1 972 973 974 975 -1 976 977 978 979 -1 980 981 982 983 -1 984 985 986 987 -1 988 989 990 991 -1 992 993 994 995 -1 996 997 998 999 -1 1000 1001 1002 1003 -1 1004 1005 1006 1007 -1 1008 1009 1010 1011 -1 1012 1013 1014 1015 -1 1016 1017 1018 1019 -1 1020 1021 1022 1023 -1 1024 1025 1026 1027 -1 1028 1029 1030 1031 -1 1032 1033 1034 1035 -1 1036 1037 1038 1039 -1 1040 1041 1042 1043 -1 1044 1045 1046 1047 -1 1048 1049 1050 1051 -1 1052 1053 1054 1055 -1 1056 1057 1058 1059 -1 1060 1061 1062 1063 -1 1064 1065 1066 1067 -1 1068 1069 1070 1071 -1 1072 1073 1074 1075 -1 1076 1077 1078 1079 -1 1080 1081 1082 1083 -1 1084 1085 1086 1087 -1 1088 1089 1090 1091 -1 1092 1093 1094 1095 -1 1096 1097 1098 1099 -1 1100 1101 1102 1103 -1 1104 1105 1106 1107 -1 1108 1109 1110 1111 -1 1112 1113 1114 1115 -1 1116 1117 1118 1119 -1 1120 1121 1122 1123 -1 1124 1125 1126 1127 -1 1128 1129 1130 1131 -1 1132 1133 1134 1135 -1 1136 1137 1138 1139 -1 1140 1141 1142 1143 -1 1144 1145 1146 1147 -1 1148 1149 1150 1151 -1 1152 1153 1154 1155 -1 1156 1157 1158 1159 -1 1160 1161 1162 1163 -1 1164 1165 1166 1167 -1 1168 1169 1170 1171 -1 1172 1173 1174 1175 -1 1176 1177 1178 1179 -1 1180 1181 1182 1183 -1 1184 1185 1186 1187 -1 1188 1189 1190 1191 -1 1192 1193 1194 1195 -1 1196 1197 1198 1199 -1 1200 1201 1202 1203 -1 1204 1205 1206 1207 -1 1208 1209 1210 1211 -1 1212 1213 1214 1215 -1 1216 1217 1218 1219 -1 1220 1221 1222 1223 -1 1224 1225 1226 1227 -1 1228 1229 1230 1231 -1 1232 1233 1234 1235 -1 1236 1237 1238 1239 -1 1240 1241 1242 1243 -1 1244 1245 1246 1247 -1 1248 1249 1250 1251 -1 1252 1253 1254 1255 -1 1256 1257 1258 1259 -1 1260 1261 1262 1263 -1 1264 1265 1266 1267 -1 1268 1269 1270 1271 -1 1272 1273 1274 1275 -1 1276 1277 1278 1279 -1 1280 1281 1282 1283 -1 1284 1285 1286 1287 -1 1288 1289 1290 1291 -1 1292 1293 1294 1295 -1 1296 1297 1298 1299 -1 1300 1301 1302 1303 -1 1304 1305 1306 1307 -1 1308 1309 1310 1311 -1 1312 1313 1314 1315 -1 1316 1317 1318 1319 -1 1320 1321 1322 1323 -1 1324 1325 1326 1327 -1 1328 1329 1330 1331 -1 1332 1333 1334 1335 -1 1336 1337 1338 1339 -1 1340 1341 1342 1343 -1 1344 1345 1346 1347 -1 1348 1349 1350 1351 -1 1352 1353 1354 1355 -1 1356 1357 1358 1359 -1 1360 1361 1362 1363 -1 1364 1365 1366 1367 -1 1368 1369 1370 1371 -1 1372 1373 1374 1375 -1 1376 1377 1378 1379 -1 1380 1381 1382 1383 -1 1384 1385 1386 1387 -1 1388 1389 1390 1391 -1 1392 1393 1394 1395 -1 1396 1397 1398 1399 -1 1400 1401 1402 1403 -1 1404 1405 1406 1407 -1 1408 1409 1410 1411 -1 1412 1413 1414 1415 -1 1416 1417 1418 1419 -1 1420 1421 1422 1423 -1 1424 1425 1426 1427 -1 1428 1429 1430 1431 -1 1432 1433 1434 1435 -1 1436 1437 1438 1439 -1 1440 1441 1442 1443 -1 1444 1445 1446 1447 -1 1448 1449 1450 1451 -1 1452 1453 1454 1455 -1 1456 1457 1458 1459 -1 1460 1461 1462 1463 -1 1464 1465 1466 1467 -1 1468 1469 1470 1471 -1 1472 1473 1474 1475 -1 1476 1477 1478 1479 -1 1480 1481 1482 1483 -1 1484 1485 1486 1487 -1 1488 1489 1490 1491 -1 1492 1493 1494 1495 -1 1496 1497 1498 1499 -1 1500 1501 1502 1503 -1 1504 1505 1506 1507 -1 1508 1509 1510 1511 -1 1512 1513 1514 1515 -1 1516 1517 1518 1519 -1 1520 1521 1522 1523 -1 1524 1525 1526 1527 -1 1528 1529 1530 1531 -1 1532 1533 1534 1535 -1 "
						                coordIndex="92 93 100 99 -1 93 94 101 100 -1 94 95 102 101 -1 95 96 103 102 -1 96 97 104 103 -1 97 98 105 104 -1 99 100 107 106 -1 100 101 108 107 -1 101 102 109 108 -1 102 103 110 109 -1 103 104 111 110 -1 104 105 112 111 -1 106 107 114 113 -1 107 108 115 114 -1 108 109 116 115 -1 109 110 117 116 -1 110 111 118 117 -1 111 112 119 118 -1 113 114 121 120 -1 114 115 122 121 -1 115 116 123 122 -1 116 117 124 123 -1 117 118 125 124 -1 118 119 126 125 -1 120 121 128 127 -1 121 122 129 128 -1 122 123 130 129 -1 123 124 131 130 -1 124 125 132 131 -1 125 126 133 132 -1 127 128 135 134 -1 128 129 136 135 -1 129 130 137 136 -1 130 131 138 137 -1 131 132 139 138 -1 132 133 140 139 -1 0 15 92 14 -1 15 16 93 92 -1 16 17 94 93 -1 17 18 95 94 -1 18 19 96 95 -1 19 20 97 96 -1 20 21 98 97 -1 21 1 22 98 -1 98 22 23 105 -1 105 23 24 112 -1 112 24 25 119 -1 119 25 26 126 -1 126 26 27 133 -1 133 27 28 140 -1 140 28 3 29 -1 139 140 29 30 -1 138 139 30 31 -1 137 138 31 32 -1 136 137 32 33 -1 135 136 33 34 -1 134 135 34 35 -1 8 134 35 2 -1 9 127 134 8 -1 10 120 127 9 -1 11 113 120 10 -1 12 106 113 11 -1 13 99 106 12 -1 14 92 99 13 -1 141 142 149 148 -1 142 143 150 149 -1 143 144 151 150 -1 144 145 152 151 -1 145 146 153 152 -1 146 147 154 153 -1 148 149 156 155 -1 149 150 157 156 -1 150 151 158 157 -1 151 152 159 158 -1 152 153 160 159 -1 153 154 161 160 -1 155 156 163 162 -1 156 157 164 163 -1 157 158 165 164 -1 158 159 166 165 -1 159 160 167 166 -1 160 161 168 167 -1 162 163 170 169 -1 163 164 171 170 -1 164 165 172 171 -1 165 166 173 172 -1 166 167 174 173 -1 167 168 175 174 -1 169 170 177 176 -1 170 171 178 177 -1 171 172 179 178 -1 172 173 180 179 -1 173 174 181 180 -1 174 175 182 181 -1 176 177 184 183 -1 177 178 185 184 -1 178 179 186 185 -1 179 180 187 186 -1 180 181 188 187 -1 181 182 189 188 -1 2 35 141 42 -1 35 34 142 141 -1 34 33 143 142 -1 33 32 144 143 -1 32 31 145 144 -1 31 30 146 145 -1 30 29 147 146 -1 29 3 43 147 -1 147 43 44 154 -1 154 44 45 161 -1 161 45 46 168 -1 168 46 47 175 -1 175 47 48 182 -1 182 48 49 189 -1 189 49 7 50 -1 188 189 50 51 -1 187 188 51 52 -1 186 187 52 53 -1 185 186 53 54 -1 184 185 54 55 -1 183 184 55 56 -1 36 183 56 6 -1 37 176 183 36 -1 38 169 176 37 -1 39 162 169 38 -1 40 155 162 39 -1 41 148 155 40 -1 42 141 148 41 -1 190 191 198 197 -1 191 192 199 198 -1 192 193 200 199 -1 193 194 201 200 -1 194 195 202 201 -1 195 196 203 202 -1 197 198 205 204 -1 198 199 206 205 -1 199 200 207 206 -1 200 201 208 207 -1 201 202 209 208 -1 202 203 210 209 -1 204 205 212 211 -1 205 206 213 212 -1 206 207 214 213 -1 207 208 215 214 -1 208 209 216 215 -1 209 210 217 216 -1 211 212 219 218 -1 212 213 220 219 -1 213 214 221 220 -1 214 215 222 221 -1 215 216 223 222 -1 216 217 224 223 -1 218 219 226 225 -1 219 220 227 226 -1 220 221 228 227 -1 221 222 229 228 -1 222 223 230 229 -1 223 224 231 230 -1 225 226 233 232 -1 226 227 234 233 -1 227 228 235 234 -1 228 229 236 235 -1 229 230 237 236 -1 230 231 238 237 -1 6 56 190 63 -1 56 55 191 190 -1 55 54 192 191 -1 54 53 193 192 -1 53 52 194 193 -1 52 51 195 194 -1 51 50 196 195 -1 50 7 64 196 -1 196 64 65 203 -1 203 65 66 210 -1 210 66 67 217 -1 217 67 68 224 -1 224 68 69 231 -1 231 69 70 238 -1 238 70 5 71 -1 237 238 71 72 -1 236 237 72 73 -1 235 236 73 74 -1 234 235 74 75 -1 233 234 75 76 -1 232 233 76 77 -1 57 232 77 4 -1 58 225 232 57 -1 59 218 225 58 -1 60 211 218 59 -1 61 204 211 60 -1 62 197 204 61 -1 63 190 197 62 -1 239 240 247 246 -1 240 241 248 247 -1 241 242 249 248 -1 242 243 250 249 -1 243 244 251 250 -1 244 245 252 251 -1 246 247 254 253 -1 247 248 255 254 -1 248 249 256 255 -1 249 250 257 256 -1 250 251 258 257 -1 251 252 259 258 -1 253 254 261 260 -1 254 255 262 261 -1 255 256 263 262 -1 256 257 264 263 -1 257 258 265 264 -1 258 259 266 265 -1 260 261 268 267 -1 261 262 269 268 -1 262 263 270 269 -1 263 264 271 270 -1 264 265 272 271 -1 265 266 273 272 -1 267 268 275 274 -1 268 269 276 275 -1 269 270 277 276 -1 270 271 278 277 -1 271 272 279 278 -1 272 273 280 279 -1 274 275 282 281 -1 275 276 283 282 -1 276 277 284 283 -1 277 278 285 284 -1 278 279 286 285 -1 279 280 287 286 -1 4 77 239 84 -1 77 76 240 239 -1 76 75 241 240 -1 75 74 242 241 -1 74 73 243 242 -1 73 72 244 243 -1 72 71 245 244 -1 71 5 85 245 -1 245 85 86 252 -1 252 86 87 259 -1 259 87 88 266 -1 266 88 89 273 -1 273 89 90 280 -1 280 90 91 287 -1 287 91 1 21 -1 286 287 21 20 -1 285 286 20 19 -1 284 285 19 18 -1 283 284 18 17 -1 282 283 17 16 -1 281 282 16 15 -1 78 281 15 0 -1 79 274 281 78 -1 80 267 274 79 -1 81 260 267 80 -1 82 253 260 81 -1 83 246 253 82 -1 84 239 246 83 -1 288 289 296 295 -1 289 290 297 296 -1 290 291 298 297 -1 291 292 299 298 -1 292 293 300 299 -1 293 294 301 300 -1 295 296 303 302 -1 296 297 304 303 -1 297 298 305 304 -1 298 299 306 305 -1 299 300 307 306 -1 300 301 308 307 -1 302 303 310 309 -1 303 304 311 310 -1 304 305 312 311 -1 305 306 313 312 -1 306 307 314 313 -1 307 308 315 314 -1 309 310 317 316 -1 310 311 318 317 -1 311 312 319 318 -1 312 313 320 319 -1 313 314 321 320 -1 314 315 322 321 -1 316 317 324 323 -1 317 318 325 324 -1 318 319 326 325 -1 319 320 327 326 -1 320 321 328 327 -1 321 322 329 328 -1 323 324 331 330 -1 324 325 332 331 -1 325 326 333 332 -1 326 327 334 333 -1 327 328 335 334 -1 328 329 336 335 -1 2 42 288 8 -1 42 41 289 288 -1 41 40 290 289 -1 40 39 291 290 -1 39 38 292 291 -1 38 37 293 292 -1 37 36 294 293 -1 36 6 63 294 -1 294 63 62 301 -1 301 62 61 308 -1 308 61 60 315 -1 315 60 59 322 -1 322 59 58 329 -1 329 58 57 336 -1 336 57 4 84 -1 335 336 84 83 -1 334 335 83 82 -1 333 334 82 81 -1 332 333 81 80 -1 331 332 80 79 -1 330 331 79 78 -1 14 330 78 0 -1 13 323 330 14 -1 12 316 323 13 -1 11 309 316 12 -1 10 302 309 11 -1 9 295 302 10 -1 8 288 295 9 -1 337 338 345 344 -1 338 339 346 345 -1 339 340 347 346 -1 340 341 348 347 -1 341 342 349 348 -1 342 343 350 349 -1 344 345 352 351 -1 345 346 353 352 -1 346 347 354 353 -1 347 348 355 354 -1 348 349 356 355 -1 349 350 357 356 -1 351 352 359 358 -1 352 353 360 359 -1 353 354 361 360 -1 354 355 362 361 -1 355 356 363 362 -1 356 357 364 363 -1 358 359 366 365 -1 359 360 367 366 -1 360 361 368 367 -1 361 362 369 368 -1 362 363 370 369 -1 363 364 371 370 -1 365 366 373 372 -1 366 367 374 373 -1 367 368 375 374 -1 368 369 376 375 -1 369 370 377 376 -1 370 371 378 377 -1 372 373 380 379 -1 373 374 381 380 -1 374 375 382 381 -1 375 376 383 382 -1 376 377 384 383 -1 377 378 385 384 -1 7 49 337 64 -1 49 48 338 337 -1 48 47 339 338 -1 47 46 340 339 -1 46 45 341 340 -1 45 44 342 341 -1 44 43 343 342 -1 43 3 28 343 -1 343 28 27 350 -1 350 27 26 357 -1 357 26 25 364 -1 364 25 24 371 -1 371 24 23 378 -1 378 23 22 385 -1 385 22 1 91 -1 384 385 91 90 -1 383 384 90 89 -1 382 383 89 88 -1 381 382 88 87 -1 380 381 87 86 -1 379 380 86 85 -1 70 379 85 5 -1 69 372 379 70 -1 68 365 372 69 -1 67 358 365 68 -1 66 351 358 67 -1 65 344 351 66 -1 64 337 344 65 -1 "
						                >
							<Coordinate DEF="coords_ME_Shape_IndexedFaceSet_009"
							            point="-0.233784 1.622148 -2.237898 -0.253211 2.030794 -2.237898 -0.199925 1.598280 -2.650430 -0.258207 1.999156 -2.650430 0.212607 1.598280 -2.237898 0.154325 1.999156 -2.237898 0.260898 1.546659 -2.650430 0.163762 1.939763 -2.650430 -0.217489 1.587562 -2.616953 -0.237852 1.576599 -2.566542 -0.254411 1.569961 -2.507447 -0.264157 1.569629 -2.444164 -0.265216 1.576677 -2.380881 -0.258565 1.589851 -2.321786 -0.246307 1.606896 -2.271375 -0.251406 1.656773 -2.223411 -0.270511 1.708306 -2.207811 -0.284553 1.768014 -2.196795 -0.291170 1.831225 -2.192698 -0.289185 1.893653 -2.196795 -0.280048 1.951154 -2.207811 -0.266236 1.999385 -2.223411 -0.268573 2.043950 -2.271375 -0.285523 2.057166 -2.321786 -0.298048 2.064848 -2.380881 -0.303551 2.064683 -2.444164 -0.300491 2.055483 -2.507447 -0.289851 2.038906 -2.566542 -0.273748 2.017817 -2.616953 -0.268649 1.967941 -2.664917 -0.277905 1.920451 -2.680517 -0.281155 1.864146 -2.691533 -0.276538 1.803086 -2.695630 -0.263274 1.741156 -2.691533 -0.243327 1.682611 -2.680517 -0.219826 1.632127 -2.664917 0.228647 1.535491 -2.664917 0.177640 1.525415 -2.680517 0.115103 1.521392 -2.691533 0.045360 1.525208 -2.695630 -0.027189 1.537571 -2.691533 -0.097130 1.556553 -2.680517 -0.158374 1.579105 -2.664917 -0.226866 2.006913 -2.664917 -0.178698 2.012946 -2.680517 -0.120901 2.013566 -2.691533 -0.057353 2.007598 -2.695630 0.008142 1.994738 -2.691533 0.071031 1.976799 -2.680517 0.126162 1.956500 -2.664917 0.187614 1.903478 -2.664917 0.217228 1.850741 -2.680517 0.244227 1.791152 -2.691533 0.264546 1.729720 -2.695630 0.275357 1.670812 -2.691533 0.276847 1.617910 -2.680517 0.270430 1.574463 -2.664917 0.235168 1.579105 -2.271375 0.261601 1.556553 -2.321786 0.283463 1.537571 -2.380881 0.296827 1.525208 -2.444164 0.299189 1.521392 -2.507447 0.291615 1.525415 -2.566542 0.276611 1.535491 -2.616953 0.174127 1.956501 -2.616953 0.185007 1.976799 -2.566542 0.192228 1.994738 -2.507447 0.194114 2.007598 -2.444164 0.189751 2.013566 -2.380881 0.180033 2.012946 -2.321786 0.166676 2.006913 -2.271375 0.172858 1.967941 -2.223411 0.194801 1.920451 -2.207811 0.213583 1.864146 -2.196795 0.226395 1.803086 -2.192698 0.231464 1.741156 -2.196795 0.229380 1.682611 -2.207811 0.221681 1.632127 -2.223411 -0.198342 1.606896 -2.223411 -0.144590 1.589851 -2.207811 -0.081130 1.576677 -2.196795 -0.012690 1.569629 -2.192698 0.056241 1.569961 -2.196795 0.120879 1.576599 -2.207811 0.176053 1.587562 -2.223411 0.119794 2.017817 -2.223411 0.068880 2.038906 -2.207811 0.010161 2.055483 -2.196795 -0.052085 2.064683 -2.192698 -0.113961 2.064848 -2.196795 -0.171548 2.057166 -2.207811 -0.220609 2.043950 -2.223411 -0.281714 1.651127 -2.266050 -0.307712 1.705493 -2.256337 -0.324919 1.766747 -2.248459 -0.332497 1.831065 -2.245329 -0.329807 1.894554 -2.248459 -0.317824 1.953451 -2.256337 -0.297643 2.004171 -2.266050 -0.301835 1.640452 -2.319174 -0.333223 1.699337 -2.313739 -0.353245 1.763720 -2.308825 -0.361815 1.830422 -2.306733 -0.358855 1.896188 -2.308825 -0.344910 1.957849 -2.313739 -0.320517 2.012369 -2.319174 -0.312796 1.630888 -2.379771 -0.347450 1.693003 -2.377369 -0.369437 1.760061 -2.375031 -0.378941 1.829057 -2.373986 -0.376171 1.896980 -2.375031 -0.361511 1.960869 -2.377369 -0.335363 2.017785 -2.379771 -0.313815 1.625224 -2.444164 -0.350113 1.688602 -2.444164 -0.373315 1.756769 -2.444164 -0.383688 1.826728 -2.444164 -0.381520 1.895484 -2.444164 -0.367179 1.960051 -2.444164 -0.341059 2.017446 -2.444164 -0.304250 1.624873 -2.508557 -0.340902 1.687321 -2.510959 -0.364708 1.754416 -2.513297 -0.375894 1.823197 -2.514342 -0.374691 1.890685 -2.513297 -0.361473 1.953886 -2.510959 -0.336633 2.009807 -2.508557 -0.285131 1.628374 -2.569154 -0.320083 1.687689 -2.574589 -0.343558 1.752002 -2.579503 -0.355477 1.818232 -2.581595 -0.355679 1.883169 -2.579503 -0.344602 1.943635 -2.574589 -0.322696 1.996514 -2.569154 -0.257492 1.632885 -2.622278 -0.287825 1.687292 -2.631991 -0.309806 1.748103 -2.639869 -0.322378 1.811605 -2.643000 -0.324510 1.873948 -2.639869 -0.316819 1.931474 -2.631991 -0.300117 1.980589 -2.622278 -0.168332 1.619547 -2.695999 -0.186311 1.671170 -2.718140 -0.204381 1.730183 -2.732122 -0.218467 1.792625 -2.737041 -0.226066 1.854631 -2.732122 -0.227951 1.912822 -2.718140 -0.226362 1.964170 -2.695999 -0.105002 1.601406 -2.718140 -0.119569 1.655783 -2.744896 -0.136071 1.716687 -2.761171 -0.150952 1.780874 -2.766694 -0.161697 1.845153 -2.761171 -0.168755 1.906796 -2.744896 -0.173581 1.963344 -2.718140 -0.034306 1.584334 -2.732122 -0.046761 1.640356 -2.761171 -0.061932 1.702766 -2.778671 -0.077351 1.768666 -2.784529 -0.091017 1.835215 -2.778671 -0.102671 1.899852 -2.761171 -0.112519 1.960102 -2.732122 0.038737 1.571901 -2.737041 0.028032 1.627860 -2.766694 0.014396 1.690400 -2.784529 -0.001018 1.756831 -2.790487 -0.017058 1.824464 -2.784529 -0.032566 1.890603 -2.766694 -0.046384 1.952548 -2.737041 0.109265 1.566321 -2.732122 0.100813 1.620377 -2.761171 0.089364 1.681156 -2.778671 0.074688 1.746198 -2.784529 0.057031 1.812955 -2.778671 0.038391 1.878571 -2.761171 0.021235 1.940125 -2.732122 0.173392 1.566808 -2.718140 0.168349 1.617351 -2.744896 0.159839 1.675077 -2.761171 0.146418 1.737590 -2.766694 0.127702 1.802240 -2.761171 0.106331 1.865797 -2.744896 0.085931 1.924969 -2.718140 0.227757 1.571232 -2.695999 0.227763 1.617329 -2.718140 0.222812 1.671792 -2.732122 0.210821 1.731824 -2.737041 0.191310 1.794277 -2.732122 0.167240 1.855205 -2.718140 0.143030 1.910515 -2.695999 0.301477 1.571232 -2.622278 0.313912 1.617329 -2.631991 0.315065 1.671792 -2.639869 0.304862 1.731824 -2.642999 0.283563 1.794277 -2.639869 0.253389 1.855205 -2.631991 0.216751 1.910515 -2.622278 0.322378 1.566808 -2.569154 0.338656 1.617351 -2.574589 0.341507 1.675077 -2.579503 0.331516 1.737590 -2.581595 0.309370 1.802240 -2.579503 0.276638 1.865797 -2.574589 0.234917 1.924969 -2.569154 0.332830 1.566321 -2.508557 0.351025 1.620377 -2.510959 0.354738 1.681156 -2.513297 0.344875 1.746198 -2.514342 0.322405 1.812955 -2.513297 0.288603 1.878571 -2.510959 0.244801 1.940125 -2.508557 0.331614 1.571901 -2.444164 0.350561 1.627860 -2.444164 0.354761 1.690400 -2.444164 0.345305 1.756831 -2.444164 0.323307 1.824464 -2.444164 0.289963 1.890603 -2.444164 0.246493 1.952548 -2.444164 0.318045 1.584334 -2.379771 0.337042 1.640356 -2.377369 0.341707 1.702766 -2.375031 0.333192 1.768666 -2.373986 0.312623 1.835215 -2.375031 0.281131 1.899852 -2.377369 0.239832 1.960102 -2.379771 0.293964 1.601406 -2.319174 0.311588 1.655783 -2.313739 0.316275 1.716687 -2.308825 0.309009 1.780874 -2.306733 0.290649 1.845153 -2.308825 0.262402 1.906796 -2.313739 0.225386 1.963344 -2.319174 0.261617 1.619547 -2.266050 0.275492 1.671170 -2.256337 0.279283 1.730183 -2.248459 0.273246 1.792625 -2.245328 0.257597 1.854631 -2.248459 0.233852 1.912822 -2.256337 0.203587 1.964170 -2.266050 0.172457 1.632885 -2.192329 0.173978 1.687292 -2.170188 0.173857 1.748103 -2.156206 0.169335 1.811605 -2.151287 0.159153 1.873948 -2.156206 0.144984 1.931474 -2.170188 0.129832 1.980589 -2.192329 0.113835 1.628374 -2.170188 0.111074 1.687689 -2.143432 0.108789 1.752002 -2.127157 0.104484 1.818232 -2.121635 0.096668 1.883169 -2.127157 0.086555 1.943635 -2.143432 0.076270 1.996514 -2.170188 0.048101 1.624873 -2.156206 0.042901 1.687321 -2.127157 0.038932 1.754416 -2.109657 0.034649 1.823198 -2.103799 0.028949 1.890685 -2.109657 0.022329 1.953886 -2.127157 0.015718 2.009807 -2.156206 -0.020939 1.625224 -2.151287 -0.027583 1.688602 -2.121635 -0.032950 1.756770 -2.103799 -0.037365 1.826729 -2.097841 -0.041155 1.895485 -2.103799 -0.044650 1.960051 -2.121635 -0.048182 2.017446 -2.151287 -0.089231 1.630888 -2.156206 -0.097238 1.693003 -2.127157 -0.104063 1.760061 -2.109657 -0.108754 1.829058 -2.103799 -0.110798 1.896980 -2.109657 -0.111299 1.960869 -2.127157 -0.111797 2.017785 -2.156206 -0.152849 1.640452 -2.170188 -0.162916 1.699337 -2.143432 -0.171577 1.763720 -2.127157 -0.176717 1.830422 -2.121635 -0.177187 1.896188 -2.127157 -0.174604 1.957849 -2.143432 -0.171531 2.012369 -2.170188 -0.207994 1.651127 -2.192329 -0.221563 1.705493 -2.170188 -0.232666 1.766747 -2.156206 -0.238456 1.831065 -2.151287 -0.237554 1.894554 -2.156206 -0.231674 1.953451 -2.170188 -0.223923 2.004171 -2.192329 -0.164206 1.551828 -2.622278 -0.099339 1.523494 -2.631991 -0.027211 1.502402 -2.639869 0.047089 1.490007 -2.643000 0.118554 1.487580 -2.639869 0.183030 1.494676 -2.631991 0.236724 1.510555 -2.622278 -0.177954 1.534339 -2.569154 -0.108321 1.501836 -2.574589 -0.032750 1.479067 -2.579503 0.044469 1.466671 -2.581595 0.119068 1.465262 -2.579503 0.187349 1.474680 -2.574589 0.245867 1.494676 -2.569154 -0.191729 1.525020 -2.508557 -0.119405 1.490718 -2.510959 -0.041368 1.467305 -2.513297 0.038390 1.455112 -2.514342 0.115932 1.454426 -2.513297 0.187612 1.465262 -2.510959 0.249867 1.487580 -2.508557 -0.201553 1.524349 -2.444164 -0.129151 1.490055 -2.444164 -0.050778 1.466951 -2.444164 0.029736 1.455242 -2.444164 0.108567 1.455112 -2.444164 0.181900 1.466671 -2.444164 0.245924 1.490007 -2.444164 -0.205063 1.532830 -2.379771 -0.135214 1.499872 -2.377369 -0.059195 1.477862 -2.375031 0.019399 1.466951 -2.373986 0.096898 1.467305 -2.375031 0.169384 1.479067 -2.377369 0.232887 1.502402 -2.379771 -0.203329 1.549669 -2.319174 -0.138375 1.519827 -2.313739 -0.066670 1.499871 -2.308825 0.008280 1.490055 -2.306733 0.082730 1.490718 -2.308825 0.152529 1.501836 -2.313739 0.213478 1.523494 -2.319174 -0.198992 1.574031 -2.266050 -0.140492 1.549669 -2.256337 -0.073750 1.532830 -2.248459 -0.002718 1.524349 -2.245329 0.068369 1.525020 -2.248459 0.134863 1.534339 -2.256337 0.192023 1.551828 -2.266050 0.123465 1.991573 -2.622278 0.064904 2.019004 -2.631991 0.000968 2.039979 -2.639869 -0.064604 2.053422 -2.642999 -0.128000 2.058160 -2.639869 -0.185937 2.054127 -2.631991 -0.235364 2.041266 -2.622278 0.127740 2.019004 -2.569154 0.064877 2.051649 -2.574589 -0.001438 2.075175 -2.579503 -0.068430 2.089151 -2.581595 -0.133240 2.092983 -2.579503 -0.193295 2.086305 -2.574589 -0.246184 2.068646 -2.569154 0.132280 2.039979 -2.508557 0.067106 2.075175 -2.510959 -0.000935 2.100066 -2.513297 -0.069408 2.114283 -2.514342 -0.135885 2.117415 -2.513297 -0.198061 2.109001 -2.510959 -0.253669 2.088548 -2.508557 0.134231 2.053422 -2.444164 0.069002 2.089151 -2.444164 0.000770 2.114283 -2.444164 -0.068120 2.128317 -2.444164 -0.135326 2.130772 -2.444164 -0.198518 2.121241 -2.444164 -0.255369 2.099340 -2.444164 0.132098 2.058160 -2.379771 0.068895 2.092983 -2.377369 0.002381 2.117415 -2.375031 -0.065148 2.130772 -2.373986 -0.131362 2.132442 -2.375031 -0.193853 2.122158 -2.377369 -0.250206 2.099718 -2.379771 0.126880 2.054127 -2.319174 0.067555 2.086305 -2.313739 0.004074 2.109001 -2.308825 -0.061087 2.121241 -2.306733 -0.125309 2.122158 -2.308825 -0.185851 2.111796 -2.313739 -0.240031 2.090281 -2.319174 0.120865 2.041266 -2.266050 0.066632 2.068646 -2.256337 0.006429 2.088548 -2.248459 -0.056534 2.099340 -2.245329 -0.118893 2.099718 -2.248459 -0.177195 2.090281 -2.256337 -0.228049 2.071890 -2.266050 "
							            />
							<TextureCoordinate point="0.4062 0.0312 0.4375 0.0312 0.4375 0.0625 0.4062 0.0625 0.4375 0.0312 0.4688 0.0312 0.4688 0.0625 0.4375 0.0625 0.4688 0.0312 0.5000 0.0312 0.5000 0.0625 0.4688 0.0625 0.5000 0.0312 0.5312 0.0312 0.5312 0.0625 0.5000 0.0625 0.5312 0.0312 0.5625 0.0312 0.5625 0.0625 0.5312 0.0625 0.5625 0.0312 0.5938 0.0312 0.5938 0.0625 0.5625 0.0625 0.4062 0.0625 0.4375 0.0625 0.4375 0.0938 0.4062 0.0938 0.4375 0.0625 0.4688 0.0625 0.4688 0.0938 0.4375 0.0938 0.4688 0.0625 0.5000 0.0625 0.5000 0.0938 0.4688 0.0938 0.5000 0.0625 0.5312 0.0625 0.5312 0.0938 0.5000 0.0938 0.5312 0.0625 0.5625 0.0625 0.5625 0.0938 0.5312 0.0938 0.5625 0.0625 0.5938 0.0625 0.5938 0.0938 0.5625 0.0938 0.4062 0.0938 0.4375 0.0938 0.4375 0.1250 0.4062 0.1250 0.4375 0.0938 0.4688 0.0938 0.4688 0.1250 0.4375 0.1250 0.4688 0.0938 0.5000 0.0938 0.5000 0.1250 0.4688 0.1250 0.5000 0.0938 0.5312 0.0938 0.5312 0.1250 0.5000 0.1250 0.5312 0.0938 0.5625 0.0938 0.5625 0.1250 0.5312 0.1250 0.5625 0.0938 0.5938 0.0938 0.5938 0.1250 0.5625 0.1250 0.4062 0.1250 0.4375 0.1250 0.4375 0.1562 0.4062 0.1562 0.4375 0.1250 0.4688 0.1250 0.4688 0.1562 0.4375 0.1562 0.4688 0.1250 0.5000 0.1250 0.5000 0.1562 0.4688 0.1562 0.5000 0.1250 0.5312 0.1250 0.5312 0.1562 0.5000 0.1562 0.5312 0.1250 0.5625 0.1250 0.5625 0.1562 0.5312 0.1562 0.5625 0.1250 0.5938 0.1250 0.5938 0.1562 0.5625 0.1562 0.4062 0.1562 0.4375 0.1562 0.4375 0.1875 0.4062 0.1875 0.4375 0.1562 0.4688 0.1562 0.4688 0.1875 0.4375 0.1875 0.4688 0.1562 0.5000 0.1562 0.5000 0.1875 0.4688 0.1875 0.5000 0.1562 0.5312 0.1562 0.5312 0.1875 0.5000 0.1875 0.5312 0.1562 0.5625 0.1562 0.5625 0.1875 0.5312 0.1875 0.5625 0.1562 0.5938 0.1562 0.5938 0.1875 0.5625 0.1875 0.4062 0.1875 0.4375 0.1875 0.4375 0.2188 0.4062 0.2188 0.4375 0.1875 0.4688 0.1875 0.4688 0.2188 0.4375 0.2188 0.4688 0.1875 0.5000 0.1875 0.5000 0.2188 0.4688 0.2188 0.5000 0.1875 0.5312 0.1875 0.5312 0.2188 0.5000 0.2188 0.5312 0.1875 0.5625 0.1875 0.5625 0.2188 0.5312 0.2188 0.5625 0.1875 0.5938 0.1875 0.5938 0.2188 0.5625 0.2188 0.3750 0.0000 0.4062 0.0000 0.4062 0.0312 0.3750 0.0312 0.4062 0.0000 0.4375 0.0000 0.4375 0.0312 0.4062 0.0312 0.4375 0.0000 0.4688 0.0000 0.4688 0.0312 0.4375 0.0312 0.4688 0.0000 0.5000 0.0000 0.5000 0.0312 0.4688 0.0312 0.5000 0.0000 0.5312 0.0000 0.5312 0.0312 0.5000 0.0312 0.5312 0.0000 0.5625 0.0000 0.5625 0.0312 0.5312 0.0312 0.5625 0.0000 0.5938 0.0000 0.5938 0.0312 0.5625 0.0312 0.5938 0.0000 0.6250 0.0000 0.6250 0.0312 0.5938 0.0312 0.5938 0.0312 0.6250 0.0312 0.6250 0.0625 0.5938 0.0625 0.5938 0.0625 0.6250 0.0625 0.6250 0.0938 0.5938 0.0938 0.5938 0.0938 0.6250 0.0938 0.6250 0.1250 0.5938 0.1250 0.5938 0.1250 0.6250 0.1250 0.6250 0.1562 0.5938 0.1562 0.5938 0.1562 0.6250 0.1562 0.6250 0.1875 0.5938 0.1875 0.5938 0.1875 0.6250 0.1875 0.6250 0.2188 0.5938 0.2188 0.5938 0.2188 0.6250 0.2188 0.6250 0.2500 0.5938 0.2500 0.5625 0.2188 0.5938 0.2188 0.5938 0.2500 0.5625 0.2500 0.5312 0.2188 0.5625 0.2188 0.5625 0.2500 0.5312 0.2500 0.5000 0.2188 0.5312 0.2188 0.5312 0.2500 0.5000 0.2500 0.4688 0.2188 0.5000 0.2188 0.5000 0.2500 0.4688 0.2500 0.4375 0.2188 0.4688 0.2188 0.4688 0.2500 0.4375 0.2500 0.4062 0.2188 0.4375 0.2188 0.4375 0.2500 0.4062 0.2500 0.3750 0.2188 0.4062 0.2188 0.4062 0.2500 0.3750 0.2500 0.3750 0.1875 0.4062 0.1875 0.4062 0.2188 0.3750 0.2188 0.3750 0.1562 0.4062 0.1562 0.4062 0.1875 0.3750 0.1875 0.3750 0.1250 0.4062 0.1250 0.4062 0.1562 0.3750 0.1562 0.3750 0.0938 0.4062 0.0938 0.4062 0.1250 0.3750 0.1250 0.3750 0.0625 0.4062 0.0625 0.4062 0.0938 0.3750 0.0938 0.3750 0.0312 0.4062 0.0312 0.4062 0.0625 0.3750 0.0625 0.4062 0.2812 0.4375 0.2812 0.4375 0.3125 0.4062 0.3125 0.4375 0.2812 0.4688 0.2812 0.4688 0.3125 0.4375 0.3125 0.4688 0.2812 0.5000 0.2812 0.5000 0.3125 0.4688 0.3125 0.5000 0.2812 0.5312 0.2812 0.5312 0.3125 0.5000 0.3125 0.5312 0.2812 0.5625 0.2812 0.5625 0.3125 0.5312 0.3125 0.5625 0.2812 0.5938 0.2812 0.5938 0.3125 0.5625 0.3125 0.4062 0.3125 0.4375 0.3125 0.4375 0.3438 0.4062 0.3438 0.4375 0.3125 0.4688 0.3125 0.4688 0.3438 0.4375 0.3438 0.4688 0.3125 0.5000 0.3125 0.5000 0.3438 0.4688 0.3438 0.5000 0.3125 0.5312 0.3125 0.5312 0.3438 0.5000 0.3438 0.5312 0.3125 0.5625 0.3125 0.5625 0.3438 0.5312 0.3438 0.5625 0.3125 0.5938 0.3125 0.5938 0.3438 0.5625 0.3438 0.4062 0.3438 0.4375 0.3438 0.4375 0.3750 0.4062 0.3750 0.4375 0.3438 0.4688 0.3438 0.4688 0.3750 0.4375 0.3750 0.4688 0.3438 0.5000 0.3438 0.5000 0.3750 0.4688 0.3750 0.5000 0.3438 0.5312 0.3438 0.5312 0.3750 0.5000 0.3750 0.5312 0.3438 0.5625 0.3438 0.5625 0.3750 0.5312 0.3750 0.5625 0.3438 0.5938 0.3438 0.5938 0.3750 0.5625 0.3750 0.4062 0.3750 0.4375 0.3750 0.4375 0.4062 0.4062 0.4062 0.4375 0.3750 0.4688 0.3750 0.4688 0.4062 0.4375 0.4062 0.4688 0.3750 0.5000 0.3750 0.5000 0.4062 0.4688 0.4062 0.5000 0.3750 0.5312 0.3750 0.5312 0.4062 0.5000 0.4062 0.5312 0.3750 0.5625 0.3750 0.5625 0.4062 0.5312 0.4062 0.5625 0.3750 0.5938 0.3750 0.5938 0.4062 0.5625 0.4062 0.4062 0.4062 0.4375 0.4062 0.4375 0.4375 0.4062 0.4375 0.4375 0.4062 0.4688 0.4062 0.4688 0.4375 0.4375 0.4375 0.4688 0.4062 0.5000 0.4062 0.5000 0.4375 0.4688 0.4375 0.5000 0.4062 0.5312 0.4062 0.5312 0.4375 0.5000 0.4375 0.5312 0.4062 0.5625 0.4062 0.5625 0.4375 0.5312 0.4375 0.5625 0.4062 0.5938 0.4062 0.5938 0.4375 0.5625 0.4375 0.4062 0.4375 0.4375 0.4375 0.4375 0.4688 0.4062 0.4688 0.4375 0.4375 0.4688 0.4375 0.4688 0.4688 0.4375 0.4688 0.4688 0.4375 0.5000 0.4375 0.5000 0.4688 0.4688 0.4688 0.5000 0.4375 0.5312 0.4375 0.5312 0.4688 0.5000 0.4688 0.5312 0.4375 0.5625 0.4375 0.5625 0.4688 0.5312 0.4688 0.5625 0.4375 0.5938 0.4375 0.5938 0.4688 0.5625 0.4688 0.3750 0.2500 0.4062 0.2500 0.4062 0.2812 0.3750 0.2812 0.4062 0.2500 0.4375 0.2500 0.4375 0.2812 0.4062 0.2812 0.4375 0.2500 0.4688 0.2500 0.4688 0.2812 0.4375 0.2812 0.4688 0.2500 0.5000 0.2500 0.5000 0.2812 0.4688 0.2812 0.5000 0.2500 0.5312 0.2500 0.5312 0.2812 0.5000 0.2812 0.5312 0.2500 0.5625 0.2500 0.5625 0.2812 0.5312 0.2812 0.5625 0.2500 0.5938 0.2500 0.5938 0.2812 0.5625 0.2812 0.5938 0.2500 0.6250 0.2500 0.6250 0.2812 0.5938 0.2812 0.5938 0.2812 0.6250 0.2812 0.6250 0.3125 0.5938 0.3125 0.5938 0.3125 0.6250 0.3125 0.6250 0.3438 0.5938 0.3438 0.5938 0.3438 0.6250 0.3438 0.6250 0.3750 0.5938 0.3750 0.5938 0.3750 0.6250 0.3750 0.6250 0.4062 0.5938 0.4062 0.5938 0.4062 0.6250 0.4062 0.6250 0.4375 0.5938 0.4375 0.5938 0.4375 0.6250 0.4375 0.6250 0.4688 0.5938 0.4688 0.5938 0.4688 0.6250 0.4688 0.6250 0.5000 0.5938 0.5000 0.5625 0.4688 0.5938 0.4688 0.5938 0.5000 0.5625 0.5000 0.5312 0.4688 0.5625 0.4688 0.5625 0.5000 0.5312 0.5000 0.5000 0.4688 0.5312 0.4688 0.5312 0.5000 0.5000 0.5000 0.4688 0.4688 0.5000 0.4688 0.5000 0.5000 0.4688 0.5000 0.4375 0.4688 0.4688 0.4688 0.4688 0.5000 0.4375 0.5000 0.4062 0.4688 0.4375 0.4688 0.4375 0.5000 0.4062 0.5000 0.3750 0.4688 0.4062 0.4688 0.4062 0.5000 0.3750 0.5000 0.3750 0.4375 0.4062 0.4375 0.4062 0.4688 0.3750 0.4688 0.3750 0.4062 0.4062 0.4062 0.4062 0.4375 0.3750 0.4375 0.3750 0.3750 0.4062 0.3750 0.4062 0.4062 0.3750 0.4062 0.3750 0.3438 0.4062 0.3438 0.4062 0.3750 0.3750 0.3750 0.3750 0.3125 0.4062 0.3125 0.4062 0.3438 0.3750 0.3438 0.3750 0.2812 0.4062 0.2812 0.4062 0.3125 0.3750 0.3125 0.4062 0.5312 0.4375 0.5312 0.4375 0.5625 0.4062 0.5625 0.4375 0.5312 0.4688 0.5312 0.4688 0.5625 0.4375 0.5625 0.4688 0.5312 0.5000 0.5312 0.5000 0.5625 0.4688 0.5625 0.5000 0.5312 0.5312 0.5312 0.5312 0.5625 0.5000 0.5625 0.5312 0.5312 0.5625 0.5312 0.5625 0.5625 0.5312 0.5625 0.5625 0.5312 0.5938 0.5312 0.5938 0.5625 0.5625 0.5625 0.4062 0.5625 0.4375 0.5625 0.4375 0.5938 0.4062 0.5938 0.4375 0.5625 0.4688 0.5625 0.4688 0.5938 0.4375 0.5938 0.4688 0.5625 0.5000 0.5625 0.5000 0.5938 0.4688 0.5938 0.5000 0.5625 0.5312 0.5625 0.5312 0.5938 0.5000 0.5938 0.5312 0.5625 0.5625 0.5625 0.5625 0.5938 0.5312 0.5938 0.5625 0.5625 0.5938 0.5625 0.5938 0.5938 0.5625 0.5938 0.4062 0.5938 0.4375 0.5938 0.4375 0.6250 0.4062 0.6250 0.4375 0.5938 0.4688 0.5938 0.4688 0.6250 0.4375 0.6250 0.4688 0.5938 0.5000 0.5938 0.5000 0.6250 0.4688 0.6250 0.5000 0.5938 0.5312 0.5938 0.5312 0.6250 0.5000 0.6250 0.5312 0.5938 0.5625 0.5938 0.5625 0.6250 0.5312 0.6250 0.5625 0.5938 0.5938 0.5938 0.5938 0.6250 0.5625 0.6250 0.4062 0.6250 0.4375 0.6250 0.4375 0.6562 0.4062 0.6562 0.4375 0.6250 0.4688 0.6250 0.4688 0.6562 0.4375 0.6562 0.4688 0.6250 0.5000 0.6250 0.5000 0.6562 0.4688 0.6562 0.5000 0.6250 0.5312 0.6250 0.5312 0.6562 0.5000 0.6562 0.5312 0.6250 0.5625 0.6250 0.5625 0.6562 0.5312 0.6562 0.5625 0.6250 0.5938 0.6250 0.5938 0.6562 0.5625 0.6562 0.4062 0.6562 0.4375 0.6562 0.4375 0.6875 0.4062 0.6875 0.4375 0.6562 0.4688 0.6562 0.4688 0.6875 0.4375 0.6875 0.4688 0.6562 0.5000 0.6562 0.5000 0.6875 0.4688 0.6875 0.5000 0.6562 0.5312 0.6562 0.5312 0.6875 0.5000 0.6875 0.5312 0.6562 0.5625 0.6562 0.5625 0.6875 0.5312 0.6875 0.5625 0.6562 0.5938 0.6562 0.5938 0.6875 0.5625 0.6875 0.4062 0.6875 0.4375 0.6875 0.4375 0.7188 0.4062 0.7188 0.4375 0.6875 0.4688 0.6875 0.4688 0.7188 0.4375 0.7188 0.4688 0.6875 0.5000 0.6875 0.5000 0.7188 0.4688 0.7188 0.5000 0.6875 0.5312 0.6875 0.5312 0.7188 0.5000 0.7188 0.5312 0.6875 0.5625 0.6875 0.5625 0.7188 0.5312 0.7188 0.5625 0.6875 0.5938 0.6875 0.5938 0.7188 0.5625 0.7188 0.3750 0.5000 0.4062 0.5000 0.4062 0.5312 0.3750 0.5312 0.4062 0.5000 0.4375 0.5000 0.4375 0.5312 0.4062 0.5312 0.4375 0.5000 0.4688 0.5000 0.4688 0.5312 0.4375 0.5312 0.4688 0.5000 0.5000 0.5000 0.5000 0.5312 0.4688 0.5312 0.5000 0.5000 0.5312 0.5000 0.5312 0.5312 0.5000 0.5312 0.5312 0.5000 0.5625 0.5000 0.5625 0.5312 0.5312 0.5312 0.5625 0.5000 0.5938 0.5000 0.5938 0.5312 0.5625 0.5312 0.5938 0.5000 0.6250 0.5000 0.6250 0.5312 0.5938 0.5312 0.5938 0.5312 0.6250 0.5312 0.6250 0.5625 0.5938 0.5625 0.5938 0.5625 0.6250 0.5625 0.6250 0.5938 0.5938 0.5938 0.5938 0.5938 0.6250 0.5938 0.6250 0.6250 0.5938 0.6250 0.5938 0.6250 0.6250 0.6250 0.6250 0.6562 0.5938 0.6562 0.5938 0.6562 0.6250 0.6562 0.6250 0.6875 0.5938 0.6875 0.5938 0.6875 0.6250 0.6875 0.6250 0.7188 0.5938 0.7188 0.5938 0.7188 0.6250 0.7188 0.6250 0.7500 0.5938 0.7500 0.5625 0.7188 0.5938 0.7188 0.5938 0.7500 0.5625 0.7500 0.5312 0.7188 0.5625 0.7188 0.5625 0.7500 0.5312 0.7500 0.5000 0.7188 0.5312 0.7188 0.5312 0.7500 0.5000 0.7500 0.4688 0.7188 0.5000 0.7188 0.5000 0.7500 0.4688 0.7500 0.4375 0.7188 0.4688 0.7188 0.4688 0.7500 0.4375 0.7500 0.4062 0.7188 0.4375 0.7188 0.4375 0.7500 0.4062 0.7500 0.3750 0.7188 0.4062 0.7188 0.4062 0.7500 0.3750 0.7500 0.3750 0.6875 0.4062 0.6875 0.4062 0.7188 0.3750 0.7188 0.3750 0.6562 0.4062 0.6562 0.4062 0.6875 0.3750 0.6875 0.3750 0.6250 0.4062 0.6250 0.4062 0.6562 0.3750 0.6562 0.3750 0.5938 0.4062 0.5938 0.4062 0.6250 0.3750 0.6250 0.3750 0.5625 0.4062 0.5625 0.4062 0.5938 0.3750 0.5938 0.3750 0.5312 0.4062 0.5312 0.4062 0.5625 0.3750 0.5625 0.4062 0.7812 0.4375 0.7812 0.4375 0.8125 0.4062 0.8125 0.4375 0.7812 0.4688 0.7812 0.4688 0.8125 0.4375 0.8125 0.4688 0.7812 0.5000 0.7812 0.5000 0.8125 0.4688 0.8125 0.5000 0.7812 0.5312 0.7812 0.5312 0.8125 0.5000 0.8125 0.5312 0.7812 0.5625 0.7812 0.5625 0.8125 0.5312 0.8125 0.5625 0.7812 0.5938 0.7812 0.5938 0.8125 0.5625 0.8125 0.4062 0.8125 0.4375 0.8125 0.4375 0.8438 0.4062 0.8438 0.4375 0.8125 0.4688 0.8125 0.4688 0.8438 0.4375 0.8438 0.4688 0.8125 0.5000 0.8125 0.5000 0.8438 0.4688 0.8438 0.5000 0.8125 0.5312 0.8125 0.5312 0.8438 0.5000 0.8438 0.5312 0.8125 0.5625 0.8125 0.5625 0.8438 0.5312 0.8438 0.5625 0.8125 0.5938 0.8125 0.5938 0.8438 0.5625 0.8438 0.4062 0.8438 0.4375 0.8438 0.4375 0.8750 0.4062 0.8750 0.4375 0.8438 0.4688 0.8438 0.4688 0.8750 0.4375 0.8750 0.4688 0.8438 0.5000 0.8438 0.5000 0.8750 0.4688 0.8750 0.5000 0.8438 0.5312 0.8438 0.5312 0.8750 0.5000 0.8750 0.5312 0.8438 0.5625 0.8438 0.5625 0.8750 0.5312 0.8750 0.5625 0.8438 0.5938 0.8438 0.5938 0.8750 0.5625 0.8750 0.4062 0.8750 0.4375 0.8750 0.4375 0.9062 0.4062 0.9062 0.4375 0.8750 0.4688 0.8750 0.4688 0.9062 0.4375 0.9062 0.4688 0.8750 0.5000 0.8750 0.5000 0.9062 0.4688 0.9062 0.5000 0.8750 0.5312 0.8750 0.5312 0.9062 0.5000 0.9062 0.5312 0.8750 0.5625 0.8750 0.5625 0.9062 0.5312 0.9062 0.5625 0.8750 0.5938 0.8750 0.5938 0.9062 0.5625 0.9062 0.4062 0.9062 0.4375 0.9062 0.4375 0.9375 0.4062 0.9375 0.4375 0.9062 0.4688 0.9062 0.4688 0.9375 0.4375 0.9375 0.4688 0.9062 0.5000 0.9062 0.5000 0.9375 0.4688 0.9375 0.5000 0.9062 0.5312 0.9062 0.5312 0.9375 0.5000 0.9375 0.5312 0.9062 0.5625 0.9062 0.5625 0.9375 0.5312 0.9375 0.5625 0.9062 0.5938 0.9062 0.5938 0.9375 0.5625 0.9375 0.4062 0.9375 0.4375 0.9375 0.4375 0.9688 0.4062 0.9688 0.4375 0.9375 0.4688 0.9375 0.4688 0.9688 0.4375 0.9688 0.4688 0.9375 0.5000 0.9375 0.5000 0.9688 0.4688 0.9688 0.5000 0.9375 0.5312 0.9375 0.5312 0.9688 0.5000 0.9688 0.5312 0.9375 0.5625 0.9375 0.5625 0.9688 0.5312 0.9688 0.5625 0.9375 0.5938 0.9375 0.5938 0.9688 0.5625 0.9688 0.3750 0.7500 0.4062 0.7500 0.4062 0.7812 0.3750 0.7812 0.4062 0.7500 0.4375 0.7500 0.4375 0.7812 0.4062 0.7812 0.4375 0.7500 0.4688 0.7500 0.4688 0.7812 0.4375 0.7812 0.4688 0.7500 0.5000 0.7500 0.5000 0.7812 0.4688 0.7812 0.5000 0.7500 0.5312 0.7500 0.5312 0.7812 0.5000 0.7812 0.5312 0.7500 0.5625 0.7500 0.5625 0.7812 0.5312 0.7812 0.5625 0.7500 0.5938 0.7500 0.5938 0.7812 0.5625 0.7812 0.5938 0.7500 0.6250 0.7500 0.6250 0.7812 0.5938 0.7812 0.5938 0.7812 0.6250 0.7812 0.6250 0.8125 0.5938 0.8125 0.5938 0.8125 0.6250 0.8125 0.6250 0.8438 0.5938 0.8438 0.5938 0.8438 0.6250 0.8438 0.6250 0.8750 0.5938 0.8750 0.5938 0.8750 0.6250 0.8750 0.6250 0.9062 0.5938 0.9062 0.5938 0.9062 0.6250 0.9062 0.6250 0.9375 0.5938 0.9375 0.5938 0.9375 0.6250 0.9375 0.6250 0.9688 0.5938 0.9688 0.5938 0.9688 0.6250 0.9688 0.6250 1.0000 0.5938 1.0000 0.5625 0.9688 0.5938 0.9688 0.5938 1.0000 0.5625 1.0000 0.5312 0.9688 0.5625 0.9688 0.5625 1.0000 0.5312 1.0000 0.5000 0.9688 0.5312 0.9688 0.5312 1.0000 0.5000 1.0000 0.4688 0.9688 0.5000 0.9688 0.5000 1.0000 0.4688 1.0000 0.4375 0.9688 0.4688 0.9688 0.4688 1.0000 0.4375 1.0000 0.4062 0.9688 0.4375 0.9688 0.4375 1.0000 0.4062 1.0000 0.3750 0.9688 0.4062 0.9688 0.4062 1.0000 0.3750 1.0000 0.3750 0.9375 0.4062 0.9375 0.4062 0.9688 0.3750 0.9688 0.3750 0.9062 0.4062 0.9062 0.4062 0.9375 0.3750 0.9375 0.3750 0.8750 0.4062 0.8750 0.4062 0.9062 0.3750 0.9062 0.3750 0.8438 0.4062 0.8438 0.4062 0.8750 0.3750 0.8750 0.3750 0.8125 0.4062 0.8125 0.4062 0.8438 0.3750 0.8438 0.3750 0.7812 0.4062 0.7812 0.4062 0.8125 0.3750 0.8125 0.1562 0.5312 0.1875 0.5312 0.1875 0.5625 0.1562 0.5625 0.1875 0.5312 0.2188 0.5312 0.2188 0.5625 0.1875 0.5625 0.2188 0.5312 0.2500 0.5312 0.2500 0.5625 0.2188 0.5625 0.2500 0.5312 0.2812 0.5312 0.2812 0.5625 0.2500 0.5625 0.2812 0.5312 0.3125 0.5312 0.3125 0.5625 0.2812 0.5625 0.3125 0.5312 0.3438 0.5312 0.3438 0.5625 0.3125 0.5625 0.1562 0.5625 0.1875 0.5625 0.1875 0.5938 0.1562 0.5938 0.1875 0.5625 0.2188 0.5625 0.2188 0.5938 0.1875 0.5938 0.2188 0.5625 0.2500 0.5625 0.2500 0.5938 0.2188 0.5938 0.2500 0.5625 0.2812 0.5625 0.2812 0.5938 0.2500 0.5938 0.2812 0.5625 0.3125 0.5625 0.3125 0.5938 0.2812 0.5938 0.3125 0.5625 0.3438 0.5625 0.3438 0.5938 0.3125 0.5938 0.1562 0.5938 0.1875 0.5938 0.1875 0.6250 0.1562 0.6250 0.1875 0.5938 0.2188 0.5938 0.2188 0.6250 0.1875 0.6250 0.2188 0.5938 0.2500 0.5938 0.2500 0.6250 0.2188 0.6250 0.2500 0.5938 0.2812 0.5938 0.2812 0.6250 0.2500 0.6250 0.2812 0.5938 0.3125 0.5938 0.3125 0.6250 0.2812 0.6250 0.3125 0.5938 0.3438 0.5938 0.3438 0.6250 0.3125 0.6250 0.1562 0.6250 0.1875 0.6250 0.1875 0.6562 0.1562 0.6562 0.1875 0.6250 0.2188 0.6250 0.2188 0.6562 0.1875 0.6562 0.2188 0.6250 0.2500 0.6250 0.2500 0.6562 0.2188 0.6562 0.2500 0.6250 0.2812 0.6250 0.2812 0.6562 0.2500 0.6562 0.2812 0.6250 0.3125 0.6250 0.3125 0.6562 0.2812 0.6562 0.3125 0.6250 0.3438 0.6250 0.3438 0.6562 0.3125 0.6562 0.1562 0.6562 0.1875 0.6562 0.1875 0.6875 0.1562 0.6875 0.1875 0.6562 0.2188 0.6562 0.2188 0.6875 0.1875 0.6875 0.2188 0.6562 0.2500 0.6562 0.2500 0.6875 0.2188 0.6875 0.2500 0.6562 0.2812 0.6562 0.2812 0.6875 0.2500 0.6875 0.2812 0.6562 0.3125 0.6562 0.3125 0.6875 0.2812 0.6875 0.3125 0.6562 0.3438 0.6562 0.3438 0.6875 0.3125 0.6875 0.1562 0.6875 0.1875 0.6875 0.1875 0.7188 0.1562 0.7188 0.1875 0.6875 0.2188 0.6875 0.2188 0.7188 0.1875 0.7188 0.2188 0.6875 0.2500 0.6875 0.2500 0.7188 0.2188 0.7188 0.2500 0.6875 0.2812 0.6875 0.2812 0.7188 0.2500 0.7188 0.2812 0.6875 0.3125 0.6875 0.3125 0.7188 0.2812 0.7188 0.3125 0.6875 0.3438 0.6875 0.3438 0.7188 0.3125 0.7188 0.1250 0.5000 0.1562 0.5000 0.1562 0.5312 0.1250 0.5312 0.1562 0.5000 0.1875 0.5000 0.1875 0.5312 0.1562 0.5312 0.1875 0.5000 0.2188 0.5000 0.2188 0.5312 0.1875 0.5312 0.2188 0.5000 0.2500 0.5000 0.2500 0.5312 0.2188 0.5312 0.2500 0.5000 0.2812 0.5000 0.2812 0.5312 0.2500 0.5312 0.2812 0.5000 0.3125 0.5000 0.3125 0.5312 0.2812 0.5312 0.3125 0.5000 0.3438 0.5000 0.3438 0.5312 0.3125 0.5312 0.3438 0.5000 0.3750 0.5000 0.3750 0.5312 0.3438 0.5312 0.3438 0.5312 0.3750 0.5312 0.3750 0.5625 0.3438 0.5625 0.3438 0.5625 0.3750 0.5625 0.3750 0.5938 0.3438 0.5938 0.3438 0.5938 0.3750 0.5938 0.3750 0.6250 0.3438 0.6250 0.3438 0.6250 0.3750 0.6250 0.3750 0.6562 0.3438 0.6562 0.3438 0.6562 0.3750 0.6562 0.3750 0.6875 0.3438 0.6875 0.3438 0.6875 0.3750 0.6875 0.3750 0.7188 0.3438 0.7188 0.3438 0.7188 0.3750 0.7188 0.3750 0.7500 0.3438 0.7500 0.3125 0.7188 0.3438 0.7188 0.3438 0.7500 0.3125 0.7500 0.2812 0.7188 0.3125 0.7188 0.3125 0.7500 0.2812 0.7500 0.2500 0.7188 0.2812 0.7188 0.2812 0.7500 0.2500 0.7500 0.2188 0.7188 0.2500 0.7188 0.2500 0.7500 0.2188 0.7500 0.1875 0.7188 0.2188 0.7188 0.2188 0.7500 0.1875 0.7500 0.1562 0.7188 0.1875 0.7188 0.1875 0.7500 0.1562 0.7500 0.1250 0.7188 0.1562 0.7188 0.1562 0.7500 0.1250 0.7500 0.1250 0.6875 0.1562 0.6875 0.1562 0.7188 0.1250 0.7188 0.1250 0.6562 0.1562 0.6562 0.1562 0.6875 0.1250 0.6875 0.1250 0.6250 0.1562 0.6250 0.1562 0.6562 0.1250 0.6562 0.1250 0.5938 0.1562 0.5938 0.1562 0.6250 0.1250 0.6250 0.1250 0.5625 0.1562 0.5625 0.1562 0.5938 0.1250 0.5938 0.1250 0.5312 0.1562 0.5312 0.1562 0.5625 0.1250 0.5625 0.6562 0.5312 0.6875 0.5312 0.6875 0.5625 0.6562 0.5625 0.6875 0.5312 0.7188 0.5312 0.7188 0.5625 0.6875 0.5625 0.7188 0.5312 0.7500 0.5312 0.7500 0.5625 0.7188 0.5625 0.7500 0.5312 0.7812 0.5312 0.7812 0.5625 0.7500 0.5625 0.7812 0.5312 0.8125 0.5312 0.8125 0.5625 0.7812 0.5625 0.8125 0.5312 0.8438 0.5312 0.8438 0.5625 0.8125 0.5625 0.6562 0.5625 0.6875 0.5625 0.6875 0.5938 0.6562 0.5938 0.6875 0.5625 0.7188 0.5625 0.7188 0.5938 0.6875 0.5938 0.7188 0.5625 0.7500 0.5625 0.7500 0.5938 0.7188 0.5938 0.7500 0.5625 0.7812 0.5625 0.7812 0.5938 0.7500 0.5938 0.7812 0.5625 0.8125 0.5625 0.8125 0.5938 0.7812 0.5938 0.8125 0.5625 0.8438 0.5625 0.8438 0.5938 0.8125 0.5938 0.6562 0.5938 0.6875 0.5938 0.6875 0.6250 0.6562 0.6250 0.6875 0.5938 0.7188 0.5938 0.7188 0.6250 0.6875 0.6250 0.7188 0.5938 0.7500 0.5938 0.7500 0.6250 0.7188 0.6250 0.7500 0.5938 0.7812 0.5938 0.7812 0.6250 0.7500 0.6250 0.7812 0.5938 0.8125 0.5938 0.8125 0.6250 0.7812 0.6250 0.8125 0.5938 0.8438 0.5938 0.8438 0.6250 0.8125 0.6250 0.6562 0.6250 0.6875 0.6250 0.6875 0.6562 0.6562 0.6562 0.6875 0.6250 0.7188 0.6250 0.7188 0.6562 0.6875 0.6562 0.7188 0.6250 0.7500 0.6250 0.7500 0.6562 0.7188 0.6562 0.7500 0.6250 0.7812 0.6250 0.7812 0.6562 0.7500 0.6562 0.7812 0.6250 0.8125 0.6250 0.8125 0.6562 0.7812 0.6562 0.8125 0.6250 0.8438 0.6250 0.8438 0.6562 0.8125 0.6562 0.6562 0.6562 0.6875 0.6562 0.6875 0.6875 0.6562 0.6875 0.6875 0.6562 0.7188 0.6562 0.7188 0.6875 0.6875 0.6875 0.7188 0.6562 0.7500 0.6562 0.7500 0.6875 0.7188 0.6875 0.7500 0.6562 0.7812 0.6562 0.7812 0.6875 0.7500 0.6875 0.7812 0.6562 0.8125 0.6562 0.8125 0.6875 0.7812 0.6875 0.8125 0.6562 0.8438 0.6562 0.8438 0.6875 0.8125 0.6875 0.6562 0.6875 0.6875 0.6875 0.6875 0.7188 0.6562 0.7188 0.6875 0.6875 0.7188 0.6875 0.7188 0.7188 0.6875 0.7188 0.7188 0.6875 0.7500 0.6875 0.7500 0.7188 0.7188 0.7188 0.7500 0.6875 0.7812 0.6875 0.7812 0.7188 0.7500 0.7188 0.7812 0.6875 0.8125 0.6875 0.8125 0.7188 0.7812 0.7188 0.8125 0.6875 0.8438 0.6875 0.8438 0.7188 0.8125 0.7188 0.6250 0.5000 0.6562 0.5000 0.6562 0.5312 0.6250 0.5312 0.6562 0.5000 0.6875 0.5000 0.6875 0.5312 0.6562 0.5312 0.6875 0.5000 0.7188 0.5000 0.7188 0.5312 0.6875 0.5312 0.7188 0.5000 0.7500 0.5000 0.7500 0.5312 0.7188 0.5312 0.7500 0.5000 0.7812 0.5000 0.7812 0.5312 0.7500 0.5312 0.7812 0.5000 0.8125 0.5000 0.8125 0.5312 0.7812 0.5312 0.8125 0.5000 0.8438 0.5000 0.8438 0.5312 0.8125 0.5312 0.8438 0.5000 0.8750 0.5000 0.8750 0.5312 0.8438 0.5312 0.8438 0.5312 0.8750 0.5312 0.8750 0.5625 0.8438 0.5625 0.8438 0.5625 0.8750 0.5625 0.8750 0.5938 0.8438 0.5938 0.8438 0.5938 0.8750 0.5938 0.8750 0.6250 0.8438 0.6250 0.8438 0.6250 0.8750 0.6250 0.8750 0.6562 0.8438 0.6562 0.8438 0.6562 0.8750 0.6562 0.8750 0.6875 0.8438 0.6875 0.8438 0.6875 0.8750 0.6875 0.8750 0.7188 0.8438 0.7188 0.8438 0.7188 0.8750 0.7188 0.8750 0.7500 0.8438 0.7500 0.8125 0.7188 0.8438 0.7188 0.8438 0.7500 0.8125 0.7500 0.7812 0.7188 0.8125 0.7188 0.8125 0.7500 0.7812 0.7500 0.7500 0.7188 0.7812 0.7188 0.7812 0.7500 0.7500 0.7500 0.7188 0.7188 0.7500 0.7188 0.7500 0.7500 0.7188 0.7500 0.6875 0.7188 0.7188 0.7188 0.7188 0.7500 0.6875 0.7500 0.6562 0.7188 0.6875 0.7188 0.6875 0.7500 0.6562 0.7500 0.6250 0.7188 0.6562 0.7188 0.6562 0.7500 0.6250 0.7500 0.6250 0.6875 0.6562 0.6875 0.6562 0.7188 0.6250 0.7188 0.6250 0.6562 0.6562 0.6562 0.6562 0.6875 0.6250 0.6875 0.6250 0.6250 0.6562 0.6250 0.6562 0.6562 0.6250 0.6562 0.6250 0.5938 0.6562 0.5938 0.6562 0.6250 0.6250 0.6250 0.6250 0.5625 0.6562 0.5625 0.6562 0.5938 0.6250 0.5938 0.6250 0.5312 0.6562 0.5312 0.6562 0.5625 0.6250 0.5625 " />
						</IndexedFaceSet>
					</Shape>
				</Group>
			</Transform>
		</Transform>
	</Scene>
</X3D>