<?xml version="1.0" encoding="UTF-8"?>
<!DOCTYPE X3D PUBLIC "ISO//Web3D//DTD X3D 3.0//EN" "http://www.web3d.org/specifications/x3d-3.0.dtd">
<X3D version="3.0" profile="Immersive" xmlns:xsd="http://www.w3.org/2001/XMLSchema-instance" xsd:noNamespaceSchemaLocation="http://www.web3d.org/specifications/x3d-3.0.xsd">
	<head>
		<meta name="filename" content="zamek.x3d" />
		<meta name="generator" content="Blender 4.2.3 LTS" />
	</head>
	<Scene>
		<NavigationInfo headlight="false"
		                visibilityLimit="0.0"
		                type='"EXAMINE", "ANY"'
		                avatarSize="0.25, 1.75, 0.75"
		                />
		<Background DEF="WO_World"
		            groundColor="0.051 0.051 0.051"
		            skyColor="0.051 0.051 0.051"
		            />
		<Transform DEF="Cube_TRANSFORM"
		           translation="0.000000 0.000000 0.000000"
		           scale="1.000000 1.000000 1.000000"
		           rotation="-1.000000 0.000000 0.000000 1.570796"
		           >
			<Transform DEF="Cube_ifs_TRANSFORM"
			           translation="0.000000 0.000000 0.000000"
			           scale="1.000000 1.000000 1.000000"
			           rotation="0.000000 1.000000 0.000000 0.000000"
			           >
				<Group DEF="group_ME_Cube">
					<Shape>
						<Appearance>
							<Material DEF="MA_MA_kolorOkna"
							          diffuseColor="0.796 0.969 0.969"
							          specularColor="0.401 0.401 0.401"
							          emissiveColor="0.000 0.000 0.000"
							          ambientIntensity="0.000"
							          shininess="0.500"
							          transparency="0.0"
							          />
						</Appearance>
						<IndexedFaceSet solid="false"
						                texCoordIndex="0 1 2 3 -1 4 5 6 7 -1 8 9 10 11 -1 12 13 14 15 -1 16 17 18 19 -1 20 21 22 23 -1 "
						                coordIndex="0 4 6 2 -1 3 2 6 7 -1 7 6 4 5 -1 5 1 3 7 -1 1 0 2 3 -1 5 4 0 1 -1 "
						                >
							<Coordinate DEF="coords_ME_Cube"
							            point="1.000000 1.000000 1.000000 1.000000 1.000000 -1.000000 1.000000 -1.000000 1.000000 1.000000 -1.000000 -1.000000 -1.000000 1.000000 1.000000 -1.000000 1.000000 -1.000000 -1.000000 -1.000000 1.000000 -1.000000 -1.000000 -1.000000 "
							            />
							<TextureCoordinate point="0.6250 0.5000 0.8750 0.5000 0.8750 0.7500 0.6250 0.7500 0.3750 0.7500 0.6250 0.7500 0.6250 1.0000 0.3750 1.0000 0.3750 0.0000 0.6250 0.0000 0.6250 0.2500 0.3750 0.2500 0.1250 0.5000 0.3750 0.5000 0.3750 0.7500 0.1250 0.7500 0.3750 0.5000 0.6250 0.5000 0.6250 0.7500 0.3750 0.7500 0.3750 0.2500 0.6250 0.2500 0.6250 0.5000 0.3750 0.5000 " />
						</IndexedFaceSet>
					</Shape>
				</Group>
			</Transform>
		</Transform>
		<Transform DEF="Light_TRANSFORM"
		           translation="4.076245 5.903862 -1.005454"
		           scale="1.000000 1.000000 1.000000"
		           rotation="-0.333464 0.853055 0.401371 2.040212"
		           >
			<PointLight DEF="LA_Light"
			            ambientIntensity="0.0000"
			            color="1.0000 1.0000 1.0000"
			            intensity="1.0000"
			            radius="40.0000" 
			            location="-0.0000 -0.0000 0.0000"
			            />
		</Transform>
		<Transform DEF="Camera_TRANSFORM"
		           translation="7.358891 4.958309 6.925791"
		           scale="1.000000 1.000000 1.000000"
		           rotation="-0.468195 0.860207 0.202082 0.930113"
		           >
			<Viewpoint DEF="CA_Camera"
			           centerOfRotation="0 0 0"
			           position="-0.00 -0.00 0.00"
			           orientation="-0.00 -0.47 -0.88 0.00"
			           fieldOfView="0.691"
			           />
		</Transform>
		<Transform DEF="Shape_IndexedFaceSet_TRANSFORM"
		           translation="0.000000 0.000000 0.000000"
		           scale="1.000000 1.000000 1.000000"
		           rotation="-1.000000 0.000000 0.000000 1.570796"
		           >
			<Transform DEF="Shape_IndexedFaceSet_ifs_TRANSFORM"
			           translation="0.000000 0.000000 0.000000"
			           scale="1.000000 1.000000 1.000000"
			           rotation="0.000000 1.000000 0.000000 0.000000"
			           >
				<Group DEF="group_ME_Shape_IndexedFaceSet">
					<Shape>
						<Appearance>
							<Material DEF="MA_MA_Material"
							          diffuseColor="0.91 0.55 0.47"
							          specularColor="0.401 0.401 0.401"
							          emissiveColor="0.000 0.000 0.000"
							          ambientIntensity="0.000"
							          shininess="0.500"
							          transparency="0.0"
							          />
						</Appearance>
						<IndexedFaceSet solid="false"
						                texCoordIndex="0 1 2 3 -1 4 5 6 7 -1 8 9 10 11 -1 12 13 14 15 -1 16 17 18 19 -1 20 21 22 23 -1 "
						                coordIndex="0 4 6 2 -1 3 2 6 7 -1 7 6 4 5 -1 5 1 3 7 -1 1 0 2 3 -1 5 4 0 1 -1 "
						                >
							<Coordinate DEF="coords_ME_Shape_IndexedFaceSet"
							            point="1.000000 1.000000 1.000000 1.000000 1.000000 -1.000000 1.000000 -1.000000 1.000000 1.000000 -1.000000 -1.000000 -1.000000 1.000000 1.000000 -1.000000 1.000000 -1.000000 -1.000000 -1.000000 1.000000 -1.000000 -1.000000 -1.000000 "
							            />
							<TextureCoordinate point="0.6250 0.5000 0.8750 0.5000 0.8750 0.7500 0.6250 0.7500 0.3750 0.7500 0.6250 0.7500 0.6250 1.0000 0.3750 1.0000 0.3750 0.0000 0.6250 0.0000 0.6250 0.2500 0.3750 0.2500 0.1250 0.5000 0.3750 0.5000 0.3750 0.7500 0.1250 0.7500 0.3750 0.5000 0.6250 0.5000 0.6250 0.7500 0.3750 0.7500 0.3750 0.2500 0.6250 0.2500 0.6250 0.5000 0.3750 0.5000 " />
						</IndexedFaceSet>
					</Shape>
				</Group>
			</Transform>
		</Transform>
		<Transform DEF="LA_Light_TRANSFORM"
		           translation="4.076245 5.903862 -1.005454"
		           scale="1.000000 1.000000 1.000000"
		           rotation="-0.333464 0.853055 0.401371 2.040212"
		           >
			<PointLight DEF="LA_LA_Light"
			            ambientIntensity="0.0000"
			            color="1.0000 1.0000 1.0000"
			            intensity="0.5714"
			            radius="40.0000" 
			            location="0.0000 0.0000 -0.0000"
			            />
		</Transform>
		<Transform DEF="CA_Camera_TRANSFORM"
		           translation="7.358891 4.958309 6.925791"
		           scale="1.000000 1.000000 1.000000"
		           rotation="-0.468195 0.860207 0.202082 0.930113"
		           >
			<Viewpoint DEF="CA_CA_Camera"
			           centerOfRotation="0 0 0"
			           position="0.00 0.00 -0.00"
			           orientation="0.00 0.45 -0.90 0.00"
			           fieldOfView="0.691"
			           />
		</Transform>
		<Transform DEF="Shape_IndexedFaceSet_001_TRANSFORM"
		           translation="0.000000 0.000000 0.000000"
		           scale="1.000000 1.000000 1.000000"
		           rotation="-0.000000 0.000000 0.000000 0.000000"
		           >
			<Transform DEF="Shape_IndexedFaceSet_001_ifs_TRANSFORM"
			           translation="0.000000 0.000000 0.000000"
			           scale="1.000000 1.000000 1.000000"
			           rotation="0.000000 1.000000 0.000000 0.000000"
			           >
				<Group DEF="group_ME_Shape_IndexedFaceSet_001">
					<Shape>
						<Appearance>
							<Material DEF="MA_MA_KolorWiez"
							          diffuseColor="0.443 0.812 0.443"
							          specularColor="0.401 0.401 0.401"
							          emissiveColor="0.000 0.000 0.000"
							          ambientIntensity="0.000"
							          shininess="0.500"
							          transparency="0.0"
							          />
						</Appearance>
						<IndexedFaceSet solid="false"
						                texCoordIndex="0 1 2 -1 3 4 5 -1 6 7 8 -1 9 10 11 -1 12 13 14 -1 15 16 17 -1 18 19 20 -1 21 22 23 -1 24 25 26 -1 27 28 29 -1 30 31 32 -1 33 34 35 -1 36 37 38 -1 39 40 41 -1 42 43 44 -1 45 46 47 -1 48 49 50 -1 51 52 53 -1 54 55 56 -1 57 58 59 -1 60 61 62 -1 63 64 65 -1 66 67 68 -1 69 70 71 -1 72 73 74 -1 75 76 77 -1 78 79 80 -1 81 82 83 -1 84 85 86 -1 87 88 89 -1 90 91 92 93 94 95 96 97 98 99 100 101 102 103 104 105 106 107 108 109 110 111 112 113 114 115 116 117 118 119 120 121 -1 122 123 124 -1 125 126 127 -1 "
						                coordIndex="0 32 1 -1 1 32 2 -1 2 32 3 -1 3 32 4 -1 4 32 5 -1 5 32 6 -1 6 32 7 -1 7 32 8 -1 8 32 9 -1 9 32 10 -1 10 32 11 -1 11 32 12 -1 12 32 13 -1 13 32 14 -1 14 32 15 -1 15 32 16 -1 16 32 17 -1 17 32 18 -1 18 32 19 -1 19 32 20 -1 20 32 21 -1 21 32 22 -1 22 32 23 -1 23 32 24 -1 24 32 25 -1 25 32 26 -1 26 32 27 -1 27 32 28 -1 28 32 29 -1 29 32 30 -1 0 1 2 3 4 5 6 7 8 9 10 11 12 13 14 15 16 17 18 19 20 21 22 23 24 25 26 27 28 29 30 31 -1 30 32 31 -1 31 32 0 -1 "
						                >
							<Coordinate DEF="coords_ME_Shape_IndexedFaceSet_001"
							            point="0.020840 20.538116 -2.868564 0.637074 20.538116 -2.807870 1.229627 20.538116 -2.628121 1.775727 20.538116 -2.336225 2.254388 20.538116 -1.943398 2.647215 20.538116 -1.464738 2.939111 20.538116 -0.918638 3.118860 20.538116 -0.326085 3.179554 20.538116 0.290150 3.118860 20.538116 0.906385 2.939111 20.538116 1.498938 2.647215 20.538116 2.045038 2.254388 20.538116 2.523698 1.775727 20.538116 2.916525 1.229627 20.538116 3.208421 0.637074 20.538116 3.388170 0.020840 20.538116 3.448864 -0.595395 20.538116 3.388170 -1.187948 20.538116 3.208421 -1.734048 20.538116 2.916525 -2.212708 20.538116 2.523698 -2.605535 20.538116 2.045038 -2.897432 20.538116 1.498938 -3.077181 20.538116 0.906385 -3.137875 20.538116 0.290150 -3.077181 20.538116 -0.326085 -2.897432 20.538116 -0.918638 -2.605535 20.538116 -1.464738 -2.212708 20.538116 -1.943398 -1.734048 20.538116 -2.336225 -1.187948 20.538116 -2.628121 -0.595395 20.538116 -2.807870 0.020840 26.855545 0.290150 "
							            />
							<TextureCoordinate point="0.2500 0.4900 0.2500 0.2500 0.2968 0.4854 0.2968 0.4854 0.2500 0.2500 0.3418 0.4717 0.3418 0.4717 0.2500 0.2500 0.3833 0.4496 0.3833 0.4496 0.2500 0.2500 0.4197 0.4197 0.4197 0.4197 0.2500 0.2500 0.4496 0.3833 0.4496 0.3833 0.2500 0.2500 0.4717 0.3418 0.4717 0.3418 0.2500 0.2500 0.4854 0.2968 0.4854 0.2968 0.2500 0.2500 0.4900 0.2500 0.4900 0.2500 0.2500 0.2500 0.4854 0.2032 0.4854 0.2032 0.2500 0.2500 0.4717 0.1582 0.4717 0.1582 0.2500 0.2500 0.4496 0.1167 0.4496 0.1167 0.2500 0.2500 0.4197 0.0803 0.4197 0.0803 0.2500 0.2500 0.3833 0.0504 0.3833 0.0504 0.2500 0.2500 0.3418 0.0283 0.3418 0.0283 0.2500 0.2500 0.2968 0.0146 0.2968 0.0146 0.2500 0.2500 0.2500 0.0100 0.2500 0.0100 0.2500 0.2500 0.2032 0.0146 0.2032 0.0146 0.2500 0.2500 0.1582 0.0283 0.1582 0.0283 0.2500 0.2500 0.1167 0.0504 0.1167 0.0504 0.2500 0.2500 0.0803 0.0803 0.0803 0.0803 0.2500 0.2500 0.0504 0.1167 0.0504 0.1167 0.2500 0.2500 0.0283 0.1582 0.0283 0.1582 0.2500 0.2500 0.0146 0.2032 0.0146 0.2032 0.2500 0.2500 0.0100 0.2500 0.0100 0.2500 0.2500 0.2500 0.0146 0.2968 0.0146 0.2968 0.2500 0.2500 0.0283 0.3418 0.0283 0.3418 0.2500 0.2500 0.0504 0.3833 0.0504 0.3833 0.2500 0.2500 0.0803 0.4197 0.0803 0.4197 0.2500 0.2500 0.1167 0.4496 0.1167 0.4496 0.2500 0.2500 0.1582 0.4717 0.7500 0.4900 0.7968 0.4854 0.8418 0.4717 0.8833 0.4496 0.9197 0.4197 0.9496 0.3833 0.9717 0.3418 0.9854 0.2968 0.9900 0.2500 0.9854 0.2032 0.9717 0.1582 0.9496 0.1167 0.9197 0.0803 0.8833 0.0504 0.8418 0.0283 0.7968 0.0146 0.7500 0.0100 0.7032 0.0146 0.6582 0.0283 0.6167 0.0504 0.5803 0.0803 0.5504 0.1167 0.5283 0.1582 0.5146 0.2032 0.5100 0.2500 0.5146 0.2968 0.5283 0.3418 0.5504 0.3833 0.5803 0.4197 0.6167 0.4496 0.6582 0.4717 0.7032 0.4854 0.1582 0.4717 0.2500 0.2500 0.2032 0.4854 0.2032 0.4854 0.2500 0.2500 0.2500 0.4900 " />
						</IndexedFaceSet>
					</Shape>
				</Group>
			</Transform>
		</Transform>
		<Transform DEF="Shape_IndexedFaceSet_002_TRANSFORM"
		           translation="0.000000 0.000000 0.000000"
		           scale="1.000000 1.000000 1.000000"
		           rotation="-0.000000 0.000000 0.000000 0.000000"
		           >
			<Transform DEF="Shape_IndexedFaceSet_002_ifs_TRANSFORM"
			           translation="0.000000 0.000000 0.000000"
			           scale="1.000000 1.000000 1.000000"
			           rotation="0.000000 1.000000 0.000000 0.000000"
			           >
				<Group DEF="group_ME_Shape_IndexedFaceSet_002">
					<Shape>
						<Appearance>
							<Material USE="MA_MA_KolorWiez" />
						</Appearance>
						<IndexedFaceSet solid="false"
						                texCoordIndex="0 1 2 -1 3 4 5 -1 6 7 8 -1 9 10 11 -1 12 13 14 -1 15 16 17 -1 18 19 20 -1 21 22 23 -1 24 25 26 -1 27 28 29 -1 30 31 32 -1 33 34 35 -1 36 37 38 -1 39 40 41 -1 42 43 44 -1 45 46 47 -1 48 49 50 -1 51 52 53 -1 54 55 56 -1 57 58 59 -1 60 61 62 -1 63 64 65 -1 66 67 68 -1 69 70 71 -1 72 73 74 -1 75 76 77 -1 78 79 80 -1 81 82 83 -1 84 85 86 -1 87 88 89 -1 90 91 92 93 94 95 96 97 98 99 100 101 102 103 104 105 106 107 108 109 110 111 112 113 114 115 116 117 118 119 120 121 -1 122 123 124 -1 125 126 127 -1 "
						                coordIndex="0 32 1 -1 1 32 2 -1 2 32 3 -1 3 32 4 -1 4 32 5 -1 5 32 6 -1 6 32 7 -1 7 32 8 -1 8 32 9 -1 9 32 10 -1 10 32 11 -1 11 32 12 -1 12 32 13 -1 13 32 14 -1 14 32 15 -1 15 32 16 -1 16 32 17 -1 17 32 18 -1 18 32 19 -1 19 32 20 -1 20 32 21 -1 21 32 22 -1 22 32 23 -1 23 32 24 -1 24 32 25 -1 25 32 26 -1 26 32 27 -1 27 32 28 -1 28 32 29 -1 29 32 30 -1 0 1 2 3 4 5 6 7 8 9 10 11 12 13 14 15 16 17 18 19 20 21 22 23 24 25 26 27 28 29 30 31 -1 30 32 31 -1 31 32 0 -1 "
						                >
							<Coordinate DEF="coords_ME_Shape_IndexedFaceSet_002"
							            point="12.123026 4.737688 3.054247 12.529593 4.737688 3.094290 12.920536 4.737688 3.212882 13.280830 4.737688 3.405463 13.596632 4.737688 3.664635 13.855803 4.737688 3.980436 14.048386 4.737688 4.340731 14.166977 4.737688 4.731674 14.207020 4.737688 5.138241 14.166977 4.737688 5.544808 14.048386 4.737688 5.935751 13.855803 4.737688 6.296046 13.596632 4.737688 6.611847 13.280830 4.737688 6.871018 12.920536 4.737688 7.063600 12.529593 4.737688 7.182191 12.123026 4.737688 7.222235 11.716459 4.737688 7.182191 11.325516 4.737688 7.063600 10.965221 4.737688 6.871018 10.649420 4.737688 6.611847 10.390248 4.737688 6.296046 10.197666 4.737688 5.935751 10.079075 4.737688 5.544808 10.039032 4.737688 5.138241 10.079075 4.737688 4.731674 10.197666 4.737688 4.340731 10.390248 4.737688 3.980436 10.649420 4.737688 3.664635 10.965221 4.737688 3.405463 11.325516 4.737688 3.212882 11.716459 4.737688 3.094290 12.123026 8.905676 5.138241 "
							            />
							<TextureCoordinate point="0.2500 0.4900 0.2500 0.2500 0.2968 0.4854 0.2968 0.4854 0.2500 0.2500 0.3418 0.4717 0.3418 0.4717 0.2500 0.2500 0.3833 0.4496 0.3833 0.4496 0.2500 0.2500 0.4197 0.4197 0.4197 0.4197 0.2500 0.2500 0.4496 0.3833 0.4496 0.3833 0.2500 0.2500 0.4717 0.3418 0.4717 0.3418 0.2500 0.2500 0.4854 0.2968 0.4854 0.2968 0.2500 0.2500 0.4900 0.2500 0.4900 0.2500 0.2500 0.2500 0.4854 0.2032 0.4854 0.2032 0.2500 0.2500 0.4717 0.1582 0.4717 0.1582 0.2500 0.2500 0.4496 0.1167 0.4496 0.1167 0.2500 0.2500 0.4197 0.0803 0.4197 0.0803 0.2500 0.2500 0.3833 0.0504 0.3833 0.0504 0.2500 0.2500 0.3418 0.0283 0.3418 0.0283 0.2500 0.2500 0.2968 0.0146 0.2968 0.0146 0.2500 0.2500 0.2500 0.0100 0.2500 0.0100 0.2500 0.2500 0.2032 0.0146 0.2032 0.0146 0.2500 0.2500 0.1582 0.0283 0.1582 0.0283 0.2500 0.2500 0.1167 0.0504 0.1167 0.0504 0.2500 0.2500 0.0803 0.0803 0.0803 0.0803 0.2500 0.2500 0.0504 0.1167 0.0504 0.1167 0.2500 0.2500 0.0283 0.1582 0.0283 0.1582 0.2500 0.2500 0.0146 0.2032 0.0146 0.2032 0.2500 0.2500 0.0100 0.2500 0.0100 0.2500 0.2500 0.2500 0.0146 0.2968 0.0146 0.2968 0.2500 0.2500 0.0283 0.3418 0.0283 0.3418 0.2500 0.2500 0.0504 0.3833 0.0504 0.3833 0.2500 0.2500 0.0803 0.4197 0.0803 0.4197 0.2500 0.2500 0.1167 0.4496 0.1167 0.4496 0.2500 0.2500 0.1582 0.4717 0.7500 0.4900 0.7968 0.4854 0.8418 0.4717 0.8833 0.4496 0.9197 0.4197 0.9496 0.3833 0.9717 0.3418 0.9854 0.2968 0.9900 0.2500 0.9854 0.2032 0.9717 0.1582 0.9496 0.1167 0.9197 0.0803 0.8833 0.0504 0.8418 0.0283 0.7968 0.0146 0.7500 0.0100 0.7032 0.0146 0.6582 0.0283 0.6167 0.0504 0.5803 0.0803 0.5504 0.1167 0.5283 0.1582 0.5146 0.2032 0.5100 0.2500 0.5146 0.2968 0.5283 0.3418 0.5504 0.3833 0.5803 0.4197 0.6167 0.4496 0.6582 0.4717 0.7032 0.4854 0.1582 0.4717 0.2500 0.2500 0.2032 0.4854 0.2032 0.4854 0.2500 0.2500 0.2500 0.4900 " />
						</IndexedFaceSet>
					</Shape>
				</Group>
			</Transform>
		</Transform>
		<Transform DEF="Shape_IndexedFaceSet_003_TRANSFORM"
		           translation="0.000000 0.000000 0.000000"
		           scale="1.000000 1.000000 1.000000"
		           rotation="-0.000000 0.000000 0.000000 0.000000"
		           >
			<Transform DEF="Shape_IndexedFaceSet_003_ifs_TRANSFORM"
			           translation="0.000000 0.000000 0.000000"
			           scale="1.000000 1.000000 1.000000"
			           rotation="0.000000 1.000000 0.000000 0.000000"
			           >
				<Group DEF="group_ME_Shape_IndexedFaceSet_003">
					<Shape>
						<Appearance>
							<Material USE="MA_MA_KolorWiez" />
						</Appearance>
						<IndexedFaceSet solid="false"
						                texCoordIndex="0 1 2 -1 3 4 5 -1 6 7 8 -1 9 10 11 -1 12 13 14 -1 15 16 17 -1 18 19 20 -1 21 22 23 -1 24 25 26 -1 27 28 29 -1 30 31 32 -1 33 34 35 -1 36 37 38 -1 39 40 41 -1 42 43 44 -1 45 46 47 -1 48 49 50 -1 51 52 53 -1 54 55 56 -1 57 58 59 -1 60 61 62 -1 63 64 65 -1 66 67 68 -1 69 70 71 -1 72 73 74 -1 75 76 77 -1 78 79 80 -1 81 82 83 -1 84 85 86 -1 87 88 89 -1 90 91 92 93 94 95 96 97 98 99 100 101 102 103 104 105 106 107 108 109 110 111 112 113 114 115 116 117 118 119 120 121 -1 122 123 124 -1 125 126 127 -1 "
						                coordIndex="0 32 1 -1 1 32 2 -1 2 32 3 -1 3 32 4 -1 4 32 5 -1 5 32 6 -1 6 32 7 -1 7 32 8 -1 8 32 9 -1 9 32 10 -1 10 32 11 -1 11 32 12 -1 12 32 13 -1 13 32 14 -1 14 32 15 -1 15 32 16 -1 16 32 17 -1 17 32 18 -1 18 32 19 -1 19 32 20 -1 20 32 21 -1 21 32 22 -1 22 32 23 -1 23 32 24 -1 24 32 25 -1 25 32 26 -1 26 32 27 -1 27 32 28 -1 28 32 29 -1 29 32 30 -1 0 1 2 3 4 5 6 7 8 9 10 11 12 13 14 15 16 17 18 19 20 21 22 23 24 25 26 27 28 29 30 31 -1 30 32 31 -1 31 32 0 -1 "
						                >
							<Coordinate DEF="coords_ME_Shape_IndexedFaceSet_003"
							            point="12.493960 4.900010 -7.108288 12.900527 4.900010 -7.068244 13.291471 4.900010 -6.949653 13.651766 4.900010 -6.757071 13.967566 4.900010 -6.497900 14.226738 4.900010 -6.182099 14.419319 4.900010 -5.821804 14.537910 4.900010 -5.430861 14.577954 4.900010 -5.024294 14.537910 4.900010 -4.617727 14.419319 4.900010 -4.226784 14.226738 4.900010 -3.866489 13.967566 4.900010 -3.550688 13.651766 4.900010 -3.291516 13.291471 4.900010 -3.098935 12.900527 4.900010 -2.980343 12.493960 4.900010 -2.940300 12.087394 4.900010 -2.980343 11.696450 4.900010 -3.098935 11.336155 4.900010 -3.291516 11.020354 4.900010 -3.550688 10.761183 4.900010 -3.866489 10.568602 4.900010 -4.226784 10.450010 4.900010 -4.617727 10.409966 4.900010 -5.024294 10.450010 4.900010 -5.430861 10.568602 4.900010 -5.821804 10.761183 4.900010 -6.182099 11.020354 4.900010 -6.497900 11.336155 4.900010 -6.757071 11.696450 4.900010 -6.949653 12.087394 4.900010 -7.068244 12.493960 9.067997 -5.024294 "
							            />
							<TextureCoordinate point="0.2500 0.4900 0.2500 0.2500 0.2968 0.4854 0.2968 0.4854 0.2500 0.2500 0.3418 0.4717 0.3418 0.4717 0.2500 0.2500 0.3833 0.4496 0.3833 0.4496 0.2500 0.2500 0.4197 0.4197 0.4197 0.4197 0.2500 0.2500 0.4496 0.3833 0.4496 0.3833 0.2500 0.2500 0.4717 0.3418 0.4717 0.3418 0.2500 0.2500 0.4854 0.2968 0.4854 0.2968 0.2500 0.2500 0.4900 0.2500 0.4900 0.2500 0.2500 0.2500 0.4854 0.2032 0.4854 0.2032 0.2500 0.2500 0.4717 0.1582 0.4717 0.1582 0.2500 0.2500 0.4496 0.1167 0.4496 0.1167 0.2500 0.2500 0.4197 0.0803 0.4197 0.0803 0.2500 0.2500 0.3833 0.0504 0.3833 0.0504 0.2500 0.2500 0.3418 0.0283 0.3418 0.0283 0.2500 0.2500 0.2968 0.0146 0.2968 0.0146 0.2500 0.2500 0.2500 0.0100 0.2500 0.0100 0.2500 0.2500 0.2032 0.0146 0.2032 0.0146 0.2500 0.2500 0.1582 0.0283 0.1582 0.0283 0.2500 0.2500 0.1167 0.0504 0.1167 0.0504 0.2500 0.2500 0.0803 0.0803 0.0803 0.0803 0.2500 0.2500 0.0504 0.1167 0.0504 0.1167 0.2500 0.2500 0.0283 0.1582 0.0283 0.1582 0.2500 0.2500 0.0146 0.2032 0.0146 0.2032 0.2500 0.2500 0.0100 0.2500 0.0100 0.2500 0.2500 0.2500 0.0146 0.2968 0.0146 0.2968 0.2500 0.2500 0.0283 0.3418 0.0283 0.3418 0.2500 0.2500 0.0504 0.3833 0.0504 0.3833 0.2500 0.2500 0.0803 0.4197 0.0803 0.4197 0.2500 0.2500 0.1167 0.4496 0.1167 0.4496 0.2500 0.2500 0.1582 0.4717 0.7500 0.4900 0.7968 0.4854 0.8418 0.4717 0.8833 0.4496 0.9197 0.4197 0.9496 0.3833 0.9717 0.3418 0.9854 0.2968 0.9900 0.2500 0.9854 0.2032 0.9717 0.1582 0.9496 0.1167 0.9197 0.0803 0.8833 0.0504 0.8418 0.0283 0.7968 0.0146 0.7500 0.0100 0.7032 0.0146 0.6582 0.0283 0.6167 0.0504 0.5803 0.0803 0.5504 0.1167 0.5283 0.1582 0.5146 0.2032 0.5100 0.2500 0.5146 0.2968 0.5283 0.3418 0.5504 0.3833 0.5803 0.4197 0.6167 0.4496 0.6582 0.4717 0.7032 0.4854 0.1582 0.4717 0.2500 0.2500 0.2032 0.4854 0.2032 0.4854 0.2500 0.2500 0.2500 0.4900 " />
						</IndexedFaceSet>
					</Shape>
				</Group>
			</Transform>
		</Transform>
		<Transform DEF="Shape_IndexedFaceSet_004_TRANSFORM"
		           translation="0.000000 0.000000 0.000000"
		           scale="1.000000 1.000000 1.000000"
		           rotation="-0.000000 0.000000 0.000000 0.000000"
		           >
			<Transform DEF="Shape_IndexedFaceSet_004_ifs_TRANSFORM"
			           translation="0.000000 0.000000 0.000000"
			           scale="1.000000 1.000000 1.000000"
			           rotation="0.000000 1.000000 0.000000 0.000000"
			           >
				<Group DEF="group_ME_Shape_IndexedFaceSet_004">
					<Shape>
						<Appearance>
							<Material USE="MA_MA_KolorWiez" />
						</Appearance>
						<IndexedFaceSet solid="false"
						                texCoordIndex="0 1 2 -1 3 4 5 -1 6 7 8 -1 9 10 11 -1 12 13 14 -1 15 16 17 -1 18 19 20 -1 21 22 23 -1 24 25 26 -1 27 28 29 -1 30 31 32 -1 33 34 35 -1 36 37 38 -1 39 40 41 -1 42 43 44 -1 45 46 47 -1 48 49 50 -1 51 52 53 -1 54 55 56 -1 57 58 59 -1 60 61 62 -1 63 64 65 -1 66 67 68 -1 69 70 71 -1 72 73 74 -1 75 76 77 -1 78 79 80 -1 81 82 83 -1 84 85 86 -1 87 88 89 -1 90 91 92 93 94 95 96 97 98 99 100 101 102 103 104 105 106 107 108 109 110 111 112 113 114 115 116 117 118 119 120 121 -1 122 123 124 -1 125 126 127 -1 "
						                coordIndex="0 32 1 -1 1 32 2 -1 2 32 3 -1 3 32 4 -1 4 32 5 -1 5 32 6 -1 6 32 7 -1 7 32 8 -1 8 32 9 -1 9 32 10 -1 10 32 11 -1 11 32 12 -1 12 32 13 -1 13 32 14 -1 14 32 15 -1 15 32 16 -1 16 32 17 -1 17 32 18 -1 18 32 19 -1 19 32 20 -1 20 32 21 -1 21 32 22 -1 22 32 23 -1 23 32 24 -1 24 32 25 -1 25 32 26 -1 26 32 27 -1 27 32 28 -1 28 32 29 -1 29 32 30 -1 0 1 2 3 4 5 6 7 8 9 10 11 12 13 14 15 16 17 18 19 20 21 22 23 24 25 26 27 28 29 30 31 -1 30 32 31 -1 31 32 0 -1 "
						                >
							<Coordinate DEF="coords_ME_Shape_IndexedFaceSet_004"
							            point="5.513325 4.535989 12.259909 5.919892 4.535989 12.299952 6.310835 4.535989 12.418543 6.671130 4.535989 12.611125 6.986931 4.535989 12.870296 7.246103 4.535989 13.186098 7.438684 4.535989 13.546392 7.557276 4.535989 13.937336 7.597319 4.535989 14.343903 7.557276 4.535989 14.750469 7.438684 4.535989 15.141413 7.246103 4.535989 15.501707 6.986931 4.535989 15.817509 6.671130 4.535989 16.076679 6.310835 4.535989 16.269262 5.919892 4.535989 16.387854 5.513325 4.535989 16.427896 5.106758 4.535989 16.387854 4.715815 4.535989 16.269262 4.355520 4.535989 16.076679 4.039719 4.535989 15.817509 3.780548 4.535989 15.501707 3.587966 4.535989 15.141413 3.469375 4.535989 14.750469 3.429331 4.535989 14.343903 3.469375 4.535989 13.937336 3.587966 4.535989 13.546392 3.780548 4.535989 13.186098 4.039719 4.535989 12.870296 4.355520 4.535989 12.611125 4.715815 4.535989 12.418543 5.106758 4.535989 12.299952 5.513325 8.703978 14.343903 "
							            />
							<TextureCoordinate point="0.2500 0.4900 0.2500 0.2500 0.2968 0.4854 0.2968 0.4854 0.2500 0.2500 0.3418 0.4717 0.3418 0.4717 0.2500 0.2500 0.3833 0.4496 0.3833 0.4496 0.2500 0.2500 0.4197 0.4197 0.4197 0.4197 0.2500 0.2500 0.4496 0.3833 0.4496 0.3833 0.2500 0.2500 0.4717 0.3418 0.4717 0.3418 0.2500 0.2500 0.4854 0.2968 0.4854 0.2968 0.2500 0.2500 0.4900 0.2500 0.4900 0.2500 0.2500 0.2500 0.4854 0.2032 0.4854 0.2032 0.2500 0.2500 0.4717 0.1582 0.4717 0.1582 0.2500 0.2500 0.4496 0.1167 0.4496 0.1167 0.2500 0.2500 0.4197 0.0803 0.4197 0.0803 0.2500 0.2500 0.3833 0.0504 0.3833 0.0504 0.2500 0.2500 0.3418 0.0283 0.3418 0.0283 0.2500 0.2500 0.2968 0.0146 0.2968 0.0146 0.2500 0.2500 0.2500 0.0100 0.2500 0.0100 0.2500 0.2500 0.2032 0.0146 0.2032 0.0146 0.2500 0.2500 0.1582 0.0283 0.1582 0.0283 0.2500 0.2500 0.1167 0.0504 0.1167 0.0504 0.2500 0.2500 0.0803 0.0803 0.0803 0.0803 0.2500 0.2500 0.0504 0.1167 0.0504 0.1167 0.2500 0.2500 0.0283 0.1582 0.0283 0.1582 0.2500 0.2500 0.0146 0.2032 0.0146 0.2032 0.2500 0.2500 0.0100 0.2500 0.0100 0.2500 0.2500 0.2500 0.0146 0.2968 0.0146 0.2968 0.2500 0.2500 0.0283 0.3418 0.0283 0.3418 0.2500 0.2500 0.0504 0.3833 0.0504 0.3833 0.2500 0.2500 0.0803 0.4197 0.0803 0.4197 0.2500 0.2500 0.1167 0.4496 0.1167 0.4496 0.2500 0.2500 0.1582 0.4717 0.7500 0.4900 0.7968 0.4854 0.8418 0.4717 0.8833 0.4496 0.9197 0.4197 0.9496 0.3833 0.9717 0.3418 0.9854 0.2968 0.9900 0.2500 0.9854 0.2032 0.9717 0.1582 0.9496 0.1167 0.9197 0.0803 0.8833 0.0504 0.8418 0.0283 0.7968 0.0146 0.7500 0.0100 0.7032 0.0146 0.6582 0.0283 0.6167 0.0504 0.5803 0.0803 0.5504 0.1167 0.5283 0.1582 0.5146 0.2032 0.5100 0.2500 0.5146 0.2968 0.5283 0.3418 0.5504 0.3833 0.5803 0.4197 0.6167 0.4496 0.6582 0.4717 0.7032 0.4854 0.1582 0.4717 0.2500 0.2500 0.2032 0.4854 0.2032 0.4854 0.2500 0.2500 0.2500 0.4900 " />
						</IndexedFaceSet>
					</Shape>
				</Group>
			</Transform>
		</Transform>
		<Transform DEF="Shape_IndexedFaceSet_005_TRANSFORM"
		           translation="0.000000 0.000000 0.000000"
		           scale="1.000000 1.000000 1.000000"
		           rotation="-0.000000 0.000000 0.000000 0.000000"
		           >
			<Transform DEF="Shape_IndexedFaceSet_005_ifs_TRANSFORM"
			           translation="0.000000 0.000000 0.000000"
			           scale="1.000000 1.000000 1.000000"
			           rotation="0.000000 1.000000 0.000000 0.000000"
			           >
				<Group DEF="group_ME_Shape_IndexedFaceSet_005">
					<Shape>
						<Appearance>
							<Material USE="MA_MA_KolorWiez" />
						</Appearance>
						<IndexedFaceSet solid="false"
						                texCoordIndex="0 1 2 -1 3 4 5 -1 6 7 8 -1 9 10 11 -1 12 13 14 -1 15 16 17 -1 18 19 20 -1 21 22 23 -1 24 25 26 -1 27 28 29 -1 30 31 32 -1 33 34 35 -1 36 37 38 -1 39 40 41 -1 42 43 44 -1 45 46 47 -1 48 49 50 -1 51 52 53 -1 54 55 56 -1 57 58 59 -1 60 61 62 -1 63 64 65 -1 66 67 68 -1 69 70 71 -1 72 73 74 -1 75 76 77 -1 78 79 80 -1 81 82 83 -1 84 85 86 -1 87 88 89 -1 90 91 92 93 94 95 96 97 98 99 100 101 102 103 104 105 106 107 108 109 110 111 112 113 114 115 116 117 118 119 120 121 -1 122 123 124 -1 125 126 127 -1 "
						                coordIndex="0 32 1 -1 1 32 2 -1 2 32 3 -1 3 32 4 -1 4 32 5 -1 5 32 6 -1 6 32 7 -1 7 32 8 -1 8 32 9 -1 9 32 10 -1 10 32 11 -1 11 32 12 -1 12 32 13 -1 13 32 14 -1 14 32 15 -1 15 32 16 -1 16 32 17 -1 17 32 18 -1 18 32 19 -1 19 32 20 -1 20 32 21 -1 21 32 22 -1 22 32 23 -1 23 32 24 -1 24 32 25 -1 25 32 26 -1 26 32 27 -1 27 32 28 -1 28 32 29 -1 29 32 30 -1 0 1 2 3 4 5 6 7 8 9 10 11 12 13 14 15 16 17 18 19 20 21 22 23 24 25 26 27 28 29 30 31 -1 30 32 31 -1 31 32 0 -1 "
						                >
							<Coordinate DEF="coords_ME_Shape_IndexedFaceSet_005"
							            point="-5.861506 4.548189 11.971440 -5.454939 4.548189 12.011484 -5.063996 4.548189 12.130075 -4.703701 4.548189 12.322657 -4.387900 4.548189 12.581828 -4.128729 4.548189 12.897629 -3.936147 4.548189 13.257924 -3.817556 4.548189 13.648868 -3.777513 4.548189 14.055434 -3.817556 4.548189 14.462001 -3.936147 4.548189 14.852944 -4.128729 4.548189 15.213240 -4.387900 4.548189 15.529040 -4.703701 4.548189 15.788212 -5.063996 4.548189 15.980793 -5.454939 4.548189 16.099384 -5.861506 4.548189 16.139427 -6.268074 4.548189 16.099384 -6.659017 4.548189 15.980793 -7.019311 4.548189 15.788212 -7.335113 4.548189 15.529040 -7.594284 4.548189 15.213240 -7.786866 4.548189 14.852944 -7.905457 4.548189 14.462001 -7.945500 4.548189 14.055434 -7.905457 4.548189 13.648868 -7.786866 4.548189 13.257924 -7.594284 4.548189 12.897629 -7.335113 4.548189 12.581828 -7.019311 4.548189 12.322657 -6.659017 4.548189 12.130075 -6.268074 4.548189 12.011484 -5.861506 8.716177 14.055434 "
							            />
							<TextureCoordinate point="0.2500 0.4900 0.2500 0.2500 0.2968 0.4854 0.2968 0.4854 0.2500 0.2500 0.3418 0.4717 0.3418 0.4717 0.2500 0.2500 0.3833 0.4496 0.3833 0.4496 0.2500 0.2500 0.4197 0.4197 0.4197 0.4197 0.2500 0.2500 0.4496 0.3833 0.4496 0.3833 0.2500 0.2500 0.4717 0.3418 0.4717 0.3418 0.2500 0.2500 0.4854 0.2968 0.4854 0.2968 0.2500 0.2500 0.4900 0.2500 0.4900 0.2500 0.2500 0.2500 0.4854 0.2032 0.4854 0.2032 0.2500 0.2500 0.4717 0.1582 0.4717 0.1582 0.2500 0.2500 0.4496 0.1167 0.4496 0.1167 0.2500 0.2500 0.4197 0.0803 0.4197 0.0803 0.2500 0.2500 0.3833 0.0504 0.3833 0.0504 0.2500 0.2500 0.3418 0.0283 0.3418 0.0283 0.2500 0.2500 0.2968 0.0146 0.2968 0.0146 0.2500 0.2500 0.2500 0.0100 0.2500 0.0100 0.2500 0.2500 0.2032 0.0146 0.2032 0.0146 0.2500 0.2500 0.1582 0.0283 0.1582 0.0283 0.2500 0.2500 0.1167 0.0504 0.1167 0.0504 0.2500 0.2500 0.0803 0.0803 0.0803 0.0803 0.2500 0.2500 0.0504 0.1167 0.0504 0.1167 0.2500 0.2500 0.0283 0.1582 0.0283 0.1582 0.2500 0.2500 0.0146 0.2032 0.0146 0.2032 0.2500 0.2500 0.0100 0.2500 0.0100 0.2500 0.2500 0.2500 0.0146 0.2968 0.0146 0.2968 0.2500 0.2500 0.0283 0.3418 0.0283 0.3418 0.2500 0.2500 0.0504 0.3833 0.0504 0.3833 0.2500 0.2500 0.0803 0.4197 0.0803 0.4197 0.2500 0.2500 0.1167 0.4496 0.1167 0.4496 0.2500 0.2500 0.1582 0.4717 0.7500 0.4900 0.7968 0.4854 0.8418 0.4717 0.8833 0.4496 0.9197 0.4197 0.9496 0.3833 0.9717 0.3418 0.9854 0.2968 0.9900 0.2500 0.9854 0.2032 0.9717 0.1582 0.9496 0.1167 0.9197 0.0803 0.8833 0.0504 0.8418 0.0283 0.7968 0.0146 0.7500 0.0100 0.7032 0.0146 0.6582 0.0283 0.6167 0.0504 0.5803 0.0803 0.5504 0.1167 0.5283 0.1582 0.5146 0.2032 0.5100 0.2500 0.5146 0.2968 0.5283 0.3418 0.5504 0.3833 0.5803 0.4197 0.6167 0.4496 0.6582 0.4717 0.7032 0.4854 0.1582 0.4717 0.2500 0.2500 0.2032 0.4854 0.2032 0.4854 0.2500 0.2500 0.2500 0.4900 " />
						</IndexedFaceSet>
					</Shape>
				</Group>
			</Transform>
		</Transform>
		<Transform DEF="Shape_IndexedFaceSet_006_TRANSFORM"
		           translation="0.000000 0.000000 0.000000"
		           scale="1.000000 1.000000 1.000000"
		           rotation="-0.000000 0.000000 0.000000 0.000000"
		           >
			<Transform DEF="Shape_IndexedFaceSet_006_ifs_TRANSFORM"
			           translation="0.000000 0.000000 0.000000"
			           scale="1.000000 1.000000 1.000000"
			           rotation="0.000000 1.000000 0.000000 0.000000"
			           >
				<Group DEF="group_ME_Shape_IndexedFaceSet_006">
					<Shape>
						<Appearance>
							<Material USE="MA_MA_KolorWiez" />
						</Appearance>
						<IndexedFaceSet solid="false"
						                texCoordIndex="0 1 2 -1 3 4 5 -1 6 7 8 -1 9 10 11 -1 12 13 14 -1 15 16 17 -1 18 19 20 -1 21 22 23 -1 24 25 26 -1 27 28 29 -1 30 31 32 -1 33 34 35 -1 36 37 38 -1 39 40 41 -1 42 43 44 -1 45 46 47 -1 48 49 50 -1 51 52 53 -1 54 55 56 -1 57 58 59 -1 60 61 62 -1 63 64 65 -1 66 67 68 -1 69 70 71 -1 72 73 74 -1 75 76 77 -1 78 79 80 -1 81 82 83 -1 84 85 86 -1 87 88 89 -1 90 91 92 93 94 95 96 97 98 99 100 101 102 103 104 105 106 107 108 109 110 111 112 113 114 115 116 117 118 119 120 121 -1 122 123 124 -1 125 126 127 -1 "
						                coordIndex="0 32 1 -1 1 32 2 -1 2 32 3 -1 3 32 4 -1 4 32 5 -1 5 32 6 -1 6 32 7 -1 7 32 8 -1 8 32 9 -1 9 32 10 -1 10 32 11 -1 11 32 12 -1 12 32 13 -1 13 32 14 -1 14 32 15 -1 15 32 16 -1 16 32 17 -1 17 32 18 -1 18 32 19 -1 19 32 20 -1 20 32 21 -1 21 32 22 -1 22 32 23 -1 23 32 24 -1 24 32 25 -1 25 32 26 -1 26 32 27 -1 27 32 28 -1 28 32 29 -1 29 32 30 -1 0 1 2 3 4 5 6 7 8 9 10 11 12 13 14 15 16 17 18 19 20 21 22 23 24 25 26 27 28 29 30 31 -1 30 32 31 -1 31 32 0 -1 "
						                >
							<Coordinate DEF="coords_ME_Shape_IndexedFaceSet_006"
							            point="5.758090 4.826730 -16.375107 6.164657 4.826730 -16.335064 6.555600 4.826730 -16.216473 6.915895 4.826730 -16.023891 7.231696 4.826730 -15.764719 7.490867 4.826730 -15.448917 7.683449 4.826730 -15.088623 7.802040 4.826730 -14.697680 7.842083 4.826730 -14.291113 7.802040 4.826730 -13.884546 7.683449 4.826730 -13.493603 7.490867 4.826730 -13.133308 7.231696 4.826730 -12.817507 6.915895 4.826730 -12.558335 6.555600 4.826730 -12.365753 6.164657 4.826730 -12.247162 5.758090 4.826730 -12.207119 5.351522 4.826730 -12.247162 4.960579 4.826730 -12.365753 4.600285 4.826730 -12.558335 4.284483 4.826730 -12.817507 4.025312 4.826730 -13.133308 3.832730 4.826730 -13.493603 3.714139 4.826730 -13.884546 3.674096 4.826730 -14.291113 3.714139 4.826730 -14.697680 3.832730 4.826730 -15.088623 4.025312 4.826730 -15.448917 4.284483 4.826730 -15.764719 4.600285 4.826730 -16.023891 4.960579 4.826730 -16.216473 5.351522 4.826730 -16.335064 5.758090 8.994718 -14.291113 "
							            />
							<TextureCoordinate point="0.2500 0.4900 0.2500 0.2500 0.2968 0.4854 0.2968 0.4854 0.2500 0.2500 0.3418 0.4717 0.3418 0.4717 0.2500 0.2500 0.3833 0.4496 0.3833 0.4496 0.2500 0.2500 0.4197 0.4197 0.4197 0.4197 0.2500 0.2500 0.4496 0.3833 0.4496 0.3833 0.2500 0.2500 0.4717 0.3418 0.4717 0.3418 0.2500 0.2500 0.4854 0.2968 0.4854 0.2968 0.2500 0.2500 0.4900 0.2500 0.4900 0.2500 0.2500 0.2500 0.4854 0.2032 0.4854 0.2032 0.2500 0.2500 0.4717 0.1582 0.4717 0.1582 0.2500 0.2500 0.4496 0.1167 0.4496 0.1167 0.2500 0.2500 0.4197 0.0803 0.4197 0.0803 0.2500 0.2500 0.3833 0.0504 0.3833 0.0504 0.2500 0.2500 0.3418 0.0283 0.3418 0.0283 0.2500 0.2500 0.2968 0.0146 0.2968 0.0146 0.2500 0.2500 0.2500 0.0100 0.2500 0.0100 0.2500 0.2500 0.2032 0.0146 0.2032 0.0146 0.2500 0.2500 0.1582 0.0283 0.1582 0.0283 0.2500 0.2500 0.1167 0.0504 0.1167 0.0504 0.2500 0.2500 0.0803 0.0803 0.0803 0.0803 0.2500 0.2500 0.0504 0.1167 0.0504 0.1167 0.2500 0.2500 0.0283 0.1582 0.0283 0.1582 0.2500 0.2500 0.0146 0.2032 0.0146 0.2032 0.2500 0.2500 0.0100 0.2500 0.0100 0.2500 0.2500 0.2500 0.0146 0.2968 0.0146 0.2968 0.2500 0.2500 0.0283 0.3418 0.0283 0.3418 0.2500 0.2500 0.0504 0.3833 0.0504 0.3833 0.2500 0.2500 0.0803 0.4197 0.0803 0.4197 0.2500 0.2500 0.1167 0.4496 0.1167 0.4496 0.2500 0.2500 0.1582 0.4717 0.7500 0.4900 0.7968 0.4854 0.8418 0.4717 0.8833 0.4496 0.9197 0.4197 0.9496 0.3833 0.9717 0.3418 0.9854 0.2968 0.9900 0.2500 0.9854 0.2032 0.9717 0.1582 0.9496 0.1167 0.9197 0.0803 0.8833 0.0504 0.8418 0.0283 0.7968 0.0146 0.7500 0.0100 0.7032 0.0146 0.6582 0.0283 0.6167 0.0504 0.5803 0.0803 0.5504 0.1167 0.5283 0.1582 0.5146 0.2032 0.5100 0.2500 0.5146 0.2968 0.5283 0.3418 0.5504 0.3833 0.5803 0.4197 0.6167 0.4496 0.6582 0.4717 0.7032 0.4854 0.1582 0.4717 0.2500 0.2500 0.2032 0.4854 0.2032 0.4854 0.2500 0.2500 0.2500 0.4900 " />
						</IndexedFaceSet>
					</Shape>
				</Group>
			</Transform>
		</Transform>
		<Transform DEF="Shape_IndexedFaceSet_007_TRANSFORM"
		           translation="0.000000 0.000000 0.000000"
		           scale="1.000000 1.000000 1.000000"
		           rotation="-0.000000 0.000000 0.000000 0.000000"
		           >
			<Transform DEF="Shape_IndexedFaceSet_007_ifs_TRANSFORM"
			           translation="0.000000 0.000000 0.000000"
			           scale="1.000000 1.000000 1.000000"
			           rotation="0.000000 1.000000 0.000000 0.000000"
			           >
				<Group DEF="group_ME_Shape_IndexedFaceSet_007">
					<Shape>
						<Appearance>
							<Material USE="MA_MA_KolorWiez" />
						</Appearance>
						<IndexedFaceSet solid="false"
						                texCoordIndex="0 1 2 -1 3 4 5 -1 6 7 8 -1 9 10 11 -1 12 13 14 -1 15 16 17 -1 18 19 20 -1 21 22 23 -1 24 25 26 -1 27 28 29 -1 30 31 32 -1 33 34 35 -1 36 37 38 -1 39 40 41 -1 42 43 44 -1 45 46 47 -1 48 49 50 -1 51 52 53 -1 54 55 56 -1 57 58 59 -1 60 61 62 -1 63 64 65 -1 66 67 68 -1 69 70 71 -1 72 73 74 -1 75 76 77 -1 78 79 80 -1 81 82 83 -1 84 85 86 -1 87 88 89 -1 90 91 92 93 94 95 96 97 98 99 100 101 102 103 104 105 106 107 108 109 110 111 112 113 114 115 116 117 118 119 120 121 -1 122 123 124 -1 125 126 127 -1 "
						                coordIndex="0 32 1 -1 1 32 2 -1 2 32 3 -1 3 32 4 -1 4 32 5 -1 5 32 6 -1 6 32 7 -1 7 32 8 -1 8 32 9 -1 9 32 10 -1 10 32 11 -1 11 32 12 -1 12 32 13 -1 13 32 14 -1 14 32 15 -1 15 32 16 -1 16 32 17 -1 17 32 18 -1 18 32 19 -1 19 32 20 -1 20 32 21 -1 21 32 22 -1 22 32 23 -1 23 32 24 -1 24 32 25 -1 25 32 26 -1 26 32 27 -1 27 32 28 -1 28 32 29 -1 29 32 30 -1 0 1 2 3 4 5 6 7 8 9 10 11 12 13 14 15 16 17 18 19 20 21 22 23 24 25 26 27 28 29 30 31 -1 30 32 31 -1 31 32 0 -1 "
						                >
							<Coordinate DEF="coords_ME_Shape_IndexedFaceSet_007"
							            point="-5.148633 4.731259 -16.504913 -4.742066 4.731259 -16.464870 -4.351123 4.731259 -16.346279 -3.990828 4.731259 -16.153698 -3.675027 4.731259 -15.894526 -3.415855 4.731259 -15.578724 -3.223274 4.731259 -15.218430 -3.104682 4.731259 -14.827486 -3.064639 4.731259 -14.420919 -3.104682 4.731259 -14.014353 -3.223274 4.731259 -13.623409 -3.415855 4.731259 -13.263115 -3.675027 4.731259 -12.947313 -3.990828 4.731259 -12.688142 -4.351123 4.731259 -12.495560 -4.742066 4.731259 -12.376968 -5.148633 4.731259 -12.336926 -5.555200 4.731259 -12.376968 -5.946143 4.731259 -12.495560 -6.306438 4.731259 -12.688142 -6.622239 4.731259 -12.947313 -6.881411 4.731259 -13.263115 -7.073992 4.731259 -13.623409 -7.192584 4.731259 -14.014353 -7.232627 4.731259 -14.420919 -7.192584 4.731259 -14.827486 -7.073992 4.731259 -15.218430 -6.881411 4.731259 -15.578724 -6.622239 4.731259 -15.894526 -6.306438 4.731259 -16.153698 -5.946143 4.731259 -16.346279 -5.555200 4.731259 -16.464870 -5.148633 8.899247 -14.420919 "
							            />
							<TextureCoordinate point="0.2500 0.4900 0.2500 0.2500 0.2968 0.4854 0.2968 0.4854 0.2500 0.2500 0.3418 0.4717 0.3418 0.4717 0.2500 0.2500 0.3833 0.4496 0.3833 0.4496 0.2500 0.2500 0.4197 0.4197 0.4197 0.4197 0.2500 0.2500 0.4496 0.3833 0.4496 0.3833 0.2500 0.2500 0.4717 0.3418 0.4717 0.3418 0.2500 0.2500 0.4854 0.2968 0.4854 0.2968 0.2500 0.2500 0.4900 0.2500 0.4900 0.2500 0.2500 0.2500 0.4854 0.2032 0.4854 0.2032 0.2500 0.2500 0.4717 0.1582 0.4717 0.1582 0.2500 0.2500 0.4496 0.1167 0.4496 0.1167 0.2500 0.2500 0.4197 0.0803 0.4197 0.0803 0.2500 0.2500 0.3833 0.0504 0.3833 0.0504 0.2500 0.2500 0.3418 0.0283 0.3418 0.0283 0.2500 0.2500 0.2968 0.0146 0.2968 0.0146 0.2500 0.2500 0.2500 0.0100 0.2500 0.0100 0.2500 0.2500 0.2032 0.0146 0.2032 0.0146 0.2500 0.2500 0.1582 0.0283 0.1582 0.0283 0.2500 0.2500 0.1167 0.0504 0.1167 0.0504 0.2500 0.2500 0.0803 0.0803 0.0803 0.0803 0.2500 0.2500 0.0504 0.1167 0.0504 0.1167 0.2500 0.2500 0.0283 0.1582 0.0283 0.1582 0.2500 0.2500 0.0146 0.2032 0.0146 0.2032 0.2500 0.2500 0.0100 0.2500 0.0100 0.2500 0.2500 0.2500 0.0146 0.2968 0.0146 0.2968 0.2500 0.2500 0.0283 0.3418 0.0283 0.3418 0.2500 0.2500 0.0504 0.3833 0.0504 0.3833 0.2500 0.2500 0.0803 0.4197 0.0803 0.4197 0.2500 0.2500 0.1167 0.4496 0.1167 0.4496 0.2500 0.2500 0.1582 0.4717 0.7500 0.4900 0.7968 0.4854 0.8418 0.4717 0.8833 0.4496 0.9197 0.4197 0.9496 0.3833 0.9717 0.3418 0.9854 0.2968 0.9900 0.2500 0.9854 0.2032 0.9717 0.1582 0.9496 0.1167 0.9197 0.0803 0.8833 0.0504 0.8418 0.0283 0.7968 0.0146 0.7500 0.0100 0.7032 0.0146 0.6582 0.0283 0.6167 0.0504 0.5803 0.0803 0.5504 0.1167 0.5283 0.1582 0.5146 0.2032 0.5100 0.2500 0.5146 0.2968 0.5283 0.3418 0.5504 0.3833 0.5803 0.4197 0.6167 0.4496 0.6582 0.4717 0.7032 0.4854 0.1582 0.4717 0.2500 0.2500 0.2032 0.4854 0.2032 0.4854 0.2500 0.2500 0.2500 0.4900 " />
						</IndexedFaceSet>
					</Shape>
				</Group>
			</Transform>
		</Transform>
		<Transform DEF="Shape_IndexedFaceSet_008_TRANSFORM"
		           translation="0.000000 0.000000 0.000000"
		           scale="1.000000 1.000000 1.000000"
		           rotation="-0.000000 0.000000 0.000000 0.000000"
		           >
			<Transform DEF="Shape_IndexedFaceSet_008_ifs_TRANSFORM"
			           translation="0.000000 0.000000 0.000000"
			           scale="1.000000 1.000000 1.000000"
			           rotation="0.000000 1.000000 0.000000 0.000000"
			           >
				<Group DEF="group_ME_Shape_IndexedFaceSet_008">
					<Shape>
						<Appearance>
							<Material USE="MA_MA_KolorWiez" />
						</Appearance>
						<IndexedFaceSet solid="false"
						                texCoordIndex="0 1 2 -1 3 4 5 -1 6 7 8 -1 9 10 11 -1 12 13 14 -1 15 16 17 -1 18 19 20 -1 21 22 23 -1 24 25 26 -1 27 28 29 -1 30 31 32 -1 33 34 35 -1 36 37 38 -1 39 40 41 -1 42 43 44 -1 45 46 47 -1 48 49 50 -1 51 52 53 -1 54 55 56 -1 57 58 59 -1 60 61 62 -1 63 64 65 -1 66 67 68 -1 69 70 71 -1 72 73 74 -1 75 76 77 -1 78 79 80 -1 81 82 83 -1 84 85 86 -1 87 88 89 -1 90 91 92 93 94 95 96 97 98 99 100 101 102 103 104 105 106 107 108 109 110 111 112 113 114 115 116 117 118 119 120 121 -1 122 123 124 -1 125 126 127 -1 "
						                coordIndex="0 32 1 -1 1 32 2 -1 2 32 3 -1 3 32 4 -1 4 32 5 -1 5 32 6 -1 6 32 7 -1 7 32 8 -1 8 32 9 -1 9 32 10 -1 10 32 11 -1 11 32 12 -1 12 32 13 -1 13 32 14 -1 14 32 15 -1 15 32 16 -1 16 32 17 -1 17 32 18 -1 18 32 19 -1 19 32 20 -1 20 32 21 -1 21 32 22 -1 22 32 23 -1 23 32 24 -1 24 32 25 -1 25 32 26 -1 26 32 27 -1 27 32 28 -1 28 32 29 -1 29 32 30 -1 0 1 2 3 4 5 6 7 8 9 10 11 12 13 14 15 16 17 18 19 20 21 22 23 24 25 26 27 28 29 30 31 -1 30 32 31 -1 31 32 0 -1 "
						                >
							<Coordinate DEF="coords_ME_Shape_IndexedFaceSet_008"
							            point="-3.107014 15.867220 2.391554 -2.859731 15.867220 2.415909 -2.621952 15.867220 2.488039 -2.402814 15.867220 2.605171 -2.210737 15.867220 2.762804 -2.053104 15.867220 2.954880 -1.935972 15.867220 3.174019 -1.863842 15.867220 3.411798 -1.839487 15.867220 3.659081 -1.863842 15.867220 3.906363 -1.935972 15.867220 4.144142 -2.053104 15.867220 4.363281 -2.210737 15.867220 4.555357 -2.402814 15.867220 4.712990 -2.621952 15.867220 4.830122 -2.859731 15.867220 4.902252 -3.107014 15.867220 4.926607 -3.354296 15.867220 4.902252 -3.592075 15.867220 4.830122 -3.811214 15.867220 4.712990 -4.003290 15.867220 4.555357 -4.160923 15.867220 4.363281 -4.278056 15.867220 4.144142 -4.350185 15.867220 3.906363 -4.374540 15.867220 3.659081 -4.350185 15.867220 3.411798 -4.278056 15.867220 3.174019 -4.160923 15.867220 2.954880 -4.003290 15.867220 2.762804 -3.811214 15.867220 2.605171 -3.592075 15.867220 2.488039 -3.354296 15.867220 2.415909 -3.107014 18.402273 3.659081 "
							            />
							<TextureCoordinate point="0.2500 0.4900 0.2500 0.2500 0.2968 0.4854 0.2968 0.4854 0.2500 0.2500 0.3418 0.4717 0.3418 0.4717 0.2500 0.2500 0.3833 0.4496 0.3833 0.4496 0.2500 0.2500 0.4197 0.4197 0.4197 0.4197 0.2500 0.2500 0.4496 0.3833 0.4496 0.3833 0.2500 0.2500 0.4717 0.3418 0.4717 0.3418 0.2500 0.2500 0.4854 0.2968 0.4854 0.2968 0.2500 0.2500 0.4900 0.2500 0.4900 0.2500 0.2500 0.2500 0.4854 0.2032 0.4854 0.2032 0.2500 0.2500 0.4717 0.1582 0.4717 0.1582 0.2500 0.2500 0.4496 0.1167 0.4496 0.1167 0.2500 0.2500 0.4197 0.0803 0.4197 0.0803 0.2500 0.2500 0.3833 0.0504 0.3833 0.0504 0.2500 0.2500 0.3418 0.0283 0.3418 0.0283 0.2500 0.2500 0.2968 0.0146 0.2968 0.0146 0.2500 0.2500 0.2500 0.0100 0.2500 0.0100 0.2500 0.2500 0.2032 0.0146 0.2032 0.0146 0.2500 0.2500 0.1582 0.0283 0.1582 0.0283 0.2500 0.2500 0.1167 0.0504 0.1167 0.0504 0.2500 0.2500 0.0803 0.0803 0.0803 0.0803 0.2500 0.2500 0.0504 0.1167 0.0504 0.1167 0.2500 0.2500 0.0283 0.1582 0.0283 0.1582 0.2500 0.2500 0.0146 0.2032 0.0146 0.2032 0.2500 0.2500 0.0100 0.2500 0.0100 0.2500 0.2500 0.2500 0.0146 0.2968 0.0146 0.2968 0.2500 0.2500 0.0283 0.3418 0.0283 0.3418 0.2500 0.2500 0.0504 0.3833 0.0504 0.3833 0.2500 0.2500 0.0803 0.4197 0.0803 0.4197 0.2500 0.2500 0.1167 0.4496 0.1167 0.4496 0.2500 0.2500 0.1582 0.4717 0.7500 0.4900 0.7968 0.4854 0.8418 0.4717 0.8833 0.4496 0.9197 0.4197 0.9496 0.3833 0.9717 0.3418 0.9854 0.2968 0.9900 0.2500 0.9854 0.2032 0.9717 0.1582 0.9496 0.1167 0.9197 0.0803 0.8833 0.0504 0.8418 0.0283 0.7968 0.0146 0.7500 0.0100 0.7032 0.0146 0.6582 0.0283 0.6167 0.0504 0.5803 0.0803 0.5504 0.1167 0.5283 0.1582 0.5146 0.2032 0.5100 0.2500 0.5146 0.2968 0.5283 0.3418 0.5504 0.3833 0.5803 0.4197 0.6167 0.4496 0.6582 0.4717 0.7032 0.4854 0.1582 0.4717 0.2500 0.2500 0.2032 0.4854 0.2032 0.4854 0.2500 0.2500 0.2500 0.4900 " />
						</IndexedFaceSet>
					</Shape>
				</Group>
			</Transform>
		</Transform>
		<Transform DEF="Shape_IndexedFaceSet_009_TRANSFORM"
		           translation="0.000000 0.000000 0.000000"
		           scale="1.000000 1.000000 1.000000"
		           rotation="-0.000000 0.000000 0.000000 0.000000"
		           >
			<Transform DEF="Shape_IndexedFaceSet_009_ifs_TRANSFORM"
			           translation="0.000000 0.000000 0.000000"
			           scale="1.000000 1.000000 1.000000"
			           rotation="0.000000 1.000000 0.000000 0.000000"
			           >
				<Group DEF="group_ME_Shape_IndexedFaceSet_009">
					<Shape>
						<Appearance>
							<Material USE="MA_MA_KolorWiez" />
						</Appearance>
						<IndexedFaceSet solid="false"
						                texCoordIndex="0 1 2 -1 3 4 5 -1 6 7 8 -1 9 10 11 -1 12 13 14 -1 15 16 17 -1 18 19 20 -1 21 22 23 -1 24 25 26 -1 27 28 29 -1 30 31 32 -1 33 34 35 -1 36 37 38 -1 39 40 41 -1 42 43 44 -1 45 46 47 -1 48 49 50 -1 51 52 53 -1 54 55 56 -1 57 58 59 -1 60 61 62 -1 63 64 65 -1 66 67 68 -1 69 70 71 -1 72 73 74 -1 75 76 77 -1 78 79 80 -1 81 82 83 -1 84 85 86 -1 87 88 89 -1 90 91 92 93 94 95 96 97 98 99 100 101 102 103 104 105 106 107 108 109 110 111 112 113 114 115 116 117 118 119 120 121 -1 122 123 124 -1 125 126 127 -1 "
						                coordIndex="0 32 1 -1 1 32 2 -1 2 32 3 -1 3 32 4 -1 4 32 5 -1 5 32 6 -1 6 32 7 -1 7 32 8 -1 8 32 9 -1 9 32 10 -1 10 32 11 -1 11 32 12 -1 12 32 13 -1 13 32 14 -1 14 32 15 -1 15 32 16 -1 16 32 17 -1 17 32 18 -1 18 32 19 -1 19 32 20 -1 20 32 21 -1 21 32 22 -1 22 32 23 -1 23 32 24 -1 24 32 25 -1 25 32 26 -1 26 32 27 -1 27 32 28 -1 28 32 29 -1 29 32 30 -1 0 1 2 3 4 5 6 7 8 9 10 11 12 13 14 15 16 17 18 19 20 21 22 23 24 25 26 27 28 29 30 31 -1 30 32 31 -1 31 32 0 -1 "
						                >
							<Coordinate DEF="coords_ME_Shape_IndexedFaceSet_009"
							            point="3.212602 15.682024 -4.529785 3.459884 15.682024 -4.505430 3.697664 15.682024 -4.433300 3.916802 15.682024 -4.316168 4.108879 15.682024 -4.158535 4.266512 15.682024 -3.966458 4.383644 15.682024 -3.747320 4.455773 15.682024 -3.509541 4.480129 15.682024 -3.262258 4.455773 15.682024 -3.014976 4.383644 15.682024 -2.777197 4.266512 15.682024 -2.558058 4.108879 15.682024 -2.365982 3.916802 15.682024 -2.208348 3.697664 15.682024 -2.091217 3.459884 15.682024 -2.019087 3.212602 15.682024 -1.994732 2.965320 15.682024 -2.019087 2.727541 15.682024 -2.091217 2.508402 15.682024 -2.208348 2.316325 15.682024 -2.365982 2.158692 15.682024 -2.558058 2.041560 15.682024 -2.777197 1.969431 15.682024 -3.014976 1.945076 15.682024 -3.262258 1.969431 15.682024 -3.509541 2.041560 15.682024 -3.747320 2.158692 15.682024 -3.966458 2.316325 15.682024 -4.158535 2.508402 15.682024 -4.316168 2.727541 15.682024 -4.433300 2.965320 15.682024 -4.505430 3.212602 18.217077 -3.262258 "
							            />
							<TextureCoordinate point="0.2500 0.4900 0.2500 0.2500 0.2968 0.4854 0.2968 0.4854 0.2500 0.2500 0.3418 0.4717 0.3418 0.4717 0.2500 0.2500 0.3833 0.4496 0.3833 0.4496 0.2500 0.2500 0.4197 0.4197 0.4197 0.4197 0.2500 0.2500 0.4496 0.3833 0.4496 0.3833 0.2500 0.2500 0.4717 0.3418 0.4717 0.3418 0.2500 0.2500 0.4854 0.2968 0.4854 0.2968 0.2500 0.2500 0.4900 0.2500 0.4900 0.2500 0.2500 0.2500 0.4854 0.2032 0.4854 0.2032 0.2500 0.2500 0.4717 0.1582 0.4717 0.1582 0.2500 0.2500 0.4496 0.1167 0.4496 0.1167 0.2500 0.2500 0.4197 0.0803 0.4197 0.0803 0.2500 0.2500 0.3833 0.0504 0.3833 0.0504 0.2500 0.2500 0.3418 0.0283 0.3418 0.0283 0.2500 0.2500 0.2968 0.0146 0.2968 0.0146 0.2500 0.2500 0.2500 0.0100 0.2500 0.0100 0.2500 0.2500 0.2032 0.0146 0.2032 0.0146 0.2500 0.2500 0.1582 0.0283 0.1582 0.0283 0.2500 0.2500 0.1167 0.0504 0.1167 0.0504 0.2500 0.2500 0.0803 0.0803 0.0803 0.0803 0.2500 0.2500 0.0504 0.1167 0.0504 0.1167 0.2500 0.2500 0.0283 0.1582 0.0283 0.1582 0.2500 0.2500 0.0146 0.2032 0.0146 0.2032 0.2500 0.2500 0.0100 0.2500 0.0100 0.2500 0.2500 0.2500 0.0146 0.2968 0.0146 0.2968 0.2500 0.2500 0.0283 0.3418 0.0283 0.3418 0.2500 0.2500 0.0504 0.3833 0.0504 0.3833 0.2500 0.2500 0.0803 0.4197 0.0803 0.4197 0.2500 0.2500 0.1167 0.4496 0.1167 0.4496 0.2500 0.2500 0.1582 0.4717 0.7500 0.4900 0.7968 0.4854 0.8418 0.4717 0.8833 0.4496 0.9197 0.4197 0.9496 0.3833 0.9717 0.3418 0.9854 0.2968 0.9900 0.2500 0.9854 0.2032 0.9717 0.1582 0.9496 0.1167 0.9197 0.0803 0.8833 0.0504 0.8418 0.0283 0.7968 0.0146 0.7500 0.0100 0.7032 0.0146 0.6582 0.0283 0.6167 0.0504 0.5803 0.0803 0.5504 0.1167 0.5283 0.1582 0.5146 0.2032 0.5100 0.2500 0.5146 0.2968 0.5283 0.3418 0.5504 0.3833 0.5803 0.4197 0.6167 0.4496 0.6582 0.4717 0.7032 0.4854 0.1582 0.4717 0.2500 0.2500 0.2032 0.4854 0.2032 0.4854 0.2500 0.2500 0.2500 0.4900 " />
						</IndexedFaceSet>
					</Shape>
				</Group>
			</Transform>
		</Transform>
		<Transform DEF="Shape_IndexedFaceSet_010_TRANSFORM"
		           translation="0.000000 0.000000 0.000000"
		           scale="1.000000 1.000000 1.000000"
		           rotation="-0.000000 0.000000 0.000000 0.000000"
		           >
			<Transform DEF="Shape_IndexedFaceSet_010_ifs_TRANSFORM"
			           translation="0.000000 0.000000 0.000000"
			           scale="1.000000 1.000000 1.000000"
			           rotation="0.000000 1.000000 0.000000 0.000000"
			           >
				<Group DEF="group_ME_Shape_IndexedFaceSet_010">
					<Shape>
						<Appearance>
							<Material USE="MA_MA_KolorWiez" />
						</Appearance>
						<IndexedFaceSet solid="false"
						                texCoordIndex="0 1 2 -1 3 4 5 -1 6 7 8 -1 9 10 11 -1 12 13 14 -1 15 16 17 -1 18 19 20 -1 21 22 23 -1 24 25 26 -1 27 28 29 -1 30 31 32 -1 33 34 35 -1 36 37 38 -1 39 40 41 -1 42 43 44 -1 45 46 47 -1 48 49 50 -1 51 52 53 -1 54 55 56 -1 57 58 59 -1 60 61 62 -1 63 64 65 -1 66 67 68 -1 69 70 71 -1 72 73 74 -1 75 76 77 -1 78 79 80 -1 81 82 83 -1 84 85 86 -1 87 88 89 -1 90 91 92 93 94 95 96 97 98 99 100 101 102 103 104 105 106 107 108 109 110 111 112 113 114 115 116 117 118 119 120 121 -1 122 123 124 -1 125 126 127 -1 "
						                coordIndex="0 32 1 -1 1 32 2 -1 2 32 3 -1 3 32 4 -1 4 32 5 -1 5 32 6 -1 6 32 7 -1 7 32 8 -1 8 32 9 -1 9 32 10 -1 10 32 11 -1 11 32 12 -1 12 32 13 -1 13 32 14 -1 14 32 15 -1 15 32 16 -1 16 32 17 -1 17 32 18 -1 18 32 19 -1 19 32 20 -1 20 32 21 -1 21 32 22 -1 22 32 23 -1 23 32 24 -1 24 32 25 -1 25 32 26 -1 26 32 27 -1 27 32 28 -1 28 32 29 -1 29 32 30 -1 0 1 2 3 4 5 6 7 8 9 10 11 12 13 14 15 16 17 18 19 20 21 22 23 24 25 26 27 28 29 30 31 -1 30 32 31 -1 31 32 0 -1 "
						                >
							<Coordinate DEF="coords_ME_Shape_IndexedFaceSet_010"
							            point="-2.994538 15.612267 -4.471284 -2.747255 15.612267 -4.446929 -2.509476 15.612267 -4.374800 -2.290338 15.612267 -4.257668 -2.098261 15.612267 -4.100034 -1.940628 15.612267 -3.907958 -1.823496 15.612267 -3.688819 -1.751366 15.612267 -3.451040 -1.727011 15.612267 -3.203758 -1.751366 15.612267 -2.956475 -1.823496 15.612267 -2.718696 -1.940628 15.612267 -2.499558 -2.098261 15.612267 -2.307481 -2.290338 15.612267 -2.149848 -2.509476 15.612267 -2.032716 -2.747255 15.612267 -1.960586 -2.994538 15.612267 -1.936231 -3.241820 15.612267 -1.960586 -3.479599 15.612267 -2.032716 -3.698738 15.612267 -2.149848 -3.890814 15.612267 -2.307481 -4.048448 15.612267 -2.499558 -4.165579 15.612267 -2.718696 -4.237709 15.612267 -2.956475 -4.262064 15.612267 -3.203758 -4.237709 15.612267 -3.451040 -4.165579 15.612267 -3.688819 -4.048448 15.612267 -3.907958 -3.890814 15.612267 -4.100034 -3.698738 15.612267 -4.257668 -3.479599 15.612267 -4.374800 -3.241820 15.612267 -4.446929 -2.994538 18.147320 -3.203758 "
							            />
							<TextureCoordinate point="0.2500 0.4900 0.2500 0.2500 0.2968 0.4854 0.2968 0.4854 0.2500 0.2500 0.3418 0.4717 0.3418 0.4717 0.2500 0.2500 0.3833 0.4496 0.3833 0.4496 0.2500 0.2500 0.4197 0.4197 0.4197 0.4197 0.2500 0.2500 0.4496 0.3833 0.4496 0.3833 0.2500 0.2500 0.4717 0.3418 0.4717 0.3418 0.2500 0.2500 0.4854 0.2968 0.4854 0.2968 0.2500 0.2500 0.4900 0.2500 0.4900 0.2500 0.2500 0.2500 0.4854 0.2032 0.4854 0.2032 0.2500 0.2500 0.4717 0.1582 0.4717 0.1582 0.2500 0.2500 0.4496 0.1167 0.4496 0.1167 0.2500 0.2500 0.4197 0.0803 0.4197 0.0803 0.2500 0.2500 0.3833 0.0504 0.3833 0.0504 0.2500 0.2500 0.3418 0.0283 0.3418 0.0283 0.2500 0.2500 0.2968 0.0146 0.2968 0.0146 0.2500 0.2500 0.2500 0.0100 0.2500 0.0100 0.2500 0.2500 0.2032 0.0146 0.2032 0.0146 0.2500 0.2500 0.1582 0.0283 0.1582 0.0283 0.2500 0.2500 0.1167 0.0504 0.1167 0.0504 0.2500 0.2500 0.0803 0.0803 0.0803 0.0803 0.2500 0.2500 0.0504 0.1167 0.0504 0.1167 0.2500 0.2500 0.0283 0.1582 0.0283 0.1582 0.2500 0.2500 0.0146 0.2032 0.0146 0.2032 0.2500 0.2500 0.0100 0.2500 0.0100 0.2500 0.2500 0.2500 0.0146 0.2968 0.0146 0.2968 0.2500 0.2500 0.0283 0.3418 0.0283 0.3418 0.2500 0.2500 0.0504 0.3833 0.0504 0.3833 0.2500 0.2500 0.0803 0.4197 0.0803 0.4197 0.2500 0.2500 0.1167 0.4496 0.1167 0.4496 0.2500 0.2500 0.1582 0.4717 0.7500 0.4900 0.7968 0.4854 0.8418 0.4717 0.8833 0.4496 0.9197 0.4197 0.9496 0.3833 0.9717 0.3418 0.9854 0.2968 0.9900 0.2500 0.9854 0.2032 0.9717 0.1582 0.9496 0.1167 0.9197 0.0803 0.8833 0.0504 0.8418 0.0283 0.7968 0.0146 0.7500 0.0100 0.7032 0.0146 0.6582 0.0283 0.6167 0.0504 0.5803 0.0803 0.5504 0.1167 0.5283 0.1582 0.5146 0.2032 0.5100 0.2500 0.5146 0.2968 0.5283 0.3418 0.5504 0.3833 0.5803 0.4197 0.6167 0.4496 0.6582 0.4717 0.7032 0.4854 0.1582 0.4717 0.2500 0.2500 0.2032 0.4854 0.2032 0.4854 0.2500 0.2500 0.2500 0.4900 " />
						</IndexedFaceSet>
					</Shape>
				</Group>
			</Transform>
		</Transform>
		<Transform DEF="Shape_IndexedFaceSet_011_TRANSFORM"
		           translation="0.000000 0.000000 0.000000"
		           scale="1.000000 1.000000 1.000000"
		           rotation="-0.000000 0.000000 0.000000 0.000000"
		           >
			<Transform DEF="Shape_IndexedFaceSet_011_ifs_TRANSFORM"
			           translation="0.000000 0.000000 0.000000"
			           scale="1.000000 1.000000 1.000000"
			           rotation="0.000000 1.000000 0.000000 0.000000"
			           >
				<Group DEF="group_ME_Shape_IndexedFaceSet_011">
					<Shape>
						<Appearance>
							<Material USE="MA_MA_KolorWiez" />
						</Appearance>
						<IndexedFaceSet solid="false"
						                texCoordIndex="0 1 2 -1 3 4 5 -1 6 7 8 -1 9 10 11 -1 12 13 14 -1 15 16 17 -1 18 19 20 -1 21 22 23 -1 24 25 26 -1 27 28 29 -1 30 31 32 -1 33 34 35 -1 36 37 38 -1 39 40 41 -1 42 43 44 -1 45 46 47 -1 48 49 50 -1 51 52 53 -1 54 55 56 -1 57 58 59 -1 60 61 62 -1 63 64 65 -1 66 67 68 -1 69 70 71 -1 72 73 74 -1 75 76 77 -1 78 79 80 -1 81 82 83 -1 84 85 86 -1 87 88 89 -1 90 91 92 93 94 95 96 97 98 99 100 101 102 103 104 105 106 107 108 109 110 111 112 113 114 115 116 117 118 119 120 121 -1 122 123 124 -1 125 126 127 -1 "
						                coordIndex="0 32 1 -1 1 32 2 -1 2 32 3 -1 3 32 4 -1 4 32 5 -1 5 32 6 -1 6 32 7 -1 7 32 8 -1 8 32 9 -1 9 32 10 -1 10 32 11 -1 11 32 12 -1 12 32 13 -1 13 32 14 -1 14 32 15 -1 15 32 16 -1 16 32 17 -1 17 32 18 -1 18 32 19 -1 19 32 20 -1 20 32 21 -1 21 32 22 -1 22 32 23 -1 23 32 24 -1 24 32 25 -1 25 32 26 -1 26 32 27 -1 27 32 28 -1 28 32 29 -1 29 32 30 -1 0 1 2 3 4 5 6 7 8 9 10 11 12 13 14 15 16 17 18 19 20 21 22 23 24 25 26 27 28 29 30 31 -1 30 32 31 -1 31 32 0 -1 "
						                >
							<Coordinate DEF="coords_ME_Shape_IndexedFaceSet_011"
							            point="3.216079 15.827639 2.576146 3.463362 15.827639 2.600501 3.701141 15.827639 2.672631 3.920279 15.827639 2.789763 4.112356 15.827639 2.947396 4.269989 15.827639 3.139473 4.387121 15.827639 3.358611 4.459250 15.827639 3.596390 4.483606 15.827639 3.843673 4.459250 15.827639 4.090955 4.387121 15.827639 4.328734 4.269989 15.827639 4.547873 4.112356 15.827639 4.739949 3.920279 15.827639 4.897583 3.701141 15.827639 5.014715 3.463362 15.827639 5.086844 3.216079 15.827639 5.111199 2.968797 15.827639 5.086844 2.731018 15.827639 5.014715 2.511879 15.827639 4.897583 2.319803 15.827639 4.739949 2.162169 15.827639 4.547873 2.045037 15.827639 4.328734 1.972908 15.827639 4.090955 1.948553 15.827639 3.843673 1.972908 15.827639 3.596390 2.045037 15.827639 3.358611 2.162169 15.827639 3.139473 2.319803 15.827639 2.947396 2.511879 15.827639 2.789763 2.731018 15.827639 2.672631 2.968797 15.827639 2.600501 3.216079 18.362692 3.843673 "
							            />
							<TextureCoordinate point="0.2500 0.4900 0.2500 0.2500 0.2968 0.4854 0.2968 0.4854 0.2500 0.2500 0.3418 0.4717 0.3418 0.4717 0.2500 0.2500 0.3833 0.4496 0.3833 0.4496 0.2500 0.2500 0.4197 0.4197 0.4197 0.4197 0.2500 0.2500 0.4496 0.3833 0.4496 0.3833 0.2500 0.2500 0.4717 0.3418 0.4717 0.3418 0.2500 0.2500 0.4854 0.2968 0.4854 0.2968 0.2500 0.2500 0.4900 0.2500 0.4900 0.2500 0.2500 0.2500 0.4854 0.2032 0.4854 0.2032 0.2500 0.2500 0.4717 0.1582 0.4717 0.1582 0.2500 0.2500 0.4496 0.1167 0.4496 0.1167 0.2500 0.2500 0.4197 0.0803 0.4197 0.0803 0.2500 0.2500 0.3833 0.0504 0.3833 0.0504 0.2500 0.2500 0.3418 0.0283 0.3418 0.0283 0.2500 0.2500 0.2968 0.0146 0.2968 0.0146 0.2500 0.2500 0.2500 0.0100 0.2500 0.0100 0.2500 0.2500 0.2032 0.0146 0.2032 0.0146 0.2500 0.2500 0.1582 0.0283 0.1582 0.0283 0.2500 0.2500 0.1167 0.0504 0.1167 0.0504 0.2500 0.2500 0.0803 0.0803 0.0803 0.0803 0.2500 0.2500 0.0504 0.1167 0.0504 0.1167 0.2500 0.2500 0.0283 0.1582 0.0283 0.1582 0.2500 0.2500 0.0146 0.2032 0.0146 0.2032 0.2500 0.2500 0.0100 0.2500 0.0100 0.2500 0.2500 0.2500 0.0146 0.2968 0.0146 0.2968 0.2500 0.2500 0.0283 0.3418 0.0283 0.3418 0.2500 0.2500 0.0504 0.3833 0.0504 0.3833 0.2500 0.2500 0.0803 0.4197 0.0803 0.4197 0.2500 0.2500 0.1167 0.4496 0.1167 0.4496 0.2500 0.2500 0.1582 0.4717 0.7500 0.4900 0.7968 0.4854 0.8418 0.4717 0.8833 0.4496 0.9197 0.4197 0.9496 0.3833 0.9717 0.3418 0.9854 0.2968 0.9900 0.2500 0.9854 0.2032 0.9717 0.1582 0.9496 0.1167 0.9197 0.0803 0.8833 0.0504 0.8418 0.0283 0.7968 0.0146 0.7500 0.0100 0.7032 0.0146 0.6582 0.0283 0.6167 0.0504 0.5803 0.0803 0.5504 0.1167 0.5283 0.1582 0.5146 0.2032 0.5100 0.2500 0.5146 0.2968 0.5283 0.3418 0.5504 0.3833 0.5803 0.4197 0.6167 0.4496 0.6582 0.4717 0.7032 0.4854 0.1582 0.4717 0.2500 0.2500 0.2032 0.4854 0.2032 0.4854 0.2500 0.2500 0.2500 0.4900 " />
						</IndexedFaceSet>
					</Shape>
				</Group>
			</Transform>
		</Transform>
		<Transform DEF="Shape_IndexedFaceSet_012_TRANSFORM"
		           translation="0.000000 0.000000 0.000000"
		           scale="1.000000 1.000000 1.000000"
		           rotation="-0.000000 0.000000 0.000000 0.000000"
		           >
			<Transform DEF="Shape_IndexedFaceSet_012_ifs_TRANSFORM"
			           translation="0.000000 0.000000 0.000000"
			           scale="1.000000 1.000000 1.000000"
			           rotation="0.000000 1.000000 0.000000 0.000000"
			           >
				<Group DEF="group_ME_Shape_IndexedFaceSet_012">
					<Shape>
						<Appearance>
							<Material USE="MA_MA_KolorWiez" />
						</Appearance>
						<IndexedFaceSet solid="false"
						                texCoordIndex="0 1 2 -1 3 4 5 -1 6 7 8 -1 9 10 11 -1 12 13 14 -1 15 16 17 -1 18 19 20 -1 21 22 23 -1 24 25 26 -1 27 28 29 -1 30 31 32 -1 33 34 35 -1 36 37 38 -1 39 40 41 -1 42 43 44 -1 45 46 47 -1 48 49 50 -1 51 52 53 -1 54 55 56 -1 57 58 59 -1 60 61 62 -1 63 64 65 -1 66 67 68 -1 69 70 71 -1 72 73 74 -1 75 76 77 -1 78 79 80 -1 81 82 83 -1 84 85 86 -1 87 88 89 -1 90 91 92 93 94 95 96 97 98 99 100 101 102 103 104 105 106 107 108 109 110 111 112 113 114 115 116 117 118 119 120 121 -1 122 123 124 -1 125 126 127 -1 "
						                coordIndex="0 32 1 -1 1 32 2 -1 2 32 3 -1 3 32 4 -1 4 32 5 -1 5 32 6 -1 6 32 7 -1 7 32 8 -1 8 32 9 -1 9 32 10 -1 10 32 11 -1 11 32 12 -1 12 32 13 -1 13 32 14 -1 14 32 15 -1 15 32 16 -1 16 32 17 -1 17 32 18 -1 18 32 19 -1 19 32 20 -1 20 32 21 -1 21 32 22 -1 22 32 23 -1 23 32 24 -1 24 32 25 -1 25 32 26 -1 26 32 27 -1 27 32 28 -1 28 32 29 -1 29 32 30 -1 0 1 2 3 4 5 6 7 8 9 10 11 12 13 14 15 16 17 18 19 20 21 22 23 24 25 26 27 28 29 30 31 -1 30 32 31 -1 31 32 0 -1 "
						                >
							<Coordinate DEF="coords_ME_Shape_IndexedFaceSet_012"
							            point="0.006336 17.404825 6.014622 0.412903 17.404825 6.054665 0.803846 17.404825 6.173256 1.164141 17.404825 6.365838 1.479942 17.404825 6.625010 1.739113 17.404825 6.940811 1.931695 17.404825 7.301105 2.050286 17.404825 7.692049 2.090330 17.404825 8.098616 2.050286 17.404825 8.505182 1.931695 17.404825 8.896126 1.739113 17.404825 9.256420 1.479942 17.404825 9.572222 1.164141 17.404825 9.831393 0.803846 17.404825 10.023975 0.412903 17.404825 10.142567 0.006336 17.404825 10.182610 -0.400231 17.404825 10.142567 -0.791174 17.404825 10.023975 -1.151469 17.404825 9.831393 -1.467270 17.404825 9.572222 -1.726442 17.404825 9.256420 -1.919024 17.404825 8.896126 -2.037615 17.404825 8.505182 -2.077658 17.404825 8.098616 -2.037615 17.404825 7.692049 -1.919024 17.404825 7.301105 -1.726442 17.404825 6.940811 -1.467270 17.404825 6.625010 -1.151469 17.404825 6.365838 -0.791174 17.404825 6.173256 -0.400231 17.404825 6.054665 0.006336 21.572813 8.098616 "
							            />
							<TextureCoordinate point="0.2500 0.4900 0.2500 0.2500 0.2968 0.4854 0.2968 0.4854 0.2500 0.2500 0.3418 0.4717 0.3418 0.4717 0.2500 0.2500 0.3833 0.4496 0.3833 0.4496 0.2500 0.2500 0.4197 0.4197 0.4197 0.4197 0.2500 0.2500 0.4496 0.3833 0.4496 0.3833 0.2500 0.2500 0.4717 0.3418 0.4717 0.3418 0.2500 0.2500 0.4854 0.2968 0.4854 0.2968 0.2500 0.2500 0.4900 0.2500 0.4900 0.2500 0.2500 0.2500 0.4854 0.2032 0.4854 0.2032 0.2500 0.2500 0.4717 0.1582 0.4717 0.1582 0.2500 0.2500 0.4496 0.1167 0.4496 0.1167 0.2500 0.2500 0.4197 0.0803 0.4197 0.0803 0.2500 0.2500 0.3833 0.0504 0.3833 0.0504 0.2500 0.2500 0.3418 0.0283 0.3418 0.0283 0.2500 0.2500 0.2968 0.0146 0.2968 0.0146 0.2500 0.2500 0.2500 0.0100 0.2500 0.0100 0.2500 0.2500 0.2032 0.0146 0.2032 0.0146 0.2500 0.2500 0.1582 0.0283 0.1582 0.0283 0.2500 0.2500 0.1167 0.0504 0.1167 0.0504 0.2500 0.2500 0.0803 0.0803 0.0803 0.0803 0.2500 0.2500 0.0504 0.1167 0.0504 0.1167 0.2500 0.2500 0.0283 0.1582 0.0283 0.1582 0.2500 0.2500 0.0146 0.2032 0.0146 0.2032 0.2500 0.2500 0.0100 0.2500 0.0100 0.2500 0.2500 0.2500 0.0146 0.2968 0.0146 0.2968 0.2500 0.2500 0.0283 0.3418 0.0283 0.3418 0.2500 0.2500 0.0504 0.3833 0.0504 0.3833 0.2500 0.2500 0.0803 0.4197 0.0803 0.4197 0.2500 0.2500 0.1167 0.4496 0.1167 0.4496 0.2500 0.2500 0.1582 0.4717 0.7500 0.4900 0.7968 0.4854 0.8418 0.4717 0.8833 0.4496 0.9197 0.4197 0.9496 0.3833 0.9717 0.3418 0.9854 0.2968 0.9900 0.2500 0.9854 0.2032 0.9717 0.1582 0.9496 0.1167 0.9197 0.0803 0.8833 0.0504 0.8418 0.0283 0.7968 0.0146 0.7500 0.0100 0.7032 0.0146 0.6582 0.0283 0.6167 0.0504 0.5803 0.0803 0.5504 0.1167 0.5283 0.1582 0.5146 0.2032 0.5100 0.2500 0.5146 0.2968 0.5283 0.3418 0.5504 0.3833 0.5803 0.4197 0.6167 0.4496 0.6582 0.4717 0.7032 0.4854 0.1582 0.4717 0.2500 0.2500 0.2032 0.4854 0.2032 0.4854 0.2500 0.2500 0.2500 0.4900 " />
						</IndexedFaceSet>
					</Shape>
				</Group>
			</Transform>
		</Transform>
		<Transform DEF="Shape_IndexedFaceSet_013_TRANSFORM"
		           translation="0.000000 0.000000 0.000000"
		           scale="1.000000 1.000000 1.000000"
		           rotation="-0.000000 0.000000 0.000000 0.000000"
		           >
			<Transform DEF="Shape_IndexedFaceSet_013_ifs_TRANSFORM"
			           translation="0.000000 0.000000 0.000000"
			           scale="1.000000 1.000000 1.000000"
			           rotation="0.000000 1.000000 0.000000 0.000000"
			           >
				<Group DEF="group_ME_Shape_IndexedFaceSet_013">
					<Shape>
						<Appearance>
							<Material USE="MA_MA_KolorWiez" />
						</Appearance>
						<IndexedFaceSet solid="false"
						                texCoordIndex="0 1 2 -1 3 4 5 -1 6 7 8 -1 9 10 11 -1 12 13 14 -1 15 16 17 -1 18 19 20 -1 21 22 23 -1 24 25 26 -1 27 28 29 -1 30 31 32 -1 33 34 35 -1 36 37 38 -1 39 40 41 -1 42 43 44 -1 45 46 47 -1 48 49 50 -1 51 52 53 -1 54 55 56 -1 57 58 59 -1 60 61 62 -1 63 64 65 -1 66 67 68 -1 69 70 71 -1 72 73 74 -1 75 76 77 -1 78 79 80 -1 81 82 83 -1 84 85 86 -1 87 88 89 -1 90 91 92 93 94 95 96 97 98 99 100 101 102 103 104 105 106 107 108 109 110 111 112 113 114 115 116 117 118 119 120 121 -1 122 123 124 -1 125 126 127 -1 "
						                coordIndex="0 32 1 -1 1 32 2 -1 2 32 3 -1 3 32 4 -1 4 32 5 -1 5 32 6 -1 6 32 7 -1 7 32 8 -1 8 32 9 -1 9 32 10 -1 10 32 11 -1 11 32 12 -1 12 32 13 -1 13 32 14 -1 14 32 15 -1 15 32 16 -1 16 32 17 -1 17 32 18 -1 18 32 19 -1 19 32 20 -1 20 32 21 -1 21 32 22 -1 22 32 23 -1 23 32 24 -1 24 32 25 -1 25 32 26 -1 26 32 27 -1 27 32 28 -1 28 32 29 -1 29 32 30 -1 0 1 2 3 4 5 6 7 8 9 10 11 12 13 14 15 16 17 18 19 20 21 22 23 24 25 26 27 28 29 30 31 -1 30 32 31 -1 31 32 0 -1 "
						                >
							<Coordinate DEF="coords_ME_Shape_IndexedFaceSet_013"
							            point="0.139638 17.950914 -10.017887 0.546205 17.950914 -9.977844 0.937148 17.950914 -9.859253 1.297443 17.950914 -9.666672 1.613244 17.950914 -9.407500 1.872415 17.950914 -9.091699 2.064997 17.950914 -8.731403 2.183589 17.950914 -8.340461 2.223632 17.950914 -7.933894 2.183589 17.950914 -7.527327 2.064997 17.950914 -7.136384 1.872415 17.950914 -6.776089 1.613244 17.950914 -6.460288 1.297443 17.950914 -6.201116 0.937148 17.950914 -6.008534 0.546205 17.950914 -5.889943 0.139638 17.950914 -5.849900 -0.266929 17.950914 -5.889943 -0.657872 17.950914 -6.008534 -1.018167 17.950914 -6.201116 -1.333968 17.950914 -6.460288 -1.593140 17.950914 -6.776089 -1.785721 17.950914 -7.136384 -1.904313 17.950914 -7.527327 -1.944356 17.950914 -7.933894 -1.904313 17.950914 -8.340461 -1.785721 17.950914 -8.731403 -1.593140 17.950914 -9.091699 -1.333968 17.950914 -9.407500 -1.018167 17.950914 -9.666672 -0.657872 17.950914 -9.859253 -0.266929 17.950914 -9.977844 0.139638 22.118902 -7.933894 "
							            />
							<TextureCoordinate point="0.2500 0.4900 0.2500 0.2500 0.2968 0.4854 0.2968 0.4854 0.2500 0.2500 0.3418 0.4717 0.3418 0.4717 0.2500 0.2500 0.3833 0.4496 0.3833 0.4496 0.2500 0.2500 0.4197 0.4197 0.4197 0.4197 0.2500 0.2500 0.4496 0.3833 0.4496 0.3833 0.2500 0.2500 0.4717 0.3418 0.4717 0.3418 0.2500 0.2500 0.4854 0.2968 0.4854 0.2968 0.2500 0.2500 0.4900 0.2500 0.4900 0.2500 0.2500 0.2500 0.4854 0.2032 0.4854 0.2032 0.2500 0.2500 0.4717 0.1582 0.4717 0.1582 0.2500 0.2500 0.4496 0.1167 0.4496 0.1167 0.2500 0.2500 0.4197 0.0803 0.4197 0.0803 0.2500 0.2500 0.3833 0.0504 0.3833 0.0504 0.2500 0.2500 0.3418 0.0283 0.3418 0.0283 0.2500 0.2500 0.2968 0.0146 0.2968 0.0146 0.2500 0.2500 0.2500 0.0100 0.2500 0.0100 0.2500 0.2500 0.2032 0.0146 0.2032 0.0146 0.2500 0.2500 0.1582 0.0283 0.1582 0.0283 0.2500 0.2500 0.1167 0.0504 0.1167 0.0504 0.2500 0.2500 0.0803 0.0803 0.0803 0.0803 0.2500 0.2500 0.0504 0.1167 0.0504 0.1167 0.2500 0.2500 0.0283 0.1582 0.0283 0.1582 0.2500 0.2500 0.0146 0.2032 0.0146 0.2032 0.2500 0.2500 0.0100 0.2500 0.0100 0.2500 0.2500 0.2500 0.0146 0.2968 0.0146 0.2968 0.2500 0.2500 0.0283 0.3418 0.0283 0.3418 0.2500 0.2500 0.0504 0.3833 0.0504 0.3833 0.2500 0.2500 0.0803 0.4197 0.0803 0.4197 0.2500 0.2500 0.1167 0.4496 0.1167 0.4496 0.2500 0.2500 0.1582 0.4717 0.7500 0.4900 0.7968 0.4854 0.8418 0.4717 0.8833 0.4496 0.9197 0.4197 0.9496 0.3833 0.9717 0.3418 0.9854 0.2968 0.9900 0.2500 0.9854 0.2032 0.9717 0.1582 0.9496 0.1167 0.9197 0.0803 0.8833 0.0504 0.8418 0.0283 0.7968 0.0146 0.7500 0.0100 0.7032 0.0146 0.6582 0.0283 0.6167 0.0504 0.5803 0.0803 0.5504 0.1167 0.5283 0.1582 0.5146 0.2032 0.5100 0.2500 0.5146 0.2968 0.5283 0.3418 0.5504 0.3833 0.5803 0.4197 0.6167 0.4496 0.6582 0.4717 0.7032 0.4854 0.1582 0.4717 0.2500 0.2500 0.2032 0.4854 0.2032 0.4854 0.2500 0.2500 0.2500 0.4900 " />
						</IndexedFaceSet>
					</Shape>
				</Group>
			</Transform>
		</Transform>
		<Transform DEF="Shape_IndexedFaceSet_014_TRANSFORM"
		           translation="0.000000 0.000000 0.000000"
		           scale="1.000000 1.000000 1.000000"
		           rotation="-0.000000 0.000000 0.000000 0.000000"
		           >
			<Transform DEF="Shape_IndexedFaceSet_014_ifs_TRANSFORM"
			           translation="0.000000 0.000000 0.000000"
			           scale="1.000000 1.000000 1.000000"
			           rotation="0.000000 1.000000 0.000000 0.000000"
			           >
				<Group DEF="group_ME_Shape_IndexedFaceSet_014">
					<Shape>
						<Appearance>
							<Material USE="MA_MA_KolorWiez" />
						</Appearance>
						<IndexedFaceSet solid="false"
						                texCoordIndex="0 1 2 -1 3 4 5 -1 6 7 8 -1 9 10 11 -1 12 13 14 -1 15 16 17 -1 18 19 20 -1 21 22 23 -1 24 25 26 -1 27 28 29 -1 30 31 32 -1 33 34 35 -1 36 37 38 -1 39 40 41 -1 42 43 44 -1 45 46 47 -1 48 49 50 -1 51 52 53 -1 54 55 56 -1 57 58 59 -1 60 61 62 -1 63 64 65 -1 66 67 68 -1 69 70 71 -1 72 73 74 -1 75 76 77 -1 78 79 80 -1 81 82 83 -1 84 85 86 -1 87 88 89 -1 90 91 92 93 94 95 96 97 98 99 100 101 102 103 104 105 106 107 108 109 110 111 112 113 114 115 116 117 118 119 120 121 -1 122 123 124 -1 125 126 127 -1 "
						                coordIndex="0 32 1 -1 1 32 2 -1 2 32 3 -1 3 32 4 -1 4 32 5 -1 5 32 6 -1 6 32 7 -1 7 32 8 -1 8 32 9 -1 9 32 10 -1 10 32 11 -1 11 32 12 -1 12 32 13 -1 13 32 14 -1 14 32 15 -1 15 32 16 -1 16 32 17 -1 17 32 18 -1 18 32 19 -1 19 32 20 -1 20 32 21 -1 21 32 22 -1 22 32 23 -1 23 32 24 -1 24 32 25 -1 25 32 26 -1 26 32 27 -1 27 32 28 -1 28 32 29 -1 29 32 30 -1 0 1 2 3 4 5 6 7 8 9 10 11 12 13 14 15 16 17 18 19 20 21 22 23 24 25 26 27 28 29 30 31 -1 30 32 31 -1 31 32 0 -1 "
						                >
							<Coordinate DEF="coords_ME_Shape_IndexedFaceSet_014"
							            point="4.999445 11.533356 -6.024744 5.246727 11.533356 -6.000388 5.484507 11.533356 -5.928259 5.703645 11.533356 -5.811127 5.895721 11.533356 -5.653493 6.053355 11.533356 -5.461417 6.170487 11.533356 -5.242279 6.242617 11.533356 -5.004499 6.266972 11.533356 -4.757217 6.242617 11.533356 -4.509935 6.170487 11.533356 -4.272155 6.053355 11.533356 -4.053017 5.895721 11.533356 -3.860940 5.703645 11.533356 -3.703307 5.484507 11.533356 -3.586175 5.246727 11.533356 -3.514045 4.999445 11.533356 -3.489690 4.752163 11.533356 -3.514045 4.514383 11.533356 -3.586175 4.295245 11.533356 -3.703307 4.103168 11.533356 -3.860940 3.945535 11.533356 -4.053017 3.828403 11.533356 -4.272155 3.756274 11.533356 -4.509935 3.731918 11.533356 -4.757217 3.756274 11.533356 -5.004499 3.828403 11.533356 -5.242279 3.945535 11.533356 -5.461417 4.103168 11.533356 -5.653493 4.295245 11.533356 -5.811127 4.514383 11.533356 -5.928259 4.752163 11.533356 -6.000388 4.999445 14.068409 -4.757217 "
							            />
							<TextureCoordinate point="0.2500 0.4900 0.2500 0.2500 0.2968 0.4854 0.2968 0.4854 0.2500 0.2500 0.3418 0.4717 0.3418 0.4717 0.2500 0.2500 0.3833 0.4496 0.3833 0.4496 0.2500 0.2500 0.4197 0.4197 0.4197 0.4197 0.2500 0.2500 0.4496 0.3833 0.4496 0.3833 0.2500 0.2500 0.4717 0.3418 0.4717 0.3418 0.2500 0.2500 0.4854 0.2968 0.4854 0.2968 0.2500 0.2500 0.4900 0.2500 0.4900 0.2500 0.2500 0.2500 0.4854 0.2032 0.4854 0.2032 0.2500 0.2500 0.4717 0.1582 0.4717 0.1582 0.2500 0.2500 0.4496 0.1167 0.4496 0.1167 0.2500 0.2500 0.4197 0.0803 0.4197 0.0803 0.2500 0.2500 0.3833 0.0504 0.3833 0.0504 0.2500 0.2500 0.3418 0.0283 0.3418 0.0283 0.2500 0.2500 0.2968 0.0146 0.2968 0.0146 0.2500 0.2500 0.2500 0.0100 0.2500 0.0100 0.2500 0.2500 0.2032 0.0146 0.2032 0.0146 0.2500 0.2500 0.1582 0.0283 0.1582 0.0283 0.2500 0.2500 0.1167 0.0504 0.1167 0.0504 0.2500 0.2500 0.0803 0.0803 0.0803 0.0803 0.2500 0.2500 0.0504 0.1167 0.0504 0.1167 0.2500 0.2500 0.0283 0.1582 0.0283 0.1582 0.2500 0.2500 0.0146 0.2032 0.0146 0.2032 0.2500 0.2500 0.0100 0.2500 0.0100 0.2500 0.2500 0.2500 0.0146 0.2968 0.0146 0.2968 0.2500 0.2500 0.0283 0.3418 0.0283 0.3418 0.2500 0.2500 0.0504 0.3833 0.0504 0.3833 0.2500 0.2500 0.0803 0.4197 0.0803 0.4197 0.2500 0.2500 0.1167 0.4496 0.1167 0.4496 0.2500 0.2500 0.1582 0.4717 0.7500 0.4900 0.7968 0.4854 0.8418 0.4717 0.8833 0.4496 0.9197 0.4197 0.9496 0.3833 0.9717 0.3418 0.9854 0.2968 0.9900 0.2500 0.9854 0.2032 0.9717 0.1582 0.9496 0.1167 0.9197 0.0803 0.8833 0.0504 0.8418 0.0283 0.7968 0.0146 0.7500 0.0100 0.7032 0.0146 0.6582 0.0283 0.6167 0.0504 0.5803 0.0803 0.5504 0.1167 0.5283 0.1582 0.5146 0.2032 0.5100 0.2500 0.5146 0.2968 0.5283 0.3418 0.5504 0.3833 0.5803 0.4197 0.6167 0.4496 0.6582 0.4717 0.7032 0.4854 0.1582 0.4717 0.2500 0.2500 0.2032 0.4854 0.2032 0.4854 0.2500 0.2500 0.2500 0.4900 " />
						</IndexedFaceSet>
					</Shape>
				</Group>
			</Transform>
		</Transform>
		<Transform DEF="Shape_IndexedFaceSet_015_TRANSFORM"
		           translation="0.000000 0.000000 0.000000"
		           scale="1.000000 1.000000 1.000000"
		           rotation="-0.000000 0.000000 0.000000 0.000000"
		           >
			<Transform DEF="Shape_IndexedFaceSet_015_ifs_TRANSFORM"
			           translation="0.000000 0.000000 0.000000"
			           scale="1.000000 1.000000 1.000000"
			           rotation="0.000000 1.000000 0.000000 0.000000"
			           >
				<Group DEF="group_ME_Shape_IndexedFaceSet_015">
					<Shape>
						<Appearance>
							<Material USE="MA_MA_KolorWiez" />
						</Appearance>
						<IndexedFaceSet solid="false"
						                texCoordIndex="0 1 2 -1 3 4 5 -1 6 7 8 -1 9 10 11 -1 12 13 14 -1 15 16 17 -1 18 19 20 -1 21 22 23 -1 24 25 26 -1 27 28 29 -1 30 31 32 -1 33 34 35 -1 36 37 38 -1 39 40 41 -1 42 43 44 -1 45 46 47 -1 48 49 50 -1 51 52 53 -1 54 55 56 -1 57 58 59 -1 60 61 62 -1 63 64 65 -1 66 67 68 -1 69 70 71 -1 72 73 74 -1 75 76 77 -1 78 79 80 -1 81 82 83 -1 84 85 86 -1 87 88 89 -1 90 91 92 93 94 95 96 97 98 99 100 101 102 103 104 105 106 107 108 109 110 111 112 113 114 115 116 117 118 119 120 121 -1 122 123 124 -1 125 126 127 -1 "
						                coordIndex="0 32 1 -1 1 32 2 -1 2 32 3 -1 3 32 4 -1 4 32 5 -1 5 32 6 -1 6 32 7 -1 7 32 8 -1 8 32 9 -1 9 32 10 -1 10 32 11 -1 11 32 12 -1 12 32 13 -1 13 32 14 -1 14 32 15 -1 15 32 16 -1 16 32 17 -1 17 32 18 -1 18 32 19 -1 19 32 20 -1 20 32 21 -1 21 32 22 -1 22 32 23 -1 23 32 24 -1 24 32 25 -1 25 32 26 -1 26 32 27 -1 27 32 28 -1 28 32 29 -1 29 32 30 -1 0 1 2 3 4 5 6 7 8 9 10 11 12 13 14 15 16 17 18 19 20 21 22 23 24 25 26 27 28 29 30 31 -1 30 32 31 -1 31 32 0 -1 "
						                >
							<Coordinate DEF="coords_ME_Shape_IndexedFaceSet_015"
							            point="3.402955 9.319185 -13.587836 3.650237 9.319185 -13.563481 3.888016 9.319185 -13.491351 4.107155 9.319185 -13.374220 4.299231 9.319185 -13.216586 4.456864 9.319185 -13.024509 4.573997 9.319185 -12.805371 4.646126 9.319185 -12.567592 4.670481 9.319185 -12.320310 4.646126 9.319185 -12.073028 4.573997 9.319185 -11.835248 4.456864 9.319185 -11.616110 4.299231 9.319185 -11.424033 4.107155 9.319185 -11.266399 3.888016 9.319185 -11.149268 3.650237 9.319185 -11.077138 3.402955 9.319185 -11.052783 3.155672 9.319185 -11.077138 2.917893 9.319185 -11.149268 2.698755 9.319185 -11.266399 2.506678 9.319185 -11.424033 2.349045 9.319185 -11.616110 2.231913 9.319185 -11.835248 2.159783 9.319185 -12.073028 2.135428 9.319185 -12.320310 2.159783 9.319185 -12.567592 2.231913 9.319185 -12.805371 2.349045 9.319185 -13.024509 2.506678 9.319185 -13.216586 2.698755 9.319185 -13.374220 2.917893 9.319185 -13.491351 3.155672 9.319185 -13.563481 3.402955 11.854239 -12.320310 "
							            />
							<TextureCoordinate point="0.2500 0.4900 0.2500 0.2500 0.2968 0.4854 0.2968 0.4854 0.2500 0.2500 0.3418 0.4717 0.3418 0.4717 0.2500 0.2500 0.3833 0.4496 0.3833 0.4496 0.2500 0.2500 0.4197 0.4197 0.4197 0.4197 0.2500 0.2500 0.4496 0.3833 0.4496 0.3833 0.2500 0.2500 0.4717 0.3418 0.4717 0.3418 0.2500 0.2500 0.4854 0.2968 0.4854 0.2968 0.2500 0.2500 0.4900 0.2500 0.4900 0.2500 0.2500 0.2500 0.4854 0.2032 0.4854 0.2032 0.2500 0.2500 0.4717 0.1582 0.4717 0.1582 0.2500 0.2500 0.4496 0.1167 0.4496 0.1167 0.2500 0.2500 0.4197 0.0803 0.4197 0.0803 0.2500 0.2500 0.3833 0.0504 0.3833 0.0504 0.2500 0.2500 0.3418 0.0283 0.3418 0.0283 0.2500 0.2500 0.2968 0.0146 0.2968 0.0146 0.2500 0.2500 0.2500 0.0100 0.2500 0.0100 0.2500 0.2500 0.2032 0.0146 0.2032 0.0146 0.2500 0.2500 0.1582 0.0283 0.1582 0.0283 0.2500 0.2500 0.1167 0.0504 0.1167 0.0504 0.2500 0.2500 0.0803 0.0803 0.0803 0.0803 0.2500 0.2500 0.0504 0.1167 0.0504 0.1167 0.2500 0.2500 0.0283 0.1582 0.0283 0.1582 0.2500 0.2500 0.0146 0.2032 0.0146 0.2032 0.2500 0.2500 0.0100 0.2500 0.0100 0.2500 0.2500 0.2500 0.0146 0.2968 0.0146 0.2968 0.2500 0.2500 0.0283 0.3418 0.0283 0.3418 0.2500 0.2500 0.0504 0.3833 0.0504 0.3833 0.2500 0.2500 0.0803 0.4197 0.0803 0.4197 0.2500 0.2500 0.1167 0.4496 0.1167 0.4496 0.2500 0.2500 0.1582 0.4717 0.7500 0.4900 0.7968 0.4854 0.8418 0.4717 0.8833 0.4496 0.9197 0.4197 0.9496 0.3833 0.9717 0.3418 0.9854 0.2968 0.9900 0.2500 0.9854 0.2032 0.9717 0.1582 0.9496 0.1167 0.9197 0.0803 0.8833 0.0504 0.8418 0.0283 0.7968 0.0146 0.7500 0.0100 0.7032 0.0146 0.6582 0.0283 0.6167 0.0504 0.5803 0.0803 0.5504 0.1167 0.5283 0.1582 0.5146 0.2032 0.5100 0.2500 0.5146 0.2968 0.5283 0.3418 0.5504 0.3833 0.5803 0.4197 0.6167 0.4496 0.6582 0.4717 0.7032 0.4854 0.1582 0.4717 0.2500 0.2500 0.2032 0.4854 0.2032 0.4854 0.2500 0.2500 0.2500 0.4900 " />
						</IndexedFaceSet>
					</Shape>
				</Group>
			</Transform>
		</Transform>
		<Transform DEF="Shape_IndexedFaceSet_016_TRANSFORM"
		           translation="0.000000 0.000000 0.000000"
		           scale="1.000000 1.000000 1.000000"
		           rotation="-0.000000 0.000000 0.000000 0.000000"
		           >
			<Transform DEF="Shape_IndexedFaceSet_016_ifs_TRANSFORM"
			           translation="0.000000 0.000000 0.000000"
			           scale="1.000000 1.000000 1.000000"
			           rotation="0.000000 1.000000 0.000000 0.000000"
			           >
				<Group DEF="group_ME_Shape_IndexedFaceSet_016">
					<Shape>
						<Appearance>
							<Material USE="MA_MA_KolorWiez" />
						</Appearance>
						<IndexedFaceSet solid="false"
						                texCoordIndex="0 1 2 -1 3 4 5 -1 6 7 8 -1 9 10 11 -1 12 13 14 -1 15 16 17 -1 18 19 20 -1 21 22 23 -1 24 25 26 -1 27 28 29 -1 30 31 32 -1 33 34 35 -1 36 37 38 -1 39 40 41 -1 42 43 44 -1 45 46 47 -1 48 49 50 -1 51 52 53 -1 54 55 56 -1 57 58 59 -1 60 61 62 -1 63 64 65 -1 66 67 68 -1 69 70 71 -1 72 73 74 -1 75 76 77 -1 78 79 80 -1 81 82 83 -1 84 85 86 -1 87 88 89 -1 90 91 92 93 94 95 96 97 98 99 100 101 102 103 104 105 106 107 108 109 110 111 112 113 114 115 116 117 118 119 120 121 -1 122 123 124 -1 125 126 127 -1 "
						                coordIndex="0 32 1 -1 1 32 2 -1 2 32 3 -1 3 32 4 -1 4 32 5 -1 5 32 6 -1 6 32 7 -1 7 32 8 -1 8 32 9 -1 9 32 10 -1 10 32 11 -1 11 32 12 -1 12 32 13 -1 13 32 14 -1 14 32 15 -1 15 32 16 -1 16 32 17 -1 17 32 18 -1 18 32 19 -1 19 32 20 -1 20 32 21 -1 21 32 22 -1 22 32 23 -1 23 32 24 -1 24 32 25 -1 25 32 26 -1 26 32 27 -1 27 32 28 -1 28 32 29 -1 29 32 30 -1 0 1 2 3 4 5 6 7 8 9 10 11 12 13 14 15 16 17 18 19 20 21 22 23 24 25 26 27 28 29 30 31 -1 30 32 31 -1 31 32 0 -1 "
						                >
							<Coordinate DEF="coords_ME_Shape_IndexedFaceSet_016"
							            point="4.652690 11.563009 3.622556 4.899972 11.563009 3.646911 5.137752 11.563009 3.719040 5.356891 11.563009 3.836173 5.548967 11.563009 3.993806 5.706600 11.563009 4.185882 5.823732 11.563009 4.405021 5.895862 11.563009 4.642800 5.920217 11.563009 4.890082 5.895862 11.563009 5.137364 5.823732 11.563009 5.375144 5.706600 11.563009 5.594283 5.548967 11.563009 5.786359 5.356891 11.563009 5.943992 5.137752 11.563009 6.061124 4.899972 11.563009 6.133254 4.652690 11.563009 6.157609 4.405408 11.563009 6.133254 4.167629 11.563009 6.061124 3.948490 11.563009 5.943992 3.756414 11.563009 5.786359 3.598781 11.563009 5.594283 3.481648 11.563009 5.375144 3.409519 11.563009 5.137364 3.385164 11.563009 4.890082 3.409519 11.563009 4.642800 3.481648 11.563009 4.405021 3.598781 11.563009 4.185882 3.756414 11.563009 3.993806 3.948490 11.563009 3.836173 4.167629 11.563009 3.719040 4.405408 11.563009 3.646911 4.652690 14.098063 4.890082 "
							            />
							<TextureCoordinate point="0.2500 0.4900 0.2500 0.2500 0.2968 0.4854 0.2968 0.4854 0.2500 0.2500 0.3418 0.4717 0.3418 0.4717 0.2500 0.2500 0.3833 0.4496 0.3833 0.4496 0.2500 0.2500 0.4197 0.4197 0.4197 0.4197 0.2500 0.2500 0.4496 0.3833 0.4496 0.3833 0.2500 0.2500 0.4717 0.3418 0.4717 0.3418 0.2500 0.2500 0.4854 0.2968 0.4854 0.2968 0.2500 0.2500 0.4900 0.2500 0.4900 0.2500 0.2500 0.2500 0.4854 0.2032 0.4854 0.2032 0.2500 0.2500 0.4717 0.1582 0.4717 0.1582 0.2500 0.2500 0.4496 0.1167 0.4496 0.1167 0.2500 0.2500 0.4197 0.0803 0.4197 0.0803 0.2500 0.2500 0.3833 0.0504 0.3833 0.0504 0.2500 0.2500 0.3418 0.0283 0.3418 0.0283 0.2500 0.2500 0.2968 0.0146 0.2968 0.0146 0.2500 0.2500 0.2500 0.0100 0.2500 0.0100 0.2500 0.2500 0.2032 0.0146 0.2032 0.0146 0.2500 0.2500 0.1582 0.0283 0.1582 0.0283 0.2500 0.2500 0.1167 0.0504 0.1167 0.0504 0.2500 0.2500 0.0803 0.0803 0.0803 0.0803 0.2500 0.2500 0.0504 0.1167 0.0504 0.1167 0.2500 0.2500 0.0283 0.1582 0.0283 0.1582 0.2500 0.2500 0.0146 0.2032 0.0146 0.2032 0.2500 0.2500 0.0100 0.2500 0.0100 0.2500 0.2500 0.2500 0.0146 0.2968 0.0146 0.2968 0.2500 0.2500 0.0283 0.3418 0.0283 0.3418 0.2500 0.2500 0.0504 0.3833 0.0504 0.3833 0.2500 0.2500 0.0803 0.4197 0.0803 0.4197 0.2500 0.2500 0.1167 0.4496 0.1167 0.4496 0.2500 0.2500 0.1582 0.4717 0.7500 0.4900 0.7968 0.4854 0.8418 0.4717 0.8833 0.4496 0.9197 0.4197 0.9496 0.3833 0.9717 0.3418 0.9854 0.2968 0.9900 0.2500 0.9854 0.2032 0.9717 0.1582 0.9496 0.1167 0.9197 0.0803 0.8833 0.0504 0.8418 0.0283 0.7968 0.0146 0.7500 0.0100 0.7032 0.0146 0.6582 0.0283 0.6167 0.0504 0.5803 0.0803 0.5504 0.1167 0.5283 0.1582 0.5146 0.2032 0.5100 0.2500 0.5146 0.2968 0.5283 0.3418 0.5504 0.3833 0.5803 0.4197 0.6167 0.4496 0.6582 0.4717 0.7032 0.4854 0.1582 0.4717 0.2500 0.2500 0.2032 0.4854 0.2032 0.4854 0.2500 0.2500 0.2500 0.4900 " />
						</IndexedFaceSet>
					</Shape>
				</Group>
			</Transform>
		</Transform>
		<Transform DEF="Shape_IndexedFaceSet_017_TRANSFORM"
		           translation="0.000000 0.000000 0.000000"
		           scale="1.000000 1.000000 1.000000"
		           rotation="-0.000000 0.000000 0.000000 0.000000"
		           >
			<Transform DEF="Shape_IndexedFaceSet_017_ifs_TRANSFORM"
			           translation="0.000000 0.000000 0.000000"
			           scale="1.000000 1.000000 1.000000"
			           rotation="0.000000 1.000000 0.000000 0.000000"
			           >
				<Group DEF="group_ME_Shape_IndexedFaceSet_017">
					<Shape>
						<Appearance>
							<Material USE="MA_MA_KolorWiez" />
						</Appearance>
						<IndexedFaceSet solid="false"
						                texCoordIndex="0 1 2 -1 3 4 5 -1 6 7 8 -1 9 10 11 -1 12 13 14 -1 15 16 17 -1 18 19 20 -1 21 22 23 -1 24 25 26 -1 27 28 29 -1 30 31 32 -1 33 34 35 -1 36 37 38 -1 39 40 41 -1 42 43 44 -1 45 46 47 -1 48 49 50 -1 51 52 53 -1 54 55 56 -1 57 58 59 -1 60 61 62 -1 63 64 65 -1 66 67 68 -1 69 70 71 -1 72 73 74 -1 75 76 77 -1 78 79 80 -1 81 82 83 -1 84 85 86 -1 87 88 89 -1 90 91 92 93 94 95 96 97 98 99 100 101 102 103 104 105 106 107 108 109 110 111 112 113 114 115 116 117 118 119 120 121 -1 122 123 124 -1 125 126 127 -1 "
						                coordIndex="0 32 1 -1 1 32 2 -1 2 32 3 -1 3 32 4 -1 4 32 5 -1 5 32 6 -1 6 32 7 -1 7 32 8 -1 8 32 9 -1 9 32 10 -1 10 32 11 -1 11 32 12 -1 12 32 13 -1 13 32 14 -1 14 32 15 -1 15 32 16 -1 16 32 17 -1 17 32 18 -1 18 32 19 -1 19 32 20 -1 20 32 21 -1 21 32 22 -1 22 32 23 -1 23 32 24 -1 24 32 25 -1 25 32 26 -1 26 32 27 -1 27 32 28 -1 28 32 29 -1 29 32 30 -1 0 1 2 3 4 5 6 7 8 9 10 11 12 13 14 15 16 17 18 19 20 21 22 23 24 25 26 27 28 29 30 31 -1 30 32 31 -1 31 32 0 -1 "
						                >
							<Coordinate DEF="coords_ME_Shape_IndexedFaceSet_017"
							            point="3.040566 9.320936 11.388295 3.287848 9.320936 11.412650 3.525627 9.320936 11.484780 3.744766 9.320936 11.601912 3.936842 9.320936 11.759545 4.094476 9.320936 11.951622 4.211607 9.320936 12.170760 4.283737 9.320936 12.408540 4.308092 9.320936 12.655822 4.283737 9.320936 12.903104 4.211607 9.320936 13.140883 4.094476 9.320936 13.360022 3.936842 9.320936 13.552098 3.744766 9.320936 13.709732 3.525627 9.320936 13.826863 3.287848 9.320936 13.898993 3.040566 9.320936 13.923348 2.793283 9.320936 13.898993 2.555504 9.320936 13.826863 2.336366 9.320936 13.709732 2.144289 9.320936 13.552098 1.986656 9.320936 13.360022 1.869524 9.320936 13.140883 1.797394 9.320936 12.903104 1.773039 9.320936 12.655822 1.797394 9.320936 12.408540 1.869524 9.320936 12.170760 1.986656 9.320936 11.951622 2.144289 9.320936 11.759545 2.336366 9.320936 11.601912 2.555504 9.320936 11.484780 2.793283 9.320936 11.412650 3.040566 11.855989 12.655822 "
							            />
							<TextureCoordinate point="0.2500 0.4900 0.2500 0.2500 0.2968 0.4854 0.2968 0.4854 0.2500 0.2500 0.3418 0.4717 0.3418 0.4717 0.2500 0.2500 0.3833 0.4496 0.3833 0.4496 0.2500 0.2500 0.4197 0.4197 0.4197 0.4197 0.2500 0.2500 0.4496 0.3833 0.4496 0.3833 0.2500 0.2500 0.4717 0.3418 0.4717 0.3418 0.2500 0.2500 0.4854 0.2968 0.4854 0.2968 0.2500 0.2500 0.4900 0.2500 0.4900 0.2500 0.2500 0.2500 0.4854 0.2032 0.4854 0.2032 0.2500 0.2500 0.4717 0.1582 0.4717 0.1582 0.2500 0.2500 0.4496 0.1167 0.4496 0.1167 0.2500 0.2500 0.4197 0.0803 0.4197 0.0803 0.2500 0.2500 0.3833 0.0504 0.3833 0.0504 0.2500 0.2500 0.3418 0.0283 0.3418 0.0283 0.2500 0.2500 0.2968 0.0146 0.2968 0.0146 0.2500 0.2500 0.2500 0.0100 0.2500 0.0100 0.2500 0.2500 0.2032 0.0146 0.2032 0.0146 0.2500 0.2500 0.1582 0.0283 0.1582 0.0283 0.2500 0.2500 0.1167 0.0504 0.1167 0.0504 0.2500 0.2500 0.0803 0.0803 0.0803 0.0803 0.2500 0.2500 0.0504 0.1167 0.0504 0.1167 0.2500 0.2500 0.0283 0.1582 0.0283 0.1582 0.2500 0.2500 0.0146 0.2032 0.0146 0.2032 0.2500 0.2500 0.0100 0.2500 0.0100 0.2500 0.2500 0.2500 0.0146 0.2968 0.0146 0.2968 0.2500 0.2500 0.0283 0.3418 0.0283 0.3418 0.2500 0.2500 0.0504 0.3833 0.0504 0.3833 0.2500 0.2500 0.0803 0.4197 0.0803 0.4197 0.2500 0.2500 0.1167 0.4496 0.1167 0.4496 0.2500 0.2500 0.1582 0.4717 0.7500 0.4900 0.7968 0.4854 0.8418 0.4717 0.8833 0.4496 0.9197 0.4197 0.9496 0.3833 0.9717 0.3418 0.9854 0.2968 0.9900 0.2500 0.9854 0.2032 0.9717 0.1582 0.9496 0.1167 0.9197 0.0803 0.8833 0.0504 0.8418 0.0283 0.7968 0.0146 0.7500 0.0100 0.7032 0.0146 0.6582 0.0283 0.6167 0.0504 0.5803 0.0803 0.5504 0.1167 0.5283 0.1582 0.5146 0.2032 0.5100 0.2500 0.5146 0.2968 0.5283 0.3418 0.5504 0.3833 0.5803 0.4197 0.6167 0.4496 0.6582 0.4717 0.7032 0.4854 0.1582 0.4717 0.2500 0.2500 0.2032 0.4854 0.2032 0.4854 0.2500 0.2500 0.2500 0.4900 " />
						</IndexedFaceSet>
					</Shape>
				</Group>
			</Transform>
		</Transform>
		<Transform DEF="Shape_IndexedFaceSet_018_TRANSFORM"
		           translation="0.000000 0.000000 0.000000"
		           scale="1.000000 1.000000 1.000000"
		           rotation="-0.000000 0.000000 0.000000 0.000000"
		           >
			<Transform DEF="Shape_IndexedFaceSet_018_ifs_TRANSFORM"
			           translation="0.000000 0.000000 0.000000"
			           scale="1.000000 1.000000 1.000000"
			           rotation="0.000000 1.000000 0.000000 0.000000"
			           >
				<Group DEF="group_ME_Shape_IndexedFaceSet_018">
					<Shape>
						<Appearance>
							<Material USE="MA_MA_KolorWiez" />
						</Appearance>
						<IndexedFaceSet solid="false"
						                texCoordIndex="0 1 2 -1 3 4 5 -1 6 7 8 -1 9 10 11 -1 12 13 14 -1 15 16 17 -1 18 19 20 -1 21 22 23 -1 24 25 26 -1 27 28 29 -1 30 31 32 -1 33 34 35 -1 36 37 38 -1 39 40 41 -1 42 43 44 -1 45 46 47 -1 48 49 50 -1 51 52 53 -1 54 55 56 -1 57 58 59 -1 60 61 62 -1 63 64 65 -1 66 67 68 -1 69 70 71 -1 72 73 74 -1 75 76 77 -1 78 79 80 -1 81 82 83 -1 84 85 86 -1 87 88 89 -1 90 91 92 93 94 95 96 97 98 99 100 101 102 103 104 105 106 107 108 109 110 111 112 113 114 115 116 117 118 119 120 121 -1 122 123 124 -1 125 126 127 -1 "
						                coordIndex="0 32 1 -1 1 32 2 -1 2 32 3 -1 3 32 4 -1 4 32 5 -1 5 32 6 -1 6 32 7 -1 7 32 8 -1 8 32 9 -1 9 32 10 -1 10 32 11 -1 11 32 12 -1 12 32 13 -1 13 32 14 -1 14 32 15 -1 15 32 16 -1 16 32 17 -1 17 32 18 -1 18 32 19 -1 19 32 20 -1 20 32 21 -1 21 32 22 -1 22 32 23 -1 23 32 24 -1 24 32 25 -1 25 32 26 -1 26 32 27 -1 27 32 28 -1 28 32 29 -1 29 32 30 -1 0 1 2 3 4 5 6 7 8 9 10 11 12 13 14 15 16 17 18 19 20 21 22 23 24 25 26 27 28 29 30 31 -1 30 32 31 -1 31 32 0 -1 "
						                >
							<Coordinate DEF="coords_ME_Shape_IndexedFaceSet_018"
							            point="-2.683052 9.218658 -13.719925 -2.435770 9.218658 -13.695570 -2.197991 9.218658 -13.623440 -1.978852 9.218658 -13.506309 -1.786775 9.218658 -13.348675 -1.629142 9.218658 -13.156598 -1.512010 9.218658 -12.937460 -1.439881 9.218658 -12.699680 -1.415525 9.218658 -12.452398 -1.439881 9.218658 -12.205116 -1.512010 9.218658 -11.967337 -1.629142 9.218658 -11.748199 -1.786775 9.218658 -11.556122 -1.978852 9.218658 -11.398488 -2.197991 9.218658 -11.281357 -2.435770 9.218658 -11.209227 -2.683052 9.218658 -11.184872 -2.930334 9.218658 -11.209227 -3.168113 9.218658 -11.281357 -3.387252 9.218658 -11.398488 -3.579329 9.218658 -11.556122 -3.736962 9.218658 -11.748199 -3.854094 9.218658 -11.967337 -3.926224 9.218658 -12.205116 -3.950579 9.218658 -12.452398 -3.926224 9.218658 -12.699680 -3.854094 9.218658 -12.937460 -3.736962 9.218658 -13.156598 -3.579329 9.218658 -13.348675 -3.387252 9.218658 -13.506309 -3.168113 9.218658 -13.623440 -2.930334 9.218658 -13.695570 -2.683052 11.753712 -12.452398 "
							            />
							<TextureCoordinate point="0.2500 0.4900 0.2500 0.2500 0.2968 0.4854 0.2968 0.4854 0.2500 0.2500 0.3418 0.4717 0.3418 0.4717 0.2500 0.2500 0.3833 0.4496 0.3833 0.4496 0.2500 0.2500 0.4197 0.4197 0.4197 0.4197 0.2500 0.2500 0.4496 0.3833 0.4496 0.3833 0.2500 0.2500 0.4717 0.3418 0.4717 0.3418 0.2500 0.2500 0.4854 0.2968 0.4854 0.2968 0.2500 0.2500 0.4900 0.2500 0.4900 0.2500 0.2500 0.2500 0.4854 0.2032 0.4854 0.2032 0.2500 0.2500 0.4717 0.1582 0.4717 0.1582 0.2500 0.2500 0.4496 0.1167 0.4496 0.1167 0.2500 0.2500 0.4197 0.0803 0.4197 0.0803 0.2500 0.2500 0.3833 0.0504 0.3833 0.0504 0.2500 0.2500 0.3418 0.0283 0.3418 0.0283 0.2500 0.2500 0.2968 0.0146 0.2968 0.0146 0.2500 0.2500 0.2500 0.0100 0.2500 0.0100 0.2500 0.2500 0.2032 0.0146 0.2032 0.0146 0.2500 0.2500 0.1582 0.0283 0.1582 0.0283 0.2500 0.2500 0.1167 0.0504 0.1167 0.0504 0.2500 0.2500 0.0803 0.0803 0.0803 0.0803 0.2500 0.2500 0.0504 0.1167 0.0504 0.1167 0.2500 0.2500 0.0283 0.1582 0.0283 0.1582 0.2500 0.2500 0.0146 0.2032 0.0146 0.2032 0.2500 0.2500 0.0100 0.2500 0.0100 0.2500 0.2500 0.2500 0.0146 0.2968 0.0146 0.2968 0.2500 0.2500 0.0283 0.3418 0.0283 0.3418 0.2500 0.2500 0.0504 0.3833 0.0504 0.3833 0.2500 0.2500 0.0803 0.4197 0.0803 0.4197 0.2500 0.2500 0.1167 0.4496 0.1167 0.4496 0.2500 0.2500 0.1582 0.4717 0.7500 0.4900 0.7968 0.4854 0.8418 0.4717 0.8833 0.4496 0.9197 0.4197 0.9496 0.3833 0.9717 0.3418 0.9854 0.2968 0.9900 0.2500 0.9854 0.2032 0.9717 0.1582 0.9496 0.1167 0.9197 0.0803 0.8833 0.0504 0.8418 0.0283 0.7968 0.0146 0.7500 0.0100 0.7032 0.0146 0.6582 0.0283 0.6167 0.0504 0.5803 0.0803 0.5504 0.1167 0.5283 0.1582 0.5146 0.2032 0.5100 0.2500 0.5146 0.2968 0.5283 0.3418 0.5504 0.3833 0.5803 0.4197 0.6167 0.4496 0.6582 0.4717 0.7032 0.4854 0.1582 0.4717 0.2500 0.2500 0.2032 0.4854 0.2032 0.4854 0.2500 0.2500 0.2500 0.4900 " />
						</IndexedFaceSet>
					</Shape>
				</Group>
			</Transform>
		</Transform>
		<Transform DEF="Shape_IndexedFaceSet_019_TRANSFORM"
		           translation="0.000000 0.000000 0.000000"
		           scale="1.000000 1.000000 1.000000"
		           rotation="-0.000000 0.000000 0.000000 0.000000"
		           >
			<Transform DEF="Shape_IndexedFaceSet_019_ifs_TRANSFORM"
			           translation="0.000000 0.000000 0.000000"
			           scale="1.000000 1.000000 1.000000"
			           rotation="0.000000 1.000000 0.000000 0.000000"
			           >
				<Group DEF="group_ME_Shape_IndexedFaceSet_019">
					<Shape>
						<Appearance>
							<Material USE="MA_MA_KolorWiez" />
						</Appearance>
						<IndexedFaceSet solid="false"
						                texCoordIndex="0 1 2 -1 3 4 5 -1 6 7 8 -1 9 10 11 -1 12 13 14 -1 15 16 17 -1 18 19 20 -1 21 22 23 -1 24 25 26 -1 27 28 29 -1 30 31 32 -1 33 34 35 -1 36 37 38 -1 39 40 41 -1 42 43 44 -1 45 46 47 -1 48 49 50 -1 51 52 53 -1 54 55 56 -1 57 58 59 -1 60 61 62 -1 63 64 65 -1 66 67 68 -1 69 70 71 -1 72 73 74 -1 75 76 77 -1 78 79 80 -1 81 82 83 -1 84 85 86 -1 87 88 89 -1 90 91 92 93 94 95 96 97 98 99 100 101 102 103 104 105 106 107 108 109 110 111 112 113 114 115 116 117 118 119 120 121 -1 122 123 124 -1 125 126 127 -1 "
						                coordIndex="0 32 1 -1 1 32 2 -1 2 32 3 -1 3 32 4 -1 4 32 5 -1 5 32 6 -1 6 32 7 -1 7 32 8 -1 8 32 9 -1 9 32 10 -1 10 32 11 -1 11 32 12 -1 12 32 13 -1 13 32 14 -1 14 32 15 -1 15 32 16 -1 16 32 17 -1 17 32 18 -1 18 32 19 -1 19 32 20 -1 20 32 21 -1 21 32 22 -1 22 32 23 -1 23 32 24 -1 24 32 25 -1 25 32 26 -1 26 32 27 -1 27 32 28 -1 28 32 29 -1 29 32 30 -1 0 1 2 3 4 5 6 7 8 9 10 11 12 13 14 15 16 17 18 19 20 21 22 23 24 25 26 27 28 29 30 31 -1 30 32 31 -1 31 32 0 -1 "
						                >
							<Coordinate DEF="coords_ME_Shape_IndexedFaceSet_019"
							            point="-3.031334 9.133570 11.007597 -2.784052 9.133570 11.031952 -2.546273 9.133570 11.104082 -2.327134 9.133570 11.221213 -2.135058 9.133570 11.378847 -1.977425 9.133570 11.570924 -1.860293 9.133570 11.790062 -1.788163 9.133570 12.027842 -1.763808 9.133570 12.275124 -1.788163 9.133570 12.522406 -1.860293 9.133570 12.760185 -1.977425 9.133570 12.979323 -2.135058 9.133570 13.171400 -2.327134 9.133570 13.329034 -2.546273 9.133570 13.446165 -2.784052 9.133570 13.518295 -3.031334 9.133570 13.542650 -3.278617 9.133570 13.518295 -3.516396 9.133570 13.446165 -3.735534 9.133570 13.329034 -3.927611 9.133570 13.171400 -4.085244 9.133570 12.979323 -4.202376 9.133570 12.760185 -4.274506 9.133570 12.522406 -4.298861 9.133570 12.275124 -4.274506 9.133570 12.027842 -4.202376 9.133570 11.790062 -4.085244 9.133570 11.570924 -3.927611 9.133570 11.378847 -3.735534 9.133570 11.221213 -3.516396 9.133570 11.104082 -3.278617 9.133570 11.031952 -3.031334 11.668623 12.275124 "
							            />
							<TextureCoordinate point="0.2500 0.4900 0.2500 0.2500 0.2968 0.4854 0.2968 0.4854 0.2500 0.2500 0.3418 0.4717 0.3418 0.4717 0.2500 0.2500 0.3833 0.4496 0.3833 0.4496 0.2500 0.2500 0.4197 0.4197 0.4197 0.4197 0.2500 0.2500 0.4496 0.3833 0.4496 0.3833 0.2500 0.2500 0.4717 0.3418 0.4717 0.3418 0.2500 0.2500 0.4854 0.2968 0.4854 0.2968 0.2500 0.2500 0.4900 0.2500 0.4900 0.2500 0.2500 0.2500 0.4854 0.2032 0.4854 0.2032 0.2500 0.2500 0.4717 0.1582 0.4717 0.1582 0.2500 0.2500 0.4496 0.1167 0.4496 0.1167 0.2500 0.2500 0.4197 0.0803 0.4197 0.0803 0.2500 0.2500 0.3833 0.0504 0.3833 0.0504 0.2500 0.2500 0.3418 0.0283 0.3418 0.0283 0.2500 0.2500 0.2968 0.0146 0.2968 0.0146 0.2500 0.2500 0.2500 0.0100 0.2500 0.0100 0.2500 0.2500 0.2032 0.0146 0.2032 0.0146 0.2500 0.2500 0.1582 0.0283 0.1582 0.0283 0.2500 0.2500 0.1167 0.0504 0.1167 0.0504 0.2500 0.2500 0.0803 0.0803 0.0803 0.0803 0.2500 0.2500 0.0504 0.1167 0.0504 0.1167 0.2500 0.2500 0.0283 0.1582 0.0283 0.1582 0.2500 0.2500 0.0146 0.2032 0.0146 0.2032 0.2500 0.2500 0.0100 0.2500 0.0100 0.2500 0.2500 0.2500 0.0146 0.2968 0.0146 0.2968 0.2500 0.2500 0.0283 0.3418 0.0283 0.3418 0.2500 0.2500 0.0504 0.3833 0.0504 0.3833 0.2500 0.2500 0.0803 0.4197 0.0803 0.4197 0.2500 0.2500 0.1167 0.4496 0.1167 0.4496 0.2500 0.2500 0.1582 0.4717 0.7500 0.4900 0.7968 0.4854 0.8418 0.4717 0.8833 0.4496 0.9197 0.4197 0.9496 0.3833 0.9717 0.3418 0.9854 0.2968 0.9900 0.2500 0.9854 0.2032 0.9717 0.1582 0.9496 0.1167 0.9197 0.0803 0.8833 0.0504 0.8418 0.0283 0.7968 0.0146 0.7500 0.0100 0.7032 0.0146 0.6582 0.0283 0.6167 0.0504 0.5803 0.0803 0.5504 0.1167 0.5283 0.1582 0.5146 0.2032 0.5100 0.2500 0.5146 0.2968 0.5283 0.3418 0.5504 0.3833 0.5803 0.4197 0.6167 0.4496 0.6582 0.4717 0.7032 0.4854 0.1582 0.4717 0.2500 0.2500 0.2032 0.4854 0.2032 0.4854 0.2500 0.2500 0.2500 0.4900 " />
						</IndexedFaceSet>
					</Shape>
				</Group>
			</Transform>
		</Transform>
		<Transform DEF="Shape_IndexedFaceSet_020_TRANSFORM"
		           translation="0.000000 0.000000 0.000000"
		           scale="1.000000 1.000000 1.000000"
		           rotation="-0.000000 0.000000 0.000000 0.000000"
		           >
			<Transform DEF="Shape_IndexedFaceSet_020_ifs_TRANSFORM"
			           translation="0.000000 0.000000 0.000000"
			           scale="1.000000 1.000000 1.000000"
			           rotation="0.000000 1.000000 0.000000 0.000000"
			           >
				<Group DEF="group_ME_Shape_IndexedFaceSet_020">
					<Shape>
						<Appearance>
							<Material USE="MA_MA_KolorWiez" />
						</Appearance>
						<IndexedFaceSet solid="false"
						                texCoordIndex="0 1 2 -1 3 4 5 -1 6 7 8 -1 9 10 11 -1 12 13 14 -1 15 16 17 -1 18 19 20 -1 21 22 23 -1 24 25 26 -1 27 28 29 -1 30 31 32 -1 33 34 35 -1 36 37 38 -1 39 40 41 -1 42 43 44 -1 45 46 47 -1 48 49 50 -1 51 52 53 -1 54 55 56 -1 57 58 59 -1 60 61 62 -1 63 64 65 -1 66 67 68 -1 69 70 71 -1 72 73 74 -1 75 76 77 -1 78 79 80 -1 81 82 83 -1 84 85 86 -1 87 88 89 -1 90 91 92 93 94 95 96 97 98 99 100 101 102 103 104 105 106 107 108 109 110 111 112 113 114 115 116 117 118 119 120 121 -1 122 123 124 -1 125 126 127 -1 "
						                coordIndex="0 32 1 -1 1 32 2 -1 2 32 3 -1 3 32 4 -1 4 32 5 -1 5 32 6 -1 6 32 7 -1 7 32 8 -1 8 32 9 -1 9 32 10 -1 10 32 11 -1 11 32 12 -1 12 32 13 -1 13 32 14 -1 14 32 15 -1 15 32 16 -1 16 32 17 -1 17 32 18 -1 18 32 19 -1 19 32 20 -1 20 32 21 -1 21 32 22 -1 22 32 23 -1 23 32 24 -1 24 32 25 -1 25 32 26 -1 26 32 27 -1 27 32 28 -1 28 32 29 -1 29 32 30 -1 0 1 2 3 4 5 6 7 8 9 10 11 12 13 14 15 16 17 18 19 20 21 22 23 24 25 26 27 28 29 30 31 -1 30 32 31 -1 31 32 0 -1 "
						                >
							<Coordinate DEF="coords_ME_Shape_IndexedFaceSet_020"
							            point="6.504697 16.459484 -0.961093 6.708727 16.459484 -0.940998 6.904916 16.459484 -0.881484 7.085726 16.459484 -0.784840 7.244206 16.459484 -0.654778 7.374268 16.459484 -0.496297 7.470912 16.459484 -0.315488 7.530426 16.459484 -0.119299 7.550521 16.459484 0.084732 7.530426 16.459484 0.288762 7.470912 16.459484 0.484951 7.374268 16.459484 0.665760 7.244206 16.459484 0.824241 7.085726 16.459484 0.954303 6.904916 16.459484 1.050947 6.708727 16.459484 1.110461 6.504697 16.459484 1.130556 6.300667 16.459484 1.110461 6.104477 16.459484 1.050947 5.923668 16.459484 0.954303 5.765187 16.459484 0.824241 5.635126 16.459484 0.665760 5.538481 16.459484 0.484951 5.478968 16.459484 0.288762 5.458873 16.459484 0.084732 5.478968 16.459484 -0.119299 5.538481 16.459484 -0.315488 5.635126 16.459484 -0.496297 5.765187 16.459484 -0.654778 5.923668 16.459484 -0.784840 6.104477 16.459484 -0.881484 6.300667 16.459484 -0.940998 6.504697 18.551132 0.084732 "
							            />
							<TextureCoordinate point="0.2500 0.4900 0.2500 0.2500 0.2968 0.4854 0.2968 0.4854 0.2500 0.2500 0.3418 0.4717 0.3418 0.4717 0.2500 0.2500 0.3833 0.4496 0.3833 0.4496 0.2500 0.2500 0.4197 0.4197 0.4197 0.4197 0.2500 0.2500 0.4496 0.3833 0.4496 0.3833 0.2500 0.2500 0.4717 0.3418 0.4717 0.3418 0.2500 0.2500 0.4854 0.2968 0.4854 0.2968 0.2500 0.2500 0.4900 0.2500 0.4900 0.2500 0.2500 0.2500 0.4854 0.2032 0.4854 0.2032 0.2500 0.2500 0.4717 0.1582 0.4717 0.1582 0.2500 0.2500 0.4496 0.1167 0.4496 0.1167 0.2500 0.2500 0.4197 0.0803 0.4197 0.0803 0.2500 0.2500 0.3833 0.0504 0.3833 0.0504 0.2500 0.2500 0.3418 0.0283 0.3418 0.0283 0.2500 0.2500 0.2968 0.0146 0.2968 0.0146 0.2500 0.2500 0.2500 0.0100 0.2500 0.0100 0.2500 0.2500 0.2032 0.0146 0.2032 0.0146 0.2500 0.2500 0.1582 0.0283 0.1582 0.0283 0.2500 0.2500 0.1167 0.0504 0.1167 0.0504 0.2500 0.2500 0.0803 0.0803 0.0803 0.0803 0.2500 0.2500 0.0504 0.1167 0.0504 0.1167 0.2500 0.2500 0.0283 0.1582 0.0283 0.1582 0.2500 0.2500 0.0146 0.2032 0.0146 0.2032 0.2500 0.2500 0.0100 0.2500 0.0100 0.2500 0.2500 0.2500 0.0146 0.2968 0.0146 0.2968 0.2500 0.2500 0.0283 0.3418 0.0283 0.3418 0.2500 0.2500 0.0504 0.3833 0.0504 0.3833 0.2500 0.2500 0.0803 0.4197 0.0803 0.4197 0.2500 0.2500 0.1167 0.4496 0.1167 0.4496 0.2500 0.2500 0.1582 0.4717 0.7500 0.4900 0.7968 0.4854 0.8418 0.4717 0.8833 0.4496 0.9197 0.4197 0.9496 0.3833 0.9717 0.3418 0.9854 0.2968 0.9900 0.2500 0.9854 0.2032 0.9717 0.1582 0.9496 0.1167 0.9197 0.0803 0.8833 0.0504 0.8418 0.0283 0.7968 0.0146 0.7500 0.0100 0.7032 0.0146 0.6582 0.0283 0.6167 0.0504 0.5803 0.0803 0.5504 0.1167 0.5283 0.1582 0.5146 0.2032 0.5100 0.2500 0.5146 0.2968 0.5283 0.3418 0.5504 0.3833 0.5803 0.4197 0.6167 0.4496 0.6582 0.4717 0.7032 0.4854 0.1582 0.4717 0.2500 0.2500 0.2032 0.4854 0.2032 0.4854 0.2500 0.2500 0.2500 0.4900 " />
						</IndexedFaceSet>
					</Shape>
				</Group>
			</Transform>
		</Transform>
		<Transform DEF="Shape_IndexedFaceSet_021_TRANSFORM"
		           translation="0.000000 0.000000 0.000000"
		           scale="1.000000 1.000000 1.000000"
		           rotation="-0.000000 0.000000 0.000000 0.000000"
		           >
			<Transform DEF="Shape_IndexedFaceSet_021_ifs_TRANSFORM"
			           translation="0.000000 0.000000 0.000000"
			           scale="1.000000 1.000000 1.000000"
			           rotation="0.000000 1.000000 0.000000 0.000000"
			           >
				<Group DEF="group_ME_Shape_IndexedFaceSet_021">
					<Shape>
						<Appearance>
							<Material DEF="MA_rozowy"
							          diffuseColor="0.91 0.55 0.47"
							          specularColor="0.401 0.401 0.401"
							          emissiveColor="0.000 0.000 0.000"
							          ambientIntensity="0.000"
							          shininess="0.500"
							          transparency="0.0"
							          />
						</Appearance>
						<IndexedFaceSet solid="false"
						                texCoordIndex="0 1 2 3 -1 4 5 6 7 -1 8 9 10 11 -1 12 13 14 15 -1 16 17 18 19 -1 20 21 22 23 -1 "
						                coordIndex="0 4 6 2 -1 3 2 6 7 -1 7 6 4 5 -1 5 1 3 7 -1 1 0 2 3 -1 5 4 0 1 -1 "
						                >
							<Coordinate DEF="coords_ME_Shape_IndexedFaceSet_021"
							            point="5.487154 5.487154 -5.487154 5.487154 -5.487154 -5.487154 5.487154 5.487154 5.487154 5.487154 -5.487154 5.487154 -5.487154 5.487154 -5.487154 -5.487154 -5.487154 -5.487154 -5.487154 5.487154 5.487154 -5.487154 -5.487154 5.487154 "
							            />
							<TextureCoordinate point="0.6250 0.5000 0.8750 0.5000 0.8750 0.7500 0.6250 0.7500 0.3750 0.7500 0.6250 0.7500 0.6250 1.0000 0.3750 1.0000 0.3750 0.0000 0.6250 0.0000 0.6250 0.2500 0.3750 0.2500 0.1250 0.5000 0.3750 0.5000 0.3750 0.7500 0.1250 0.7500 0.3750 0.5000 0.6250 0.5000 0.6250 0.7500 0.3750 0.7500 0.3750 0.2500 0.6250 0.2500 0.6250 0.5000 0.3750 0.5000 " />
						</IndexedFaceSet>
					</Shape>
				</Group>
			</Transform>
		</Transform>
		<Transform DEF="Shape_IndexedFaceSet_022_TRANSFORM"
		           translation="0.000000 0.000000 0.000000"
		           scale="1.000000 1.000000 1.000000"
		           rotation="-0.000000 0.000000 0.000000 0.000000"
		           >
			<Transform DEF="Shape_IndexedFaceSet_022_ifs_TRANSFORM"
			           translation="0.000000 0.000000 0.000000"
			           scale="1.000000 1.000000 1.000000"
			           rotation="0.000000 1.000000 0.000000 0.000000"
			           >
				<Group DEF="group_ME_Shape_IndexedFaceSet_022">
					<Shape>
						<Appearance>
							<Material USE="MA_rozowy" />
						</Appearance>
						<IndexedFaceSet solid="false"
						                texCoordIndex="0 1 2 3 -1 4 5 6 7 -1 8 9 10 11 -1 12 13 14 15 -1 16 17 18 19 -1 20 21 22 23 -1 "
						                coordIndex="0 4 6 2 -1 3 2 6 7 -1 7 6 4 5 -1 5 1 3 7 -1 1 0 2 3 -1 5 4 0 1 -1 "
						                >
							<Coordinate DEF="coords_ME_Shape_IndexedFaceSet_022"
							            point="13.637676 0.307647 -2.897105 13.637676 -5.437945 -2.897105 13.637676 0.307647 2.848487 13.637676 -5.437945 2.848487 2.815235 0.307647 -2.897105 2.815235 -5.437945 -2.897105 2.815235 0.307647 2.848487 2.815235 -5.437945 2.848487 "
							            />
							<TextureCoordinate point="0.6250 0.5000 0.8750 0.5000 0.8750 0.7500 0.6250 0.7500 0.3750 0.7500 0.6250 0.7500 0.6250 1.0000 0.3750 1.0000 0.3750 0.0000 0.6250 0.0000 0.6250 0.2500 0.3750 0.2500 0.1250 0.5000 0.3750 0.5000 0.3750 0.7500 0.1250 0.7500 0.3750 0.5000 0.6250 0.5000 0.6250 0.7500 0.3750 0.7500 0.3750 0.2500 0.6250 0.2500 0.6250 0.5000 0.3750 0.5000 " />
						</IndexedFaceSet>
					</Shape>
				</Group>
			</Transform>
		</Transform>
		<Transform DEF="Shape_IndexedFaceSet_023_TRANSFORM"
		           translation="0.000000 0.000000 0.000000"
		           scale="1.000000 1.000000 1.000000"
		           rotation="-0.000000 0.000000 0.000000 0.000000"
		           >
			<Transform DEF="Shape_IndexedFaceSet_023_ifs_TRANSFORM"
			           translation="0.000000 0.000000 0.000000"
			           scale="1.000000 1.000000 1.000000"
			           rotation="0.000000 1.000000 0.000000 0.000000"
			           >
				<Group DEF="group_ME_Shape_IndexedFaceSet_023">
					<Shape>
						<Appearance>
							<Material USE="MA_rozowy" />
						</Appearance>
						<IndexedFaceSet solid="false"
						                texCoordIndex="0 1 2 3 -1 4 5 6 7 -1 8 9 10 11 -1 12 13 14 15 -1 16 17 18 19 -1 20 21 22 23 -1 "
						                coordIndex="0 4 6 2 -1 3 2 6 7 -1 7 6 4 5 -1 5 1 3 7 -1 1 0 2 3 -1 5 4 0 1 -1 "
						                >
							<Coordinate DEF="coords_ME_Shape_IndexedFaceSet_023"
							            point="4.323964 2.624601 -13.391695 4.323964 -5.392189 -13.391695 4.323964 2.624601 -5.374905 4.323964 -5.392189 -5.374905 -3.692826 2.624601 -13.391695 -3.692826 -5.392189 -13.391695 -3.692826 2.624601 -5.374905 -3.692826 -5.392189 -5.374905 "
							            />
							<TextureCoordinate point="0.6250 0.5000 0.8750 0.5000 0.8750 0.7500 0.6250 0.7500 0.3750 0.7500 0.6250 0.7500 0.6250 1.0000 0.3750 1.0000 0.3750 0.0000 0.6250 0.0000 0.6250 0.2500 0.3750 0.2500 0.1250 0.5000 0.3750 0.5000 0.3750 0.7500 0.1250 0.7500 0.3750 0.5000 0.6250 0.5000 0.6250 0.7500 0.3750 0.7500 0.3750 0.2500 0.6250 0.2500 0.6250 0.5000 0.3750 0.5000 " />
						</IndexedFaceSet>
					</Shape>
				</Group>
			</Transform>
		</Transform>
		<Transform DEF="Shape_IndexedFaceSet_024_TRANSFORM"
		           translation="0.000000 0.000000 0.000000"
		           scale="1.000000 1.000000 1.000000"
		           rotation="-0.000000 0.000000 0.000000 0.000000"
		           >
			<Transform DEF="Shape_IndexedFaceSet_024_ifs_TRANSFORM"
			           translation="0.000000 0.000000 0.000000"
			           scale="1.000000 1.000000 1.000000"
			           rotation="0.000000 1.000000 0.000000 0.000000"
			           >
				<Group DEF="group_ME_Shape_IndexedFaceSet_024">
					<Shape>
						<Appearance>
							<Material DEF="MA_MA_Material_005"
							          diffuseColor="0.91 0.55 0.47"
							          specularColor="0.401 0.401 0.401"
							          emissiveColor="0.000 0.000 0.000"
							          ambientIntensity="0.000"
							          shininess="0.500"
							          transparency="0.0"
							          />
						</Appearance>
						<IndexedFaceSet solid="false"
						                texCoordIndex="0 1 2 3 -1 "
						                coordIndex="0 1 2 3 -1 "
						                >
							<Coordinate DEF="coords_ME_Shape_IndexedFaceSet_024"
							            point="-4.071701 -5.444972 5.336655 -4.071701 2.571817 5.336655 3.945089 2.571817 5.336655 3.945089 -5.444972 5.336655 "
							            />
							<TextureCoordinate point="0.3750 0.2500 0.6250 0.2500 0.6250 0.5000 0.3750 0.5000 " />
						</IndexedFaceSet>
					</Shape>
				</Group>
			</Transform>
		</Transform>
		<Transform DEF="Shape_IndexedFaceSet_025_TRANSFORM"
		           translation="0.000000 0.000000 0.000000"
		           scale="1.000000 1.000000 1.000000"
		           rotation="-0.000000 0.000000 0.000000 0.000000"
		           >
			<Transform DEF="Shape_IndexedFaceSet_025_ifs_TRANSFORM"
			           translation="0.000000 0.000000 0.000000"
			           scale="1.000000 1.000000 1.000000"
			           rotation="0.000000 1.000000 0.000000 0.000000"
			           >
				<Group DEF="group_ME_Shape_IndexedFaceSet_025">
					<Shape>
						<Appearance>
							<Material USE="MA_rozowy" />
						</Appearance>
						<IndexedFaceSet solid="false"
						                texCoordIndex="0 1 2 3 -1 4 5 6 7 -1 8 9 10 11 -1 12 13 14 15 -1 16 17 18 19 -1 "
						                coordIndex="0 4 6 2 -1 3 2 6 7 -1 7 6 4 5 -1 5 1 3 7 -1 1 0 2 3 -1 "
						                >
							<Coordinate DEF="coords_ME_Shape_IndexedFaceSet_025"
							            point="3.945089 2.571817 5.336655 3.945089 -5.444972 5.336655 3.945089 2.571817 13.353445 3.945089 -5.444972 13.353445 -4.071701 2.571817 5.336655 -4.071701 -5.444972 5.336655 -4.071701 2.571817 13.353445 -4.071701 -5.444972 13.353445 "
							            />
							<TextureCoordinate point="0.6250 0.5000 0.8750 0.5000 0.8750 0.7500 0.6250 0.7500 0.3750 0.7500 0.6250 0.7500 0.6250 1.0000 0.3750 1.0000 0.3750 0.0000 0.6250 0.0000 0.6250 0.2500 0.3750 0.2500 0.1250 0.5000 0.3750 0.5000 0.3750 0.7500 0.1250 0.7500 0.3750 0.5000 0.6250 0.5000 0.6250 0.7500 0.3750 0.7500 " />
						</IndexedFaceSet>
					</Shape>
				</Group>
			</Transform>
		</Transform>
		<Transform DEF="Shape_IndexedFaceSet_026_TRANSFORM"
		           translation="0.000000 0.000000 0.000000"
		           scale="1.000000 1.000000 1.000000"
		           rotation="-0.000000 0.000000 0.000000 0.000000"
		           >
			<Transform DEF="Shape_IndexedFaceSet_026_ifs_TRANSFORM"
			           translation="0.000000 0.000000 0.000000"
			           scale="1.000000 1.000000 1.000000"
			           rotation="0.000000 1.000000 0.000000 0.000000"
			           >
				<Group DEF="group_ME_Shape_IndexedFaceSet_026">
					<Shape>
						<Appearance>
							<Material USE="MA_MA_Material_005" />
						</Appearance>
						<IndexedFaceSet solid="false"
						                texCoordIndex="0 1 2 3 -1 4 5 6 7 -1 "
						                coordIndex="2 3 7 6 -1 2 6 4 0 -1 "
						                >
							<Coordinate DEF="coords_ME_Shape_IndexedFaceSet_026"
							            point="-3.555690 2.237960 11.816415 -3.555690 9.143194 11.816415 -3.555690 2.237960 4.911180 -3.555690 9.143194 4.911180 3.349545 2.237960 11.816415 3.349545 9.143194 11.816415 3.349545 2.237960 4.911180 3.349545 9.143194 4.911180 "
							            />
							<TextureCoordinate point="0.3750 0.2500 0.6250 0.2500 0.6250 0.5000 0.3750 0.5000 0.1250 0.5000 0.3750 0.5000 0.3750 0.7500 0.1250 0.7500 " />
						</IndexedFaceSet>
					</Shape>
				</Group>
			</Transform>
		</Transform>
		<Transform DEF="Shape_IndexedFaceSet_027_TRANSFORM"
		           translation="0.000000 0.000000 0.000000"
		           scale="1.000000 1.000000 1.000000"
		           rotation="-0.000000 0.000000 0.000000 0.000000"
		           >
			<Transform DEF="Shape_IndexedFaceSet_027_ifs_TRANSFORM"
			           translation="0.000000 0.000000 0.000000"
			           scale="1.000000 1.000000 1.000000"
			           rotation="0.000000 1.000000 0.000000 0.000000"
			           >
				<Group DEF="group_ME_Shape_IndexedFaceSet_027">
					<Shape>
						<Appearance>
							<Material USE="MA_rozowy" />
						</Appearance>
						<IndexedFaceSet solid="false"
						                texCoordIndex="0 1 2 3 -1 4 5 6 7 -1 8 9 10 11 -1 12 13 14 15 -1 "
						                coordIndex="0 1 3 2 -1 6 7 5 4 -1 4 5 1 0 -1 7 3 1 5 -1 "
						                >
							<Coordinate DEF="coords_ME_Shape_IndexedFaceSet_027"
							            point="-3.555690 2.237960 11.816415 -3.555690 9.143194 11.816415 -3.555690 2.237960 4.911180 -3.555690 9.143194 4.911180 3.349545 2.237960 11.816415 3.349545 9.143194 11.816415 3.349545 2.237960 4.911180 3.349545 9.143194 4.911180 "
							            />
							<TextureCoordinate point="0.3750 0.0000 0.6250 0.0000 0.6250 0.2500 0.3750 0.2500 0.3750 0.5000 0.6250 0.5000 0.6250 0.7500 0.3750 0.7500 0.3750 0.7500 0.6250 0.7500 0.6250 1.0000 0.3750 1.0000 0.6250 0.5000 0.8750 0.5000 0.8750 0.7500 0.6250 0.7500 " />
						</IndexedFaceSet>
					</Shape>
				</Group>
			</Transform>
		</Transform>
		<Transform DEF="Shape_IndexedFaceSet_028_TRANSFORM"
		           translation="0.000000 0.000000 0.000000"
		           scale="1.000000 1.000000 1.000000"
		           rotation="-0.000000 0.000000 0.000000 0.000000"
		           >
			<Transform DEF="Shape_IndexedFaceSet_028_ifs_TRANSFORM"
			           translation="0.000000 0.000000 0.000000"
			           scale="1.000000 1.000000 1.000000"
			           rotation="0.000000 1.000000 0.000000 0.000000"
			           >
				<Group DEF="group_ME_Shape_IndexedFaceSet_028">
					<Shape>
						<Appearance>
							<Material USE="MA_rozowy" />
						</Appearance>
						<IndexedFaceSet solid="false"
						                texCoordIndex="0 1 2 3 -1 4 5 6 7 -1 8 9 10 11 -1 12 13 14 15 -1 16 17 18 19 -1 20 21 22 23 -1 "
						                coordIndex="0 2 3 1 -1 2 6 7 3 -1 6 4 5 7 -1 4 0 1 5 -1 2 0 4 6 -1 7 5 1 3 -1 "
						                >
							<Coordinate DEF="coords_ME_Shape_IndexedFaceSet_028"
							            point="4.727794 12.012729 -4.440990 4.727794 2.666946 -4.440990 4.727794 12.012729 4.904792 4.727794 2.666946 4.904792 -4.617989 12.012729 -4.440990 -4.617989 2.666946 -4.440990 -4.617989 12.012729 4.904792 -4.617989 2.666946 4.904792 "
							            />
							<TextureCoordinate point="0.3750 0.0000 0.3750 0.2500 0.6250 0.2500 0.6250 0.0000 0.3750 0.2500 0.3750 0.5000 0.6250 0.5000 0.6250 0.2500 0.3750 0.5000 0.3750 0.7500 0.6250 0.7500 0.6250 0.5000 0.3750 0.7500 0.3750 1.0000 0.6250 1.0000 0.6250 0.7500 0.1250 0.5000 0.1250 0.7500 0.3750 0.7500 0.3750 0.5000 0.6250 0.5000 0.6250 0.7500 0.8750 0.7500 0.8750 0.5000 " />
						</IndexedFaceSet>
					</Shape>
				</Group>
			</Transform>
		</Transform>
		<Transform DEF="Shape_IndexedFaceSet_029_TRANSFORM"
		           translation="0.000000 0.000000 0.000000"
		           scale="1.000000 1.000000 1.000000"
		           rotation="-0.000000 0.000000 0.000000 0.000000"
		           >
			<Transform DEF="Shape_IndexedFaceSet_029_ifs_TRANSFORM"
			           translation="0.000000 0.000000 0.000000"
			           scale="1.000000 1.000000 1.000000"
			           rotation="0.000000 1.000000 0.000000 0.000000"
			           >
				<Group DEF="group_ME_Shape_IndexedFaceSet_029">
					<Shape>
						<Appearance>
							<Material USE="MA_rozowy" />
						</Appearance>
						<IndexedFaceSet solid="false"
						                texCoordIndex="0 1 2 3 -1 4 5 6 7 -1 8 9 10 11 -1 12 13 14 15 -1 16 17 18 19 -1 20 21 22 23 -1 "
						                coordIndex="0 1 3 2 -1 2 3 7 6 -1 6 7 5 4 -1 4 5 1 0 -1 2 6 4 0 -1 7 3 1 5 -1 "
						                >
							<Coordinate DEF="coords_ME_Shape_IndexedFaceSet_029"
							            point="-2.612121 11.083467 3.047811 -2.612121 16.589355 3.047811 -2.612121 11.083467 -2.458077 -2.612121 16.589355 -2.458077 2.893767 11.083467 3.047811 2.893767 16.589355 3.047811 2.893767 11.083467 -2.458077 2.893767 16.589355 -2.458077 "
							            />
							<TextureCoordinate point="0.3750 0.0000 0.6250 0.0000 0.6250 0.2500 0.3750 0.2500 0.3750 0.2500 0.6250 0.2500 0.6250 0.5000 0.3750 0.5000 0.3750 0.5000 0.6250 0.5000 0.6250 0.7500 0.3750 0.7500 0.3750 0.7500 0.6250 0.7500 0.6250 1.0000 0.3750 1.0000 0.1250 0.5000 0.3750 0.5000 0.3750 0.7500 0.1250 0.7500 0.6250 0.5000 0.8750 0.5000 0.8750 0.7500 0.6250 0.7500 " />
						</IndexedFaceSet>
					</Shape>
				</Group>
			</Transform>
		</Transform>
		<Transform DEF="Shape_IndexedFaceSet_030_TRANSFORM"
		           translation="0.000000 0.000000 0.000000"
		           scale="1.000000 1.000000 1.000000"
		           rotation="-0.000000 0.000000 0.000000 0.000000"
		           >
			<Transform DEF="Shape_IndexedFaceSet_030_ifs_TRANSFORM"
			           translation="0.000000 0.000000 0.000000"
			           scale="1.000000 1.000000 1.000000"
			           rotation="0.000000 1.000000 0.000000 0.000000"
			           >
				<Group DEF="group_ME_Shape_IndexedFaceSet_030">
					<Shape>
						<Appearance>
							<Material DEF="MA_MA_KolorScian"
							          diffuseColor="0.91 0.55 0.47"
							          specularColor="0.401 0.401 0.401"
							          emissiveColor="0.000 0.000 0.000"
							          ambientIntensity="0.000"
							          shininess="0.500"
							          transparency="0.0"
							          />
						</Appearance>
						<IndexedFaceSet solid="false"
						                texCoordIndex="0 1 2 3 -1 4 5 6 7 -1 8 9 10 11 -1 "
						                coordIndex="4 5 1 0 -1 2 6 4 0 -1 7 3 1 5 -1 "
						                >
							<Coordinate DEF="coords_ME_Shape_IndexedFaceSet_030"
							            point="-3.432460 1.945713 -4.609037 -3.432460 9.137861 -4.609037 -3.432460 1.945713 -11.801186 -3.432460 9.137861 -11.801186 3.759689 1.945713 -4.609037 3.759689 9.137861 -4.609037 3.759689 1.945713 -11.801186 3.759689 9.137861 -11.801186 "
							            />
							<TextureCoordinate point="0.3750 0.7500 0.6250 0.7500 0.6250 1.0000 0.3750 1.0000 0.1250 0.5000 0.3750 0.5000 0.3750 0.7500 0.1250 0.7500 0.6250 0.5000 0.8750 0.5000 0.8750 0.7500 0.6250 0.7500 " />
						</IndexedFaceSet>
					</Shape>
				</Group>
			</Transform>
		</Transform>
		<Transform DEF="Shape_IndexedFaceSet_031_TRANSFORM"
		           translation="0.000000 0.000000 0.000000"
		           scale="1.000000 1.000000 1.000000"
		           rotation="-0.000000 0.000000 0.000000 0.000000"
		           >
			<Transform DEF="Shape_IndexedFaceSet_031_ifs_TRANSFORM"
			           translation="0.000000 0.000000 0.000000"
			           scale="1.000000 1.000000 1.000000"
			           rotation="0.000000 1.000000 0.000000 0.000000"
			           >
				<Group DEF="group_ME_Shape_IndexedFaceSet_031">
					<Shape>
						<Appearance>
							<Material USE="MA_rozowy" />
						</Appearance>
						<IndexedFaceSet solid="false"
						                texCoordIndex="0 1 2 3 -1 4 5 6 7 -1 8 9 10 11 -1 "
						                coordIndex="0 1 3 2 -1 2 3 7 6 -1 6 7 5 4 -1 "
						                >
							<Coordinate DEF="coords_ME_Shape_IndexedFaceSet_031"
							            point="-3.432460 1.945713 -4.609037 -3.432460 9.137861 -4.609037 -3.432460 1.945713 -11.801186 -3.432460 9.137861 -11.801186 3.759689 1.945713 -4.609037 3.759689 9.137861 -4.609037 3.759689 1.945713 -11.801186 3.759689 9.137861 -11.801186 "
							            />
							<TextureCoordinate point="0.3750 0.0000 0.6250 0.0000 0.6250 0.2500 0.3750 0.2500 0.3750 0.2500 0.6250 0.2500 0.6250 0.5000 0.3750 0.5000 0.3750 0.5000 0.6250 0.5000 0.6250 0.7500 0.3750 0.7500 " />
						</IndexedFaceSet>
					</Shape>
				</Group>
			</Transform>
		</Transform>
		<Transform DEF="Shape_IndexedFaceSet_032_TRANSFORM"
		           translation="0.000000 0.000000 0.000000"
		           scale="1.000000 1.000000 1.000000"
		           rotation="-0.000000 0.000000 0.000000 0.000000"
		           >
			<Transform DEF="Shape_IndexedFaceSet_032_ifs_TRANSFORM"
			           translation="0.000000 0.000000 0.000000"
			           scale="1.000000 1.000000 1.000000"
			           rotation="0.000000 1.000000 0.000000 0.000000"
			           >
				<Group DEF="group_ME_Shape_IndexedFaceSet_032">
					<Shape>
						<Appearance>
							<Material USE="MA_rozowy" />
						</Appearance>
						<IndexedFaceSet solid="false"
						                texCoordIndex="0 1 2 3 -1 4 5 6 7 -1 8 9 10 11 -1 12 13 14 15 -1 16 17 18 19 -1 20 21 22 23 -1 "
						                coordIndex="0 2 3 1 -1 2 6 7 3 -1 6 4 5 7 -1 4 0 1 5 -1 2 0 4 6 -1 7 5 1 3 -1 "
						                >
							<Coordinate DEF="coords_ME_Shape_IndexedFaceSet_032"
							            point="4.289768 4.383523 -3.377678 4.289768 10.363487 -3.377678 4.289768 4.383523 3.435587 4.289768 10.363487 3.435587 8.160995 4.383523 -3.377678 8.160995 10.363487 -3.377678 8.160995 4.383523 3.435587 8.160995 10.363487 3.435587 "
							            />
							<TextureCoordinate point="0.3750 0.0000 0.3750 0.2500 0.6250 0.2500 0.6250 0.0000 0.3750 0.2500 0.3750 0.5000 0.6250 0.5000 0.6250 0.2500 0.3750 0.5000 0.3750 0.7500 0.6250 0.7500 0.6250 0.5000 0.3750 0.7500 0.3750 1.0000 0.6250 1.0000 0.6250 0.7500 0.1250 0.5000 0.1250 0.7500 0.3750 0.7500 0.3750 0.5000 0.6250 0.5000 0.6250 0.7500 0.8750 0.7500 0.8750 0.5000 " />
						</IndexedFaceSet>
					</Shape>
				</Group>
			</Transform>
		</Transform>
		<Transform DEF="Shape_IndexedFaceSet_033_TRANSFORM"
		           translation="0.000000 0.000000 0.000000"
		           scale="1.000000 1.000000 1.000000"
		           rotation="-0.000000 0.000000 0.000000 0.000000"
		           >
			<Transform DEF="Shape_IndexedFaceSet_033_ifs_TRANSFORM"
			           translation="0.000000 0.000000 0.000000"
			           scale="1.000000 1.000000 1.000000"
			           rotation="0.000000 1.000000 0.000000 0.000000"
			           >
				<Group DEF="group_ME_Shape_IndexedFaceSet_033">
					<Shape>
						<Appearance>
							<Material USE="MA_rozowy" />
						</Appearance>
						<IndexedFaceSet solid="false"
						                texCoordIndex="0 1 2 3 -1 4 5 6 7 -1 8 9 10 11 -1 12 13 14 15 -1 16 17 18 19 -1 20 21 22 23 -1 "
						                coordIndex="0 1 3 2 -1 2 3 7 6 -1 6 7 5 4 -1 4 5 1 0 -1 2 6 4 0 -1 7 3 1 5 -1 "
						                >
							<Coordinate DEF="coords_ME_Shape_IndexedFaceSet_033"
							            point="-3.577950 9.132036 11.663561 -1.252572 16.176386 9.338181 -3.577950 9.132036 4.619210 -1.252572 16.176386 6.944588 3.466400 9.132036 11.663561 1.141022 16.176386 9.338181 3.466400 9.132036 4.619210 1.141022 16.176386 6.944588 "
							            />
							<TextureCoordinate point="0.3750 0.0000 0.6250 0.0000 0.6250 0.2500 0.3750 0.2500 0.3750 0.2500 0.6250 0.2500 0.6250 0.5000 0.3750 0.5000 0.3750 0.5000 0.6250 0.5000 0.6250 0.7500 0.3750 0.7500 0.3750 0.7500 0.6250 0.7500 0.6250 1.0000 0.3750 1.0000 0.1250 0.5000 0.3750 0.5000 0.3750 0.7500 0.1250 0.7500 0.6250 0.5000 0.8750 0.5000 0.8750 0.7500 0.6250 0.7500 " />
						</IndexedFaceSet>
					</Shape>
				</Group>
			</Transform>
		</Transform>
		<Transform DEF="Shape_IndexedFaceSet_034_TRANSFORM"
		           translation="0.000000 0.000000 0.000000"
		           scale="1.000000 1.000000 1.000000"
		           rotation="-0.000000 0.000000 0.000000 0.000000"
		           >
			<Transform DEF="Shape_IndexedFaceSet_034_ifs_TRANSFORM"
			           translation="0.000000 0.000000 0.000000"
			           scale="1.000000 1.000000 1.000000"
			           rotation="0.000000 1.000000 0.000000 0.000000"
			           >
				<Group DEF="group_ME_Shape_IndexedFaceSet_034">
					<Shape>
						<Appearance>
							<Material USE="MA_rozowy" />
						</Appearance>
						<IndexedFaceSet solid="false"
						                texCoordIndex="0 1 2 3 -1 4 5 6 7 -1 8 9 10 11 -1 12 13 14 15 -1 16 17 18 19 -1 20 21 22 23 -1 "
						                coordIndex="0 1 3 2 -1 2 3 7 6 -1 6 7 5 4 -1 4 5 1 0 -1 2 6 4 0 -1 7 3 1 5 -1 "
						                >
							<Coordinate DEF="coords_ME_Shape_IndexedFaceSet_034"
							            point="-3.376142 9.165531 -4.473626 -1.050763 16.209881 -6.799004 -3.376142 9.165531 -11.517977 -1.050763 16.209881 -9.192597 3.668209 9.165531 -4.473626 1.342830 16.209881 -6.799004 3.668209 9.165531 -11.517977 1.342830 16.209881 -9.192597 "
							            />
							<TextureCoordinate point="0.3750 0.0000 0.6250 0.0000 0.6250 0.2500 0.3750 0.2500 0.3750 0.2500 0.6250 0.2500 0.6250 0.5000 0.3750 0.5000 0.3750 0.5000 0.6250 0.5000 0.6250 0.7500 0.3750 0.7500 0.3750 0.7500 0.6250 0.7500 0.6250 1.0000 0.3750 1.0000 0.1250 0.5000 0.3750 0.5000 0.3750 0.7500 0.1250 0.7500 0.6250 0.5000 0.8750 0.5000 0.8750 0.7500 0.6250 0.7500 " />
						</IndexedFaceSet>
					</Shape>
				</Group>
			</Transform>
		</Transform>
		<Transform DEF="Shape_IndexedFaceSet_035_TRANSFORM"
		           translation="0.000000 0.000000 0.000000"
		           scale="1.000000 1.000000 1.000000"
		           rotation="-0.000000 0.000000 0.000000 0.000000"
		           >
			<Transform DEF="Shape_IndexedFaceSet_035_ifs_TRANSFORM"
			           translation="0.000000 0.000000 0.000000"
			           scale="1.000000 1.000000 1.000000"
			           rotation="0.000000 1.000000 0.000000 0.000000"
			           >
				<Group DEF="group_ME_Shape_IndexedFaceSet_035">
					<Shape>
						<Appearance>
							<Material USE="MA_rozowy" />
						</Appearance>
						<IndexedFaceSet solid="false"
						                texCoordIndex="0 1 2 3 -1 4 5 6 7 -1 8 9 10 11 -1 12 13 14 15 -1 16 17 18 19 -1 20 21 22 23 -1 "
						                coordIndex="0 1 3 2 -1 2 3 7 6 -1 6 7 5 4 -1 4 5 1 0 -1 2 6 4 0 -1 7 3 1 5 -1 "
						                >
							<Coordinate DEF="coords_ME_Shape_IndexedFaceSet_035"
							            point="-1.084734 13.560337 9.232222 -1.084734 18.255417 9.232222 -1.084734 13.560337 7.110435 -1.084734 18.255417 7.110435 1.040435 13.560337 9.232222 1.040435 18.255417 9.232222 1.040435 13.560337 7.110435 1.040435 18.255417 7.110435 "
							            />
							<TextureCoordinate point="0.3750 0.0000 0.6250 0.0000 0.6250 0.2500 0.3750 0.2500 0.3750 0.2500 0.6250 0.2500 0.6250 0.5000 0.3750 0.5000 0.3750 0.5000 0.6250 0.5000 0.6250 0.7500 0.3750 0.7500 0.3750 0.7500 0.6250 0.7500 0.6250 1.0000 0.3750 1.0000 0.1250 0.5000 0.3750 0.5000 0.3750 0.7500 0.1250 0.7500 0.6250 0.5000 0.8750 0.5000 0.8750 0.7500 0.6250 0.7500 " />
						</IndexedFaceSet>
					</Shape>
				</Group>
			</Transform>
		</Transform>
		<Transform DEF="Shape_IndexedFaceSet_036_TRANSFORM"
		           translation="0.000000 0.000000 0.000000"
		           scale="1.000000 1.000000 1.000000"
		           rotation="-0.000000 0.000000 0.000000 0.000000"
		           >
			<Transform DEF="Shape_IndexedFaceSet_036_ifs_TRANSFORM"
			           translation="0.000000 0.000000 0.000000"
			           scale="1.000000 1.000000 1.000000"
			           rotation="0.000000 1.000000 0.000000 0.000000"
			           >
				<Group DEF="group_ME_Shape_IndexedFaceSet_036">
					<Shape>
						<Appearance>
							<Material USE="MA_rozowy" />
						</Appearance>
						<IndexedFaceSet solid="false"
						                texCoordIndex="0 1 2 3 -1 4 5 6 7 -1 8 9 10 11 -1 12 13 14 15 -1 16 17 18 19 -1 20 21 22 23 -1 "
						                coordIndex="0 1 3 2 -1 2 3 7 6 -1 6 7 5 4 -1 4 5 1 0 -1 2 6 4 0 -1 7 3 1 5 -1 "
						                >
							<Coordinate DEF="coords_ME_Shape_IndexedFaceSet_036"
							            point="-0.798452 16.052931 -6.886288 -0.798452 18.463163 -6.886288 -0.798452 16.052931 -9.120792 -0.798452 18.463163 -9.120792 1.198042 16.052931 -6.886288 1.198042 18.463163 -6.886288 1.198042 16.052931 -9.120792 1.198042 18.463163 -9.120792 "
							            />
							<TextureCoordinate point="0.3750 0.0000 0.6250 0.0000 0.6250 0.2500 0.3750 0.2500 0.3750 0.2500 0.6250 0.2500 0.6250 0.5000 0.3750 0.5000 0.3750 0.5000 0.6250 0.5000 0.6250 0.7500 0.3750 0.7500 0.3750 0.7500 0.6250 0.7500 0.6250 1.0000 0.3750 1.0000 0.1250 0.5000 0.3750 0.5000 0.3750 0.7500 0.1250 0.7500 0.6250 0.5000 0.8750 0.5000 0.8750 0.7500 0.6250 0.7500 " />
						</IndexedFaceSet>
					</Shape>
				</Group>
			</Transform>
		</Transform>
		<Transform DEF="Shape_IndexedFaceSet_037_TRANSFORM"
		           translation="0.000000 0.000000 0.000000"
		           scale="1.000000 1.000000 1.000000"
		           rotation="-0.000000 0.000000 0.000000 0.000000"
		           >
			<Transform DEF="Shape_IndexedFaceSet_037_ifs_TRANSFORM"
			           translation="0.000000 0.000000 0.000000"
			           scale="1.000000 1.000000 1.000000"
			           rotation="0.000000 1.000000 0.000000 0.000000"
			           >
				<Group DEF="group_ME_Shape_IndexedFaceSet_037">
					<Shape>
						<Appearance>
							<Material USE="MA_rozowy" />
						</Appearance>
						<IndexedFaceSet solid="false"
						                texCoordIndex="0 1 2 3 -1 4 5 6 7 -1 8 9 10 11 -1 12 13 14 15 -1 16 17 18 19 -1 20 21 22 23 -1 "
						                coordIndex="0 1 3 2 -1 2 3 7 6 -1 6 7 5 4 -1 4 5 1 0 -1 2 6 4 0 -1 7 3 1 5 -1 "
						                >
							<Coordinate DEF="coords_ME_Shape_IndexedFaceSet_037"
							            point="4.976291 10.377481 3.356648 6.330199 14.703360 0.530013 4.976291 10.377481 -3.248514 6.330199 14.703360 -0.421879 8.140046 10.377481 3.356648 6.786138 14.703360 0.530013 8.140046 10.377481 -3.248514 6.786138 14.703360 -0.421879 "
							            />
							<TextureCoordinate point="0.3750 0.0000 0.6250 0.0000 0.6250 0.2500 0.3750 0.2500 0.3750 0.2500 0.6250 0.2500 0.6250 0.5000 0.3750 0.5000 0.3750 0.5000 0.6250 0.5000 0.6250 0.7500 0.3750 0.7500 0.3750 0.7500 0.6250 0.7500 0.6250 1.0000 0.3750 1.0000 0.1250 0.5000 0.3750 0.5000 0.3750 0.7500 0.1250 0.7500 0.6250 0.5000 0.8750 0.5000 0.8750 0.7500 0.6250 0.7500 " />
						</IndexedFaceSet>
					</Shape>
				</Group>
			</Transform>
		</Transform>
		<Transform DEF="Shape_IndexedFaceSet_038_TRANSFORM"
		           translation="0.000000 0.000000 0.000000"
		           scale="1.000000 1.000000 1.000000"
		           rotation="-0.000000 0.000000 0.000000 0.000000"
		           >
			<Transform DEF="Shape_IndexedFaceSet_038_ifs_TRANSFORM"
			           translation="0.000000 0.000000 0.000000"
			           scale="1.000000 1.000000 1.000000"
			           rotation="0.000000 1.000000 0.000000 0.000000"
			           >
				<Group DEF="group_ME_Shape_IndexedFaceSet_038">
					<Shape>
						<Appearance>
							<Material USE="MA_MA_KolorScian" />
						</Appearance>
						<IndexedFaceSet solid="false"
						                texCoordIndex="0 1 2 3 -1 4 5 6 7 -1 8 9 10 11 -1 12 13 14 15 -1 16 17 18 19 -1 20 21 22 23 -1 "
						                coordIndex="0 2 3 1 -1 2 6 7 3 -1 6 4 5 7 -1 4 0 1 5 -1 2 0 4 6 -1 7 5 1 3 -1 "
						                >
							<Coordinate DEF="coords_ME_Shape_IndexedFaceSet_038"
							            point="6.119289 12.159784 -0.445379 6.119289 17.029488 -0.445379 6.119289 12.159784 0.634836 6.119289 17.029488 0.634836 7.010413 12.159784 -0.445379 7.010413 17.029488 -0.445379 7.010413 12.159784 0.634836 7.010413 17.029488 0.634836 "
							            />
							<TextureCoordinate point="0.3750 0.0000 0.3750 0.2500 0.6250 0.2500 0.6250 0.0000 0.3750 0.2500 0.3750 0.5000 0.6250 0.5000 0.6250 0.2500 0.3750 0.5000 0.3750 0.7500 0.6250 0.7500 0.6250 0.5000 0.3750 0.7500 0.3750 1.0000 0.6250 1.0000 0.6250 0.7500 0.1250 0.5000 0.1250 0.7500 0.3750 0.7500 0.3750 0.5000 0.6250 0.5000 0.6250 0.7500 0.8750 0.7500 0.8750 0.5000 " />
						</IndexedFaceSet>
					</Shape>
				</Group>
			</Transform>
		</Transform>
		<Transform DEF="Shape_IndexedFaceSet_039_TRANSFORM"
		           translation="0.000000 0.000000 0.000000"
		           scale="1.000000 1.000000 1.000000"
		           rotation="-0.000000 0.000000 0.000000 0.000000"
		           >
			<Transform DEF="Shape_IndexedFaceSet_039_ifs_TRANSFORM"
			           translation="0.000000 0.000000 0.000000"
			           scale="1.000000 1.000000 1.000000"
			           rotation="0.000000 1.000000 0.000000 0.000000"
			           >
				<Group DEF="group_ME_Shape_IndexedFaceSet_039">
					<Shape>
						<Appearance>
							<Material USE="MA_MA_kolorOkna" />
						</Appearance>
						<IndexedFaceSet solid="false"
						                texCoordIndex="0 1 2 3 -1 4 5 6 7 -1 "
						                coordIndex="0 1 3 2 -1 2 6 4 0 -1 "
						                >
							<Coordinate DEF="coords_ME_Shape_IndexedFaceSet_039"
							            point="13.726705 -5.349655 1.332670 13.726705 -0.650345 1.332670 13.726705 -5.349655 -1.332670 13.726705 -0.650345 -1.332670 14.273295 -5.349655 1.332670 14.273295 -0.650345 1.332670 14.273295 -5.349655 -1.332670 14.273295 -0.650345 -1.332670 "
							            />
							<TextureCoordinate point="0.3750 0.0000 0.6250 0.0000 0.6250 0.2500 0.3750 0.2500 0.1250 0.5000 0.3750 0.5000 0.3750 0.7500 0.1250 0.7500 " />
						</IndexedFaceSet>
					</Shape>
				</Group>
			</Transform>
		</Transform>
		<Transform DEF="Shape_IndexedFaceSet_040_TRANSFORM"
		           translation="0.000000 0.000000 0.000000"
		           scale="1.000000 1.000000 1.000000"
		           rotation="-0.000000 0.000000 0.000000 0.000000"
		           >
			<Transform DEF="Shape_IndexedFaceSet_040_ifs_TRANSFORM"
			           translation="0.000000 0.000000 0.000000"
			           scale="1.000000 1.000000 1.000000"
			           rotation="0.000000 1.000000 0.000000 0.000000"
			           >
				<Group DEF="group_ME_Shape_IndexedFaceSet_040">
					<Shape>
						<Appearance>
							<Material DEF="MA_MA_drzwi"
							          diffuseColor="0.255 0.153 0.153"
							          specularColor="0.401 0.401 0.401"
							          emissiveColor="0.000 0.000 0.000"
							          ambientIntensity="0.000"
							          shininess="0.500"
							          transparency="0.0"
							          />
						</Appearance>
						<IndexedFaceSet solid="false"
						                texCoordIndex="0 1 2 3 -1 4 5 6 7 -1 8 9 10 11 -1 12 13 14 15 -1 "
						                coordIndex="2 3 7 6 -1 6 7 5 4 -1 4 5 1 0 -1 7 3 1 5 -1 "
						                >
							<Coordinate DEF="coords_ME_Shape_IndexedFaceSet_040"
							            point="13.726705 -5.349655 1.332670 13.726705 -0.650345 1.332670 13.726705 -5.349655 -1.332670 13.726705 -0.650345 -1.332670 14.273295 -5.349655 1.332670 14.273295 -0.650345 1.332670 14.273295 -5.349655 -1.332670 14.273295 -0.650345 -1.332670 "
							            />
							<TextureCoordinate point="0.3750 0.2500 0.6250 0.2500 0.6250 0.5000 0.3750 0.5000 0.3750 0.5000 0.6250 0.5000 0.6250 0.7500 0.3750 0.7500 0.3750 0.7500 0.6250 0.7500 0.6250 1.0000 0.3750 1.0000 0.6250 0.5000 0.8750 0.5000 0.8750 0.7500 0.6250 0.7500 " />
						</IndexedFaceSet>
					</Shape>
				</Group>
			</Transform>
		</Transform>
		<Transform DEF="Shape_IndexedFaceSet_041_TRANSFORM"
		           translation="0.000000 0.000000 0.000000"
		           scale="1.000000 1.000000 1.000000"
		           rotation="-0.000000 0.000000 0.000000 0.000000"
		           >
			<Transform DEF="Shape_IndexedFaceSet_041_ifs_TRANSFORM"
			           translation="0.000000 0.000000 0.000000"
			           scale="1.000000 1.000000 1.000000"
			           rotation="0.000000 1.000000 0.000000 0.000000"
			           >
				<Group DEF="group_ME_Shape_IndexedFaceSet_041">
					<Shape>
						<Appearance>
							<Material USE="MA_MA_kolorOkna" />
						</Appearance>
						<IndexedFaceSet solid="false"
						                texCoordIndex="0 1 2 3 -1 4 5 6 7 -1 8 9 10 11 -1 12 13 14 15 -1 16 17 18 19 -1 20 21 22 23 -1 "
						                coordIndex="0 1 3 2 -1 2 3 7 6 -1 6 7 5 4 -1 4 5 1 0 -1 2 6 4 0 -1 7 3 1 5 -1 "
						                >
							<Coordinate DEF="coords_ME_Shape_IndexedFaceSet_041"
							            point="7.430541 4.362748 2.507622 7.430541 9.637252 2.507622 7.430541 4.362748 -2.507622 7.430541 9.637252 -2.507622 8.569459 4.362748 2.507622 8.569459 9.637252 2.507622 8.569459 4.362748 -2.507622 8.569459 9.637252 -2.507622 "
							            />
							<TextureCoordinate point="0.3750 0.0000 0.6250 0.0000 0.6250 0.2500 0.3750 0.2500 0.3750 0.2500 0.6250 0.2500 0.6250 0.5000 0.3750 0.5000 0.3750 0.5000 0.6250 0.5000 0.6250 0.7500 0.3750 0.7500 0.3750 0.7500 0.6250 0.7500 0.6250 1.0000 0.3750 1.0000 0.1250 0.5000 0.3750 0.5000 0.3750 0.7500 0.1250 0.7500 0.6250 0.5000 0.8750 0.5000 0.8750 0.7500 0.6250 0.7500 " />
						</IndexedFaceSet>
					</Shape>
				</Group>
			</Transform>
		</Transform>
		<Transform DEF="Shape_IndexedFaceSet_042_TRANSFORM"
		           translation="0.000000 0.000000 0.000000"
		           scale="1.000000 1.000000 1.000000"
		           rotation="-0.000000 0.000000 0.000000 0.000000"
		           >
			<Transform DEF="Shape_IndexedFaceSet_042_ifs_TRANSFORM"
			           translation="0.000000 0.000000 0.000000"
			           scale="1.000000 1.000000 1.000000"
			           rotation="0.000000 1.000000 0.000000 0.000000"
			           >
				<Group DEF="group_ME_Shape_IndexedFaceSet_042">
					<Shape>
						<Appearance>
							<Material USE="MA_MA_kolorOkna" />
						</Appearance>
						<IndexedFaceSet solid="false"
						                texCoordIndex="0 1 2 3 -1 4 5 6 7 -1 8 9 10 11 -1 12 13 14 15 -1 16 17 18 19 -1 20 21 22 23 -1 "
						                coordIndex="0 1 3 2 -1 2 3 7 6 -1 6 7 5 4 -1 4 5 1 0 -1 2 6 4 0 -1 7 3 1 5 -1 "
						                >
							<Coordinate DEF="coords_ME_Shape_IndexedFaceSet_042"
							            point="5.707881 0.265541 1.286351 5.707881 3.734459 1.286351 5.707881 0.265541 -1.286351 5.707881 3.734459 -1.286351 6.292119 0.265541 1.286351 6.292119 3.734459 1.286351 6.292119 0.265541 -1.286351 6.292119 3.734459 -1.286351 "
							            />
							<TextureCoordinate point="0.3750 0.0000 0.6250 0.0000 0.6250 0.2500 0.3750 0.2500 0.3750 0.2500 0.6250 0.2500 0.6250 0.5000 0.3750 0.5000 0.3750 0.5000 0.6250 0.5000 0.6250 0.7500 0.3750 0.7500 0.3750 0.7500 0.6250 0.7500 0.6250 1.0000 0.3750 1.0000 0.1250 0.5000 0.3750 0.5000 0.3750 0.7500 0.1250 0.7500 0.6250 0.5000 0.8750 0.5000 0.8750 0.7500 0.6250 0.7500 " />
						</IndexedFaceSet>
					</Shape>
				</Group>
			</Transform>
		</Transform>
		<Transform DEF="Shape_IndexedFaceSet_043_TRANSFORM"
		           translation="0.000000 0.000000 0.000000"
		           scale="1.000000 1.000000 1.000000"
		           rotation="-0.000000 0.000000 0.000000 0.000000"
		           >
			<Transform DEF="Shape_IndexedFaceSet_043_ifs_TRANSFORM"
			           translation="0.000000 0.000000 0.000000"
			           scale="1.000000 1.000000 1.000000"
			           rotation="0.000000 1.000000 0.000000 0.000000"
			           >
				<Group DEF="group_ME_Shape_IndexedFaceSet_043">
					<Shape>
						<Appearance>
							<Material USE="MA_MA_kolorOkna" />
						</Appearance>
						<IndexedFaceSet solid="false"
						                texCoordIndex="0 1 2 3 -1 4 5 6 7 -1 8 9 10 11 -1 12 13 14 15 -1 16 17 18 19 -1 20 21 22 23 -1 "
						                coordIndex="0 2 3 1 -1 2 6 7 3 -1 6 4 5 7 -1 4 0 1 5 -1 2 0 4 6 -1 7 5 1 3 -1 "
						                >
							<Coordinate DEF="coords_ME_Shape_IndexedFaceSet_043"
							            point="3.110063 13.686798 6.578044 3.110063 10.313202 6.578044 3.110063 13.686798 9.421955 3.110063 10.313202 9.421955 0.889937 13.686798 6.578044 0.889937 10.313202 6.578044 0.889937 13.686798 9.421955 0.889937 10.313202 9.421955 "
							            />
							<TextureCoordinate point="0.3750 0.0000 0.3750 0.2500 0.6250 0.2500 0.6250 0.0000 0.3750 0.2500 0.3750 0.5000 0.6250 0.5000 0.6250 0.2500 0.3750 0.5000 0.3750 0.7500 0.6250 0.7500 0.6250 0.5000 0.3750 0.7500 0.3750 1.0000 0.6250 1.0000 0.6250 0.7500 0.1250 0.5000 0.1250 0.7500 0.3750 0.7500 0.3750 0.5000 0.6250 0.5000 0.6250 0.7500 0.8750 0.7500 0.8750 0.5000 " />
						</IndexedFaceSet>
					</Shape>
				</Group>
			</Transform>
		</Transform>
		<Transform DEF="Shape_IndexedFaceSet_044_TRANSFORM"
		           translation="0.000000 0.000000 0.000000"
		           scale="1.000000 1.000000 1.000000"
		           rotation="-0.000000 0.000000 0.000000 0.000000"
		           >
			<Transform DEF="Shape_IndexedFaceSet_044_ifs_TRANSFORM"
			           translation="0.000000 0.000000 0.000000"
			           scale="1.000000 1.000000 1.000000"
			           rotation="0.000000 1.000000 0.000000 0.000000"
			           >
				<Group DEF="group_ME_Shape_IndexedFaceSet_044">
					<Shape>
						<Appearance>
							<Material USE="MA_MA_kolorOkna" />
						</Appearance>
						<IndexedFaceSet solid="false"
						                texCoordIndex="0 1 2 3 -1 4 5 6 7 -1 8 9 10 11 -1 12 13 14 15 -1 16 17 18 19 -1 20 21 22 23 -1 "
						                coordIndex="0 1 3 2 -1 2 3 7 6 -1 6 7 5 4 -1 4 5 1 0 -1 2 6 4 0 -1 7 3 1 5 -1 "
						                >
							<Coordinate DEF="coords_ME_Shape_IndexedFaceSet_044"
							            point="2.244967 4.411859 9.900238 2.244967 7.588141 9.900238 2.244967 4.411859 6.099762 2.244967 7.588141 6.099762 3.755033 4.411859 9.900238 3.755033 7.588141 9.900238 3.755033 4.411859 6.099762 3.755033 7.588141 6.099762 "
							            />
							<TextureCoordinate point="0.3750 0.0000 0.6250 0.0000 0.6250 0.2500 0.3750 0.2500 0.3750 0.2500 0.6250 0.2500 0.6250 0.5000 0.3750 0.5000 0.3750 0.5000 0.6250 0.5000 0.6250 0.7500 0.3750 0.7500 0.3750 0.7500 0.6250 0.7500 0.6250 1.0000 0.3750 1.0000 0.1250 0.5000 0.3750 0.5000 0.3750 0.7500 0.1250 0.7500 0.6250 0.5000 0.8750 0.5000 0.8750 0.7500 0.6250 0.7500 " />
						</IndexedFaceSet>
					</Shape>
				</Group>
			</Transform>
		</Transform>
		<Transform DEF="Shape_IndexedFaceSet_045_TRANSFORM"
		           translation="0.000000 0.000000 0.000000"
		           scale="1.000000 1.000000 1.000000"
		           rotation="-0.000000 0.000000 0.000000 0.000000"
		           >
			<Transform DEF="Shape_IndexedFaceSet_045_ifs_TRANSFORM"
			           translation="0.000000 0.000000 0.000000"
			           scale="1.000000 1.000000 1.000000"
			           rotation="0.000000 1.000000 0.000000 0.000000"
			           >
				<Group DEF="group_ME_Shape_IndexedFaceSet_045">
					<Shape>
						<Appearance>
							<Material USE="MA_MA_kolorOkna" />
						</Appearance>
						<IndexedFaceSet solid="false"
						                texCoordIndex="0 1 2 3 -1 4 5 6 7 -1 8 9 10 11 -1 12 13 14 15 -1 16 17 18 19 -1 20 21 22 23 -1 "
						                coordIndex="0 2 3 1 -1 2 6 7 3 -1 6 4 5 7 -1 4 0 1 5 -1 2 0 4 6 -1 7 5 1 3 -1 "
						                >
							<Coordinate DEF="coords_ME_Shape_IndexedFaceSet_045"
							            point="3.416651 13.686798 -9.421955 3.416651 10.313202 -9.421955 3.416651 13.686798 -6.578044 3.416651 10.313202 -6.578044 0.583349 13.686798 -9.421955 0.583349 10.313202 -9.421955 0.583349 13.686798 -6.578044 0.583349 10.313202 -6.578044 "
							            />
							<TextureCoordinate point="0.3750 0.0000 0.3750 0.2500 0.6250 0.2500 0.6250 0.0000 0.3750 0.2500 0.3750 0.5000 0.6250 0.5000 0.6250 0.2500 0.3750 0.5000 0.3750 0.7500 0.6250 0.7500 0.6250 0.5000 0.3750 0.7500 0.3750 1.0000 0.6250 1.0000 0.6250 0.7500 0.1250 0.5000 0.1250 0.7500 0.3750 0.7500 0.3750 0.5000 0.6250 0.5000 0.6250 0.7500 0.8750 0.7500 0.8750 0.5000 " />
						</IndexedFaceSet>
					</Shape>
				</Group>
			</Transform>
		</Transform>
		<Transform DEF="Shape_IndexedFaceSet_046_TRANSFORM"
		           translation="0.000000 0.000000 0.000000"
		           scale="1.000000 1.000000 1.000000"
		           rotation="-0.000000 0.000000 0.000000 0.000000"
		           >
			<Transform DEF="Shape_IndexedFaceSet_046_ifs_TRANSFORM"
			           translation="0.000000 0.000000 0.000000"
			           scale="1.000000 1.000000 1.000000"
			           rotation="0.000000 1.000000 0.000000 0.000000"
			           >
				<Group DEF="group_ME_Shape_IndexedFaceSet_046">
					<Shape>
						<Appearance>
							<Material USE="MA_MA_kolorOkna" />
						</Appearance>
						<IndexedFaceSet solid="false"
						                texCoordIndex="0 1 2 3 -1 4 5 6 7 -1 8 9 10 11 -1 12 13 14 15 -1 16 17 18 19 -1 20 21 22 23 -1 "
						                coordIndex="0 2 3 1 -1 2 6 7 3 -1 6 4 5 7 -1 4 0 1 5 -1 2 0 4 6 -1 7 5 1 3 -1 "
						                >
							<Coordinate DEF="coords_ME_Shape_IndexedFaceSet_046"
							            point="4.164692 4.373291 -6.053616 4.164692 7.626709 -6.053616 4.164692 4.373291 -9.946384 4.164692 7.626709 -9.946384 1.835308 4.373291 -6.053616 1.835308 7.626709 -6.053616 1.835308 4.373291 -9.946384 1.835308 7.626709 -9.946384 "
							            />
							<TextureCoordinate point="0.3750 0.0000 0.3750 0.2500 0.6250 0.2500 0.6250 0.0000 0.3750 0.2500 0.3750 0.5000 0.6250 0.5000 0.6250 0.2500 0.3750 0.5000 0.3750 0.7500 0.6250 0.7500 0.6250 0.5000 0.3750 0.7500 0.3750 1.0000 0.6250 1.0000 0.6250 0.7500 0.1250 0.5000 0.1250 0.7500 0.3750 0.7500 0.3750 0.5000 0.6250 0.5000 0.6250 0.7500 0.8750 0.7500 0.8750 0.5000 " />
						</IndexedFaceSet>
					</Shape>
				</Group>
			</Transform>
		</Transform>
		<Transform DEF="Shape_IndexedFaceSet_047_TRANSFORM"
		           translation="0.000000 0.000000 0.000000"
		           scale="1.000000 1.000000 1.000000"
		           rotation="-0.000000 0.000000 0.000000 0.000000"
		           >
			<Transform DEF="Shape_IndexedFaceSet_047_ifs_TRANSFORM"
			           translation="0.000000 0.000000 0.000000"
			           scale="1.000000 1.000000 1.000000"
			           rotation="0.000000 1.000000 0.000000 0.000000"
			           >
				<Group DEF="group_ME_Shape_IndexedFaceSet_047">
					<Shape>
						<Appearance>
							<Material USE="MA_MA_kolorOkna" />
						</Appearance>
						<IndexedFaceSet solid="false"
						                texCoordIndex="0 1 2 3 -1 4 5 6 7 -1 8 9 10 11 -1 12 13 14 15 -1 16 17 18 19 -1 20 21 22 23 -1 "
						                coordIndex="0 1 3 2 -1 2 3 7 6 -1 6 7 5 4 -1 4 5 1 0 -1 2 6 4 0 -1 7 3 1 5 -1 "
						                >
							<Coordinate DEF="coords_ME_Shape_IndexedFaceSet_047"
							            point="3.738225 -3.182627 10.501400 3.738225 1.182627 10.501400 3.738225 -3.182627 7.498600 3.738225 1.182627 7.498600 4.261775 -3.182627 10.501400 4.261775 1.182627 10.501400 4.261775 -3.182627 7.498600 4.261775 1.182627 7.498600 "
							            />
							<TextureCoordinate point="0.3750 0.0000 0.6250 0.0000 0.6250 0.2500 0.3750 0.2500 0.3750 0.2500 0.6250 0.2500 0.6250 0.5000 0.3750 0.5000 0.3750 0.5000 0.6250 0.5000 0.6250 0.7500 0.3750 0.7500 0.3750 0.7500 0.6250 0.7500 0.6250 1.0000 0.3750 1.0000 0.1250 0.5000 0.3750 0.5000 0.3750 0.7500 0.1250 0.7500 0.6250 0.5000 0.8750 0.5000 0.8750 0.7500 0.6250 0.7500 " />
						</IndexedFaceSet>
					</Shape>
				</Group>
			</Transform>
		</Transform>
		<Transform DEF="Shape_IndexedFaceSet_048_TRANSFORM"
		           translation="0.000000 0.000000 0.000000"
		           scale="1.000000 1.000000 1.000000"
		           rotation="-0.000000 0.000000 0.000000 0.000000"
		           >
			<Transform DEF="Shape_IndexedFaceSet_048_ifs_TRANSFORM"
			           translation="0.000000 0.000000 0.000000"
			           scale="1.000000 1.000000 1.000000"
			           rotation="0.000000 1.000000 0.000000 0.000000"
			           >
				<Group DEF="group_ME_Shape_IndexedFaceSet_048">
					<Shape>
						<Appearance>
							<Material USE="MA_MA_kolorOkna" />
						</Appearance>
						<IndexedFaceSet solid="false"
						                texCoordIndex="0 1 2 3 -1 4 5 6 7 -1 8 9 10 11 -1 12 13 14 15 -1 16 17 18 19 -1 20 21 22 23 -1 "
						                coordIndex="0 1 3 2 -1 2 3 7 6 -1 6 7 5 4 -1 4 5 1 0 -1 2 6 4 0 -1 7 3 1 5 -1 "
						                >
							<Coordinate DEF="coords_ME_Shape_IndexedFaceSet_048"
							            point="3.367714 -3.182627 -7.498600 3.367714 1.182627 -7.498600 3.367714 -3.182627 -10.501400 3.367714 1.182627 -10.501400 4.632286 -3.182627 -7.498600 4.632286 1.182627 -7.498600 4.632286 -3.182627 -10.501400 4.632286 1.182627 -10.501400 "
							            />
							<TextureCoordinate point="0.3750 0.0000 0.6250 0.0000 0.6250 0.2500 0.3750 0.2500 0.3750 0.2500 0.6250 0.2500 0.6250 0.5000 0.3750 0.5000 0.3750 0.5000 0.6250 0.5000 0.6250 0.7500 0.3750 0.7500 0.3750 0.7500 0.6250 0.7500 0.6250 1.0000 0.3750 1.0000 0.1250 0.5000 0.3750 0.5000 0.3750 0.7500 0.1250 0.7500 0.6250 0.5000 0.8750 0.5000 0.8750 0.7500 0.6250 0.7500 " />
						</IndexedFaceSet>
					</Shape>
				</Group>
			</Transform>
		</Transform>
		<Transform DEF="Shape_IndexedFaceSet_049_TRANSFORM"
		           translation="0.000000 0.000000 0.000000"
		           scale="1.000000 1.000000 1.000000"
		           rotation="-0.000000 0.000000 0.000000 0.000000"
		           >
			<Transform DEF="Shape_IndexedFaceSet_049_ifs_TRANSFORM"
			           translation="0.000000 0.000000 0.000000"
			           scale="1.000000 1.000000 1.000000"
			           rotation="0.000000 1.000000 0.000000 0.000000"
			           >
				<Group DEF="group_ME_Shape_IndexedFaceSet_049">
					<Shape>
						<Appearance>
							<Material USE="MA_MA_KolorScian" />
						</Appearance>
						<IndexedFaceSet solid="false"
						                texCoordIndex="0 1 2 3 -1 4 5 6 7 -1 8 9 10 11 -1 12 13 14 15 -1 16 17 18 19 -1 20 21 22 23 -1 24 25 26 27 -1 28 29 30 31 -1 32 33 34 35 -1 36 37 38 39 -1 40 41 42 43 -1 44 45 46 47 -1 48 49 50 51 -1 52 53 54 55 -1 56 57 58 59 -1 60 61 62 63 -1 64 65 66 67 -1 68 69 70 71 -1 72 73 74 75 -1 76 77 78 79 -1 80 81 82 83 -1 84 85 86 87 -1 88 89 90 91 -1 92 93 94 95 -1 96 97 98 99 -1 100 101 102 103 -1 104 105 106 107 -1 108 109 110 111 -1 112 113 114 115 -1 116 117 118 119 -1 120 121 122 123 124 125 126 127 128 129 130 131 132 133 134 135 136 137 138 139 140 141 142 143 144 145 146 147 148 149 150 151 -1 152 153 154 155 -1 156 157 158 159 -1 160 161 162 163 164 165 166 167 168 169 170 171 172 173 174 175 176 177 178 179 180 181 182 183 184 185 186 187 188 189 190 191 -1 "
						                coordIndex="0 2 3 1 -1 2 4 5 3 -1 4 6 7 5 -1 6 8 9 7 -1 8 10 11 9 -1 10 12 13 11 -1 12 14 15 13 -1 14 16 17 15 -1 16 18 19 17 -1 18 20 21 19 -1 20 22 23 21 -1 22 24 25 23 -1 24 26 27 25 -1 26 28 29 27 -1 28 30 31 29 -1 30 32 33 31 -1 32 34 35 33 -1 34 36 37 35 -1 36 38 39 37 -1 38 40 41 39 -1 40 42 43 41 -1 42 44 45 43 -1 44 46 47 45 -1 46 48 49 47 -1 48 50 51 49 -1 50 52 53 51 -1 52 54 55 53 -1 54 56 57 55 -1 56 58 59 57 -1 58 60 61 59 -1 3 5 7 9 11 13 15 17 19 21 23 25 27 29 31 33 35 37 39 41 43 45 47 49 51 53 55 57 59 61 63 1 -1 60 62 63 61 -1 62 0 1 63 -1 0 62 60 58 56 54 52 50 48 46 44 42 40 38 36 34 32 30 28 26 24 22 20 18 16 14 12 10 8 6 4 2 -1 "
						                >
							<Coordinate DEF="coords_ME_Shape_IndexedFaceSet_049"
							            point="12.435735 -5.256930 -3.004657 12.435735 -5.479951 -3.004657 13.682166 -5.256930 -2.946733 13.682166 -5.479951 -2.946733 14.880698 -5.256930 -2.775189 14.880698 -5.479951 -2.775189 15.985271 -5.256930 -2.496617 15.985271 -5.479951 -2.496617 16.953438 -5.256930 -2.121721 16.953438 -5.479951 -2.121721 17.747992 -5.256930 -1.664909 17.747992 -5.479951 -1.664909 18.338398 -5.256930 -1.143737 18.338398 -5.479951 -1.143737 18.701969 -5.256930 -0.578231 18.701969 -5.479951 -0.578231 18.824732 -5.256930 0.009875 18.824732 -5.479951 0.009875 18.701969 -5.256930 0.597981 18.701969 -5.479951 0.597981 18.338398 -5.256930 1.163486 18.338398 -5.479951 1.163486 17.747992 -5.256930 1.684659 17.747992 -5.479951 1.684659 16.953438 -5.256930 2.141470 16.953438 -5.479951 2.141470 15.985271 -5.256930 2.516366 15.985271 -5.479951 2.516366 14.880698 -5.256930 2.794939 14.880698 -5.479951 2.794939 13.682166 -5.256930 2.966483 13.682166 -5.479951 2.966483 12.435735 -5.256930 3.024406 12.435735 -5.479951 3.024406 11.189303 -5.256930 2.966483 11.189303 -5.479951 2.966483 9.990771 -5.256930 2.794939 9.990771 -5.479951 2.794939 8.886198 -5.256930 2.516366 8.886198 -5.479951 2.516366 7.918032 -5.256930 2.141470 7.918032 -5.479951 2.141470 7.123478 -5.256930 1.684659 7.123478 -5.479951 1.684659 6.533072 -5.256930 1.163486 6.533072 -5.479951 1.163486 6.169501 -5.256930 0.597981 6.169501 -5.479951 0.597981 6.046738 -5.256930 0.009875 6.046738 -5.479951 0.009875 6.169501 -5.256930 -0.578231 6.169501 -5.479951 -0.578231 6.533072 -5.256930 -1.143737 6.533072 -5.479951 -1.143737 7.123478 -5.256930 -1.664909 7.123478 -5.479951 -1.664909 7.918032 -5.256930 -2.121721 7.918032 -5.479951 -2.121721 8.886198 -5.256930 -2.496617 8.886198 -5.479951 -2.496617 9.990771 -5.256930 -2.775189 9.990771 -5.479951 -2.775189 11.189303 -5.256930 -2.946733 11.189303 -5.479951 -2.946733 "
							            />
							<TextureCoordinate point="1.0000 0.5000 0.9688 0.5000 0.9688 1.0000 1.0000 1.0000 0.9688 0.5000 0.9375 0.5000 0.9375 1.0000 0.9688 1.0000 0.9375 0.5000 0.9062 0.5000 0.9062 1.0000 0.9375 1.0000 0.9062 0.5000 0.8750 0.5000 0.8750 1.0000 0.9062 1.0000 0.8750 0.5000 0.8438 0.5000 0.8438 1.0000 0.8750 1.0000 0.8438 0.5000 0.8125 0.5000 0.8125 1.0000 0.8438 1.0000 0.8125 0.5000 0.7812 0.5000 0.7812 1.0000 0.8125 1.0000 0.7812 0.5000 0.7500 0.5000 0.7500 1.0000 0.7812 1.0000 0.7500 0.5000 0.7188 0.5000 0.7188 1.0000 0.7500 1.0000 0.7188 0.5000 0.6875 0.5000 0.6875 1.0000 0.7188 1.0000 0.6875 0.5000 0.6562 0.5000 0.6562 1.0000 0.6875 1.0000 0.6562 0.5000 0.6250 0.5000 0.6250 1.0000 0.6562 1.0000 0.6250 0.5000 0.5938 0.5000 0.5938 1.0000 0.6250 1.0000 0.5938 0.5000 0.5625 0.5000 0.5625 1.0000 0.5938 1.0000 0.5625 0.5000 0.5312 0.5000 0.5312 1.0000 0.5625 1.0000 0.5312 0.5000 0.5000 0.5000 0.5000 1.0000 0.5312 1.0000 0.5000 0.5000 0.4688 0.5000 0.4688 1.0000 0.5000 1.0000 0.4688 0.5000 0.4375 0.5000 0.4375 1.0000 0.4688 1.0000 0.4375 0.5000 0.4062 0.5000 0.4062 1.0000 0.4375 1.0000 0.4062 0.5000 0.3750 0.5000 0.3750 1.0000 0.4062 1.0000 0.3750 0.5000 0.3438 0.5000 0.3438 1.0000 0.3750 1.0000 0.3438 0.5000 0.3125 0.5000 0.3125 1.0000 0.3438 1.0000 0.3125 0.5000 0.2812 0.5000 0.2812 1.0000 0.3125 1.0000 0.2812 0.5000 0.2500 0.5000 0.2500 1.0000 0.2812 1.0000 0.2500 0.5000 0.2188 0.5000 0.2188 1.0000 0.2500 1.0000 0.2188 0.5000 0.1875 0.5000 0.1875 1.0000 0.2188 1.0000 0.1875 0.5000 0.1562 0.5000 0.1562 1.0000 0.1875 1.0000 0.1562 0.5000 0.1250 0.5000 0.1250 1.0000 0.1562 1.0000 0.1250 0.5000 0.0938 0.5000 0.0938 1.0000 0.1250 1.0000 0.0938 0.5000 0.0625 0.5000 0.0625 1.0000 0.0938 1.0000 0.2968 0.4854 0.3418 0.4717 0.3833 0.4496 0.4197 0.4197 0.4496 0.3833 0.4717 0.3418 0.4854 0.2968 0.4900 0.2500 0.4854 0.2032 0.4717 0.1582 0.4496 0.1167 0.4197 0.0803 0.3833 0.0504 0.3418 0.0283 0.2968 0.0146 0.2500 0.0100 0.2032 0.0146 0.1582 0.0283 0.1167 0.0504 0.0803 0.0803 0.0504 0.1167 0.0283 0.1582 0.0146 0.2032 0.0100 0.2500 0.0146 0.2968 0.0283 0.3418 0.0504 0.3833 0.0803 0.4197 0.1167 0.4496 0.1582 0.4717 0.2032 0.4854 0.2500 0.4900 0.0625 0.5000 0.0312 0.5000 0.0312 1.0000 0.0625 1.0000 0.0312 0.5000 0.0000 0.5000 0.0000 1.0000 0.0312 1.0000 0.7500 0.4900 0.7032 0.4854 0.6582 0.4717 0.6167 0.4496 0.5803 0.4197 0.5504 0.3833 0.5283 0.3418 0.5146 0.2968 0.5100 0.2500 0.5146 0.2032 0.5283 0.1582 0.5504 0.1167 0.5803 0.0803 0.6167 0.0504 0.6582 0.0283 0.7032 0.0146 0.7500 0.0100 0.7968 0.0146 0.8418 0.0283 0.8833 0.0504 0.9197 0.0803 0.9496 0.1167 0.9717 0.1582 0.9854 0.2032 0.9900 0.2500 0.9854 0.2968 0.9717 0.3418 0.9496 0.3833 0.9197 0.4197 0.8833 0.4496 0.8418 0.4717 0.7968 0.4854 " />
						</IndexedFaceSet>
					</Shape>
				</Group>
			</Transform>
		</Transform>
		<Transform DEF="Shape_IndexedFaceSet_050_TRANSFORM"
		           translation="0.000000 0.000000 0.000000"
		           scale="1.000000 1.000000 1.000000"
		           rotation="-0.000000 0.000000 0.000000 0.000000"
		           >
			<Transform DEF="Shape_IndexedFaceSet_050_ifs_TRANSFORM"
			           translation="0.000000 0.000000 0.000000"
			           scale="1.000000 1.000000 1.000000"
			           rotation="0.000000 1.000000 0.000000 0.000000"
			           >
				<Group DEF="group_ME_Shape_IndexedFaceSet_050">
					<Shape>
						<Appearance>
							<Material USE="MA_rozowy" />
						</Appearance>
						<IndexedFaceSet solid="false"
						                texCoordIndex="0 1 2 3 -1 4 5 6 7 -1 8 9 10 11 -1 12 13 14 15 -1 16 17 18 19 -1 20 21 22 23 -1 24 25 26 27 -1 28 29 30 31 -1 32 33 34 35 -1 36 37 38 39 -1 40 41 42 43 -1 44 45 46 47 -1 48 49 50 51 -1 52 53 54 55 -1 56 57 58 59 -1 60 61 62 63 -1 64 65 66 67 -1 68 69 70 71 -1 72 73 74 75 -1 76 77 78 79 -1 80 81 82 83 -1 84 85 86 87 -1 88 89 90 91 -1 92 93 94 95 -1 96 97 98 99 -1 100 101 102 103 -1 104 105 106 107 -1 108 109 110 111 -1 112 113 114 115 -1 116 117 118 119 -1 120 121 122 123 124 125 126 127 128 129 130 131 132 133 134 135 136 137 138 139 140 141 142 143 144 145 146 147 148 149 150 151 -1 152 153 154 155 -1 156 157 158 159 -1 160 161 162 163 164 165 166 167 168 169 170 171 172 173 174 175 176 177 178 179 180 181 182 183 184 185 186 187 188 189 190 191 -1 "
						                coordIndex="0 1 3 2 -1 2 3 5 4 -1 4 5 7 6 -1 6 7 9 8 -1 8 9 11 10 -1 10 11 13 12 -1 12 13 15 14 -1 14 15 17 16 -1 16 17 19 18 -1 18 19 21 20 -1 20 21 23 22 -1 22 23 25 24 -1 24 25 27 26 -1 26 27 29 28 -1 28 29 31 30 -1 30 31 33 32 -1 32 33 35 34 -1 34 35 37 36 -1 36 37 39 38 -1 38 39 41 40 -1 40 41 43 42 -1 42 43 45 44 -1 44 45 47 46 -1 46 47 49 48 -1 48 49 51 50 -1 50 51 53 52 -1 52 53 55 54 -1 54 55 57 56 -1 56 57 59 58 -1 58 59 61 60 -1 3 1 63 61 59 57 55 53 51 49 47 45 43 41 39 37 35 33 31 29 27 25 23 21 19 17 15 13 11 9 7 5 -1 60 61 63 62 -1 62 63 1 0 -1 0 2 4 6 8 10 12 14 16 18 20 22 24 26 28 30 32 34 36 38 40 42 44 46 48 50 52 54 56 58 60 62 -1 "
						                >
							<Coordinate DEF="coords_ME_Shape_IndexedFaceSet_050"
							            point="15.766595 0.279950 2.315171 15.766595 -5.465612 2.315171 15.828372 0.279950 2.307764 15.828372 -5.465612 2.307764 15.887774 0.279950 2.285825 15.887774 -5.465612 2.285825 15.942520 0.279950 2.250200 15.942520 -5.465612 2.250200 15.990505 0.279950 2.202256 15.990505 -5.465612 2.202256 16.029884 0.279950 2.143836 16.029884 -5.465612 2.143836 16.059147 0.279950 2.077185 16.059147 -5.465612 2.077185 16.077168 0.279950 2.004864 16.077168 -5.465612 2.004864 16.083252 0.279950 1.929653 16.083252 -5.465612 1.929653 16.077168 0.279950 1.854442 16.077168 -5.465612 1.854442 16.059147 0.279950 1.782122 16.059147 -5.465612 1.782122 16.029884 0.279950 1.715471 16.029884 -5.465612 1.715471 15.990505 0.279950 1.657050 15.990505 -5.465612 1.657050 15.942520 0.279950 1.609106 15.942520 -5.465612 1.609106 15.887774 0.279950 1.573480 15.887774 -5.465612 1.573480 15.828372 0.279950 1.551542 15.828372 -5.465612 1.551542 15.766595 0.279950 1.544135 15.766595 -5.465612 1.544135 15.704818 0.279950 1.551542 15.704818 -5.465612 1.551542 15.645415 0.279950 1.573480 15.645415 -5.465612 1.573480 15.590670 0.279950 1.609106 15.590670 -5.465612 1.609106 15.542685 0.279950 1.657050 15.542685 -5.465612 1.657050 15.503304 0.279950 1.715471 15.503304 -5.465612 1.715471 15.474042 0.279950 1.782122 15.474042 -5.465612 1.782122 15.456022 0.279950 1.854442 15.456022 -5.465612 1.854442 15.449938 0.279950 1.929653 15.449938 -5.465612 1.929653 15.456022 0.279950 2.004864 15.456022 -5.465612 2.004864 15.474042 0.279950 2.077185 15.474042 -5.465612 2.077185 15.503304 0.279950 2.143836 15.503304 -5.465612 2.143836 15.542685 0.279950 2.202256 15.542685 -5.465612 2.202256 15.590670 0.279950 2.250200 15.590670 -5.465612 2.250200 15.645415 0.279950 2.285825 15.645415 -5.465612 2.285825 15.704818 0.279950 2.307764 15.704818 -5.465612 2.307764 "
							            />
							<TextureCoordinate point="1.0000 0.5000 1.0000 1.0000 0.9688 1.0000 0.9688 0.5000 0.9688 0.5000 0.9688 1.0000 0.9375 1.0000 0.9375 0.5000 0.9375 0.5000 0.9375 1.0000 0.9062 1.0000 0.9062 0.5000 0.9062 0.5000 0.9062 1.0000 0.8750 1.0000 0.8750 0.5000 0.8750 0.5000 0.8750 1.0000 0.8438 1.0000 0.8438 0.5000 0.8438 0.5000 0.8438 1.0000 0.8125 1.0000 0.8125 0.5000 0.8125 0.5000 0.8125 1.0000 0.7812 1.0000 0.7812 0.5000 0.7812 0.5000 0.7812 1.0000 0.7500 1.0000 0.7500 0.5000 0.7500 0.5000 0.7500 1.0000 0.7188 1.0000 0.7188 0.5000 0.7188 0.5000 0.7188 1.0000 0.6875 1.0000 0.6875 0.5000 0.6875 0.5000 0.6875 1.0000 0.6562 1.0000 0.6562 0.5000 0.6562 0.5000 0.6562 1.0000 0.6250 1.0000 0.6250 0.5000 0.6250 0.5000 0.6250 1.0000 0.5938 1.0000 0.5938 0.5000 0.5938 0.5000 0.5938 1.0000 0.5625 1.0000 0.5625 0.5000 0.5625 0.5000 0.5625 1.0000 0.5312 1.0000 0.5312 0.5000 0.5312 0.5000 0.5312 1.0000 0.5000 1.0000 0.5000 0.5000 0.5000 0.5000 0.5000 1.0000 0.4688 1.0000 0.4688 0.5000 0.4688 0.5000 0.4688 1.0000 0.4375 1.0000 0.4375 0.5000 0.4375 0.5000 0.4375 1.0000 0.4062 1.0000 0.4062 0.5000 0.4062 0.5000 0.4062 1.0000 0.3750 1.0000 0.3750 0.5000 0.3750 0.5000 0.3750 1.0000 0.3438 1.0000 0.3438 0.5000 0.3438 0.5000 0.3438 1.0000 0.3125 1.0000 0.3125 0.5000 0.3125 0.5000 0.3125 1.0000 0.2812 1.0000 0.2812 0.5000 0.2812 0.5000 0.2812 1.0000 0.2500 1.0000 0.2500 0.5000 0.2500 0.5000 0.2500 1.0000 0.2188 1.0000 0.2188 0.5000 0.2188 0.5000 0.2188 1.0000 0.1875 1.0000 0.1875 0.5000 0.1875 0.5000 0.1875 1.0000 0.1562 1.0000 0.1562 0.5000 0.1562 0.5000 0.1562 1.0000 0.1250 1.0000 0.1250 0.5000 0.1250 0.5000 0.1250 1.0000 0.0938 1.0000 0.0938 0.5000 0.0938 0.5000 0.0938 1.0000 0.0625 1.0000 0.0625 0.5000 0.2968 0.4854 0.2500 0.4900 0.2032 0.4854 0.1582 0.4717 0.1167 0.4496 0.0803 0.4197 0.0504 0.3833 0.0283 0.3418 0.0146 0.2968 0.0100 0.2500 0.0146 0.2032 0.0283 0.1582 0.0504 0.1167 0.0803 0.0803 0.1167 0.0504 0.1582 0.0283 0.2032 0.0146 0.2500 0.0100 0.2968 0.0146 0.3418 0.0283 0.3833 0.0504 0.4197 0.0803 0.4496 0.1167 0.4717 0.1582 0.4854 0.2032 0.4900 0.2500 0.4854 0.2968 0.4717 0.3418 0.4496 0.3833 0.4197 0.4197 0.3833 0.4496 0.3418 0.4717 0.0625 0.5000 0.0625 1.0000 0.0312 1.0000 0.0312 0.5000 0.0312 0.5000 0.0312 1.0000 0.0000 1.0000 0.0000 0.5000 0.7500 0.4900 0.7968 0.4854 0.8418 0.4717 0.8833 0.4496 0.9197 0.4197 0.9496 0.3833 0.9717 0.3418 0.9854 0.2968 0.9900 0.2500 0.9854 0.2032 0.9717 0.1582 0.9496 0.1167 0.9197 0.0803 0.8833 0.0504 0.8418 0.0283 0.7968 0.0146 0.7500 0.0100 0.7032 0.0146 0.6582 0.0283 0.6167 0.0504 0.5803 0.0803 0.5504 0.1167 0.5283 0.1582 0.5146 0.2032 0.5100 0.2500 0.5146 0.2968 0.5283 0.3418 0.5504 0.3833 0.5803 0.4197 0.6167 0.4496 0.6582 0.4717 0.7032 0.4854 " />
						</IndexedFaceSet>
					</Shape>
				</Group>
			</Transform>
		</Transform>
		<Transform DEF="Shape_IndexedFaceSet_051_TRANSFORM"
		           translation="0.000000 0.000000 0.000000"
		           scale="1.000000 1.000000 1.000000"
		           rotation="-0.000000 0.000000 0.000000 0.000000"
		           >
			<Transform DEF="Shape_IndexedFaceSet_051_ifs_TRANSFORM"
			           translation="0.000000 0.000000 0.000000"
			           scale="1.000000 1.000000 1.000000"
			           rotation="0.000000 1.000000 0.000000 0.000000"
			           >
				<Group DEF="group_ME_Shape_IndexedFaceSet_051">
					<Shape>
						<Appearance>
							<Material USE="MA_rozowy" />
						</Appearance>
						<IndexedFaceSet solid="false"
						                texCoordIndex="0 1 2 3 -1 4 5 6 7 -1 8 9 10 11 -1 12 13 14 15 -1 16 17 18 19 -1 20 21 22 23 -1 24 25 26 27 -1 28 29 30 31 -1 32 33 34 35 -1 36 37 38 39 -1 40 41 42 43 -1 44 45 46 47 -1 48 49 50 51 -1 52 53 54 55 -1 56 57 58 59 -1 60 61 62 63 -1 64 65 66 67 -1 68 69 70 71 -1 72 73 74 75 -1 76 77 78 79 -1 80 81 82 83 -1 84 85 86 87 -1 88 89 90 91 -1 92 93 94 95 -1 96 97 98 99 -1 100 101 102 103 -1 104 105 106 107 -1 108 109 110 111 -1 112 113 114 115 -1 116 117 118 119 -1 120 121 122 123 124 125 126 127 128 129 130 131 132 133 134 135 136 137 138 139 140 141 142 143 144 145 146 147 148 149 150 151 -1 152 153 154 155 -1 156 157 158 159 -1 160 161 162 163 164 165 166 167 168 169 170 171 172 173 174 175 176 177 178 179 180 181 182 183 184 185 186 187 188 189 190 191 -1 "
						                coordIndex="0 1 3 2 -1 2 3 5 4 -1 4 5 7 6 -1 6 7 9 8 -1 8 9 11 10 -1 10 11 13 12 -1 12 13 15 14 -1 14 15 17 16 -1 16 17 19 18 -1 18 19 21 20 -1 20 21 23 22 -1 22 23 25 24 -1 24 25 27 26 -1 26 27 29 28 -1 28 29 31 30 -1 30 31 33 32 -1 32 33 35 34 -1 34 35 37 36 -1 36 37 39 38 -1 38 39 41 40 -1 40 41 43 42 -1 42 43 45 44 -1 44 45 47 46 -1 46 47 49 48 -1 48 49 51 50 -1 50 51 53 52 -1 52 53 55 54 -1 54 55 57 56 -1 56 57 59 58 -1 58 59 61 60 -1 3 1 63 61 59 57 55 53 51 49 47 45 43 41 39 37 35 33 31 29 27 25 23 21 19 17 15 13 11 9 7 5 -1 60 61 63 62 -1 62 63 1 0 -1 0 2 4 6 8 10 12 14 16 18 20 22 24 26 28 30 32 34 36 38 40 42 44 46 48 50 52 54 56 58 60 62 -1 "
						                >
							<Coordinate DEF="coords_ME_Shape_IndexedFaceSet_051"
							            point="15.894734 0.303524 -1.471071 15.894734 -5.442039 -1.471071 15.956511 0.303524 -1.478478 15.956511 -5.442039 -1.478478 16.015913 0.303524 -1.500416 16.015913 -5.442039 -1.500416 16.070660 0.303524 -1.536042 16.070660 -5.442039 -1.536042 16.118645 0.303524 -1.583986 16.118645 -5.442039 -1.583986 16.158024 0.303524 -1.642406 16.158024 -5.442039 -1.642406 16.187286 0.303524 -1.709057 16.187286 -5.442039 -1.709057 16.205307 0.303524 -1.781378 16.205307 -5.442039 -1.781378 16.211391 0.303524 -1.856589 16.211391 -5.442039 -1.856589 16.205307 0.303524 -1.931800 16.205307 -5.442039 -1.931800 16.187286 0.303524 -2.004120 16.187286 -5.442039 -2.004120 16.158024 0.303524 -2.070771 16.158024 -5.442039 -2.070771 16.118645 0.303524 -2.129192 16.118645 -5.442039 -2.129192 16.070660 0.303524 -2.177136 16.070660 -5.442039 -2.177136 16.015913 0.303524 -2.212761 16.015913 -5.442039 -2.212761 15.956511 0.303524 -2.234700 15.956511 -5.442039 -2.234700 15.894734 0.303524 -2.242107 15.894734 -5.442039 -2.242107 15.832957 0.303524 -2.234700 15.832957 -5.442039 -2.234700 15.773555 0.303524 -2.212761 15.773555 -5.442039 -2.212761 15.718809 0.303524 -2.177136 15.718809 -5.442039 -2.177136 15.670824 0.303524 -2.129192 15.670824 -5.442039 -2.129192 15.631444 0.303524 -2.070771 15.631444 -5.442039 -2.070771 15.602181 0.303524 -2.004120 15.602181 -5.442039 -2.004120 15.584162 0.303524 -1.931800 15.584162 -5.442039 -1.931800 15.578077 0.303524 -1.856589 15.578077 -5.442039 -1.856589 15.584162 0.303524 -1.781378 15.584162 -5.442039 -1.781378 15.602181 0.303524 -1.709057 15.602181 -5.442039 -1.709057 15.631444 0.303524 -1.642406 15.631444 -5.442039 -1.642406 15.670824 0.303524 -1.583986 15.670824 -5.442039 -1.583986 15.718809 0.303524 -1.536042 15.718809 -5.442039 -1.536042 15.773555 0.303524 -1.500416 15.773555 -5.442039 -1.500416 15.832957 0.303524 -1.478478 15.832957 -5.442039 -1.478478 "
							            />
							<TextureCoordinate point="1.0000 0.5000 1.0000 1.0000 0.9688 1.0000 0.9688 0.5000 0.9688 0.5000 0.9688 1.0000 0.9375 1.0000 0.9375 0.5000 0.9375 0.5000 0.9375 1.0000 0.9062 1.0000 0.9062 0.5000 0.9062 0.5000 0.9062 1.0000 0.8750 1.0000 0.8750 0.5000 0.8750 0.5000 0.8750 1.0000 0.8438 1.0000 0.8438 0.5000 0.8438 0.5000 0.8438 1.0000 0.8125 1.0000 0.8125 0.5000 0.8125 0.5000 0.8125 1.0000 0.7812 1.0000 0.7812 0.5000 0.7812 0.5000 0.7812 1.0000 0.7500 1.0000 0.7500 0.5000 0.7500 0.5000 0.7500 1.0000 0.7188 1.0000 0.7188 0.5000 0.7188 0.5000 0.7188 1.0000 0.6875 1.0000 0.6875 0.5000 0.6875 0.5000 0.6875 1.0000 0.6562 1.0000 0.6562 0.5000 0.6562 0.5000 0.6562 1.0000 0.6250 1.0000 0.6250 0.5000 0.6250 0.5000 0.6250 1.0000 0.5938 1.0000 0.5938 0.5000 0.5938 0.5000 0.5938 1.0000 0.5625 1.0000 0.5625 0.5000 0.5625 0.5000 0.5625 1.0000 0.5312 1.0000 0.5312 0.5000 0.5312 0.5000 0.5312 1.0000 0.5000 1.0000 0.5000 0.5000 0.5000 0.5000 0.5000 1.0000 0.4688 1.0000 0.4688 0.5000 0.4688 0.5000 0.4688 1.0000 0.4375 1.0000 0.4375 0.5000 0.4375 0.5000 0.4375 1.0000 0.4062 1.0000 0.4062 0.5000 0.4062 0.5000 0.4062 1.0000 0.3750 1.0000 0.3750 0.5000 0.3750 0.5000 0.3750 1.0000 0.3438 1.0000 0.3438 0.5000 0.3438 0.5000 0.3438 1.0000 0.3125 1.0000 0.3125 0.5000 0.3125 0.5000 0.3125 1.0000 0.2812 1.0000 0.2812 0.5000 0.2812 0.5000 0.2812 1.0000 0.2500 1.0000 0.2500 0.5000 0.2500 0.5000 0.2500 1.0000 0.2188 1.0000 0.2188 0.5000 0.2188 0.5000 0.2188 1.0000 0.1875 1.0000 0.1875 0.5000 0.1875 0.5000 0.1875 1.0000 0.1562 1.0000 0.1562 0.5000 0.1562 0.5000 0.1562 1.0000 0.1250 1.0000 0.1250 0.5000 0.1250 0.5000 0.1250 1.0000 0.0938 1.0000 0.0938 0.5000 0.0938 0.5000 0.0938 1.0000 0.0625 1.0000 0.0625 0.5000 0.2968 0.4854 0.2500 0.4900 0.2032 0.4854 0.1582 0.4717 0.1167 0.4496 0.0803 0.4197 0.0504 0.3833 0.0283 0.3418 0.0146 0.2968 0.0100 0.2500 0.0146 0.2032 0.0283 0.1582 0.0504 0.1167 0.0803 0.0803 0.1167 0.0504 0.1582 0.0283 0.2032 0.0146 0.2500 0.0100 0.2968 0.0146 0.3418 0.0283 0.3833 0.0504 0.4197 0.0803 0.4496 0.1167 0.4717 0.1582 0.4854 0.2032 0.4900 0.2500 0.4854 0.2968 0.4717 0.3418 0.4496 0.3833 0.4197 0.4197 0.3833 0.4496 0.3418 0.4717 0.0625 0.5000 0.0625 1.0000 0.0312 1.0000 0.0312 0.5000 0.0312 0.5000 0.0312 1.0000 0.0000 1.0000 0.0000 0.5000 0.7500 0.4900 0.7968 0.4854 0.8418 0.4717 0.8833 0.4496 0.9197 0.4197 0.9496 0.3833 0.9717 0.3418 0.9854 0.2968 0.9900 0.2500 0.9854 0.2032 0.9717 0.1582 0.9496 0.1167 0.9197 0.0803 0.8833 0.0504 0.8418 0.0283 0.7968 0.0146 0.7500 0.0100 0.7032 0.0146 0.6582 0.0283 0.6167 0.0504 0.5803 0.0803 0.5504 0.1167 0.5283 0.1582 0.5146 0.2032 0.5100 0.2500 0.5146 0.2968 0.5283 0.3418 0.5504 0.3833 0.5803 0.4197 0.6167 0.4496 0.6582 0.4717 0.7032 0.4854 " />
						</IndexedFaceSet>
					</Shape>
				</Group>
			</Transform>
		</Transform>
		<Transform DEF="Shape_IndexedFaceSet_052_TRANSFORM"
		           translation="0.000000 0.000000 0.000000"
		           scale="1.000000 1.000000 1.000000"
		           rotation="-0.000000 0.000000 0.000000 0.000000"
		           >
			<Transform DEF="Shape_IndexedFaceSet_052_ifs_TRANSFORM"
			           translation="0.000000 0.000000 0.000000"
			           scale="1.000000 1.000000 1.000000"
			           rotation="0.000000 1.000000 0.000000 0.000000"
			           >
				<Group DEF="group_ME_Shape_IndexedFaceSet_052">
					<Shape>
						<Appearance>
							<Material USE="MA_rozowy" />
						</Appearance>
						<IndexedFaceSet solid="false"
						                texCoordIndex="0 1 2 3 -1 4 5 6 7 -1 8 9 10 11 -1 12 13 14 15 -1 16 17 18 19 -1 20 21 22 23 -1 24 25 26 27 -1 28 29 30 31 -1 32 33 34 35 -1 36 37 38 39 -1 40 41 42 43 -1 44 45 46 47 -1 48 49 50 51 -1 52 53 54 55 -1 56 57 58 59 -1 60 61 62 63 -1 64 65 66 67 -1 68 69 70 71 -1 72 73 74 75 -1 76 77 78 79 -1 80 81 82 83 -1 84 85 86 87 -1 88 89 90 91 -1 92 93 94 95 -1 96 97 98 99 -1 100 101 102 103 -1 104 105 106 107 -1 108 109 110 111 -1 112 113 114 115 -1 116 117 118 119 -1 120 121 122 123 124 125 126 127 128 129 130 131 132 133 134 135 136 137 138 139 140 141 142 143 144 145 146 147 148 149 150 151 -1 152 153 154 155 -1 156 157 158 159 -1 160 161 162 163 164 165 166 167 168 169 170 171 172 173 174 175 176 177 178 179 180 181 182 183 184 185 186 187 188 189 190 191 -1 "
						                coordIndex="0 1 3 2 -1 2 3 5 4 -1 4 5 7 6 -1 6 7 9 8 -1 8 9 11 10 -1 10 11 13 12 -1 12 13 15 14 -1 14 15 17 16 -1 16 17 19 18 -1 18 19 21 20 -1 20 21 23 22 -1 22 23 25 24 -1 24 25 27 26 -1 26 27 29 28 -1 28 29 31 30 -1 30 31 33 32 -1 32 33 35 34 -1 34 35 37 36 -1 36 37 39 38 -1 38 39 41 40 -1 40 41 43 42 -1 42 43 45 44 -1 44 45 47 46 -1 46 47 49 48 -1 48 49 51 50 -1 50 51 53 52 -1 52 53 55 54 -1 54 55 57 56 -1 56 57 59 58 -1 58 59 61 60 -1 3 1 63 61 59 57 55 53 51 49 47 45 43 41 39 37 35 33 31 29 27 25 23 21 19 17 15 13 11 9 7 5 -1 60 61 63 62 -1 62 63 1 0 -1 0 2 4 6 8 10 12 14 16 18 20 22 24 26 28 30 32 34 36 38 40 42 44 46 48 50 52 54 56 58 60 62 -1 "
						                >
							<Coordinate DEF="coords_ME_Shape_IndexedFaceSet_052"
							            point="3.344390 9.926458 -11.736236 3.344390 2.403167 -11.736236 3.497147 9.926458 -11.749298 3.497147 2.403167 -11.749298 3.644034 9.926458 -11.787982 3.644034 2.403167 -11.787982 3.779406 9.926458 -11.850801 3.779406 2.403167 -11.850801 3.898060 9.926458 -11.935342 3.898060 2.403167 -11.935342 3.995437 9.926458 -12.038355 3.995437 2.403167 -12.038355 4.067794 9.926458 -12.155881 4.067794 2.403167 -12.155881 4.112352 9.926458 -12.283405 4.112352 2.403167 -12.283405 4.127397 9.926458 -12.416025 4.127397 2.403167 -12.416025 4.112352 9.926458 -12.548645 4.112352 2.403167 -12.548645 4.067794 9.926458 -12.676169 4.067794 2.403167 -12.676169 3.995437 9.926458 -12.793695 3.995437 2.403167 -12.793695 3.898060 9.926458 -12.896708 3.898060 2.403167 -12.896708 3.779406 9.926458 -12.981250 3.779406 2.403167 -12.981250 3.644034 9.926458 -13.044068 3.644034 2.403167 -13.044068 3.497147 9.926458 -13.082752 3.497147 2.403167 -13.082752 3.344390 9.926458 -13.095815 3.344390 2.403167 -13.095815 3.191633 9.926458 -13.082752 3.191633 2.403167 -13.082752 3.044746 9.926458 -13.044068 3.044746 2.403167 -13.044068 2.909375 9.926458 -12.981250 2.909375 2.403167 -12.981250 2.790721 9.926458 -12.896708 2.790721 2.403167 -12.896708 2.693344 9.926458 -12.793695 2.693344 2.403167 -12.793695 2.620986 9.926458 -12.676169 2.620986 2.403167 -12.676169 2.576428 9.926458 -12.548645 2.576428 2.403167 -12.548645 2.561383 9.926458 -12.416025 2.561383 2.403167 -12.416025 2.576428 9.926458 -12.283405 2.576428 2.403167 -12.283405 2.620986 9.926458 -12.155881 2.620986 2.403167 -12.155881 2.693344 9.926458 -12.038355 2.693344 2.403167 -12.038355 2.790721 9.926458 -11.935342 2.790721 2.403167 -11.935342 2.909375 9.926458 -11.850801 2.909375 2.403167 -11.850801 3.044746 9.926458 -11.787982 3.044746 2.403167 -11.787982 3.191633 9.926458 -11.749298 3.191633 2.403167 -11.749298 "
							            />
							<TextureCoordinate point="1.0000 0.5000 1.0000 1.0000 0.9688 1.0000 0.9688 0.5000 0.9688 0.5000 0.9688 1.0000 0.9375 1.0000 0.9375 0.5000 0.9375 0.5000 0.9375 1.0000 0.9062 1.0000 0.9062 0.5000 0.9062 0.5000 0.9062 1.0000 0.8750 1.0000 0.8750 0.5000 0.8750 0.5000 0.8750 1.0000 0.8438 1.0000 0.8438 0.5000 0.8438 0.5000 0.8438 1.0000 0.8125 1.0000 0.8125 0.5000 0.8125 0.5000 0.8125 1.0000 0.7812 1.0000 0.7812 0.5000 0.7812 0.5000 0.7812 1.0000 0.7500 1.0000 0.7500 0.5000 0.7500 0.5000 0.7500 1.0000 0.7188 1.0000 0.7188 0.5000 0.7188 0.5000 0.7188 1.0000 0.6875 1.0000 0.6875 0.5000 0.6875 0.5000 0.6875 1.0000 0.6562 1.0000 0.6562 0.5000 0.6562 0.5000 0.6562 1.0000 0.6250 1.0000 0.6250 0.5000 0.6250 0.5000 0.6250 1.0000 0.5938 1.0000 0.5938 0.5000 0.5938 0.5000 0.5938 1.0000 0.5625 1.0000 0.5625 0.5000 0.5625 0.5000 0.5625 1.0000 0.5312 1.0000 0.5312 0.5000 0.5312 0.5000 0.5312 1.0000 0.5000 1.0000 0.5000 0.5000 0.5000 0.5000 0.5000 1.0000 0.4688 1.0000 0.4688 0.5000 0.4688 0.5000 0.4688 1.0000 0.4375 1.0000 0.4375 0.5000 0.4375 0.5000 0.4375 1.0000 0.4062 1.0000 0.4062 0.5000 0.4062 0.5000 0.4062 1.0000 0.3750 1.0000 0.3750 0.5000 0.3750 0.5000 0.3750 1.0000 0.3438 1.0000 0.3438 0.5000 0.3438 0.5000 0.3438 1.0000 0.3125 1.0000 0.3125 0.5000 0.3125 0.5000 0.3125 1.0000 0.2812 1.0000 0.2812 0.5000 0.2812 0.5000 0.2812 1.0000 0.2500 1.0000 0.2500 0.5000 0.2500 0.5000 0.2500 1.0000 0.2188 1.0000 0.2188 0.5000 0.2188 0.5000 0.2188 1.0000 0.1875 1.0000 0.1875 0.5000 0.1875 0.5000 0.1875 1.0000 0.1562 1.0000 0.1562 0.5000 0.1562 0.5000 0.1562 1.0000 0.1250 1.0000 0.1250 0.5000 0.1250 0.5000 0.1250 1.0000 0.0938 1.0000 0.0938 0.5000 0.0938 0.5000 0.0938 1.0000 0.0625 1.0000 0.0625 0.5000 0.2968 0.4854 0.2500 0.4900 0.2032 0.4854 0.1582 0.4717 0.1167 0.4496 0.0803 0.4197 0.0504 0.3833 0.0283 0.3418 0.0146 0.2968 0.0100 0.2500 0.0146 0.2032 0.0283 0.1582 0.0504 0.1167 0.0803 0.0803 0.1167 0.0504 0.1582 0.0283 0.2032 0.0146 0.2500 0.0100 0.2968 0.0146 0.3418 0.0283 0.3833 0.0504 0.4197 0.0803 0.4496 0.1167 0.4717 0.1582 0.4854 0.2032 0.4900 0.2500 0.4854 0.2968 0.4717 0.3418 0.4496 0.3833 0.4197 0.4197 0.3833 0.4496 0.3418 0.4717 0.0625 0.5000 0.0625 1.0000 0.0312 1.0000 0.0312 0.5000 0.0312 0.5000 0.0312 1.0000 0.0000 1.0000 0.0000 0.5000 0.7500 0.4900 0.7968 0.4854 0.8418 0.4717 0.8833 0.4496 0.9197 0.4197 0.9496 0.3833 0.9717 0.3418 0.9854 0.2968 0.9900 0.2500 0.9854 0.2032 0.9717 0.1582 0.9496 0.1167 0.9197 0.0803 0.8833 0.0504 0.8418 0.0283 0.7968 0.0146 0.7500 0.0100 0.7032 0.0146 0.6582 0.0283 0.6167 0.0504 0.5803 0.0803 0.5504 0.1167 0.5283 0.1582 0.5146 0.2032 0.5100 0.2500 0.5146 0.2968 0.5283 0.3418 0.5504 0.3833 0.5803 0.4197 0.6167 0.4496 0.6582 0.4717 0.7032 0.4854 " />
						</IndexedFaceSet>
					</Shape>
				</Group>
			</Transform>
		</Transform>
		<Transform DEF="Shape_IndexedFaceSet_053_TRANSFORM"
		           translation="0.000000 0.000000 0.000000"
		           scale="1.000000 1.000000 1.000000"
		           rotation="-0.000000 0.000000 0.000000 0.000000"
		           >
			<Transform DEF="Shape_IndexedFaceSet_053_ifs_TRANSFORM"
			           translation="0.000000 0.000000 0.000000"
			           scale="1.000000 1.000000 1.000000"
			           rotation="0.000000 1.000000 0.000000 0.000000"
			           >
				<Group DEF="group_ME_Shape_IndexedFaceSet_053">
					<Shape>
						<Appearance>
							<Material USE="MA_MA_KolorScian" />
						</Appearance>
						<IndexedFaceSet solid="false"
						                texCoordIndex="0 1 2 3 -1 4 5 6 7 -1 8 9 10 11 -1 12 13 14 15 -1 16 17 18 19 -1 20 21 22 23 -1 24 25 26 27 -1 28 29 30 31 -1 32 33 34 35 -1 36 37 38 39 -1 40 41 42 43 -1 44 45 46 47 -1 48 49 50 51 -1 52 53 54 55 -1 56 57 58 59 -1 60 61 62 63 -1 64 65 66 67 -1 68 69 70 71 -1 72 73 74 75 -1 76 77 78 79 -1 80 81 82 83 -1 84 85 86 87 -1 88 89 90 91 -1 92 93 94 95 -1 96 97 98 99 -1 100 101 102 103 -1 104 105 106 107 -1 108 109 110 111 -1 112 113 114 115 -1 116 117 118 119 -1 120 121 122 123 124 125 126 127 128 129 130 131 132 133 134 135 136 137 138 139 140 141 142 143 144 145 146 147 148 149 150 151 -1 152 153 154 155 -1 156 157 158 159 -1 160 161 162 163 164 165 166 167 168 169 170 171 172 173 174 175 176 177 178 179 180 181 182 183 184 185 186 187 188 189 190 191 -1 "
						                coordIndex="0 1 3 2 -1 2 3 5 4 -1 4 5 7 6 -1 6 7 9 8 -1 8 9 11 10 -1 10 11 13 12 -1 12 13 15 14 -1 14 15 17 16 -1 16 17 19 18 -1 18 19 21 20 -1 20 21 23 22 -1 22 23 25 24 -1 24 25 27 26 -1 26 27 29 28 -1 28 29 31 30 -1 30 31 33 32 -1 32 33 35 34 -1 34 35 37 36 -1 36 37 39 38 -1 38 39 41 40 -1 40 41 43 42 -1 42 43 45 44 -1 44 45 47 46 -1 46 47 49 48 -1 48 49 51 50 -1 50 51 53 52 -1 52 53 55 54 -1 54 55 57 56 -1 56 57 59 58 -1 58 59 61 60 -1 3 1 63 61 59 57 55 53 51 49 47 45 43 41 39 37 35 33 31 29 27 25 23 21 19 17 15 13 11 9 7 5 -1 60 61 63 62 -1 62 63 1 0 -1 0 2 4 6 8 10 12 14 16 18 20 22 24 26 28 30 32 34 36 38 40 42 44 46 48 50 52 54 56 58 60 62 -1 "
						                >
							<Coordinate DEF="coords_ME_Shape_IndexedFaceSet_053"
							            point="12.924784 4.271826 -1.781304 12.924784 -0.701091 -1.781304 12.986561 4.271826 -1.788712 12.986561 -0.701091 -1.788712 13.045963 4.271826 -1.810650 13.045963 -0.701091 -1.810650 13.100709 4.271826 -1.846276 13.100709 -0.701091 -1.846276 13.148694 4.271826 -1.894220 13.148694 -0.701091 -1.894220 13.188074 4.271826 -1.952640 13.188074 -0.701091 -1.952640 13.217337 4.271826 -2.019291 13.217337 -0.701091 -2.019291 13.235355 4.271826 -2.091612 13.235355 -0.701091 -2.091612 13.241441 4.271826 -2.166822 13.241441 -0.701091 -2.166822 13.235355 4.271826 -2.242033 13.235355 -0.701091 -2.242033 13.217337 4.271826 -2.314354 13.217337 -0.701091 -2.314354 13.188074 4.271826 -2.381005 13.188074 -0.701091 -2.381005 13.148694 4.271826 -2.439425 13.148694 -0.701091 -2.439425 13.100709 4.271826 -2.487369 13.100709 -0.701091 -2.487369 13.045963 4.271826 -2.522995 13.045963 -0.701091 -2.522995 12.986561 4.271826 -2.544933 12.986561 -0.701091 -2.544933 12.924784 4.271826 -2.552341 12.924784 -0.701091 -2.552341 12.863007 4.271826 -2.544933 12.863007 -0.701091 -2.544933 12.803604 4.271826 -2.522995 12.803604 -0.701091 -2.522995 12.748858 4.271826 -2.487369 12.748858 -0.701091 -2.487369 12.700873 4.271826 -2.439425 12.700873 -0.701091 -2.439425 12.661493 4.271826 -2.381005 12.661493 -0.701091 -2.381005 12.632231 4.271826 -2.314354 12.632231 -0.701091 -2.314354 12.614212 4.271826 -2.242033 12.614212 -0.701091 -2.242033 12.608127 4.271826 -2.166822 12.608127 -0.701091 -2.166822 12.614212 4.271826 -2.091612 12.614212 -0.701091 -2.091612 12.632231 4.271826 -2.019291 12.632231 -0.701091 -2.019291 12.661493 4.271826 -1.952640 12.661493 -0.701091 -1.952640 12.700873 4.271826 -1.894220 12.700873 -0.701091 -1.894220 12.748858 4.271826 -1.846276 12.748858 -0.701091 -1.846276 12.803604 4.271826 -1.810650 12.803604 -0.701091 -1.810650 12.863007 4.271826 -1.788712 12.863007 -0.701091 -1.788712 "
							            />
							<TextureCoordinate point="1.0000 0.5000 1.0000 1.0000 0.9688 1.0000 0.9688 0.5000 0.9688 0.5000 0.9688 1.0000 0.9375 1.0000 0.9375 0.5000 0.9375 0.5000 0.9375 1.0000 0.9062 1.0000 0.9062 0.5000 0.9062 0.5000 0.9062 1.0000 0.8750 1.0000 0.8750 0.5000 0.8750 0.5000 0.8750 1.0000 0.8438 1.0000 0.8438 0.5000 0.8438 0.5000 0.8438 1.0000 0.8125 1.0000 0.8125 0.5000 0.8125 0.5000 0.8125 1.0000 0.7812 1.0000 0.7812 0.5000 0.7812 0.5000 0.7812 1.0000 0.7500 1.0000 0.7500 0.5000 0.7500 0.5000 0.7500 1.0000 0.7188 1.0000 0.7188 0.5000 0.7188 0.5000 0.7188 1.0000 0.6875 1.0000 0.6875 0.5000 0.6875 0.5000 0.6875 1.0000 0.6562 1.0000 0.6562 0.5000 0.6562 0.5000 0.6562 1.0000 0.6250 1.0000 0.6250 0.5000 0.6250 0.5000 0.6250 1.0000 0.5938 1.0000 0.5938 0.5000 0.5938 0.5000 0.5938 1.0000 0.5625 1.0000 0.5625 0.5000 0.5625 0.5000 0.5625 1.0000 0.5312 1.0000 0.5312 0.5000 0.5312 0.5000 0.5312 1.0000 0.5000 1.0000 0.5000 0.5000 0.5000 0.5000 0.5000 1.0000 0.4688 1.0000 0.4688 0.5000 0.4688 0.5000 0.4688 1.0000 0.4375 1.0000 0.4375 0.5000 0.4375 0.5000 0.4375 1.0000 0.4062 1.0000 0.4062 0.5000 0.4062 0.5000 0.4062 1.0000 0.3750 1.0000 0.3750 0.5000 0.3750 0.5000 0.3750 1.0000 0.3438 1.0000 0.3438 0.5000 0.3438 0.5000 0.3438 1.0000 0.3125 1.0000 0.3125 0.5000 0.3125 0.5000 0.3125 1.0000 0.2812 1.0000 0.2812 0.5000 0.2812 0.5000 0.2812 1.0000 0.2500 1.0000 0.2500 0.5000 0.2500 0.5000 0.2500 1.0000 0.2188 1.0000 0.2188 0.5000 0.2188 0.5000 0.2188 1.0000 0.1875 1.0000 0.1875 0.5000 0.1875 0.5000 0.1875 1.0000 0.1562 1.0000 0.1562 0.5000 0.1562 0.5000 0.1562 1.0000 0.1250 1.0000 0.1250 0.5000 0.1250 0.5000 0.1250 1.0000 0.0938 1.0000 0.0938 0.5000 0.0938 0.5000 0.0938 1.0000 0.0625 1.0000 0.0625 0.5000 0.2968 0.4854 0.2500 0.4900 0.2032 0.4854 0.1582 0.4717 0.1167 0.4496 0.0803 0.4197 0.0504 0.3833 0.0283 0.3418 0.0146 0.2968 0.0100 0.2500 0.0146 0.2032 0.0283 0.1582 0.0504 0.1167 0.0803 0.0803 0.1167 0.0504 0.1582 0.0283 0.2032 0.0146 0.2500 0.0100 0.2968 0.0146 0.3418 0.0283 0.3833 0.0504 0.4197 0.0803 0.4496 0.1167 0.4717 0.1582 0.4854 0.2032 0.4900 0.2500 0.4854 0.2968 0.4717 0.3418 0.4496 0.3833 0.4197 0.4197 0.3833 0.4496 0.3418 0.4717 0.0625 0.5000 0.0625 1.0000 0.0312 1.0000 0.0312 0.5000 0.0312 0.5000 0.0312 1.0000 0.0000 1.0000 0.0000 0.5000 0.7500 0.4900 0.7968 0.4854 0.8418 0.4717 0.8833 0.4496 0.9197 0.4197 0.9496 0.3833 0.9717 0.3418 0.9854 0.2968 0.9900 0.2500 0.9854 0.2032 0.9717 0.1582 0.9496 0.1167 0.9197 0.0803 0.8833 0.0504 0.8418 0.0283 0.7968 0.0146 0.7500 0.0100 0.7032 0.0146 0.6582 0.0283 0.6167 0.0504 0.5803 0.0803 0.5504 0.1167 0.5283 0.1582 0.5146 0.2032 0.5100 0.2500 0.5146 0.2968 0.5283 0.3418 0.5504 0.3833 0.5803 0.4197 0.6167 0.4496 0.6582 0.4717 0.7032 0.4854 " />
						</IndexedFaceSet>
					</Shape>
				</Group>
			</Transform>
		</Transform>
		<Transform DEF="Shape_IndexedFaceSet_054_TRANSFORM"
		           translation="0.000000 0.000000 0.000000"
		           scale="1.000000 1.000000 1.000000"
		           rotation="-0.000000 0.000000 0.000000 0.000000"
		           >
			<Transform DEF="Shape_IndexedFaceSet_054_ifs_TRANSFORM"
			           translation="0.000000 0.000000 0.000000"
			           scale="1.000000 1.000000 1.000000"
			           rotation="0.000000 1.000000 0.000000 0.000000"
			           >
				<Group DEF="group_ME_Shape_IndexedFaceSet_054">
					<Shape>
						<Appearance>
							<Material USE="MA_MA_KolorScian" />
						</Appearance>
						<IndexedFaceSet solid="false"
						                texCoordIndex="0 1 2 3 -1 4 5 6 7 -1 8 9 10 11 -1 12 13 14 15 -1 16 17 18 19 -1 20 21 22 23 -1 24 25 26 27 -1 28 29 30 31 -1 32 33 34 35 -1 36 37 38 39 -1 40 41 42 43 -1 44 45 46 47 -1 48 49 50 51 -1 52 53 54 55 -1 56 57 58 59 -1 60 61 62 63 -1 64 65 66 67 -1 68 69 70 71 -1 72 73 74 75 -1 76 77 78 79 -1 80 81 82 83 -1 84 85 86 87 -1 88 89 90 91 -1 92 93 94 95 -1 96 97 98 99 -1 100 101 102 103 -1 104 105 106 107 -1 108 109 110 111 -1 112 113 114 115 -1 116 117 118 119 -1 120 121 122 123 124 125 126 127 128 129 130 131 132 133 134 135 136 137 138 139 140 141 142 143 144 145 146 147 148 149 150 151 -1 152 153 154 155 -1 156 157 158 159 -1 160 161 162 163 164 165 166 167 168 169 170 171 172 173 174 175 176 177 178 179 180 181 182 183 184 185 186 187 188 189 190 191 -1 "
						                coordIndex="0 1 3 2 -1 2 3 5 4 -1 4 5 7 6 -1 6 7 9 8 -1 8 9 11 10 -1 10 11 13 12 -1 12 13 15 14 -1 14 15 17 16 -1 16 17 19 18 -1 18 19 21 20 -1 20 21 23 22 -1 22 23 25 24 -1 24 25 27 26 -1 26 27 29 28 -1 28 29 31 30 -1 30 31 33 32 -1 32 33 35 34 -1 34 35 37 36 -1 36 37 39 38 -1 38 39 41 40 -1 40 41 43 42 -1 42 43 45 44 -1 44 45 47 46 -1 46 47 49 48 -1 48 49 51 50 -1 50 51 53 52 -1 52 53 55 54 -1 54 55 57 56 -1 56 57 59 58 -1 58 59 61 60 -1 3 1 63 61 59 57 55 53 51 49 47 45 43 41 39 37 35 33 31 29 27 25 23 21 19 17 15 13 11 9 7 5 -1 60 61 63 62 -1 62 63 1 0 -1 0 2 4 6 8 10 12 14 16 18 20 22 24 26 28 30 32 34 36 38 40 42 44 46 48 50 52 54 56 58 60 62 -1 "
						                >
							<Coordinate DEF="coords_ME_Shape_IndexedFaceSet_054"
							            point="6.616057 4.204290 -1.745556 6.616057 -0.768628 -1.745556 6.677834 4.204290 -1.752964 6.677834 -0.768628 -1.752964 6.737236 4.204290 -1.774902 6.737236 -0.768628 -1.774902 6.791982 4.204290 -1.810528 6.791982 -0.768628 -1.810528 6.839967 4.204290 -1.858472 6.839967 -0.768628 -1.858472 6.879347 4.204290 -1.916892 6.879347 -0.768628 -1.916892 6.908609 4.204290 -1.983543 6.908609 -0.768628 -1.983543 6.926629 4.204290 -2.055864 6.926629 -0.768628 -2.055864 6.932714 4.204290 -2.131074 6.932714 -0.768628 -2.131074 6.926629 4.204290 -2.206285 6.926629 -0.768628 -2.206285 6.908609 4.204290 -2.278606 6.908609 -0.768628 -2.278606 6.879347 4.204290 -2.345257 6.879347 -0.768628 -2.345257 6.839967 4.204290 -2.403677 6.839967 -0.768628 -2.403677 6.791982 4.204290 -2.451621 6.791982 -0.768628 -2.451621 6.737236 4.204290 -2.487247 6.737236 -0.768628 -2.487247 6.677834 4.204290 -2.509185 6.677834 -0.768628 -2.509185 6.616057 4.204290 -2.516593 6.616057 -0.768628 -2.516593 6.554280 4.204290 -2.509185 6.554280 -0.768628 -2.509185 6.494878 4.204290 -2.487247 6.494878 -0.768628 -2.487247 6.440132 4.204290 -2.451621 6.440132 -0.768628 -2.451621 6.392147 4.204290 -2.403677 6.392147 -0.768628 -2.403677 6.352767 4.204290 -2.345257 6.352767 -0.768628 -2.345257 6.323504 4.204290 -2.278606 6.323504 -0.768628 -2.278606 6.305485 4.204290 -2.206285 6.305485 -0.768628 -2.206285 6.299400 4.204290 -2.131074 6.299400 -0.768628 -2.131074 6.305485 4.204290 -2.055864 6.305485 -0.768628 -2.055864 6.323504 4.204290 -1.983543 6.323504 -0.768628 -1.983543 6.352767 4.204290 -1.916892 6.352767 -0.768628 -1.916892 6.392147 4.204290 -1.858472 6.392147 -0.768628 -1.858472 6.440132 4.204290 -1.810528 6.440132 -0.768628 -1.810528 6.494878 4.204290 -1.774902 6.494878 -0.768628 -1.774902 6.554280 4.204290 -1.752964 6.554280 -0.768628 -1.752964 "
							            />
							<TextureCoordinate point="1.0000 0.5000 1.0000 1.0000 0.9688 1.0000 0.9688 0.5000 0.9688 0.5000 0.9688 1.0000 0.9375 1.0000 0.9375 0.5000 0.9375 0.5000 0.9375 1.0000 0.9062 1.0000 0.9062 0.5000 0.9062 0.5000 0.9062 1.0000 0.8750 1.0000 0.8750 0.5000 0.8750 0.5000 0.8750 1.0000 0.8438 1.0000 0.8438 0.5000 0.8438 0.5000 0.8438 1.0000 0.8125 1.0000 0.8125 0.5000 0.8125 0.5000 0.8125 1.0000 0.7812 1.0000 0.7812 0.5000 0.7812 0.5000 0.7812 1.0000 0.7500 1.0000 0.7500 0.5000 0.7500 0.5000 0.7500 1.0000 0.7188 1.0000 0.7188 0.5000 0.7188 0.5000 0.7188 1.0000 0.6875 1.0000 0.6875 0.5000 0.6875 0.5000 0.6875 1.0000 0.6562 1.0000 0.6562 0.5000 0.6562 0.5000 0.6562 1.0000 0.6250 1.0000 0.6250 0.5000 0.6250 0.5000 0.6250 1.0000 0.5938 1.0000 0.5938 0.5000 0.5938 0.5000 0.5938 1.0000 0.5625 1.0000 0.5625 0.5000 0.5625 0.5000 0.5625 1.0000 0.5312 1.0000 0.5312 0.5000 0.5312 0.5000 0.5312 1.0000 0.5000 1.0000 0.5000 0.5000 0.5000 0.5000 0.5000 1.0000 0.4688 1.0000 0.4688 0.5000 0.4688 0.5000 0.4688 1.0000 0.4375 1.0000 0.4375 0.5000 0.4375 0.5000 0.4375 1.0000 0.4062 1.0000 0.4062 0.5000 0.4062 0.5000 0.4062 1.0000 0.3750 1.0000 0.3750 0.5000 0.3750 0.5000 0.3750 1.0000 0.3438 1.0000 0.3438 0.5000 0.3438 0.5000 0.3438 1.0000 0.3125 1.0000 0.3125 0.5000 0.3125 0.5000 0.3125 1.0000 0.2812 1.0000 0.2812 0.5000 0.2812 0.5000 0.2812 1.0000 0.2500 1.0000 0.2500 0.5000 0.2500 0.5000 0.2500 1.0000 0.2188 1.0000 0.2188 0.5000 0.2188 0.5000 0.2188 1.0000 0.1875 1.0000 0.1875 0.5000 0.1875 0.5000 0.1875 1.0000 0.1562 1.0000 0.1562 0.5000 0.1562 0.5000 0.1562 1.0000 0.1250 1.0000 0.1250 0.5000 0.1250 0.5000 0.1250 1.0000 0.0938 1.0000 0.0938 0.5000 0.0938 0.5000 0.0938 1.0000 0.0625 1.0000 0.0625 0.5000 0.2968 0.4854 0.2500 0.4900 0.2032 0.4854 0.1582 0.4717 0.1167 0.4496 0.0803 0.4197 0.0504 0.3833 0.0283 0.3418 0.0146 0.2968 0.0100 0.2500 0.0146 0.2032 0.0283 0.1582 0.0504 0.1167 0.0803 0.0803 0.1167 0.0504 0.1582 0.0283 0.2032 0.0146 0.2500 0.0100 0.2968 0.0146 0.3418 0.0283 0.3833 0.0504 0.4197 0.0803 0.4496 0.1167 0.4717 0.1582 0.4854 0.2032 0.4900 0.2500 0.4854 0.2968 0.4717 0.3418 0.4496 0.3833 0.4197 0.4197 0.3833 0.4496 0.3418 0.4717 0.0625 0.5000 0.0625 1.0000 0.0312 1.0000 0.0312 0.5000 0.0312 0.5000 0.0312 1.0000 0.0000 1.0000 0.0000 0.5000 0.7500 0.4900 0.7968 0.4854 0.8418 0.4717 0.8833 0.4496 0.9197 0.4197 0.9496 0.3833 0.9717 0.3418 0.9854 0.2968 0.9900 0.2500 0.9854 0.2032 0.9717 0.1582 0.9496 0.1167 0.9197 0.0803 0.8833 0.0504 0.8418 0.0283 0.7968 0.0146 0.7500 0.0100 0.7032 0.0146 0.6582 0.0283 0.6167 0.0504 0.5803 0.0803 0.5504 0.1167 0.5283 0.1582 0.5146 0.2032 0.5100 0.2500 0.5146 0.2968 0.5283 0.3418 0.5504 0.3833 0.5803 0.4197 0.6167 0.4496 0.6582 0.4717 0.7032 0.4854 " />
						</IndexedFaceSet>
					</Shape>
				</Group>
			</Transform>
		</Transform>
		<Transform DEF="Shape_IndexedFaceSet_055_TRANSFORM"
		           translation="0.000000 0.000000 0.000000"
		           scale="1.000000 1.000000 1.000000"
		           rotation="-0.000000 0.000000 0.000000 0.000000"
		           >
			<Transform DEF="Shape_IndexedFaceSet_055_ifs_TRANSFORM"
			           translation="0.000000 0.000000 0.000000"
			           scale="1.000000 1.000000 1.000000"
			           rotation="0.000000 1.000000 0.000000 0.000000"
			           >
				<Group DEF="group_ME_Shape_IndexedFaceSet_055">
					<Shape>
						<Appearance>
							<Material USE="MA_MA_KolorScian" />
						</Appearance>
						<IndexedFaceSet solid="false"
						                texCoordIndex="0 1 2 3 -1 4 5 6 7 -1 8 9 10 11 -1 12 13 14 15 -1 16 17 18 19 -1 20 21 22 23 -1 24 25 26 27 -1 28 29 30 31 -1 32 33 34 35 -1 36 37 38 39 -1 40 41 42 43 -1 44 45 46 47 -1 48 49 50 51 -1 52 53 54 55 -1 56 57 58 59 -1 60 61 62 63 -1 64 65 66 67 -1 68 69 70 71 -1 72 73 74 75 -1 76 77 78 79 -1 80 81 82 83 -1 84 85 86 87 -1 88 89 90 91 -1 92 93 94 95 -1 96 97 98 99 -1 100 101 102 103 -1 104 105 106 107 -1 108 109 110 111 -1 112 113 114 115 -1 116 117 118 119 -1 120 121 122 123 124 125 126 127 128 129 130 131 132 133 134 135 136 137 138 139 140 141 142 143 144 145 146 147 148 149 150 151 -1 152 153 154 155 -1 156 157 158 159 -1 160 161 162 163 164 165 166 167 168 169 170 171 172 173 174 175 176 177 178 179 180 181 182 183 184 185 186 187 188 189 190 191 -1 "
						                coordIndex="0 1 3 2 -1 2 3 5 4 -1 4 5 7 6 -1 6 7 9 8 -1 8 9 11 10 -1 10 11 13 12 -1 12 13 15 14 -1 14 15 17 16 -1 16 17 19 18 -1 18 19 21 20 -1 20 21 23 22 -1 22 23 25 24 -1 24 25 27 26 -1 26 27 29 28 -1 28 29 31 30 -1 30 31 33 32 -1 32 33 35 34 -1 34 35 37 36 -1 36 37 39 38 -1 38 39 41 40 -1 40 41 43 42 -1 42 43 45 44 -1 44 45 47 46 -1 46 47 49 48 -1 48 49 51 50 -1 50 51 53 52 -1 52 53 55 54 -1 54 55 57 56 -1 56 57 59 58 -1 58 59 61 60 -1 3 1 63 61 59 57 55 53 51 49 47 45 43 41 39 37 35 33 31 29 27 25 23 21 19 17 15 13 11 9 7 5 -1 60 61 63 62 -1 62 63 1 0 -1 0 2 4 6 8 10 12 14 16 18 20 22 24 26 28 30 32 34 36 38 40 42 44 46 48 50 52 54 56 58 60 62 -1 "
						                >
							<Coordinate DEF="coords_ME_Shape_IndexedFaceSet_055"
							            point="12.872834 4.292789 2.638070 12.872834 -0.680129 2.638070 12.934611 4.292789 2.630662 12.934611 -0.680129 2.630662 12.994014 4.292789 2.608724 12.994014 -0.680129 2.608724 13.048759 4.292789 2.573098 13.048759 -0.680129 2.573098 13.096745 4.292789 2.525154 13.096745 -0.680129 2.525154 13.136125 4.292789 2.466734 13.136125 -0.680129 2.466734 13.165387 4.292789 2.400083 13.165387 -0.680129 2.400083 13.183407 4.292789 2.327762 13.183407 -0.680129 2.327762 13.189491 4.292789 2.252551 13.189491 -0.680129 2.252551 13.183407 4.292789 2.177341 13.183407 -0.680129 2.177341 13.165387 4.292789 2.105020 13.165387 -0.680129 2.105020 13.136125 4.292789 2.038369 13.136125 -0.680129 2.038369 13.096745 4.292789 1.979949 13.096745 -0.680129 1.979949 13.048759 4.292789 1.932004 13.048759 -0.680129 1.932004 12.994014 4.292789 1.896379 12.994014 -0.680129 1.896379 12.934611 4.292789 1.874441 12.934611 -0.680129 1.874441 12.872834 4.292789 1.867033 12.872834 -0.680129 1.867033 12.811057 4.292789 1.874441 12.811057 -0.680129 1.874441 12.751655 4.292789 1.896379 12.751655 -0.680129 1.896379 12.696909 4.292789 1.932004 12.696909 -0.680129 1.932004 12.648924 4.292789 1.979949 12.648924 -0.680129 1.979949 12.609544 4.292789 2.038369 12.609544 -0.680129 2.038369 12.580281 4.292789 2.105020 12.580281 -0.680129 2.105020 12.562262 4.292789 2.177341 12.562262 -0.680129 2.177341 12.556177 4.292789 2.252551 12.556177 -0.680129 2.252551 12.562262 4.292789 2.327762 12.562262 -0.680129 2.327762 12.580281 4.292789 2.400083 12.580281 -0.680129 2.400083 12.609544 4.292789 2.466734 12.609544 -0.680129 2.466734 12.648924 4.292789 2.525154 12.648924 -0.680129 2.525154 12.696909 4.292789 2.573098 12.696909 -0.680129 2.573098 12.751655 4.292789 2.608724 12.751655 -0.680129 2.608724 12.811057 4.292789 2.630662 12.811057 -0.680129 2.630662 "
							            />
							<TextureCoordinate point="1.0000 0.5000 1.0000 1.0000 0.9688 1.0000 0.9688 0.5000 0.9688 0.5000 0.9688 1.0000 0.9375 1.0000 0.9375 0.5000 0.9375 0.5000 0.9375 1.0000 0.9062 1.0000 0.9062 0.5000 0.9062 0.5000 0.9062 1.0000 0.8750 1.0000 0.8750 0.5000 0.8750 0.5000 0.8750 1.0000 0.8438 1.0000 0.8438 0.5000 0.8438 0.5000 0.8438 1.0000 0.8125 1.0000 0.8125 0.5000 0.8125 0.5000 0.8125 1.0000 0.7812 1.0000 0.7812 0.5000 0.7812 0.5000 0.7812 1.0000 0.7500 1.0000 0.7500 0.5000 0.7500 0.5000 0.7500 1.0000 0.7188 1.0000 0.7188 0.5000 0.7188 0.5000 0.7188 1.0000 0.6875 1.0000 0.6875 0.5000 0.6875 0.5000 0.6875 1.0000 0.6562 1.0000 0.6562 0.5000 0.6562 0.5000 0.6562 1.0000 0.6250 1.0000 0.6250 0.5000 0.6250 0.5000 0.6250 1.0000 0.5938 1.0000 0.5938 0.5000 0.5938 0.5000 0.5938 1.0000 0.5625 1.0000 0.5625 0.5000 0.5625 0.5000 0.5625 1.0000 0.5312 1.0000 0.5312 0.5000 0.5312 0.5000 0.5312 1.0000 0.5000 1.0000 0.5000 0.5000 0.5000 0.5000 0.5000 1.0000 0.4688 1.0000 0.4688 0.5000 0.4688 0.5000 0.4688 1.0000 0.4375 1.0000 0.4375 0.5000 0.4375 0.5000 0.4375 1.0000 0.4062 1.0000 0.4062 0.5000 0.4062 0.5000 0.4062 1.0000 0.3750 1.0000 0.3750 0.5000 0.3750 0.5000 0.3750 1.0000 0.3438 1.0000 0.3438 0.5000 0.3438 0.5000 0.3438 1.0000 0.3125 1.0000 0.3125 0.5000 0.3125 0.5000 0.3125 1.0000 0.2812 1.0000 0.2812 0.5000 0.2812 0.5000 0.2812 1.0000 0.2500 1.0000 0.2500 0.5000 0.2500 0.5000 0.2500 1.0000 0.2188 1.0000 0.2188 0.5000 0.2188 0.5000 0.2188 1.0000 0.1875 1.0000 0.1875 0.5000 0.1875 0.5000 0.1875 1.0000 0.1562 1.0000 0.1562 0.5000 0.1562 0.5000 0.1562 1.0000 0.1250 1.0000 0.1250 0.5000 0.1250 0.5000 0.1250 1.0000 0.0938 1.0000 0.0938 0.5000 0.0938 0.5000 0.0938 1.0000 0.0625 1.0000 0.0625 0.5000 0.2968 0.4854 0.2500 0.4900 0.2032 0.4854 0.1582 0.4717 0.1167 0.4496 0.0803 0.4197 0.0504 0.3833 0.0283 0.3418 0.0146 0.2968 0.0100 0.2500 0.0146 0.2032 0.0283 0.1582 0.0504 0.1167 0.0803 0.0803 0.1167 0.0504 0.1582 0.0283 0.2032 0.0146 0.2500 0.0100 0.2968 0.0146 0.3418 0.0283 0.3833 0.0504 0.4197 0.0803 0.4496 0.1167 0.4717 0.1582 0.4854 0.2032 0.4900 0.2500 0.4854 0.2968 0.4717 0.3418 0.4496 0.3833 0.4197 0.4197 0.3833 0.4496 0.3418 0.4717 0.0625 0.5000 0.0625 1.0000 0.0312 1.0000 0.0312 0.5000 0.0312 0.5000 0.0312 1.0000 0.0000 1.0000 0.0000 0.5000 0.7500 0.4900 0.7968 0.4854 0.8418 0.4717 0.8833 0.4496 0.9197 0.4197 0.9496 0.3833 0.9717 0.3418 0.9854 0.2968 0.9900 0.2500 0.9854 0.2032 0.9717 0.1582 0.9496 0.1167 0.9197 0.0803 0.8833 0.0504 0.8418 0.0283 0.7968 0.0146 0.7500 0.0100 0.7032 0.0146 0.6582 0.0283 0.6167 0.0504 0.5803 0.0803 0.5504 0.1167 0.5283 0.1582 0.5146 0.2032 0.5100 0.2500 0.5146 0.2968 0.5283 0.3418 0.5504 0.3833 0.5803 0.4197 0.6167 0.4496 0.6582 0.4717 0.7032 0.4854 " />
						</IndexedFaceSet>
					</Shape>
				</Group>
			</Transform>
		</Transform>
		<Transform DEF="Shape_IndexedFaceSet_056_TRANSFORM"
		           translation="0.000000 0.000000 0.000000"
		           scale="1.000000 1.000000 1.000000"
		           rotation="-0.000000 0.000000 0.000000 0.000000"
		           >
			<Transform DEF="Shape_IndexedFaceSet_056_ifs_TRANSFORM"
			           translation="0.000000 0.000000 0.000000"
			           scale="1.000000 1.000000 1.000000"
			           rotation="0.000000 1.000000 0.000000 0.000000"
			           >
				<Group DEF="group_ME_Shape_IndexedFaceSet_056">
					<Shape>
						<Appearance>
							<Material USE="MA_MA_KolorScian" />
						</Appearance>
						<IndexedFaceSet solid="false"
						                texCoordIndex="0 1 2 3 -1 4 5 6 7 -1 8 9 10 11 -1 12 13 14 15 -1 16 17 18 19 -1 20 21 22 23 -1 24 25 26 27 -1 28 29 30 31 -1 32 33 34 35 -1 36 37 38 39 -1 40 41 42 43 -1 44 45 46 47 -1 48 49 50 51 -1 52 53 54 55 -1 56 57 58 59 -1 60 61 62 63 -1 64 65 66 67 -1 68 69 70 71 -1 72 73 74 75 -1 76 77 78 79 -1 80 81 82 83 -1 84 85 86 87 -1 88 89 90 91 -1 92 93 94 95 -1 96 97 98 99 -1 100 101 102 103 -1 104 105 106 107 -1 108 109 110 111 -1 112 113 114 115 -1 116 117 118 119 -1 120 121 122 123 124 125 126 127 128 129 130 131 132 133 134 135 136 137 138 139 140 141 142 143 144 145 146 147 148 149 150 151 -1 152 153 154 155 -1 156 157 158 159 -1 160 161 162 163 164 165 166 167 168 169 170 171 172 173 174 175 176 177 178 179 180 181 182 183 184 185 186 187 188 189 190 191 -1 "
						                coordIndex="0 1 3 2 -1 2 3 5 4 -1 4 5 7 6 -1 6 7 9 8 -1 8 9 11 10 -1 10 11 13 12 -1 12 13 15 14 -1 14 15 17 16 -1 16 17 19 18 -1 18 19 21 20 -1 20 21 23 22 -1 22 23 25 24 -1 24 25 27 26 -1 26 27 29 28 -1 28 29 31 30 -1 30 31 33 32 -1 32 33 35 34 -1 34 35 37 36 -1 36 37 39 38 -1 38 39 41 40 -1 40 41 43 42 -1 42 43 45 44 -1 44 45 47 46 -1 46 47 49 48 -1 48 49 51 50 -1 50 51 53 52 -1 52 53 55 54 -1 54 55 57 56 -1 56 57 59 58 -1 58 59 61 60 -1 3 1 63 61 59 57 55 53 51 49 47 45 43 41 39 37 35 33 31 29 27 25 23 21 19 17 15 13 11 9 7 5 -1 60 61 63 62 -1 62 63 1 0 -1 0 2 4 6 8 10 12 14 16 18 20 22 24 26 28 30 32 34 36 38 40 42 44 46 48 50 52 54 56 58 60 62 -1 "
						                >
							<Coordinate DEF="coords_ME_Shape_IndexedFaceSet_056"
							            point="6.646289 4.205542 2.706479 6.646289 -0.767376 2.706479 6.708066 4.205542 2.699071 6.708066 -0.767376 2.699071 6.767468 4.205542 2.677133 6.767468 -0.767376 2.677133 6.822214 4.205542 2.641507 6.822214 -0.767376 2.641507 6.870199 4.205542 2.593563 6.870199 -0.767376 2.593563 6.909580 4.205542 2.535143 6.909580 -0.767376 2.535143 6.938842 4.205542 2.468492 6.938842 -0.767376 2.468492 6.956861 4.205542 2.396171 6.956861 -0.767376 2.396171 6.962946 4.205542 2.320960 6.962946 -0.767376 2.320960 6.956861 4.205542 2.245749 6.956861 -0.767376 2.245749 6.938842 4.205542 2.173429 6.938842 -0.767376 2.173429 6.909580 4.205542 2.106778 6.909580 -0.767376 2.106778 6.870199 4.205542 2.048358 6.870199 -0.767376 2.048358 6.822214 4.205542 2.000413 6.822214 -0.767376 2.000413 6.767468 4.205542 1.964788 6.767468 -0.767376 1.964788 6.708066 4.205542 1.942850 6.708066 -0.767376 1.942850 6.646289 4.205542 1.935442 6.646289 -0.767376 1.935442 6.584513 4.205542 1.942850 6.584513 -0.767376 1.942850 6.525110 4.205542 1.964788 6.525110 -0.767376 1.964788 6.470365 4.205542 2.000413 6.470365 -0.767376 2.000413 6.422379 4.205542 2.048358 6.422379 -0.767376 2.048358 6.382999 4.205542 2.106778 6.382999 -0.767376 2.106778 6.353737 4.205542 2.173429 6.353737 -0.767376 2.173429 6.335717 4.205542 2.245749 6.335717 -0.767376 2.245749 6.329633 4.205542 2.320960 6.329633 -0.767376 2.320960 6.335717 4.205542 2.396171 6.335717 -0.767376 2.396171 6.353737 4.205542 2.468492 6.353737 -0.767376 2.468492 6.382999 4.205542 2.535143 6.382999 -0.767376 2.535143 6.422379 4.205542 2.593563 6.422379 -0.767376 2.593563 6.470365 4.205542 2.641507 6.470365 -0.767376 2.641507 6.525110 4.205542 2.677133 6.525110 -0.767376 2.677133 6.584513 4.205542 2.699071 6.584513 -0.767376 2.699071 "
							            />
							<TextureCoordinate point="1.0000 0.5000 1.0000 1.0000 0.9688 1.0000 0.9688 0.5000 0.9688 0.5000 0.9688 1.0000 0.9375 1.0000 0.9375 0.5000 0.9375 0.5000 0.9375 1.0000 0.9062 1.0000 0.9062 0.5000 0.9062 0.5000 0.9062 1.0000 0.8750 1.0000 0.8750 0.5000 0.8750 0.5000 0.8750 1.0000 0.8438 1.0000 0.8438 0.5000 0.8438 0.5000 0.8438 1.0000 0.8125 1.0000 0.8125 0.5000 0.8125 0.5000 0.8125 1.0000 0.7812 1.0000 0.7812 0.5000 0.7812 0.5000 0.7812 1.0000 0.7500 1.0000 0.7500 0.5000 0.7500 0.5000 0.7500 1.0000 0.7188 1.0000 0.7188 0.5000 0.7188 0.5000 0.7188 1.0000 0.6875 1.0000 0.6875 0.5000 0.6875 0.5000 0.6875 1.0000 0.6562 1.0000 0.6562 0.5000 0.6562 0.5000 0.6562 1.0000 0.6250 1.0000 0.6250 0.5000 0.6250 0.5000 0.6250 1.0000 0.5938 1.0000 0.5938 0.5000 0.5938 0.5000 0.5938 1.0000 0.5625 1.0000 0.5625 0.5000 0.5625 0.5000 0.5625 1.0000 0.5312 1.0000 0.5312 0.5000 0.5312 0.5000 0.5312 1.0000 0.5000 1.0000 0.5000 0.5000 0.5000 0.5000 0.5000 1.0000 0.4688 1.0000 0.4688 0.5000 0.4688 0.5000 0.4688 1.0000 0.4375 1.0000 0.4375 0.5000 0.4375 0.5000 0.4375 1.0000 0.4062 1.0000 0.4062 0.5000 0.4062 0.5000 0.4062 1.0000 0.3750 1.0000 0.3750 0.5000 0.3750 0.5000 0.3750 1.0000 0.3438 1.0000 0.3438 0.5000 0.3438 0.5000 0.3438 1.0000 0.3125 1.0000 0.3125 0.5000 0.3125 0.5000 0.3125 1.0000 0.2812 1.0000 0.2812 0.5000 0.2812 0.5000 0.2812 1.0000 0.2500 1.0000 0.2500 0.5000 0.2500 0.5000 0.2500 1.0000 0.2188 1.0000 0.2188 0.5000 0.2188 0.5000 0.2188 1.0000 0.1875 1.0000 0.1875 0.5000 0.1875 0.5000 0.1875 1.0000 0.1562 1.0000 0.1562 0.5000 0.1562 0.5000 0.1562 1.0000 0.1250 1.0000 0.1250 0.5000 0.1250 0.5000 0.1250 1.0000 0.0938 1.0000 0.0938 0.5000 0.0938 0.5000 0.0938 1.0000 0.0625 1.0000 0.0625 0.5000 0.2968 0.4854 0.2500 0.4900 0.2032 0.4854 0.1582 0.4717 0.1167 0.4496 0.0803 0.4197 0.0504 0.3833 0.0283 0.3418 0.0146 0.2968 0.0100 0.2500 0.0146 0.2032 0.0283 0.1582 0.0504 0.1167 0.0803 0.0803 0.1167 0.0504 0.1582 0.0283 0.2032 0.0146 0.2500 0.0100 0.2968 0.0146 0.3418 0.0283 0.3833 0.0504 0.4197 0.0803 0.4496 0.1167 0.4717 0.1582 0.4854 0.2032 0.4900 0.2500 0.4854 0.2968 0.4717 0.3418 0.4496 0.3833 0.4197 0.4197 0.3833 0.4496 0.3418 0.4717 0.0625 0.5000 0.0625 1.0000 0.0312 1.0000 0.0312 0.5000 0.0312 0.5000 0.0312 1.0000 0.0000 1.0000 0.0000 0.5000 0.7500 0.4900 0.7968 0.4854 0.8418 0.4717 0.8833 0.4496 0.9197 0.4197 0.9496 0.3833 0.9717 0.3418 0.9854 0.2968 0.9900 0.2500 0.9854 0.2032 0.9717 0.1582 0.9496 0.1167 0.9197 0.0803 0.8833 0.0504 0.8418 0.0283 0.7968 0.0146 0.7500 0.0100 0.7032 0.0146 0.6582 0.0283 0.6167 0.0504 0.5803 0.0803 0.5504 0.1167 0.5283 0.1582 0.5146 0.2032 0.5100 0.2500 0.5146 0.2968 0.5283 0.3418 0.5504 0.3833 0.5803 0.4197 0.6167 0.4496 0.6582 0.4717 0.7032 0.4854 " />
						</IndexedFaceSet>
					</Shape>
				</Group>
			</Transform>
		</Transform>
		<Transform DEF="Shape_IndexedFaceSet_057_TRANSFORM"
		           translation="0.000000 0.000000 0.000000"
		           scale="1.000000 1.000000 1.000000"
		           rotation="-0.000000 0.000000 0.000000 0.000000"
		           >
			<Transform DEF="Shape_IndexedFaceSet_057_ifs_TRANSFORM"
			           translation="0.000000 0.000000 0.000000"
			           scale="1.000000 1.000000 1.000000"
			           rotation="0.000000 1.000000 0.000000 0.000000"
			           >
				<Group DEF="group_ME_Shape_IndexedFaceSet_057">
					<Shape>
						<Appearance>
							<Material USE="MA_rozowy" />
						</Appearance>
						<IndexedFaceSet solid="false"
						                texCoordIndex="0 1 2 3 -1 4 5 6 7 -1 8 9 10 11 -1 12 13 14 15 -1 16 17 18 19 -1 20 21 22 23 -1 24 25 26 27 -1 28 29 30 31 -1 32 33 34 35 -1 36 37 38 39 -1 40 41 42 43 -1 44 45 46 47 -1 48 49 50 51 -1 52 53 54 55 -1 56 57 58 59 -1 60 61 62 63 -1 64 65 66 67 -1 68 69 70 71 -1 72 73 74 75 -1 76 77 78 79 -1 80 81 82 83 -1 84 85 86 87 -1 88 89 90 91 -1 92 93 94 95 -1 96 97 98 99 -1 100 101 102 103 -1 104 105 106 107 -1 108 109 110 111 -1 112 113 114 115 -1 116 117 118 119 -1 120 121 122 123 124 125 126 127 128 129 130 131 132 133 134 135 136 137 138 139 140 141 142 143 144 145 146 147 148 149 150 151 -1 152 153 154 155 -1 156 157 158 159 -1 160 161 162 163 164 165 166 167 168 169 170 171 172 173 174 175 176 177 178 179 180 181 182 183 184 185 186 187 188 189 190 191 -1 "
						                coordIndex="0 1 3 2 -1 2 3 5 4 -1 4 5 7 6 -1 6 7 9 8 -1 8 9 11 10 -1 10 11 13 12 -1 12 13 15 14 -1 14 15 17 16 -1 16 17 19 18 -1 18 19 21 20 -1 20 21 23 22 -1 22 23 25 24 -1 24 25 27 26 -1 26 27 29 28 -1 28 29 31 30 -1 30 31 33 32 -1 32 33 35 34 -1 34 35 37 36 -1 36 37 39 38 -1 38 39 41 40 -1 40 41 43 42 -1 42 43 45 44 -1 44 45 47 46 -1 46 47 49 48 -1 48 49 51 50 -1 50 51 53 52 -1 52 53 55 54 -1 54 55 57 56 -1 56 57 59 58 -1 58 59 61 60 -1 3 1 63 61 59 57 55 53 51 49 47 45 43 41 39 37 35 33 31 29 27 25 23 21 19 17 15 13 11 9 7 5 -1 60 61 63 62 -1 62 63 1 0 -1 0 2 4 6 8 10 12 14 16 18 20 22 24 26 28 30 32 34 36 38 40 42 44 46 48 50 52 54 56 58 60 62 -1 "
						                >
							<Coordinate DEF="coords_ME_Shape_IndexedFaceSet_057"
							            point="4.754845 11.736707 -4.287616 4.754845 5.269162 -4.287616 4.855182 11.736707 -4.297768 4.855182 5.269162 -4.297768 4.951663 11.736707 -4.327836 4.951663 5.269162 -4.327836 5.040580 11.736707 -4.376662 5.040580 5.269162 -4.376662 5.118517 11.736707 -4.442372 5.118517 5.269162 -4.442372 5.182478 11.736707 -4.522440 5.182478 5.269162 -4.522440 5.230006 11.736707 -4.613789 5.230006 5.269162 -4.613789 5.259273 11.736707 -4.712908 5.259273 5.269162 -4.712908 5.269155 11.736707 -4.815988 5.269155 5.269162 -4.815988 5.259273 11.736707 -4.919068 5.259273 5.269162 -4.919068 5.230006 11.736707 -5.018188 5.230006 5.269162 -5.018188 5.182478 11.736707 -5.109536 5.182478 5.269162 -5.109536 5.118517 11.736707 -5.189604 5.118517 5.269162 -5.189604 5.040580 11.736707 -5.255314 5.040580 5.269162 -5.255314 4.951663 11.736707 -5.304141 4.951663 5.269162 -5.304141 4.855182 11.736707 -5.334208 4.855182 5.269162 -5.334208 4.754845 11.736707 -5.344360 4.754845 5.269162 -5.344360 4.654508 11.736707 -5.334208 4.654508 5.269162 -5.334208 4.558026 11.736707 -5.304141 4.558026 5.269162 -5.304141 4.469109 11.736707 -5.255314 4.469109 5.269162 -5.255314 4.391172 11.736707 -5.189604 4.391172 5.269162 -5.189604 4.327211 11.736707 -5.109536 4.327211 5.269162 -5.109536 4.279684 11.736707 -5.018188 4.279684 5.269162 -5.018188 4.250417 11.736707 -4.919068 4.250417 5.269162 -4.919068 4.240534 11.736707 -4.815988 4.240534 5.269162 -4.815988 4.250417 11.736707 -4.712908 4.250417 5.269162 -4.712908 4.279684 11.736707 -4.613789 4.279684 5.269162 -4.613789 4.327211 11.736707 -4.522440 4.327211 5.269162 -4.522440 4.391172 11.736707 -4.442372 4.391172 5.269162 -4.442372 4.469109 11.736707 -4.376662 4.469109 5.269162 -4.376662 4.558026 11.736707 -4.327836 4.558026 5.269162 -4.327836 4.654508 11.736707 -4.297768 4.654508 5.269162 -4.297768 "
							            />
							<TextureCoordinate point="1.0000 0.5000 1.0000 1.0000 0.9688 1.0000 0.9688 0.5000 0.9688 0.5000 0.9688 1.0000 0.9375 1.0000 0.9375 0.5000 0.9375 0.5000 0.9375 1.0000 0.9062 1.0000 0.9062 0.5000 0.9062 0.5000 0.9062 1.0000 0.8750 1.0000 0.8750 0.5000 0.8750 0.5000 0.8750 1.0000 0.8438 1.0000 0.8438 0.5000 0.8438 0.5000 0.8438 1.0000 0.8125 1.0000 0.8125 0.5000 0.8125 0.5000 0.8125 1.0000 0.7812 1.0000 0.7812 0.5000 0.7812 0.5000 0.7812 1.0000 0.7500 1.0000 0.7500 0.5000 0.7500 0.5000 0.7500 1.0000 0.7188 1.0000 0.7188 0.5000 0.7188 0.5000 0.7188 1.0000 0.6875 1.0000 0.6875 0.5000 0.6875 0.5000 0.6875 1.0000 0.6562 1.0000 0.6562 0.5000 0.6562 0.5000 0.6562 1.0000 0.6250 1.0000 0.6250 0.5000 0.6250 0.5000 0.6250 1.0000 0.5938 1.0000 0.5938 0.5000 0.5938 0.5000 0.5938 1.0000 0.5625 1.0000 0.5625 0.5000 0.5625 0.5000 0.5625 1.0000 0.5312 1.0000 0.5312 0.5000 0.5312 0.5000 0.5312 1.0000 0.5000 1.0000 0.5000 0.5000 0.5000 0.5000 0.5000 1.0000 0.4688 1.0000 0.4688 0.5000 0.4688 0.5000 0.4688 1.0000 0.4375 1.0000 0.4375 0.5000 0.4375 0.5000 0.4375 1.0000 0.4062 1.0000 0.4062 0.5000 0.4062 0.5000 0.4062 1.0000 0.3750 1.0000 0.3750 0.5000 0.3750 0.5000 0.3750 1.0000 0.3438 1.0000 0.3438 0.5000 0.3438 0.5000 0.3438 1.0000 0.3125 1.0000 0.3125 0.5000 0.3125 0.5000 0.3125 1.0000 0.2812 1.0000 0.2812 0.5000 0.2812 0.5000 0.2812 1.0000 0.2500 1.0000 0.2500 0.5000 0.2500 0.5000 0.2500 1.0000 0.2188 1.0000 0.2188 0.5000 0.2188 0.5000 0.2188 1.0000 0.1875 1.0000 0.1875 0.5000 0.1875 0.5000 0.1875 1.0000 0.1562 1.0000 0.1562 0.5000 0.1562 0.5000 0.1562 1.0000 0.1250 1.0000 0.1250 0.5000 0.1250 0.5000 0.1250 1.0000 0.0938 1.0000 0.0938 0.5000 0.0938 0.5000 0.0938 1.0000 0.0625 1.0000 0.0625 0.5000 0.2968 0.4854 0.2500 0.4900 0.2032 0.4854 0.1582 0.4717 0.1167 0.4496 0.0803 0.4197 0.0504 0.3833 0.0283 0.3418 0.0146 0.2968 0.0100 0.2500 0.0146 0.2032 0.0283 0.1582 0.0504 0.1167 0.0803 0.0803 0.1167 0.0504 0.1582 0.0283 0.2032 0.0146 0.2500 0.0100 0.2968 0.0146 0.3418 0.0283 0.3833 0.0504 0.4197 0.0803 0.4496 0.1167 0.4717 0.1582 0.4854 0.2032 0.4900 0.2500 0.4854 0.2968 0.4717 0.3418 0.4496 0.3833 0.4197 0.4197 0.3833 0.4496 0.3418 0.4717 0.0625 0.5000 0.0625 1.0000 0.0312 1.0000 0.0312 0.5000 0.0312 0.5000 0.0312 1.0000 0.0000 1.0000 0.0000 0.5000 0.7500 0.4900 0.7968 0.4854 0.8418 0.4717 0.8833 0.4496 0.9197 0.4197 0.9496 0.3833 0.9717 0.3418 0.9854 0.2968 0.9900 0.2500 0.9854 0.2032 0.9717 0.1582 0.9496 0.1167 0.9197 0.0803 0.8833 0.0504 0.8418 0.0283 0.7968 0.0146 0.7500 0.0100 0.7032 0.0146 0.6582 0.0283 0.6167 0.0504 0.5803 0.0803 0.5504 0.1167 0.5283 0.1582 0.5146 0.2032 0.5100 0.2500 0.5146 0.2968 0.5283 0.3418 0.5504 0.3833 0.5803 0.4197 0.6167 0.4496 0.6582 0.4717 0.7032 0.4854 " />
						</IndexedFaceSet>
					</Shape>
				</Group>
			</Transform>
		</Transform>
		<Transform DEF="Shape_IndexedFaceSet_058_TRANSFORM"
		           translation="0.000000 0.000000 0.000000"
		           scale="1.000000 1.000000 1.000000"
		           rotation="-0.000000 0.000000 0.000000 0.000000"
		           >
			<Transform DEF="Shape_IndexedFaceSet_058_ifs_TRANSFORM"
			           translation="0.000000 0.000000 0.000000"
			           scale="1.000000 1.000000 1.000000"
			           rotation="0.000000 1.000000 0.000000 0.000000"
			           >
				<Group DEF="group_ME_Shape_IndexedFaceSet_058">
					<Shape>
						<Appearance>
							<Material USE="MA_rozowy" />
						</Appearance>
						<IndexedFaceSet solid="false"
						                texCoordIndex="0 1 2 3 -1 4 5 6 7 -1 8 9 10 11 -1 12 13 14 15 -1 16 17 18 19 -1 20 21 22 23 -1 24 25 26 27 -1 28 29 30 31 -1 32 33 34 35 -1 36 37 38 39 -1 40 41 42 43 -1 44 45 46 47 -1 48 49 50 51 -1 52 53 54 55 -1 56 57 58 59 -1 60 61 62 63 -1 64 65 66 67 -1 68 69 70 71 -1 72 73 74 75 -1 76 77 78 79 -1 80 81 82 83 -1 84 85 86 87 -1 88 89 90 91 -1 92 93 94 95 -1 96 97 98 99 -1 100 101 102 103 -1 104 105 106 107 -1 108 109 110 111 -1 112 113 114 115 -1 116 117 118 119 -1 120 121 122 123 124 125 126 127 128 129 130 131 132 133 134 135 136 137 138 139 140 141 142 143 144 145 146 147 148 149 150 151 -1 152 153 154 155 -1 156 157 158 159 -1 160 161 162 163 164 165 166 167 168 169 170 171 172 173 174 175 176 177 178 179 180 181 182 183 184 185 186 187 188 189 190 191 -1 "
						                coordIndex="0 1 3 2 -1 2 3 5 4 -1 4 5 7 6 -1 6 7 9 8 -1 8 9 11 10 -1 10 11 13 12 -1 12 13 15 14 -1 14 15 17 16 -1 16 17 19 18 -1 18 19 21 20 -1 20 21 23 22 -1 22 23 25 24 -1 24 25 27 26 -1 26 27 29 28 -1 28 29 31 30 -1 30 31 33 32 -1 32 33 35 34 -1 34 35 37 36 -1 36 37 39 38 -1 38 39 41 40 -1 40 41 43 42 -1 42 43 45 44 -1 44 45 47 46 -1 46 47 49 48 -1 48 49 51 50 -1 50 51 53 52 -1 52 53 55 54 -1 54 55 57 56 -1 56 57 59 58 -1 58 59 61 60 -1 3 1 63 61 59 57 55 53 51 49 47 45 43 41 39 37 35 33 31 29 27 25 23 21 19 17 15 13 11 9 7 5 -1 60 61 63 62 -1 62 63 1 0 -1 0 2 4 6 8 10 12 14 16 18 20 22 24 26 28 30 32 34 36 38 40 42 44 46 48 50 52 54 56 58 60 62 -1 "
						                >
							<Coordinate DEF="coords_ME_Shape_IndexedFaceSet_058"
							            point="4.875143 11.832988 5.346028 4.875143 5.365443 5.346028 4.975480 11.832988 5.335876 4.975480 5.365443 5.335876 5.071960 11.832988 5.305808 5.071960 5.365443 5.305808 5.160878 11.832988 5.256981 5.160878 5.365443 5.256981 5.238815 11.832988 5.191271 5.238815 5.365443 5.191271 5.302776 11.832988 5.111204 5.302776 5.365443 5.111204 5.350304 11.832988 5.019855 5.350304 5.365443 5.019855 5.379571 11.832988 4.920736 5.379571 5.365443 4.920736 5.389453 11.832988 4.817656 5.389453 5.365443 4.817656 5.379571 11.832988 4.714575 5.379571 5.365443 4.714575 5.350304 11.832988 4.615456 5.350304 5.365443 4.615456 5.302776 11.832988 4.524107 5.302776 5.365443 4.524107 5.238815 11.832988 4.444040 5.238815 5.365443 4.444040 5.160878 11.832988 4.378330 5.160878 5.365443 4.378330 5.071960 11.832988 4.329503 5.071960 5.365443 4.329503 4.975480 11.832988 4.299436 4.975480 5.365443 4.299436 4.875143 11.832988 4.289283 4.875143 5.365443 4.289283 4.774806 11.832988 4.299436 4.774806 5.365443 4.299436 4.678325 11.832988 4.329503 4.678325 5.365443 4.329503 4.589407 11.832988 4.378330 4.589407 5.365443 4.378330 4.511470 11.832988 4.444040 4.511470 5.365443 4.444040 4.447509 11.832988 4.524107 4.447509 5.365443 4.524107 4.399981 11.832988 4.615456 4.399981 5.365443 4.615456 4.370714 11.832988 4.714575 4.370714 5.365443 4.714575 4.360832 11.832988 4.817656 4.360832 5.365443 4.817656 4.370714 11.832988 4.920736 4.370714 5.365443 4.920736 4.399981 11.832988 5.019855 4.399981 5.365443 5.019855 4.447509 11.832988 5.111204 4.447509 5.365443 5.111204 4.511470 11.832988 5.191271 4.511470 5.365443 5.191271 4.589407 11.832988 5.256981 4.589407 5.365443 5.256981 4.678325 11.832988 5.305808 4.678325 5.365443 5.305808 4.774806 11.832988 5.335876 4.774806 5.365443 5.335876 "
							            />
							<TextureCoordinate point="1.0000 0.5000 1.0000 1.0000 0.9688 1.0000 0.9688 0.5000 0.9688 0.5000 0.9688 1.0000 0.9375 1.0000 0.9375 0.5000 0.9375 0.5000 0.9375 1.0000 0.9062 1.0000 0.9062 0.5000 0.9062 0.5000 0.9062 1.0000 0.8750 1.0000 0.8750 0.5000 0.8750 0.5000 0.8750 1.0000 0.8438 1.0000 0.8438 0.5000 0.8438 0.5000 0.8438 1.0000 0.8125 1.0000 0.8125 0.5000 0.8125 0.5000 0.8125 1.0000 0.7812 1.0000 0.7812 0.5000 0.7812 0.5000 0.7812 1.0000 0.7500 1.0000 0.7500 0.5000 0.7500 0.5000 0.7500 1.0000 0.7188 1.0000 0.7188 0.5000 0.7188 0.5000 0.7188 1.0000 0.6875 1.0000 0.6875 0.5000 0.6875 0.5000 0.6875 1.0000 0.6562 1.0000 0.6562 0.5000 0.6562 0.5000 0.6562 1.0000 0.6250 1.0000 0.6250 0.5000 0.6250 0.5000 0.6250 1.0000 0.5938 1.0000 0.5938 0.5000 0.5938 0.5000 0.5938 1.0000 0.5625 1.0000 0.5625 0.5000 0.5625 0.5000 0.5625 1.0000 0.5312 1.0000 0.5312 0.5000 0.5312 0.5000 0.5312 1.0000 0.5000 1.0000 0.5000 0.5000 0.5000 0.5000 0.5000 1.0000 0.4688 1.0000 0.4688 0.5000 0.4688 0.5000 0.4688 1.0000 0.4375 1.0000 0.4375 0.5000 0.4375 0.5000 0.4375 1.0000 0.4062 1.0000 0.4062 0.5000 0.4062 0.5000 0.4062 1.0000 0.3750 1.0000 0.3750 0.5000 0.3750 0.5000 0.3750 1.0000 0.3438 1.0000 0.3438 0.5000 0.3438 0.5000 0.3438 1.0000 0.3125 1.0000 0.3125 0.5000 0.3125 0.5000 0.3125 1.0000 0.2812 1.0000 0.2812 0.5000 0.2812 0.5000 0.2812 1.0000 0.2500 1.0000 0.2500 0.5000 0.2500 0.5000 0.2500 1.0000 0.2188 1.0000 0.2188 0.5000 0.2188 0.5000 0.2188 1.0000 0.1875 1.0000 0.1875 0.5000 0.1875 0.5000 0.1875 1.0000 0.1562 1.0000 0.1562 0.5000 0.1562 0.5000 0.1562 1.0000 0.1250 1.0000 0.1250 0.5000 0.1250 0.5000 0.1250 1.0000 0.0938 1.0000 0.0938 0.5000 0.0938 0.5000 0.0938 1.0000 0.0625 1.0000 0.0625 0.5000 0.2968 0.4854 0.2500 0.4900 0.2032 0.4854 0.1582 0.4717 0.1167 0.4496 0.0803 0.4197 0.0504 0.3833 0.0283 0.3418 0.0146 0.2968 0.0100 0.2500 0.0146 0.2032 0.0283 0.1582 0.0504 0.1167 0.0803 0.0803 0.1167 0.0504 0.1582 0.0283 0.2032 0.0146 0.2500 0.0100 0.2968 0.0146 0.3418 0.0283 0.3833 0.0504 0.4197 0.0803 0.4496 0.1167 0.4717 0.1582 0.4854 0.2032 0.4900 0.2500 0.4854 0.2968 0.4717 0.3418 0.4496 0.3833 0.4197 0.4197 0.3833 0.4496 0.3418 0.4717 0.0625 0.5000 0.0625 1.0000 0.0312 1.0000 0.0312 0.5000 0.0312 0.5000 0.0312 1.0000 0.0000 1.0000 0.0000 0.5000 0.7500 0.4900 0.7968 0.4854 0.8418 0.4717 0.8833 0.4496 0.9197 0.4197 0.9496 0.3833 0.9717 0.3418 0.9854 0.2968 0.9900 0.2500 0.9854 0.2032 0.9717 0.1582 0.9496 0.1167 0.9197 0.0803 0.8833 0.0504 0.8418 0.0283 0.7968 0.0146 0.7500 0.0100 0.7032 0.0146 0.6582 0.0283 0.6167 0.0504 0.5803 0.0803 0.5504 0.1167 0.5283 0.1582 0.5146 0.2032 0.5100 0.2500 0.5146 0.2968 0.5283 0.3418 0.5504 0.3833 0.5803 0.4197 0.6167 0.4496 0.6582 0.4717 0.7032 0.4854 " />
						</IndexedFaceSet>
					</Shape>
				</Group>
			</Transform>
		</Transform>
		<Transform DEF="Shape_IndexedFaceSet_059_TRANSFORM"
		           translation="0.000000 0.000000 0.000000"
		           scale="1.000000 1.000000 1.000000"
		           rotation="-0.000000 0.000000 0.000000 0.000000"
		           >
			<Transform DEF="Shape_IndexedFaceSet_059_ifs_TRANSFORM"
			           translation="0.000000 0.000000 0.000000"
			           scale="1.000000 1.000000 1.000000"
			           rotation="0.000000 1.000000 0.000000 0.000000"
			           >
				<Group DEF="group_ME_Shape_IndexedFaceSet_059">
					<Shape>
						<Appearance>
							<Material USE="MA_rozowy" />
						</Appearance>
						<IndexedFaceSet solid="false"
						                texCoordIndex="0 1 2 3 -1 4 5 6 7 -1 8 9 10 11 -1 12 13 14 15 -1 16 17 18 19 -1 20 21 22 23 -1 24 25 26 27 -1 28 29 30 31 -1 32 33 34 35 -1 36 37 38 39 -1 40 41 42 43 -1 44 45 46 47 -1 48 49 50 51 -1 52 53 54 55 -1 56 57 58 59 -1 60 61 62 63 -1 64 65 66 67 -1 68 69 70 71 -1 72 73 74 75 -1 76 77 78 79 -1 80 81 82 83 -1 84 85 86 87 -1 88 89 90 91 -1 92 93 94 95 -1 96 97 98 99 -1 100 101 102 103 -1 104 105 106 107 -1 108 109 110 111 -1 112 113 114 115 -1 116 117 118 119 -1 120 121 122 123 124 125 126 127 128 129 130 131 132 133 134 135 136 137 138 139 140 141 142 143 144 145 146 147 148 149 150 151 -1 152 153 154 155 -1 156 157 158 159 -1 160 161 162 163 164 165 166 167 168 169 170 171 172 173 174 175 176 177 178 179 180 181 182 183 184 185 186 187 188 189 190 191 -1 "
						                coordIndex="0 1 3 2 -1 2 3 5 4 -1 4 5 7 6 -1 6 7 9 8 -1 8 9 11 10 -1 10 11 13 12 -1 12 13 15 14 -1 14 15 17 16 -1 16 17 19 18 -1 18 19 21 20 -1 20 21 23 22 -1 22 23 25 24 -1 24 25 27 26 -1 26 27 29 28 -1 28 29 31 30 -1 30 31 33 32 -1 32 33 35 34 -1 34 35 37 36 -1 36 37 39 38 -1 38 39 41 40 -1 40 41 43 42 -1 42 43 45 44 -1 44 45 47 46 -1 46 47 49 48 -1 48 49 51 50 -1 50 51 53 52 -1 52 53 55 54 -1 54 55 57 56 -1 56 57 59 58 -1 58 59 61 60 -1 3 1 63 61 59 57 55 53 51 49 47 45 43 41 39 37 35 33 31 29 27 25 23 21 19 17 15 13 11 9 7 5 -1 60 61 63 62 -1 62 63 1 0 -1 0 2 4 6 8 10 12 14 16 18 20 22 24 26 28 30 32 34 36 38 40 42 44 46 48 50 52 54 56 58 60 62 -1 "
						                >
							<Coordinate DEF="coords_ME_Shape_IndexedFaceSet_059"
							            point="-2.640761 10.027325 -11.787809 -2.640761 2.504035 -11.787809 -2.488004 10.027325 -11.800872 -2.488004 2.504035 -11.800872 -2.341118 10.027325 -11.839556 -2.341118 2.504035 -11.839556 -2.205746 10.027325 -11.902374 -2.205746 2.504035 -11.902374 -2.087092 10.027325 -11.986916 -2.087092 2.504035 -11.986916 -1.989715 10.027325 -12.089928 -1.989715 2.504035 -12.089928 -1.917357 10.027325 -12.207455 -1.917357 2.504035 -12.207455 -1.872800 10.027325 -12.334978 -1.872800 2.504035 -12.334978 -1.857754 10.027325 -12.467599 -1.857754 2.504035 -12.467599 -1.872800 10.027325 -12.600220 -1.872800 2.504035 -12.600220 -1.917357 10.027325 -12.727743 -1.917357 2.504035 -12.727743 -1.989715 10.027325 -12.845270 -1.989715 2.504035 -12.845270 -2.087092 10.027325 -12.948282 -2.087092 2.504035 -12.948282 -2.205746 10.027325 -13.032824 -2.205746 2.504035 -13.032824 -2.341118 10.027325 -13.095642 -2.341118 2.504035 -13.095642 -2.488004 10.027325 -13.134326 -2.488004 2.504035 -13.134326 -2.640761 10.027325 -13.147388 -2.640761 2.504035 -13.147388 -2.793519 10.027325 -13.134326 -2.793519 2.504035 -13.134326 -2.940405 10.027325 -13.095642 -2.940405 2.504035 -13.095642 -3.075777 10.027325 -13.032824 -3.075777 2.504035 -13.032824 -3.194431 10.027325 -12.948282 -3.194431 2.504035 -12.948282 -3.291808 10.027325 -12.845270 -3.291808 2.504035 -12.845270 -3.364166 10.027325 -12.727743 -3.364166 2.504035 -12.727743 -3.408723 10.027325 -12.600220 -3.408723 2.504035 -12.600220 -3.423768 10.027325 -12.467599 -3.423768 2.504035 -12.467599 -3.408723 10.027325 -12.334978 -3.408723 2.504035 -12.334978 -3.364166 10.027325 -12.207455 -3.364166 2.504035 -12.207455 -3.291808 10.027325 -12.089928 -3.291808 2.504035 -12.089928 -3.194431 10.027325 -11.986916 -3.194431 2.504035 -11.986916 -3.075777 10.027325 -11.902374 -3.075777 2.504035 -11.902374 -2.940405 10.027325 -11.839556 -2.940405 2.504035 -11.839556 -2.793519 10.027325 -11.800872 -2.793519 2.504035 -11.800872 "
							            />
							<TextureCoordinate point="1.0000 0.5000 1.0000 1.0000 0.9688 1.0000 0.9688 0.5000 0.9688 0.5000 0.9688 1.0000 0.9375 1.0000 0.9375 0.5000 0.9375 0.5000 0.9375 1.0000 0.9062 1.0000 0.9062 0.5000 0.9062 0.5000 0.9062 1.0000 0.8750 1.0000 0.8750 0.5000 0.8750 0.5000 0.8750 1.0000 0.8438 1.0000 0.8438 0.5000 0.8438 0.5000 0.8438 1.0000 0.8125 1.0000 0.8125 0.5000 0.8125 0.5000 0.8125 1.0000 0.7812 1.0000 0.7812 0.5000 0.7812 0.5000 0.7812 1.0000 0.7500 1.0000 0.7500 0.5000 0.7500 0.5000 0.7500 1.0000 0.7188 1.0000 0.7188 0.5000 0.7188 0.5000 0.7188 1.0000 0.6875 1.0000 0.6875 0.5000 0.6875 0.5000 0.6875 1.0000 0.6562 1.0000 0.6562 0.5000 0.6562 0.5000 0.6562 1.0000 0.6250 1.0000 0.6250 0.5000 0.6250 0.5000 0.6250 1.0000 0.5938 1.0000 0.5938 0.5000 0.5938 0.5000 0.5938 1.0000 0.5625 1.0000 0.5625 0.5000 0.5625 0.5000 0.5625 1.0000 0.5312 1.0000 0.5312 0.5000 0.5312 0.5000 0.5312 1.0000 0.5000 1.0000 0.5000 0.5000 0.5000 0.5000 0.5000 1.0000 0.4688 1.0000 0.4688 0.5000 0.4688 0.5000 0.4688 1.0000 0.4375 1.0000 0.4375 0.5000 0.4375 0.5000 0.4375 1.0000 0.4062 1.0000 0.4062 0.5000 0.4062 0.5000 0.4062 1.0000 0.3750 1.0000 0.3750 0.5000 0.3750 0.5000 0.3750 1.0000 0.3438 1.0000 0.3438 0.5000 0.3438 0.5000 0.3438 1.0000 0.3125 1.0000 0.3125 0.5000 0.3125 0.5000 0.3125 1.0000 0.2812 1.0000 0.2812 0.5000 0.2812 0.5000 0.2812 1.0000 0.2500 1.0000 0.2500 0.5000 0.2500 0.5000 0.2500 1.0000 0.2188 1.0000 0.2188 0.5000 0.2188 0.5000 0.2188 1.0000 0.1875 1.0000 0.1875 0.5000 0.1875 0.5000 0.1875 1.0000 0.1562 1.0000 0.1562 0.5000 0.1562 0.5000 0.1562 1.0000 0.1250 1.0000 0.1250 0.5000 0.1250 0.5000 0.1250 1.0000 0.0938 1.0000 0.0938 0.5000 0.0938 0.5000 0.0938 1.0000 0.0625 1.0000 0.0625 0.5000 0.2968 0.4854 0.2500 0.4900 0.2032 0.4854 0.1582 0.4717 0.1167 0.4496 0.0803 0.4197 0.0504 0.3833 0.0283 0.3418 0.0146 0.2968 0.0100 0.2500 0.0146 0.2032 0.0283 0.1582 0.0504 0.1167 0.0803 0.0803 0.1167 0.0504 0.1582 0.0283 0.2032 0.0146 0.2500 0.0100 0.2968 0.0146 0.3418 0.0283 0.3833 0.0504 0.4197 0.0803 0.4496 0.1167 0.4717 0.1582 0.4854 0.2032 0.4900 0.2500 0.4854 0.2968 0.4717 0.3418 0.4496 0.3833 0.4197 0.4197 0.3833 0.4496 0.3418 0.4717 0.0625 0.5000 0.0625 1.0000 0.0312 1.0000 0.0312 0.5000 0.0312 0.5000 0.0312 1.0000 0.0000 1.0000 0.0000 0.5000 0.7500 0.4900 0.7968 0.4854 0.8418 0.4717 0.8833 0.4496 0.9197 0.4197 0.9496 0.3833 0.9717 0.3418 0.9854 0.2968 0.9900 0.2500 0.9854 0.2032 0.9717 0.1582 0.9496 0.1167 0.9197 0.0803 0.8833 0.0504 0.8418 0.0283 0.7968 0.0146 0.7500 0.0100 0.7032 0.0146 0.6582 0.0283 0.6167 0.0504 0.5803 0.0803 0.5504 0.1167 0.5283 0.1582 0.5146 0.2032 0.5100 0.2500 0.5146 0.2968 0.5283 0.3418 0.5504 0.3833 0.5803 0.4197 0.6167 0.4496 0.6582 0.4717 0.7032 0.4854 " />
						</IndexedFaceSet>
					</Shape>
				</Group>
			</Transform>
		</Transform>
		<Transform DEF="Shape_IndexedFaceSet_060_TRANSFORM"
		           translation="0.000000 0.000000 0.000000"
		           scale="1.000000 1.000000 1.000000"
		           rotation="-0.000000 0.000000 0.000000 0.000000"
		           >
			<Transform DEF="Shape_IndexedFaceSet_060_ifs_TRANSFORM"
			           translation="0.000000 0.000000 0.000000"
			           scale="1.000000 1.000000 1.000000"
			           rotation="0.000000 1.000000 0.000000 0.000000"
			           >
				<Group DEF="group_ME_Shape_IndexedFaceSet_060">
					<Shape>
						<Appearance>
							<Material USE="MA_rozowy" />
						</Appearance>
						<IndexedFaceSet solid="false"
						                texCoordIndex="0 1 2 3 -1 4 5 6 7 -1 8 9 10 11 -1 12 13 14 15 -1 16 17 18 19 -1 20 21 22 23 -1 24 25 26 27 -1 28 29 30 31 -1 32 33 34 35 -1 36 37 38 39 -1 40 41 42 43 -1 44 45 46 47 -1 48 49 50 51 -1 52 53 54 55 -1 56 57 58 59 -1 60 61 62 63 -1 64 65 66 67 -1 68 69 70 71 -1 72 73 74 75 -1 76 77 78 79 -1 80 81 82 83 -1 84 85 86 87 -1 88 89 90 91 -1 92 93 94 95 -1 96 97 98 99 -1 100 101 102 103 -1 104 105 106 107 -1 108 109 110 111 -1 112 113 114 115 -1 116 117 118 119 -1 120 121 122 123 124 125 126 127 128 129 130 131 132 133 134 135 136 137 138 139 140 141 142 143 144 145 146 147 148 149 150 151 -1 152 153 154 155 -1 156 157 158 159 -1 160 161 162 163 164 165 166 167 168 169 170 171 172 173 174 175 176 177 178 179 180 181 182 183 184 185 186 187 188 189 190 191 -1 "
						                coordIndex="0 1 3 2 -1 2 3 5 4 -1 4 5 7 6 -1 6 7 9 8 -1 8 9 11 10 -1 10 11 13 12 -1 12 13 15 14 -1 14 15 17 16 -1 16 17 19 18 -1 18 19 21 20 -1 20 21 23 22 -1 22 23 25 24 -1 24 25 27 26 -1 26 27 29 28 -1 28 29 31 30 -1 30 31 33 32 -1 32 33 35 34 -1 34 35 37 36 -1 36 37 39 38 -1 38 39 41 40 -1 40 41 43 42 -1 42 43 45 44 -1 44 45 47 46 -1 46 47 49 48 -1 48 49 51 50 -1 50 51 53 52 -1 52 53 55 54 -1 54 55 57 56 -1 56 57 59 58 -1 58 59 61 60 -1 3 1 63 61 59 57 55 53 51 49 47 45 43 41 39 37 35 33 31 29 27 25 23 21 19 17 15 13 11 9 7 5 -1 60 61 63 62 -1 62 63 1 0 -1 0 2 4 6 8 10 12 14 16 18 20 22 24 26 28 30 32 34 36 38 40 42 44 46 48 50 52 54 56 58 60 62 -1 "
						                >
							<Coordinate DEF="coords_ME_Shape_IndexedFaceSet_060"
							            point="-3.155724 9.738121 13.068783 -3.155724 2.214830 13.068783 -3.002967 9.738121 13.055720 -3.002967 2.214830 13.055720 -2.856080 9.738121 13.017036 -2.856080 2.214830 13.017036 -2.720709 9.738121 12.954218 -2.720709 2.214830 12.954218 -2.602055 9.738121 12.869677 -2.602055 2.214830 12.869677 -2.504678 9.738121 12.766665 -2.504678 2.214830 12.766665 -2.432320 9.738121 12.649137 -2.432320 2.214830 12.649137 -2.387762 9.738121 12.521614 -2.387762 2.214830 12.521614 -2.372717 9.738121 12.388993 -2.372717 2.214830 12.388993 -2.387762 9.738121 12.256372 -2.387762 2.214830 12.256372 -2.432320 9.738121 12.128849 -2.432320 2.214830 12.128849 -2.504678 9.738121 12.011322 -2.504678 2.214830 12.011322 -2.602055 9.738121 11.908310 -2.602055 2.214830 11.908310 -2.720709 9.738121 11.823769 -2.720709 2.214830 11.823769 -2.856080 9.738121 11.760950 -2.856080 2.214830 11.760950 -3.002967 9.738121 11.722266 -3.002967 2.214830 11.722266 -3.155724 9.738121 11.709204 -3.155724 2.214830 11.709204 -3.308481 9.738121 11.722266 -3.308481 2.214830 11.722266 -3.455368 9.738121 11.760950 -3.455368 2.214830 11.760950 -3.590739 9.738121 11.823769 -3.590739 2.214830 11.823769 -3.709394 9.738121 11.908310 -3.709394 2.214830 11.908310 -3.806771 9.738121 12.011322 -3.806771 2.214830 12.011322 -3.879128 9.738121 12.128849 -3.879128 2.214830 12.128849 -3.923686 9.738121 12.256372 -3.923686 2.214830 12.256372 -3.938731 9.738121 12.388993 -3.938731 2.214830 12.388993 -3.923686 9.738121 12.521614 -3.923686 2.214830 12.521614 -3.879128 9.738121 12.649137 -3.879128 2.214830 12.649137 -3.806771 9.738121 12.766665 -3.806771 2.214830 12.766665 -3.709394 9.738121 12.869677 -3.709394 2.214830 12.869677 -3.590739 9.738121 12.954218 -3.590739 2.214830 12.954218 -3.455368 9.738121 13.017036 -3.455368 2.214830 13.017036 -3.308481 9.738121 13.055720 -3.308481 2.214830 13.055720 "
							            />
							<TextureCoordinate point="1.0000 0.5000 1.0000 1.0000 0.9688 1.0000 0.9688 0.5000 0.9688 0.5000 0.9688 1.0000 0.9375 1.0000 0.9375 0.5000 0.9375 0.5000 0.9375 1.0000 0.9062 1.0000 0.9062 0.5000 0.9062 0.5000 0.9062 1.0000 0.8750 1.0000 0.8750 0.5000 0.8750 0.5000 0.8750 1.0000 0.8438 1.0000 0.8438 0.5000 0.8438 0.5000 0.8438 1.0000 0.8125 1.0000 0.8125 0.5000 0.8125 0.5000 0.8125 1.0000 0.7812 1.0000 0.7812 0.5000 0.7812 0.5000 0.7812 1.0000 0.7500 1.0000 0.7500 0.5000 0.7500 0.5000 0.7500 1.0000 0.7188 1.0000 0.7188 0.5000 0.7188 0.5000 0.7188 1.0000 0.6875 1.0000 0.6875 0.5000 0.6875 0.5000 0.6875 1.0000 0.6562 1.0000 0.6562 0.5000 0.6562 0.5000 0.6562 1.0000 0.6250 1.0000 0.6250 0.5000 0.6250 0.5000 0.6250 1.0000 0.5938 1.0000 0.5938 0.5000 0.5938 0.5000 0.5938 1.0000 0.5625 1.0000 0.5625 0.5000 0.5625 0.5000 0.5625 1.0000 0.5312 1.0000 0.5312 0.5000 0.5312 0.5000 0.5312 1.0000 0.5000 1.0000 0.5000 0.5000 0.5000 0.5000 0.5000 1.0000 0.4688 1.0000 0.4688 0.5000 0.4688 0.5000 0.4688 1.0000 0.4375 1.0000 0.4375 0.5000 0.4375 0.5000 0.4375 1.0000 0.4062 1.0000 0.4062 0.5000 0.4062 0.5000 0.4062 1.0000 0.3750 1.0000 0.3750 0.5000 0.3750 0.5000 0.3750 1.0000 0.3438 1.0000 0.3438 0.5000 0.3438 0.5000 0.3438 1.0000 0.3125 1.0000 0.3125 0.5000 0.3125 0.5000 0.3125 1.0000 0.2812 1.0000 0.2812 0.5000 0.2812 0.5000 0.2812 1.0000 0.2500 1.0000 0.2500 0.5000 0.2500 0.5000 0.2500 1.0000 0.2188 1.0000 0.2188 0.5000 0.2188 0.5000 0.2188 1.0000 0.1875 1.0000 0.1875 0.5000 0.1875 0.5000 0.1875 1.0000 0.1562 1.0000 0.1562 0.5000 0.1562 0.5000 0.1562 1.0000 0.1250 1.0000 0.1250 0.5000 0.1250 0.5000 0.1250 1.0000 0.0938 1.0000 0.0938 0.5000 0.0938 0.5000 0.0938 1.0000 0.0625 1.0000 0.0625 0.5000 0.2968 0.4854 0.2500 0.4900 0.2032 0.4854 0.1582 0.4717 0.1167 0.4496 0.0803 0.4197 0.0504 0.3833 0.0283 0.3418 0.0146 0.2968 0.0100 0.2500 0.0146 0.2032 0.0283 0.1582 0.0504 0.1167 0.0803 0.0803 0.1167 0.0504 0.1582 0.0283 0.2032 0.0146 0.2500 0.0100 0.2968 0.0146 0.3418 0.0283 0.3833 0.0504 0.4197 0.0803 0.4496 0.1167 0.4717 0.1582 0.4854 0.2032 0.4900 0.2500 0.4854 0.2968 0.4717 0.3418 0.4496 0.3833 0.4197 0.4197 0.3833 0.4496 0.3418 0.4717 0.0625 0.5000 0.0625 1.0000 0.0312 1.0000 0.0312 0.5000 0.0312 0.5000 0.0312 1.0000 0.0000 1.0000 0.0000 0.5000 0.7500 0.4900 0.7968 0.4854 0.8418 0.4717 0.8833 0.4496 0.9197 0.4197 0.9496 0.3833 0.9717 0.3418 0.9854 0.2968 0.9900 0.2500 0.9854 0.2032 0.9717 0.1582 0.9496 0.1167 0.9197 0.0803 0.8833 0.0504 0.8418 0.0283 0.7968 0.0146 0.7500 0.0100 0.7032 0.0146 0.6582 0.0283 0.6167 0.0504 0.5803 0.0803 0.5504 0.1167 0.5283 0.1582 0.5146 0.2032 0.5100 0.2500 0.5146 0.2968 0.5283 0.3418 0.5504 0.3833 0.5803 0.4197 0.6167 0.4496 0.6582 0.4717 0.7032 0.4854 " />
						</IndexedFaceSet>
					</Shape>
				</Group>
			</Transform>
		</Transform>
		<Transform DEF="Shape_IndexedFaceSet_061_TRANSFORM"
		           translation="0.000000 0.000000 0.000000"
		           scale="1.000000 1.000000 1.000000"
		           rotation="-0.000000 0.000000 0.000000 0.000000"
		           >
			<Transform DEF="Shape_IndexedFaceSet_061_ifs_TRANSFORM"
			           translation="0.000000 0.000000 0.000000"
			           scale="1.000000 1.000000 1.000000"
			           rotation="0.000000 1.000000 0.000000 0.000000"
			           >
				<Group DEF="group_ME_Shape_IndexedFaceSet_061">
					<Shape>
						<Appearance>
							<Material USE="MA_rozowy" />
						</Appearance>
						<IndexedFaceSet solid="false"
						                texCoordIndex="0 1 2 3 -1 4 5 6 7 -1 8 9 10 11 -1 12 13 14 15 -1 16 17 18 19 -1 20 21 22 23 -1 24 25 26 27 -1 28 29 30 31 -1 32 33 34 35 -1 36 37 38 39 -1 40 41 42 43 -1 44 45 46 47 -1 48 49 50 51 -1 52 53 54 55 -1 56 57 58 59 -1 60 61 62 63 -1 64 65 66 67 -1 68 69 70 71 -1 72 73 74 75 -1 76 77 78 79 -1 80 81 82 83 -1 84 85 86 87 -1 88 89 90 91 -1 92 93 94 95 -1 96 97 98 99 -1 100 101 102 103 -1 104 105 106 107 -1 108 109 110 111 -1 112 113 114 115 -1 116 117 118 119 -1 120 121 122 123 124 125 126 127 128 129 130 131 132 133 134 135 136 137 138 139 140 141 142 143 144 145 146 147 148 149 150 151 -1 152 153 154 155 -1 156 157 158 159 -1 160 161 162 163 164 165 166 167 168 169 170 171 172 173 174 175 176 177 178 179 180 181 182 183 184 185 186 187 188 189 190 191 -1 "
						                coordIndex="0 1 3 2 -1 2 3 5 4 -1 4 5 7 6 -1 6 7 9 8 -1 8 9 11 10 -1 10 11 13 12 -1 12 13 15 14 -1 14 15 17 16 -1 16 17 19 18 -1 18 19 21 20 -1 20 21 23 22 -1 22 23 25 24 -1 24 25 27 26 -1 26 27 29 28 -1 28 29 31 30 -1 30 31 33 32 -1 32 33 35 34 -1 34 35 37 36 -1 36 37 39 38 -1 38 39 41 40 -1 40 41 43 42 -1 42 43 45 44 -1 44 45 47 46 -1 46 47 49 48 -1 48 49 51 50 -1 50 51 53 52 -1 52 53 55 54 -1 54 55 57 56 -1 56 57 59 58 -1 58 59 61 60 -1 3 1 63 61 59 57 55 53 51 49 47 45 43 41 39 37 35 33 31 29 27 25 23 21 19 17 15 13 11 9 7 5 -1 60 61 63 62 -1 62 63 1 0 -1 0 2 4 6 8 10 12 14 16 18 20 22 24 26 28 30 32 34 36 38 40 42 44 46 48 50 52 54 56 58 60 62 -1 "
						                >
							<Coordinate DEF="coords_ME_Shape_IndexedFaceSet_061"
							            point="3.012189 9.567050 13.161103 3.012189 2.043759 13.161103 3.164947 9.567050 13.148041 3.164947 2.043759 13.148041 3.311833 9.567050 13.109357 3.311833 2.043759 13.109357 3.447205 9.567050 13.046538 3.447205 2.043759 13.046538 3.565859 9.567050 12.961997 3.565859 2.043759 12.961997 3.663236 9.567050 12.858984 3.663236 2.043759 12.858984 3.735594 9.567050 12.741458 3.735594 2.043759 12.741458 3.780151 9.567050 12.613934 3.780151 2.043759 12.613934 3.795196 9.567050 12.481314 3.795196 2.043759 12.481314 3.780151 9.567050 12.348694 3.780151 2.043759 12.348694 3.735594 9.567050 12.221169 3.735594 2.043759 12.221169 3.663236 9.567050 12.103643 3.663236 2.043759 12.103643 3.565859 9.567050 12.000630 3.565859 2.043759 12.000630 3.447205 9.567050 11.916089 3.447205 2.043759 11.916089 3.311833 9.567050 11.853271 3.311833 2.043759 11.853271 3.164947 9.567050 11.814587 3.164947 2.043759 11.814587 3.012189 9.567050 11.801524 3.012189 2.043759 11.801524 2.859432 9.567050 11.814587 2.859432 2.043759 11.814587 2.712546 9.567050 11.853271 2.712546 2.043759 11.853271 2.577174 9.567050 11.916089 2.577174 2.043759 11.916089 2.458520 9.567050 12.000630 2.458520 2.043759 12.000630 2.361143 9.567050 12.103643 2.361143 2.043759 12.103643 2.288785 9.567050 12.221169 2.288785 2.043759 12.221169 2.244228 9.567050 12.348694 2.244228 2.043759 12.348694 2.229182 9.567050 12.481314 2.229182 2.043759 12.481314 2.244228 9.567050 12.613934 2.244228 2.043759 12.613934 2.288785 9.567050 12.741458 2.288785 2.043759 12.741458 2.361143 9.567050 12.858984 2.361143 2.043759 12.858984 2.458520 9.567050 12.961997 2.458520 2.043759 12.961997 2.577174 9.567050 13.046538 2.577174 2.043759 13.046538 2.712546 9.567050 13.109357 2.712546 2.043759 13.109357 2.859432 9.567050 13.148041 2.859432 2.043759 13.148041 "
							            />
							<TextureCoordinate point="1.0000 0.5000 1.0000 1.0000 0.9688 1.0000 0.9688 0.5000 0.9688 0.5000 0.9688 1.0000 0.9375 1.0000 0.9375 0.5000 0.9375 0.5000 0.9375 1.0000 0.9062 1.0000 0.9062 0.5000 0.9062 0.5000 0.9062 1.0000 0.8750 1.0000 0.8750 0.5000 0.8750 0.5000 0.8750 1.0000 0.8438 1.0000 0.8438 0.5000 0.8438 0.5000 0.8438 1.0000 0.8125 1.0000 0.8125 0.5000 0.8125 0.5000 0.8125 1.0000 0.7812 1.0000 0.7812 0.5000 0.7812 0.5000 0.7812 1.0000 0.7500 1.0000 0.7500 0.5000 0.7500 0.5000 0.7500 1.0000 0.7188 1.0000 0.7188 0.5000 0.7188 0.5000 0.7188 1.0000 0.6875 1.0000 0.6875 0.5000 0.6875 0.5000 0.6875 1.0000 0.6562 1.0000 0.6562 0.5000 0.6562 0.5000 0.6562 1.0000 0.6250 1.0000 0.6250 0.5000 0.6250 0.5000 0.6250 1.0000 0.5938 1.0000 0.5938 0.5000 0.5938 0.5000 0.5938 1.0000 0.5625 1.0000 0.5625 0.5000 0.5625 0.5000 0.5625 1.0000 0.5312 1.0000 0.5312 0.5000 0.5312 0.5000 0.5312 1.0000 0.5000 1.0000 0.5000 0.5000 0.5000 0.5000 0.5000 1.0000 0.4688 1.0000 0.4688 0.5000 0.4688 0.5000 0.4688 1.0000 0.4375 1.0000 0.4375 0.5000 0.4375 0.5000 0.4375 1.0000 0.4062 1.0000 0.4062 0.5000 0.4062 0.5000 0.4062 1.0000 0.3750 1.0000 0.3750 0.5000 0.3750 0.5000 0.3750 1.0000 0.3438 1.0000 0.3438 0.5000 0.3438 0.5000 0.3438 1.0000 0.3125 1.0000 0.3125 0.5000 0.3125 0.5000 0.3125 1.0000 0.2812 1.0000 0.2812 0.5000 0.2812 0.5000 0.2812 1.0000 0.2500 1.0000 0.2500 0.5000 0.2500 0.5000 0.2500 1.0000 0.2188 1.0000 0.2188 0.5000 0.2188 0.5000 0.2188 1.0000 0.1875 1.0000 0.1875 0.5000 0.1875 0.5000 0.1875 1.0000 0.1562 1.0000 0.1562 0.5000 0.1562 0.5000 0.1562 1.0000 0.1250 1.0000 0.1250 0.5000 0.1250 0.5000 0.1250 1.0000 0.0938 1.0000 0.0938 0.5000 0.0938 0.5000 0.0938 1.0000 0.0625 1.0000 0.0625 0.5000 0.2968 0.4854 0.2500 0.4900 0.2032 0.4854 0.1582 0.4717 0.1167 0.4496 0.0803 0.4197 0.0504 0.3833 0.0283 0.3418 0.0146 0.2968 0.0100 0.2500 0.0146 0.2032 0.0283 0.1582 0.0504 0.1167 0.0803 0.0803 0.1167 0.0504 0.1582 0.0283 0.2032 0.0146 0.2500 0.0100 0.2968 0.0146 0.3418 0.0283 0.3833 0.0504 0.4197 0.0803 0.4496 0.1167 0.4717 0.1582 0.4854 0.2032 0.4900 0.2500 0.4854 0.2968 0.4717 0.3418 0.4496 0.3833 0.4197 0.4197 0.3833 0.4496 0.3418 0.4717 0.0625 0.5000 0.0625 1.0000 0.0312 1.0000 0.0312 0.5000 0.0312 0.5000 0.0312 1.0000 0.0000 1.0000 0.0000 0.5000 0.7500 0.4900 0.7968 0.4854 0.8418 0.4717 0.8833 0.4496 0.9197 0.4197 0.9496 0.3833 0.9717 0.3418 0.9854 0.2968 0.9900 0.2500 0.9854 0.2032 0.9717 0.1582 0.9496 0.1167 0.9197 0.0803 0.8833 0.0504 0.8418 0.0283 0.7968 0.0146 0.7500 0.0100 0.7032 0.0146 0.6582 0.0283 0.6167 0.0504 0.5803 0.0803 0.5504 0.1167 0.5283 0.1582 0.5146 0.2032 0.5100 0.2500 0.5146 0.2968 0.5283 0.3418 0.5504 0.3833 0.5803 0.4197 0.6167 0.4496 0.6582 0.4717 0.7032 0.4854 " />
						</IndexedFaceSet>
					</Shape>
				</Group>
			</Transform>
		</Transform>
		<Transform DEF="Shape_IndexedFaceSet_062_TRANSFORM"
		           translation="0.000000 0.000000 0.000000"
		           scale="1.000000 1.000000 1.000000"
		           rotation="-0.000000 0.000000 0.000000 0.000000"
		           >
			<Transform DEF="Shape_IndexedFaceSet_062_ifs_TRANSFORM"
			           translation="0.000000 0.000000 0.000000"
			           scale="1.000000 1.000000 1.000000"
			           rotation="0.000000 1.000000 0.000000 0.000000"
			           >
				<Group DEF="group_ME_Shape_IndexedFaceSet_062">
					<Shape>
						<Appearance>
							<Material USE="MA_MA_KolorScian" />
						</Appearance>
						<IndexedFaceSet solid="false"
						                texCoordIndex="0 1 2 3 -1 4 5 6 7 -1 8 9 10 11 -1 12 13 14 15 -1 16 17 18 19 -1 20 21 22 23 -1 24 25 26 27 -1 28 29 30 31 -1 32 33 34 35 -1 36 37 38 39 -1 40 41 42 43 -1 44 45 46 47 -1 48 49 50 51 -1 52 53 54 55 -1 56 57 58 59 -1 60 61 62 63 -1 64 65 66 67 -1 68 69 70 71 -1 72 73 74 75 -1 76 77 78 79 -1 80 81 82 83 -1 84 85 86 87 -1 88 89 90 91 -1 92 93 94 95 -1 96 97 98 99 -1 100 101 102 103 -1 104 105 106 107 -1 108 109 110 111 -1 112 113 114 115 -1 116 117 118 119 -1 120 121 122 123 124 125 126 127 128 129 130 131 132 133 134 135 136 137 138 139 140 141 142 143 144 145 146 147 148 149 150 151 -1 152 153 154 155 -1 156 157 158 159 -1 160 161 162 163 164 165 166 167 168 169 170 171 172 173 174 175 176 177 178 179 180 181 182 183 184 185 186 187 188 189 190 191 -1 "
						                coordIndex="0 2 3 1 -1 2 4 5 3 -1 4 6 7 5 -1 6 8 9 7 -1 8 10 11 9 -1 10 12 13 11 -1 12 14 15 13 -1 14 16 17 15 -1 16 18 19 17 -1 18 20 21 19 -1 20 22 23 21 -1 22 24 25 23 -1 24 26 27 25 -1 26 28 29 27 -1 28 30 31 29 -1 30 32 33 31 -1 32 34 35 33 -1 34 36 37 35 -1 36 38 39 37 -1 38 40 41 39 -1 40 42 43 41 -1 42 44 45 43 -1 44 46 47 45 -1 46 48 49 47 -1 48 50 51 49 -1 50 52 53 51 -1 52 54 55 53 -1 54 56 57 55 -1 56 58 59 57 -1 58 60 61 59 -1 3 5 7 9 11 13 15 17 19 21 23 25 27 29 31 33 35 37 39 41 43 45 47 49 51 53 55 57 59 61 63 1 -1 60 62 63 61 -1 62 0 1 63 -1 0 62 60 58 56 54 52 50 48 46 44 42 40 38 36 34 32 30 28 26 24 22 20 18 16 14 12 10 8 6 4 2 -1 "
						                >
							<Coordinate DEF="coords_ME_Shape_IndexedFaceSet_062"
							            point="10.788363 0.429685 -3.150572 10.788363 0.249623 -3.150572 12.383929 0.429685 -3.089487 12.383929 0.249623 -3.089487 13.918179 0.429685 -2.908582 13.918179 0.249623 -2.908582 15.332150 0.429685 -2.614809 15.332150 0.249623 -2.614809 16.571507 0.429685 -2.219456 16.571507 0.249623 -2.219456 17.588621 0.429685 -1.737718 17.588621 0.249623 -1.737718 18.344404 0.429685 -1.188106 18.344404 0.249623 -1.188106 18.809814 0.429685 -0.591742 18.809814 0.249623 -0.591742 18.966965 0.429685 0.028455 18.966965 0.249623 0.028455 18.809814 0.429685 0.648653 18.809814 0.249623 0.648653 18.344404 0.429685 1.245016 18.344404 0.249623 1.245016 17.588621 0.429685 1.794628 17.588621 0.249623 1.794628 16.571507 0.429685 2.276367 16.571507 0.249623 2.276367 15.332150 0.429685 2.671719 15.332150 0.249623 2.671719 13.918179 0.429685 2.965493 13.918179 0.249623 2.965493 12.383929 0.429685 3.146398 12.383929 0.249623 3.146398 10.788363 0.429685 3.207482 10.788363 0.249623 3.207482 9.192798 0.429685 3.146398 9.192798 0.249623 3.146398 7.658548 0.429685 2.965493 7.658548 0.249623 2.965493 6.244576 0.429685 2.671719 6.244576 0.249623 2.671719 5.005220 0.429685 2.276367 5.005220 0.249623 2.276367 3.988106 0.429685 1.794628 3.988106 0.249623 1.794628 3.232322 0.429685 1.245016 3.232322 0.249623 1.245016 2.766912 0.429685 0.648653 2.766912 0.249623 0.648653 2.609763 0.429685 0.028455 2.609763 0.249623 0.028455 2.766912 0.429685 -0.591742 2.766912 0.249623 -0.591742 3.232322 0.429685 -1.188106 3.232322 0.249623 -1.188106 3.988106 0.429685 -1.737718 3.988106 0.249623 -1.737718 5.005220 0.429685 -2.219456 5.005220 0.249623 -2.219456 6.244576 0.429685 -2.614809 6.244576 0.249623 -2.614809 7.658548 0.429685 -2.908582 7.658548 0.249623 -2.908582 9.192798 0.429685 -3.089487 9.192798 0.249623 -3.089487 "
							            />
							<TextureCoordinate point="1.0000 0.5000 0.9688 0.5000 0.9688 1.0000 1.0000 1.0000 0.9688 0.5000 0.9375 0.5000 0.9375 1.0000 0.9688 1.0000 0.9375 0.5000 0.9062 0.5000 0.9062 1.0000 0.9375 1.0000 0.9062 0.5000 0.8750 0.5000 0.8750 1.0000 0.9062 1.0000 0.8750 0.5000 0.8438 0.5000 0.8438 1.0000 0.8750 1.0000 0.8438 0.5000 0.8125 0.5000 0.8125 1.0000 0.8438 1.0000 0.8125 0.5000 0.7812 0.5000 0.7812 1.0000 0.8125 1.0000 0.7812 0.5000 0.7500 0.5000 0.7500 1.0000 0.7812 1.0000 0.7500 0.5000 0.7188 0.5000 0.7188 1.0000 0.7500 1.0000 0.7188 0.5000 0.6875 0.5000 0.6875 1.0000 0.7188 1.0000 0.6875 0.5000 0.6562 0.5000 0.6562 1.0000 0.6875 1.0000 0.6562 0.5000 0.6250 0.5000 0.6250 1.0000 0.6562 1.0000 0.6250 0.5000 0.5938 0.5000 0.5938 1.0000 0.6250 1.0000 0.5938 0.5000 0.5625 0.5000 0.5625 1.0000 0.5938 1.0000 0.5625 0.5000 0.5312 0.5000 0.5312 1.0000 0.5625 1.0000 0.5312 0.5000 0.5000 0.5000 0.5000 1.0000 0.5312 1.0000 0.5000 0.5000 0.4688 0.5000 0.4688 1.0000 0.5000 1.0000 0.4688 0.5000 0.4375 0.5000 0.4375 1.0000 0.4688 1.0000 0.4375 0.5000 0.4062 0.5000 0.4062 1.0000 0.4375 1.0000 0.4062 0.5000 0.3750 0.5000 0.3750 1.0000 0.4062 1.0000 0.3750 0.5000 0.3438 0.5000 0.3438 1.0000 0.3750 1.0000 0.3438 0.5000 0.3125 0.5000 0.3125 1.0000 0.3438 1.0000 0.3125 0.5000 0.2812 0.5000 0.2812 1.0000 0.3125 1.0000 0.2812 0.5000 0.2500 0.5000 0.2500 1.0000 0.2812 1.0000 0.2500 0.5000 0.2188 0.5000 0.2188 1.0000 0.2500 1.0000 0.2188 0.5000 0.1875 0.5000 0.1875 1.0000 0.2188 1.0000 0.1875 0.5000 0.1562 0.5000 0.1562 1.0000 0.1875 1.0000 0.1562 0.5000 0.1250 0.5000 0.1250 1.0000 0.1562 1.0000 0.1250 0.5000 0.0938 0.5000 0.0938 1.0000 0.1250 1.0000 0.0938 0.5000 0.0625 0.5000 0.0625 1.0000 0.0938 1.0000 0.2968 0.4854 0.3418 0.4717 0.3833 0.4496 0.4197 0.4197 0.4496 0.3833 0.4717 0.3418 0.4854 0.2968 0.4900 0.2500 0.4854 0.2032 0.4717 0.1582 0.4496 0.1167 0.4197 0.0803 0.3833 0.0504 0.3418 0.0283 0.2968 0.0146 0.2500 0.0100 0.2032 0.0146 0.1582 0.0283 0.1167 0.0504 0.0803 0.0803 0.0504 0.1167 0.0283 0.1582 0.0146 0.2032 0.0100 0.2500 0.0146 0.2968 0.0283 0.3418 0.0504 0.3833 0.0803 0.4197 0.1167 0.4496 0.1582 0.4717 0.2032 0.4854 0.2500 0.4900 0.0625 0.5000 0.0312 0.5000 0.0312 1.0000 0.0625 1.0000 0.0312 0.5000 0.0000 0.5000 0.0000 1.0000 0.0312 1.0000 0.7500 0.4900 0.7032 0.4854 0.6582 0.4717 0.6167 0.4496 0.5803 0.4197 0.5504 0.3833 0.5283 0.3418 0.5146 0.2968 0.5100 0.2500 0.5146 0.2032 0.5283 0.1582 0.5504 0.1167 0.5803 0.0803 0.6167 0.0504 0.6582 0.0283 0.7032 0.0146 0.7500 0.0100 0.7968 0.0146 0.8418 0.0283 0.8833 0.0504 0.9197 0.0803 0.9496 0.1167 0.9717 0.1582 0.9854 0.2032 0.9900 0.2500 0.9854 0.2968 0.9717 0.3418 0.9496 0.3833 0.9197 0.4197 0.8833 0.4496 0.8418 0.4717 0.7968 0.4854 " />
						</IndexedFaceSet>
					</Shape>
				</Group>
			</Transform>
		</Transform>
		<Transform DEF="Shape_IndexedFaceSet_063_TRANSFORM"
		           translation="0.000000 0.000000 0.000000"
		           scale="1.000000 1.000000 1.000000"
		           rotation="-0.000000 0.000000 0.000000 0.000000"
		           >
			<Transform DEF="Shape_IndexedFaceSet_063_ifs_TRANSFORM"
			           translation="0.000000 0.000000 0.000000"
			           scale="1.000000 1.000000 1.000000"
			           rotation="0.000000 1.000000 0.000000 0.000000"
			           >
				<Group DEF="group_ME_Shape_IndexedFaceSet_063">
					<Shape>
						<Appearance>
							<Material USE="MA_rozowy" />
						</Appearance>
						<IndexedFaceSet solid="false"
						                texCoordIndex="0 1 2 3 -1 4 5 6 7 -1 8 9 10 11 -1 12 13 14 15 -1 16 17 18 19 -1 20 21 22 23 -1 24 25 26 27 -1 28 29 30 31 -1 32 33 34 35 -1 36 37 38 39 -1 40 41 42 43 -1 44 45 46 47 -1 48 49 50 51 -1 52 53 54 55 -1 56 57 58 59 -1 60 61 62 63 -1 64 65 66 67 -1 68 69 70 71 -1 72 73 74 75 -1 76 77 78 79 -1 80 81 82 83 -1 84 85 86 87 -1 88 89 90 91 -1 92 93 94 95 -1 96 97 98 99 -1 100 101 102 103 -1 104 105 106 107 -1 108 109 110 111 -1 112 113 114 115 -1 116 117 118 119 -1 120 121 122 123 124 125 126 127 128 129 130 131 132 133 134 135 136 137 138 139 140 141 142 143 144 145 146 147 148 149 150 151 -1 152 153 154 155 -1 156 157 158 159 -1 160 161 162 163 164 165 166 167 168 169 170 171 172 173 174 175 176 177 178 179 180 181 182 183 184 185 186 187 188 189 190 191 -1 "
						                coordIndex="0 1 3 2 -1 2 3 5 4 -1 4 5 7 6 -1 6 7 9 8 -1 8 9 11 10 -1 10 11 13 12 -1 12 13 15 14 -1 14 15 17 16 -1 16 17 19 18 -1 18 19 21 20 -1 20 21 23 22 -1 22 23 25 24 -1 24 25 27 26 -1 26 27 29 28 -1 28 29 31 30 -1 30 31 33 32 -1 32 33 35 34 -1 34 35 37 36 -1 36 37 39 38 -1 38 39 41 40 -1 40 41 43 42 -1 42 43 45 44 -1 44 45 47 46 -1 46 47 49 48 -1 48 49 51 50 -1 50 51 53 52 -1 52 53 55 54 -1 54 55 57 56 -1 56 57 59 58 -1 58 59 61 60 -1 3 1 63 61 59 57 55 53 51 49 47 45 43 41 39 37 35 33 31 29 27 25 23 21 19 17 15 13 11 9 7 5 -1 60 61 63 62 -1 62 63 1 0 -1 0 2 4 6 8 10 12 14 16 18 20 22 24 26 28 30 32 34 36 38 40 42 44 46 48 50 52 54 56 58 60 62 -1 "
						                >
							<Coordinate DEF="coords_ME_Shape_IndexedFaceSet_063"
							            point="12.686529 1.988313 -2.632010 12.686529 -5.534977 -2.632010 13.158803 1.988313 -2.676613 13.158803 -5.534977 -2.676613 13.612927 1.988313 -2.808706 13.612927 -5.534977 -2.808706 14.031450 1.988313 -3.023213 14.031450 -5.534977 -3.023213 14.398289 1.988313 -3.311892 14.398289 -5.534977 -3.311892 14.699347 1.988313 -3.663648 14.699347 -5.534977 -3.663648 14.923052 1.988313 -4.064963 14.923052 -5.534977 -4.064963 15.060808 1.988313 -4.500415 15.060808 -5.534977 -4.500415 15.107324 1.988313 -4.953271 15.107324 -5.534977 -4.953271 15.060808 1.988313 -5.406126 15.060808 -5.534977 -5.406126 14.923052 1.988313 -5.841579 14.923052 -5.534977 -5.841579 14.699347 1.988313 -6.242894 14.699347 -5.534977 -6.242894 14.398289 1.988313 -6.594650 14.398289 -5.534977 -6.594650 14.031450 1.988313 -6.883328 14.031450 -5.534977 -6.883328 13.612927 1.988313 -7.097836 13.612927 -5.534977 -7.097836 13.158803 1.988313 -7.229929 13.158803 -5.534977 -7.229929 12.686529 1.988313 -7.274531 12.686529 -5.534977 -7.274531 12.214255 1.988313 -7.229929 12.214255 -5.534977 -7.229929 11.760131 1.988313 -7.097836 11.760131 -5.534977 -7.097836 11.341608 1.988313 -6.883328 11.341608 -5.534977 -6.883328 10.974770 1.988313 -6.594650 10.974770 -5.534977 -6.594650 10.673712 1.988313 -6.242894 10.673712 -5.534977 -6.242894 10.450006 1.988313 -5.841579 10.450006 -5.534977 -5.841579 10.312250 1.988313 -5.406126 10.312250 -5.534977 -5.406126 10.265735 1.988313 -4.953271 10.265735 -5.534977 -4.953271 10.312250 1.988313 -4.500415 10.312250 -5.534977 -4.500415 10.450006 1.988313 -4.064963 10.450006 -5.534977 -4.064963 10.673712 1.988313 -3.663648 10.673712 -5.534977 -3.663648 10.974770 1.988313 -3.311892 10.974770 -5.534977 -3.311892 11.341608 1.988313 -3.023213 11.341608 -5.534977 -3.023213 11.760131 1.988313 -2.808706 11.760131 -5.534977 -2.808706 12.214255 1.988313 -2.676613 12.214255 -5.534977 -2.676613 "
							            />
							<TextureCoordinate point="1.0000 0.5000 1.0000 1.0000 0.9688 1.0000 0.9688 0.5000 0.9688 0.5000 0.9688 1.0000 0.9375 1.0000 0.9375 0.5000 0.9375 0.5000 0.9375 1.0000 0.9062 1.0000 0.9062 0.5000 0.9062 0.5000 0.9062 1.0000 0.8750 1.0000 0.8750 0.5000 0.8750 0.5000 0.8750 1.0000 0.8438 1.0000 0.8438 0.5000 0.8438 0.5000 0.8438 1.0000 0.8125 1.0000 0.8125 0.5000 0.8125 0.5000 0.8125 1.0000 0.7812 1.0000 0.7812 0.5000 0.7812 0.5000 0.7812 1.0000 0.7500 1.0000 0.7500 0.5000 0.7500 0.5000 0.7500 1.0000 0.7188 1.0000 0.7188 0.5000 0.7188 0.5000 0.7188 1.0000 0.6875 1.0000 0.6875 0.5000 0.6875 0.5000 0.6875 1.0000 0.6562 1.0000 0.6562 0.5000 0.6562 0.5000 0.6562 1.0000 0.6250 1.0000 0.6250 0.5000 0.6250 0.5000 0.6250 1.0000 0.5938 1.0000 0.5938 0.5000 0.5938 0.5000 0.5938 1.0000 0.5625 1.0000 0.5625 0.5000 0.5625 0.5000 0.5625 1.0000 0.5312 1.0000 0.5312 0.5000 0.5312 0.5000 0.5312 1.0000 0.5000 1.0000 0.5000 0.5000 0.5000 0.5000 0.5000 1.0000 0.4688 1.0000 0.4688 0.5000 0.4688 0.5000 0.4688 1.0000 0.4375 1.0000 0.4375 0.5000 0.4375 0.5000 0.4375 1.0000 0.4062 1.0000 0.4062 0.5000 0.4062 0.5000 0.4062 1.0000 0.3750 1.0000 0.3750 0.5000 0.3750 0.5000 0.3750 1.0000 0.3438 1.0000 0.3438 0.5000 0.3438 0.5000 0.3438 1.0000 0.3125 1.0000 0.3125 0.5000 0.3125 0.5000 0.3125 1.0000 0.2812 1.0000 0.2812 0.5000 0.2812 0.5000 0.2812 1.0000 0.2500 1.0000 0.2500 0.5000 0.2500 0.5000 0.2500 1.0000 0.2188 1.0000 0.2188 0.5000 0.2188 0.5000 0.2188 1.0000 0.1875 1.0000 0.1875 0.5000 0.1875 0.5000 0.1875 1.0000 0.1562 1.0000 0.1562 0.5000 0.1562 0.5000 0.1562 1.0000 0.1250 1.0000 0.1250 0.5000 0.1250 0.5000 0.1250 1.0000 0.0938 1.0000 0.0938 0.5000 0.0938 0.5000 0.0938 1.0000 0.0625 1.0000 0.0625 0.5000 0.2968 0.4854 0.2500 0.4900 0.2032 0.4854 0.1582 0.4717 0.1167 0.4496 0.0803 0.4197 0.0504 0.3833 0.0283 0.3418 0.0146 0.2968 0.0100 0.2500 0.0146 0.2032 0.0283 0.1582 0.0504 0.1167 0.0803 0.0803 0.1167 0.0504 0.1582 0.0283 0.2032 0.0146 0.2500 0.0100 0.2968 0.0146 0.3418 0.0283 0.3833 0.0504 0.4197 0.0803 0.4496 0.1167 0.4717 0.1582 0.4854 0.2032 0.4900 0.2500 0.4854 0.2968 0.4717 0.3418 0.4496 0.3833 0.4197 0.4197 0.3833 0.4496 0.3418 0.4717 0.0625 0.5000 0.0625 1.0000 0.0312 1.0000 0.0312 0.5000 0.0312 0.5000 0.0312 1.0000 0.0000 1.0000 0.0000 0.5000 0.7500 0.4900 0.7968 0.4854 0.8418 0.4717 0.8833 0.4496 0.9197 0.4197 0.9496 0.3833 0.9717 0.3418 0.9854 0.2968 0.9900 0.2500 0.9854 0.2032 0.9717 0.1582 0.9496 0.1167 0.9197 0.0803 0.8833 0.0504 0.8418 0.0283 0.7968 0.0146 0.7500 0.0100 0.7032 0.0146 0.6582 0.0283 0.6167 0.0504 0.5803 0.0803 0.5504 0.1167 0.5283 0.1582 0.5146 0.2032 0.5100 0.2500 0.5146 0.2968 0.5283 0.3418 0.5504 0.3833 0.5803 0.4197 0.6167 0.4496 0.6582 0.4717 0.7032 0.4854 " />
						</IndexedFaceSet>
					</Shape>
				</Group>
			</Transform>
		</Transform>
		<Transform DEF="Shape_IndexedFaceSet_064_TRANSFORM"
		           translation="0.000000 0.000000 0.000000"
		           scale="1.000000 1.000000 1.000000"
		           rotation="-0.000000 0.000000 0.000000 0.000000"
		           >
			<Transform DEF="Shape_IndexedFaceSet_064_ifs_TRANSFORM"
			           translation="0.000000 0.000000 0.000000"
			           scale="1.000000 1.000000 1.000000"
			           rotation="0.000000 1.000000 0.000000 0.000000"
			           >
				<Group DEF="group_ME_Shape_IndexedFaceSet_064">
					<Shape>
						<Appearance>
							<Material USE="MA_rozowy" />
						</Appearance>
						<IndexedFaceSet solid="false"
						                texCoordIndex="0 1 2 3 -1 4 5 6 7 -1 8 9 10 11 -1 12 13 14 15 -1 16 17 18 19 -1 20 21 22 23 -1 24 25 26 27 -1 28 29 30 31 -1 32 33 34 35 -1 36 37 38 39 -1 40 41 42 43 -1 44 45 46 47 -1 48 49 50 51 -1 52 53 54 55 -1 56 57 58 59 -1 60 61 62 63 -1 64 65 66 67 -1 68 69 70 71 -1 72 73 74 75 -1 76 77 78 79 -1 80 81 82 83 -1 84 85 86 87 -1 88 89 90 91 -1 92 93 94 95 -1 96 97 98 99 -1 100 101 102 103 -1 104 105 106 107 -1 108 109 110 111 -1 112 113 114 115 -1 116 117 118 119 -1 120 121 122 123 124 125 126 127 128 129 130 131 132 133 134 135 136 137 138 139 140 141 142 143 144 145 146 147 148 149 150 151 -1 152 153 154 155 -1 156 157 158 159 -1 160 161 162 163 164 165 166 167 168 169 170 171 172 173 174 175 176 177 178 179 180 181 182 183 184 185 186 187 188 189 190 191 -1 "
						                coordIndex="0 1 3 2 -1 2 3 5 4 -1 4 5 7 6 -1 6 7 9 8 -1 8 9 11 10 -1 10 11 13 12 -1 12 13 15 14 -1 14 15 17 16 -1 16 17 19 18 -1 18 19 21 20 -1 20 21 23 22 -1 22 23 25 24 -1 24 25 27 26 -1 26 27 29 28 -1 28 29 31 30 -1 30 31 33 32 -1 32 33 35 34 -1 34 35 37 36 -1 36 37 39 38 -1 38 39 41 40 -1 40 41 43 42 -1 42 43 45 44 -1 44 45 47 46 -1 46 47 49 48 -1 48 49 51 50 -1 50 51 53 52 -1 52 53 55 54 -1 54 55 57 56 -1 56 57 59 58 -1 58 59 61 60 -1 3 1 63 61 59 57 55 53 51 49 47 45 43 41 39 37 35 33 31 29 27 25 23 21 19 17 15 13 11 9 7 5 -1 60 61 63 62 -1 62 63 1 0 -1 0 2 4 6 8 10 12 14 16 18 20 22 24 26 28 30 32 34 36 38 40 42 44 46 48 50 52 54 56 58 60 62 -1 "
						                >
							<Coordinate DEF="coords_ME_Shape_IndexedFaceSet_064"
							            point="12.164474 2.025227 7.288208 12.164474 -5.498064 7.288208 12.636748 2.025227 7.244527 12.636748 -5.498064 7.244527 13.090873 2.025227 7.115160 13.090873 -5.498064 7.115160 13.509396 2.025227 6.905081 13.509396 -5.498064 6.905081 13.876234 2.025227 6.622362 13.876234 -5.498064 6.622362 14.177292 2.025227 6.277867 14.177292 -5.498064 6.277867 14.400997 2.025227 5.884836 14.400997 -5.498064 5.884836 14.538754 2.025227 5.458373 14.538754 -5.498064 5.458373 14.585269 2.025227 5.014865 14.585269 -5.498064 5.014865 14.538754 2.025227 4.571358 14.538754 -5.498064 4.571358 14.400997 2.025227 4.144895 14.400997 -5.498064 4.144895 14.177292 2.025227 3.751864 14.177292 -5.498064 3.751864 13.876234 2.025227 3.407369 13.876234 -5.498064 3.407369 13.509396 2.025227 3.124650 13.509396 -5.498064 3.124650 13.090873 2.025227 2.914571 13.090873 -5.498064 2.914571 12.636748 2.025227 2.785204 12.636748 -5.498064 2.785204 12.164474 2.025227 2.741523 12.164474 -5.498064 2.741523 11.692201 2.025227 2.785204 11.692201 -5.498064 2.785204 11.238076 2.025227 2.914571 11.238076 -5.498064 2.914571 10.819553 2.025227 3.124650 10.819553 -5.498064 3.124650 10.452715 2.025227 3.407369 10.452715 -5.498064 3.407369 10.151657 2.025227 3.751864 10.151657 -5.498064 3.751864 9.927952 2.025227 4.144895 9.927952 -5.498064 4.144895 9.790195 2.025227 4.571358 9.790195 -5.498064 4.571358 9.743680 2.025227 5.014865 9.743680 -5.498064 5.014865 9.790195 2.025227 5.458373 9.790195 -5.498064 5.458373 9.927952 2.025227 5.884836 9.927952 -5.498064 5.884836 10.151657 2.025227 6.277867 10.151657 -5.498064 6.277867 10.452715 2.025227 6.622362 10.452715 -5.498064 6.622362 10.819553 2.025227 6.905081 10.819553 -5.498064 6.905081 11.238076 2.025227 7.115160 11.238076 -5.498064 7.115160 11.692201 2.025227 7.244527 11.692201 -5.498064 7.244527 "
							            />
							<TextureCoordinate point="1.0000 0.5000 1.0000 1.0000 0.9688 1.0000 0.9688 0.5000 0.9688 0.5000 0.9688 1.0000 0.9375 1.0000 0.9375 0.5000 0.9375 0.5000 0.9375 1.0000 0.9062 1.0000 0.9062 0.5000 0.9062 0.5000 0.9062 1.0000 0.8750 1.0000 0.8750 0.5000 0.8750 0.5000 0.8750 1.0000 0.8438 1.0000 0.8438 0.5000 0.8438 0.5000 0.8438 1.0000 0.8125 1.0000 0.8125 0.5000 0.8125 0.5000 0.8125 1.0000 0.7812 1.0000 0.7812 0.5000 0.7812 0.5000 0.7812 1.0000 0.7500 1.0000 0.7500 0.5000 0.7500 0.5000 0.7500 1.0000 0.7188 1.0000 0.7188 0.5000 0.7188 0.5000 0.7188 1.0000 0.6875 1.0000 0.6875 0.5000 0.6875 0.5000 0.6875 1.0000 0.6562 1.0000 0.6562 0.5000 0.6562 0.5000 0.6562 1.0000 0.6250 1.0000 0.6250 0.5000 0.6250 0.5000 0.6250 1.0000 0.5938 1.0000 0.5938 0.5000 0.5938 0.5000 0.5938 1.0000 0.5625 1.0000 0.5625 0.5000 0.5625 0.5000 0.5625 1.0000 0.5312 1.0000 0.5312 0.5000 0.5312 0.5000 0.5312 1.0000 0.5000 1.0000 0.5000 0.5000 0.5000 0.5000 0.5000 1.0000 0.4688 1.0000 0.4688 0.5000 0.4688 0.5000 0.4688 1.0000 0.4375 1.0000 0.4375 0.5000 0.4375 0.5000 0.4375 1.0000 0.4062 1.0000 0.4062 0.5000 0.4062 0.5000 0.4062 1.0000 0.3750 1.0000 0.3750 0.5000 0.3750 0.5000 0.3750 1.0000 0.3438 1.0000 0.3438 0.5000 0.3438 0.5000 0.3438 1.0000 0.3125 1.0000 0.3125 0.5000 0.3125 0.5000 0.3125 1.0000 0.2812 1.0000 0.2812 0.5000 0.2812 0.5000 0.2812 1.0000 0.2500 1.0000 0.2500 0.5000 0.2500 0.5000 0.2500 1.0000 0.2188 1.0000 0.2188 0.5000 0.2188 0.5000 0.2188 1.0000 0.1875 1.0000 0.1875 0.5000 0.1875 0.5000 0.1875 1.0000 0.1562 1.0000 0.1562 0.5000 0.1562 0.5000 0.1562 1.0000 0.1250 1.0000 0.1250 0.5000 0.1250 0.5000 0.1250 1.0000 0.0938 1.0000 0.0938 0.5000 0.0938 0.5000 0.0938 1.0000 0.0625 1.0000 0.0625 0.5000 0.2968 0.4854 0.2500 0.4900 0.2032 0.4854 0.1582 0.4717 0.1167 0.4496 0.0803 0.4197 0.0504 0.3833 0.0283 0.3418 0.0146 0.2968 0.0100 0.2500 0.0146 0.2032 0.0283 0.1582 0.0504 0.1167 0.0803 0.0803 0.1167 0.0504 0.1582 0.0283 0.2032 0.0146 0.2500 0.0100 0.2968 0.0146 0.3418 0.0283 0.3833 0.0504 0.4197 0.0803 0.4496 0.1167 0.4717 0.1582 0.4854 0.2032 0.4900 0.2500 0.4854 0.2968 0.4717 0.3418 0.4496 0.3833 0.4197 0.4197 0.3833 0.4496 0.3418 0.4717 0.0625 0.5000 0.0625 1.0000 0.0312 1.0000 0.0312 0.5000 0.0312 0.5000 0.0312 1.0000 0.0000 1.0000 0.0000 0.5000 0.7500 0.4900 0.7968 0.4854 0.8418 0.4717 0.8833 0.4496 0.9197 0.4197 0.9496 0.3833 0.9717 0.3418 0.9854 0.2968 0.9900 0.2500 0.9854 0.2032 0.9717 0.1582 0.9496 0.1167 0.9197 0.0803 0.8833 0.0504 0.8418 0.0283 0.7968 0.0146 0.7500 0.0100 0.7032 0.0146 0.6582 0.0283 0.6167 0.0504 0.5803 0.0803 0.5504 0.1167 0.5283 0.1582 0.5146 0.2032 0.5100 0.2500 0.5146 0.2968 0.5283 0.3418 0.5504 0.3833 0.5803 0.4197 0.6167 0.4496 0.6582 0.4717 0.7032 0.4854 " />
						</IndexedFaceSet>
					</Shape>
				</Group>
			</Transform>
		</Transform>
		<Transform DEF="Shape_IndexedFaceSet_065_TRANSFORM"
		           translation="0.000000 0.000000 0.000000"
		           scale="1.000000 1.000000 1.000000"
		           rotation="-0.000000 0.000000 0.000000 0.000000"
		           >
			<Transform DEF="Shape_IndexedFaceSet_065_ifs_TRANSFORM"
			           translation="0.000000 0.000000 0.000000"
			           scale="1.000000 1.000000 1.000000"
			           rotation="0.000000 1.000000 0.000000 0.000000"
			           >
				<Group DEF="group_ME_Shape_IndexedFaceSet_065">
					<Shape>
						<Appearance>
							<Material USE="MA_MA_KolorScian" />
						</Appearance>
						<IndexedFaceSet solid="false"
						                texCoordIndex="0 1 2 3 -1 4 5 6 7 -1 8 9 10 11 -1 12 13 14 15 -1 16 17 18 19 -1 20 21 22 23 -1 24 25 26 27 -1 28 29 30 31 -1 32 33 34 35 -1 36 37 38 39 -1 40 41 42 43 -1 44 45 46 47 -1 48 49 50 51 -1 52 53 54 55 -1 56 57 58 59 -1 60 61 62 63 -1 64 65 66 67 -1 68 69 70 71 -1 72 73 74 75 -1 76 77 78 79 -1 80 81 82 83 -1 84 85 86 87 -1 88 89 90 91 -1 92 93 94 95 -1 96 97 98 99 -1 100 101 102 103 -1 104 105 106 107 -1 108 109 110 111 -1 112 113 114 115 -1 116 117 118 119 -1 120 121 122 123 124 125 126 127 128 129 130 131 132 133 134 135 136 137 138 139 140 141 142 143 144 145 146 147 148 149 150 151 -1 152 153 154 155 -1 156 157 158 159 -1 160 161 162 163 164 165 166 167 168 169 170 171 172 173 174 175 176 177 178 179 180 181 182 183 184 185 186 187 188 189 190 191 -1 "
						                coordIndex="0 2 3 1 -1 2 4 5 3 -1 4 6 7 5 -1 6 8 9 7 -1 8 10 11 9 -1 10 12 13 11 -1 12 14 15 13 -1 14 16 17 15 -1 16 18 19 17 -1 18 20 21 19 -1 20 22 23 21 -1 22 24 25 23 -1 24 26 27 25 -1 26 28 29 27 -1 28 30 31 29 -1 30 32 33 31 -1 32 34 35 33 -1 34 36 37 35 -1 36 38 39 37 -1 38 40 41 39 -1 40 42 43 41 -1 42 44 45 43 -1 44 46 47 45 -1 46 48 49 47 -1 48 50 51 49 -1 50 52 53 51 -1 52 54 55 53 -1 54 56 57 55 -1 56 58 59 57 -1 58 60 61 59 -1 3 5 7 9 11 13 15 17 19 21 23 25 27 29 31 33 35 37 39 41 43 45 47 49 51 53 55 57 59 61 63 1 -1 60 62 63 61 -1 62 0 1 63 -1 0 62 60 58 56 54 52 50 48 46 44 42 40 38 36 34 32 30 28 26 24 22 20 18 16 14 12 10 8 6 4 2 -1 "
						                >
							<Coordinate DEF="coords_ME_Shape_IndexedFaceSet_065"
							            point="6.698079 4.336592 -3.309741 6.698079 4.235313 -3.309741 8.791288 4.336592 -3.245105 8.791288 4.235313 -3.245105 10.804057 4.336592 -3.053681 10.804057 4.235313 -3.053681 12.659035 4.336592 -2.742826 12.659035 4.235313 -2.742826 14.284937 4.336592 -2.324485 14.284937 4.235313 -2.324485 15.619280 4.336592 -1.814735 15.619280 4.235313 -1.814735 16.610786 4.336592 -1.233165 16.610786 4.235313 -1.233165 17.221354 4.336592 -0.602125 17.221354 4.235313 -0.602125 17.427517 4.336592 0.054135 17.427517 4.235313 0.054135 17.221354 4.336592 0.710394 17.221354 4.235313 0.710394 16.610786 4.336592 1.341434 16.610786 4.235313 1.341434 15.619280 4.336592 1.923004 15.619280 4.235313 1.923004 14.284937 4.336592 2.432755 14.284937 4.235313 2.432755 12.659035 4.336592 2.851095 12.659035 4.235313 2.851095 10.804057 4.336592 3.161951 10.804057 4.235313 3.161951 8.791288 4.336592 3.353375 8.791288 4.235313 3.353375 6.698079 4.336592 3.418011 6.698079 4.235313 3.418011 4.604869 4.336592 3.353375 4.604869 4.235313 3.353375 2.592100 4.336592 3.161951 2.592100 4.235313 3.161951 0.737122 4.336592 2.851095 0.737122 4.235313 2.851095 -0.888780 4.336592 2.432755 -0.888780 4.235313 2.432755 -2.223123 4.336592 1.923004 -2.223123 4.235313 1.923004 -3.214629 4.336592 1.341434 -3.214629 4.235313 1.341434 -3.825196 4.336592 0.710394 -3.825196 4.235313 0.710394 -4.031359 4.336592 0.054135 -4.031359 4.235313 0.054135 -3.825196 4.336592 -0.602125 -3.825196 4.235313 -0.602125 -3.214629 4.336592 -1.233165 -3.214629 4.235313 -1.233165 -2.223123 4.336592 -1.814735 -2.223123 4.235313 -1.814735 -0.888780 4.336592 -2.324485 -0.888780 4.235313 -2.324485 0.737122 4.336592 -2.742826 0.737122 4.235313 -2.742826 2.592100 4.336592 -3.053681 2.592100 4.235313 -3.053681 4.604869 4.336592 -3.245105 4.604869 4.235313 -3.245105 "
							            />
							<TextureCoordinate point="1.0000 0.5000 0.9688 0.5000 0.9688 1.0000 1.0000 1.0000 0.9688 0.5000 0.9375 0.5000 0.9375 1.0000 0.9688 1.0000 0.9375 0.5000 0.9062 0.5000 0.9062 1.0000 0.9375 1.0000 0.9062 0.5000 0.8750 0.5000 0.8750 1.0000 0.9062 1.0000 0.8750 0.5000 0.8438 0.5000 0.8438 1.0000 0.8750 1.0000 0.8438 0.5000 0.8125 0.5000 0.8125 1.0000 0.8438 1.0000 0.8125 0.5000 0.7812 0.5000 0.7812 1.0000 0.8125 1.0000 0.7812 0.5000 0.7500 0.5000 0.7500 1.0000 0.7812 1.0000 0.7500 0.5000 0.7188 0.5000 0.7188 1.0000 0.7500 1.0000 0.7188 0.5000 0.6875 0.5000 0.6875 1.0000 0.7188 1.0000 0.6875 0.5000 0.6562 0.5000 0.6562 1.0000 0.6875 1.0000 0.6562 0.5000 0.6250 0.5000 0.6250 1.0000 0.6562 1.0000 0.6250 0.5000 0.5938 0.5000 0.5938 1.0000 0.6250 1.0000 0.5938 0.5000 0.5625 0.5000 0.5625 1.0000 0.5938 1.0000 0.5625 0.5000 0.5312 0.5000 0.5312 1.0000 0.5625 1.0000 0.5312 0.5000 0.5000 0.5000 0.5000 1.0000 0.5312 1.0000 0.5000 0.5000 0.4688 0.5000 0.4688 1.0000 0.5000 1.0000 0.4688 0.5000 0.4375 0.5000 0.4375 1.0000 0.4688 1.0000 0.4375 0.5000 0.4062 0.5000 0.4062 1.0000 0.4375 1.0000 0.4062 0.5000 0.3750 0.5000 0.3750 1.0000 0.4062 1.0000 0.3750 0.5000 0.3438 0.5000 0.3438 1.0000 0.3750 1.0000 0.3438 0.5000 0.3125 0.5000 0.3125 1.0000 0.3438 1.0000 0.3125 0.5000 0.2812 0.5000 0.2812 1.0000 0.3125 1.0000 0.2812 0.5000 0.2500 0.5000 0.2500 1.0000 0.2812 1.0000 0.2500 0.5000 0.2188 0.5000 0.2188 1.0000 0.2500 1.0000 0.2188 0.5000 0.1875 0.5000 0.1875 1.0000 0.2188 1.0000 0.1875 0.5000 0.1562 0.5000 0.1562 1.0000 0.1875 1.0000 0.1562 0.5000 0.1250 0.5000 0.1250 1.0000 0.1562 1.0000 0.1250 0.5000 0.0938 0.5000 0.0938 1.0000 0.1250 1.0000 0.0938 0.5000 0.0625 0.5000 0.0625 1.0000 0.0938 1.0000 0.2968 0.4854 0.3418 0.4717 0.3833 0.4496 0.4197 0.4197 0.4496 0.3833 0.4717 0.3418 0.4854 0.2968 0.4900 0.2500 0.4854 0.2032 0.4717 0.1582 0.4496 0.1167 0.4197 0.0803 0.3833 0.0504 0.3418 0.0283 0.2968 0.0146 0.2500 0.0100 0.2032 0.0146 0.1582 0.0283 0.1167 0.0504 0.0803 0.0803 0.0504 0.1167 0.0283 0.1582 0.0146 0.2032 0.0100 0.2500 0.0146 0.2968 0.0283 0.3418 0.0504 0.3833 0.0803 0.4197 0.1167 0.4496 0.1582 0.4717 0.2032 0.4854 0.2500 0.4900 0.0625 0.5000 0.0312 0.5000 0.0312 1.0000 0.0625 1.0000 0.0312 0.5000 0.0000 0.5000 0.0000 1.0000 0.0312 1.0000 0.7500 0.4900 0.7032 0.4854 0.6582 0.4717 0.6167 0.4496 0.5803 0.4197 0.5504 0.3833 0.5283 0.3418 0.5146 0.2968 0.5100 0.2500 0.5146 0.2032 0.5283 0.1582 0.5504 0.1167 0.5803 0.0803 0.6167 0.0504 0.6582 0.0283 0.7032 0.0146 0.7500 0.0100 0.7968 0.0146 0.8418 0.0283 0.8833 0.0504 0.9197 0.0803 0.9496 0.1167 0.9717 0.1582 0.9854 0.2032 0.9900 0.2500 0.9854 0.2968 0.9717 0.3418 0.9496 0.3833 0.9197 0.4197 0.8833 0.4496 0.8418 0.4717 0.7968 0.4854 " />
						</IndexedFaceSet>
					</Shape>
				</Group>
			</Transform>
		</Transform>
		<Transform DEF="Shape_IndexedFaceSet_066_TRANSFORM"
		           translation="0.000000 0.000000 0.000000"
		           scale="1.000000 1.000000 1.000000"
		           rotation="-0.000000 0.000000 0.000000 0.000000"
		           >
			<Transform DEF="Shape_IndexedFaceSet_066_ifs_TRANSFORM"
			           translation="0.000000 0.000000 0.000000"
			           scale="1.000000 1.000000 1.000000"
			           rotation="0.000000 1.000000 0.000000 0.000000"
			           >
				<Group DEF="group_ME_Shape_IndexedFaceSet_066">
					<Shape>
						<Appearance>
							<Material USE="MA_MA_KolorScian" />
						</Appearance>
						<IndexedFaceSet solid="false"
						                texCoordIndex="0 1 2 3 -1 4 5 6 7 -1 8 9 10 11 -1 12 13 14 15 -1 16 17 18 19 -1 20 21 22 23 -1 24 25 26 27 -1 28 29 30 31 -1 32 33 34 35 -1 36 37 38 39 -1 40 41 42 43 -1 44 45 46 47 -1 48 49 50 51 -1 52 53 54 55 -1 56 57 58 59 -1 60 61 62 63 -1 64 65 66 67 -1 68 69 70 71 -1 72 73 74 75 -1 76 77 78 79 -1 80 81 82 83 -1 84 85 86 87 -1 88 89 90 91 -1 92 93 94 95 -1 96 97 98 99 -1 100 101 102 103 -1 104 105 106 107 -1 108 109 110 111 -1 112 113 114 115 -1 116 117 118 119 -1 120 121 122 123 124 125 126 127 128 129 130 131 132 133 134 135 136 137 138 139 140 141 142 143 144 145 146 147 148 149 150 151 -1 152 153 154 155 -1 156 157 158 159 -1 160 161 162 163 164 165 166 167 168 169 170 171 172 173 174 175 176 177 178 179 180 181 182 183 184 185 186 187 188 189 190 191 -1 "
						                coordIndex="0 1 3 2 -1 2 3 5 4 -1 4 5 7 6 -1 6 7 9 8 -1 8 9 11 10 -1 10 11 13 12 -1 12 13 15 14 -1 14 15 17 16 -1 16 17 19 18 -1 18 19 21 20 -1 20 21 23 22 -1 22 23 25 24 -1 24 25 27 26 -1 26 27 29 28 -1 28 29 31 30 -1 30 31 33 32 -1 32 33 35 34 -1 34 35 37 36 -1 36 37 39 38 -1 38 39 41 40 -1 40 41 43 42 -1 42 43 45 44 -1 44 45 47 46 -1 46 47 49 48 -1 48 49 51 50 -1 50 51 53 52 -1 52 53 55 54 -1 54 55 57 56 -1 56 57 59 58 -1 58 59 61 60 -1 3 1 63 61 59 57 55 53 51 49 47 45 43 41 39 37 35 33 31 29 27 25 23 21 19 17 15 13 11 9 7 5 -1 60 61 63 62 -1 62 63 1 0 -1 0 2 4 6 8 10 12 14 16 18 20 22 24 26 28 30 32 34 36 38 40 42 44 46 48 50 52 54 56 58 60 62 -1 "
						                >
							<Coordinate DEF="coords_ME_Shape_IndexedFaceSet_066"
							            point="5.498910 4.613359 16.097158 5.498910 -5.574067 16.097158 5.892380 4.613359 16.062042 5.892380 -5.574067 16.062042 6.270729 4.613359 15.958042 6.270729 -5.574067 15.958042 6.619417 4.613359 15.789154 6.619417 -5.574067 15.789154 6.925044 4.613359 15.561869 6.925044 -5.574067 15.561869 7.175866 4.613359 15.284922 7.175866 -5.574067 15.284922 7.362244 4.613359 14.968955 7.362244 -5.574067 14.968955 7.477015 4.613359 14.626111 7.477015 -5.574067 14.626111 7.515768 4.613359 14.269565 7.515768 -5.574067 14.269565 7.477015 4.613359 13.913018 7.477015 -5.574067 13.913018 7.362244 4.613359 13.570174 7.362244 -5.574067 13.570174 7.175866 4.613359 13.254208 7.175866 -5.574067 13.254208 6.925044 4.613359 12.977261 6.925044 -5.574067 12.977261 6.619417 4.613359 12.749975 6.619417 -5.574067 12.749975 6.270729 4.613359 12.581087 6.270729 -5.574067 12.581087 5.892380 4.613359 12.477087 5.892380 -5.574067 12.477087 5.498910 4.613359 12.441970 5.498910 -5.574067 12.441970 5.105441 4.613359 12.477087 5.105441 -5.574067 12.477087 4.727092 4.613359 12.581087 4.727092 -5.574067 12.581087 4.378404 4.613359 12.749975 4.378404 -5.574067 12.749975 4.072777 4.613359 12.977261 4.072777 -5.574067 12.977261 3.821954 4.613359 13.254208 3.821954 -5.574067 13.254208 3.635577 4.613359 13.570174 3.635577 -5.574067 13.570174 3.520806 4.613359 13.913018 3.520806 -5.574067 13.913018 3.482053 4.613359 14.269565 3.482053 -5.574067 14.269565 3.520806 4.613359 14.626111 3.520806 -5.574067 14.626111 3.635577 4.613359 14.968955 3.635577 -5.574067 14.968955 3.821954 4.613359 15.284922 3.821954 -5.574067 15.284922 4.072777 4.613359 15.561869 4.072777 -5.574067 15.561869 4.378404 4.613359 15.789154 4.378404 -5.574067 15.789154 4.727092 4.613359 15.958042 4.727092 -5.574067 15.958042 5.105441 4.613359 16.062042 5.105441 -5.574067 16.062042 "
							            />
							<TextureCoordinate point="1.0000 0.5000 1.0000 1.0000 0.9688 1.0000 0.9688 0.5000 0.9688 0.5000 0.9688 1.0000 0.9375 1.0000 0.9375 0.5000 0.9375 0.5000 0.9375 1.0000 0.9062 1.0000 0.9062 0.5000 0.9062 0.5000 0.9062 1.0000 0.8750 1.0000 0.8750 0.5000 0.8750 0.5000 0.8750 1.0000 0.8438 1.0000 0.8438 0.5000 0.8438 0.5000 0.8438 1.0000 0.8125 1.0000 0.8125 0.5000 0.8125 0.5000 0.8125 1.0000 0.7812 1.0000 0.7812 0.5000 0.7812 0.5000 0.7812 1.0000 0.7500 1.0000 0.7500 0.5000 0.7500 0.5000 0.7500 1.0000 0.7188 1.0000 0.7188 0.5000 0.7188 0.5000 0.7188 1.0000 0.6875 1.0000 0.6875 0.5000 0.6875 0.5000 0.6875 1.0000 0.6562 1.0000 0.6562 0.5000 0.6562 0.5000 0.6562 1.0000 0.6250 1.0000 0.6250 0.5000 0.6250 0.5000 0.6250 1.0000 0.5938 1.0000 0.5938 0.5000 0.5938 0.5000 0.5938 1.0000 0.5625 1.0000 0.5625 0.5000 0.5625 0.5000 0.5625 1.0000 0.5312 1.0000 0.5312 0.5000 0.5312 0.5000 0.5312 1.0000 0.5000 1.0000 0.5000 0.5000 0.5000 0.5000 0.5000 1.0000 0.4688 1.0000 0.4688 0.5000 0.4688 0.5000 0.4688 1.0000 0.4375 1.0000 0.4375 0.5000 0.4375 0.5000 0.4375 1.0000 0.4062 1.0000 0.4062 0.5000 0.4062 0.5000 0.4062 1.0000 0.3750 1.0000 0.3750 0.5000 0.3750 0.5000 0.3750 1.0000 0.3438 1.0000 0.3438 0.5000 0.3438 0.5000 0.3438 1.0000 0.3125 1.0000 0.3125 0.5000 0.3125 0.5000 0.3125 1.0000 0.2812 1.0000 0.2812 0.5000 0.2812 0.5000 0.2812 1.0000 0.2500 1.0000 0.2500 0.5000 0.2500 0.5000 0.2500 1.0000 0.2188 1.0000 0.2188 0.5000 0.2188 0.5000 0.2188 1.0000 0.1875 1.0000 0.1875 0.5000 0.1875 0.5000 0.1875 1.0000 0.1562 1.0000 0.1562 0.5000 0.1562 0.5000 0.1562 1.0000 0.1250 1.0000 0.1250 0.5000 0.1250 0.5000 0.1250 1.0000 0.0938 1.0000 0.0938 0.5000 0.0938 0.5000 0.0938 1.0000 0.0625 1.0000 0.0625 0.5000 0.2968 0.4854 0.2500 0.4900 0.2032 0.4854 0.1582 0.4717 0.1167 0.4496 0.0803 0.4197 0.0504 0.3833 0.0283 0.3418 0.0146 0.2968 0.0100 0.2500 0.0146 0.2032 0.0283 0.1582 0.0504 0.1167 0.0803 0.0803 0.1167 0.0504 0.1582 0.0283 0.2032 0.0146 0.2500 0.0100 0.2968 0.0146 0.3418 0.0283 0.3833 0.0504 0.4197 0.0803 0.4496 0.1167 0.4717 0.1582 0.4854 0.2032 0.4900 0.2500 0.4854 0.2968 0.4717 0.3418 0.4496 0.3833 0.4197 0.4197 0.3833 0.4496 0.3418 0.4717 0.0625 0.5000 0.0625 1.0000 0.0312 1.0000 0.0312 0.5000 0.0312 0.5000 0.0312 1.0000 0.0000 1.0000 0.0000 0.5000 0.7500 0.4900 0.7968 0.4854 0.8418 0.4717 0.8833 0.4496 0.9197 0.4197 0.9496 0.3833 0.9717 0.3418 0.9854 0.2968 0.9900 0.2500 0.9854 0.2032 0.9717 0.1582 0.9496 0.1167 0.9197 0.0803 0.8833 0.0504 0.8418 0.0283 0.7968 0.0146 0.7500 0.0100 0.7032 0.0146 0.6582 0.0283 0.6167 0.0504 0.5803 0.0803 0.5504 0.1167 0.5283 0.1582 0.5146 0.2032 0.5100 0.2500 0.5146 0.2968 0.5283 0.3418 0.5504 0.3833 0.5803 0.4197 0.6167 0.4496 0.6582 0.4717 0.7032 0.4854 " />
						</IndexedFaceSet>
					</Shape>
				</Group>
			</Transform>
		</Transform>
		<Transform DEF="Shape_IndexedFaceSet_067_TRANSFORM"
		           translation="0.000000 0.000000 0.000000"
		           scale="1.000000 1.000000 1.000000"
		           rotation="-0.000000 0.000000 0.000000 0.000000"
		           >
			<Transform DEF="Shape_IndexedFaceSet_067_ifs_TRANSFORM"
			           translation="0.000000 0.000000 0.000000"
			           scale="1.000000 1.000000 1.000000"
			           rotation="0.000000 1.000000 0.000000 0.000000"
			           >
				<Group DEF="group_ME_Shape_IndexedFaceSet_067">
					<Shape>
						<Appearance>
							<Material USE="MA_rozowy" />
						</Appearance>
						<IndexedFaceSet solid="false"
						                texCoordIndex="0 1 2 3 -1 4 5 6 7 -1 8 9 10 11 -1 12 13 14 15 -1 16 17 18 19 -1 20 21 22 23 -1 24 25 26 27 -1 28 29 30 31 -1 32 33 34 35 -1 36 37 38 39 -1 40 41 42 43 -1 44 45 46 47 -1 48 49 50 51 -1 52 53 54 55 -1 56 57 58 59 -1 60 61 62 63 -1 64 65 66 67 -1 68 69 70 71 -1 72 73 74 75 -1 76 77 78 79 -1 80 81 82 83 -1 84 85 86 87 -1 88 89 90 91 -1 92 93 94 95 -1 96 97 98 99 -1 100 101 102 103 -1 104 105 106 107 -1 108 109 110 111 -1 112 113 114 115 -1 116 117 118 119 -1 120 121 122 123 124 125 126 127 128 129 130 131 132 133 134 135 136 137 138 139 140 141 142 143 144 145 146 147 148 149 150 151 -1 152 153 154 155 -1 156 157 158 159 -1 160 161 162 163 164 165 166 167 168 169 170 171 172 173 174 175 176 177 178 179 180 181 182 183 184 185 186 187 188 189 190 191 -1 "
						                coordIndex="0 1 3 2 -1 2 3 5 4 -1 4 5 7 6 -1 6 7 9 8 -1 8 9 11 10 -1 10 11 13 12 -1 12 13 15 14 -1 14 15 17 16 -1 16 17 19 18 -1 18 19 21 20 -1 20 21 23 22 -1 22 23 25 24 -1 24 25 27 26 -1 26 27 29 28 -1 28 29 31 30 -1 30 31 33 32 -1 32 33 35 34 -1 34 35 37 36 -1 36 37 39 38 -1 38 39 41 40 -1 40 41 43 42 -1 42 43 45 44 -1 44 45 47 46 -1 46 47 49 48 -1 48 49 51 50 -1 50 51 53 52 -1 52 53 55 54 -1 54 55 57 56 -1 56 57 59 58 -1 58 59 61 60 -1 3 1 63 61 59 57 55 53 51 49 47 45 43 41 39 37 35 33 31 29 27 25 23 21 19 17 15 13 11 9 7 5 -1 60 61 63 62 -1 62 63 1 0 -1 0 2 4 6 8 10 12 14 16 18 20 22 24 26 28 30 32 34 36 38 40 42 44 46 48 50 52 54 56 58 60 62 -1 "
						                >
							<Coordinate DEF="coords_ME_Shape_IndexedFaceSet_067"
							            point="5.719245 4.796731 -12.528764 5.719245 -5.390694 -12.528764 6.112714 4.796731 -12.563881 6.112714 -5.390694 -12.563881 6.491063 4.796731 -12.667881 6.491063 -5.390694 -12.667881 6.839751 4.796731 -12.836769 6.839751 -5.390694 -12.836769 7.145379 4.796731 -13.064054 7.145379 -5.390694 -13.064054 7.396201 4.796731 -13.341002 7.396201 -5.390694 -13.341002 7.582579 4.796731 -13.656968 7.582579 -5.390694 -13.656968 7.697350 4.796731 -13.999812 7.697350 -5.390694 -13.999812 7.736103 4.796731 -14.356359 7.736103 -5.390694 -14.356359 7.697350 4.796731 -14.712905 7.697350 -5.390694 -14.712905 7.582579 4.796731 -15.055749 7.582579 -5.390694 -15.055749 7.396201 4.796731 -15.371716 7.396201 -5.390694 -15.371716 7.145379 4.796731 -15.648663 7.145379 -5.390694 -15.648663 6.839751 4.796731 -15.875948 6.839751 -5.390694 -15.875948 6.491063 4.796731 -16.044836 6.491063 -5.390694 -16.044836 6.112714 4.796731 -16.148836 6.112714 -5.390694 -16.148836 5.719245 4.796731 -16.183952 5.719245 -5.390694 -16.183952 5.325776 4.796731 -16.148836 5.325776 -5.390694 -16.148836 4.947427 4.796731 -16.044836 4.947427 -5.390694 -16.044836 4.598739 4.796731 -15.875948 4.598739 -5.390694 -15.875948 4.293111 4.796731 -15.648663 4.293111 -5.390694 -15.648663 4.042289 4.796731 -15.371716 4.042289 -5.390694 -15.371716 3.855911 4.796731 -15.055749 3.855911 -5.390694 -15.055749 3.741140 4.796731 -14.712905 3.741140 -5.390694 -14.712905 3.702387 4.796731 -14.356359 3.702387 -5.390694 -14.356359 3.741140 4.796731 -13.999812 3.741140 -5.390694 -13.999812 3.855911 4.796731 -13.656968 3.855911 -5.390694 -13.656968 4.042289 4.796731 -13.341002 4.042289 -5.390694 -13.341002 4.293111 4.796731 -13.064054 4.293111 -5.390694 -13.064054 4.598739 4.796731 -12.836769 4.598739 -5.390694 -12.836769 4.947427 4.796731 -12.667881 4.947427 -5.390694 -12.667881 5.325776 4.796731 -12.563881 5.325776 -5.390694 -12.563881 "
							            />
							<TextureCoordinate point="1.0000 0.5000 1.0000 1.0000 0.9688 1.0000 0.9688 0.5000 0.9688 0.5000 0.9688 1.0000 0.9375 1.0000 0.9375 0.5000 0.9375 0.5000 0.9375 1.0000 0.9062 1.0000 0.9062 0.5000 0.9062 0.5000 0.9062 1.0000 0.8750 1.0000 0.8750 0.5000 0.8750 0.5000 0.8750 1.0000 0.8438 1.0000 0.8438 0.5000 0.8438 0.5000 0.8438 1.0000 0.8125 1.0000 0.8125 0.5000 0.8125 0.5000 0.8125 1.0000 0.7812 1.0000 0.7812 0.5000 0.7812 0.5000 0.7812 1.0000 0.7500 1.0000 0.7500 0.5000 0.7500 0.5000 0.7500 1.0000 0.7188 1.0000 0.7188 0.5000 0.7188 0.5000 0.7188 1.0000 0.6875 1.0000 0.6875 0.5000 0.6875 0.5000 0.6875 1.0000 0.6562 1.0000 0.6562 0.5000 0.6562 0.5000 0.6562 1.0000 0.6250 1.0000 0.6250 0.5000 0.6250 0.5000 0.6250 1.0000 0.5938 1.0000 0.5938 0.5000 0.5938 0.5000 0.5938 1.0000 0.5625 1.0000 0.5625 0.5000 0.5625 0.5000 0.5625 1.0000 0.5312 1.0000 0.5312 0.5000 0.5312 0.5000 0.5312 1.0000 0.5000 1.0000 0.5000 0.5000 0.5000 0.5000 0.5000 1.0000 0.4688 1.0000 0.4688 0.5000 0.4688 0.5000 0.4688 1.0000 0.4375 1.0000 0.4375 0.5000 0.4375 0.5000 0.4375 1.0000 0.4062 1.0000 0.4062 0.5000 0.4062 0.5000 0.4062 1.0000 0.3750 1.0000 0.3750 0.5000 0.3750 0.5000 0.3750 1.0000 0.3438 1.0000 0.3438 0.5000 0.3438 0.5000 0.3438 1.0000 0.3125 1.0000 0.3125 0.5000 0.3125 0.5000 0.3125 1.0000 0.2812 1.0000 0.2812 0.5000 0.2812 0.5000 0.2812 1.0000 0.2500 1.0000 0.2500 0.5000 0.2500 0.5000 0.2500 1.0000 0.2188 1.0000 0.2188 0.5000 0.2188 0.5000 0.2188 1.0000 0.1875 1.0000 0.1875 0.5000 0.1875 0.5000 0.1875 1.0000 0.1562 1.0000 0.1562 0.5000 0.1562 0.5000 0.1562 1.0000 0.1250 1.0000 0.1250 0.5000 0.1250 0.5000 0.1250 1.0000 0.0938 1.0000 0.0938 0.5000 0.0938 0.5000 0.0938 1.0000 0.0625 1.0000 0.0625 0.5000 0.2968 0.4854 0.2500 0.4900 0.2032 0.4854 0.1582 0.4717 0.1167 0.4496 0.0803 0.4197 0.0504 0.3833 0.0283 0.3418 0.0146 0.2968 0.0100 0.2500 0.0146 0.2032 0.0283 0.1582 0.0504 0.1167 0.0803 0.0803 0.1167 0.0504 0.1582 0.0283 0.2032 0.0146 0.2500 0.0100 0.2968 0.0146 0.3418 0.0283 0.3833 0.0504 0.4197 0.0803 0.4496 0.1167 0.4717 0.1582 0.4854 0.2032 0.4900 0.2500 0.4854 0.2968 0.4717 0.3418 0.4496 0.3833 0.4197 0.4197 0.3833 0.4496 0.3418 0.4717 0.0625 0.5000 0.0625 1.0000 0.0312 1.0000 0.0312 0.5000 0.0312 0.5000 0.0312 1.0000 0.0000 1.0000 0.0000 0.5000 0.7500 0.4900 0.7968 0.4854 0.8418 0.4717 0.8833 0.4496 0.9197 0.4197 0.9496 0.3833 0.9717 0.3418 0.9854 0.2968 0.9900 0.2500 0.9854 0.2032 0.9717 0.1582 0.9496 0.1167 0.9197 0.0803 0.8833 0.0504 0.8418 0.0283 0.7968 0.0146 0.7500 0.0100 0.7032 0.0146 0.6582 0.0283 0.6167 0.0504 0.5803 0.0803 0.5504 0.1167 0.5283 0.1582 0.5146 0.2032 0.5100 0.2500 0.5146 0.2968 0.5283 0.3418 0.5504 0.3833 0.5803 0.4197 0.6167 0.4496 0.6582 0.4717 0.7032 0.4854 " />
						</IndexedFaceSet>
					</Shape>
				</Group>
			</Transform>
		</Transform>
		<Transform DEF="Shape_IndexedFaceSet_068_TRANSFORM"
		           translation="0.000000 0.000000 0.000000"
		           scale="1.000000 1.000000 1.000000"
		           rotation="-0.000000 0.000000 0.000000 0.000000"
		           >
			<Transform DEF="Shape_IndexedFaceSet_068_ifs_TRANSFORM"
			           translation="0.000000 0.000000 0.000000"
			           scale="1.000000 1.000000 1.000000"
			           rotation="0.000000 1.000000 0.000000 0.000000"
			           >
				<Group DEF="group_ME_Shape_IndexedFaceSet_068">
					<Shape>
						<Appearance>
							<Material USE="MA_rozowy" />
						</Appearance>
						<IndexedFaceSet solid="false"
						                texCoordIndex="0 1 2 3 -1 4 5 6 7 -1 8 9 10 11 -1 12 13 14 15 -1 16 17 18 19 -1 20 21 22 23 -1 24 25 26 27 -1 28 29 30 31 -1 32 33 34 35 -1 36 37 38 39 -1 40 41 42 43 -1 44 45 46 47 -1 48 49 50 51 -1 52 53 54 55 -1 56 57 58 59 -1 60 61 62 63 -1 64 65 66 67 -1 68 69 70 71 -1 72 73 74 75 -1 76 77 78 79 -1 80 81 82 83 -1 84 85 86 87 -1 88 89 90 91 -1 92 93 94 95 -1 96 97 98 99 -1 100 101 102 103 -1 104 105 106 107 -1 108 109 110 111 -1 112 113 114 115 -1 116 117 118 119 -1 120 121 122 123 124 125 126 127 128 129 130 131 132 133 134 135 136 137 138 139 140 141 142 143 144 145 146 147 148 149 150 151 -1 152 153 154 155 -1 156 157 158 159 -1 160 161 162 163 164 165 166 167 168 169 170 171 172 173 174 175 176 177 178 179 180 181 182 183 184 185 186 187 188 189 190 191 -1 "
						                coordIndex="0 1 3 2 -1 2 3 5 4 -1 4 5 7 6 -1 6 7 9 8 -1 8 9 11 10 -1 10 11 13 12 -1 12 13 15 14 -1 14 15 17 16 -1 16 17 19 18 -1 18 19 21 20 -1 20 21 23 22 -1 22 23 25 24 -1 24 25 27 26 -1 26 27 29 28 -1 28 29 31 30 -1 30 31 33 32 -1 32 33 35 34 -1 34 35 37 36 -1 36 37 39 38 -1 38 39 41 40 -1 40 41 43 42 -1 42 43 45 44 -1 44 45 47 46 -1 46 47 49 48 -1 48 49 51 50 -1 50 51 53 52 -1 52 53 55 54 -1 54 55 57 56 -1 56 57 59 58 -1 58 59 61 60 -1 3 1 63 61 59 57 55 53 51 49 47 45 43 41 39 37 35 33 31 29 27 25 23 21 19 17 15 13 11 9 7 5 -1 60 61 63 62 -1 62 63 1 0 -1 0 2 4 6 8 10 12 14 16 18 20 22 24 26 28 30 32 34 36 38 40 42 44 46 48 50 52 54 56 58 60 62 -1 "
						                >
							<Coordinate DEF="coords_ME_Shape_IndexedFaceSet_068"
							            point="-5.871346 4.548256 15.829391 -5.871346 -5.639170 15.829391 -5.477877 4.548256 15.794273 -5.477877 -5.639170 15.794273 -5.099528 4.548256 15.690273 -5.099528 -5.639170 15.690273 -4.750840 4.548256 15.521385 -4.750840 -5.639170 15.521385 -4.445212 4.548256 15.294100 -4.445212 -5.639170 15.294100 -4.194390 4.548256 15.017153 -4.194390 -5.639170 15.017153 -4.008012 4.548256 14.701186 -4.008012 -5.639170 14.701186 -3.893241 4.548256 14.358342 -3.893241 -5.639170 14.358342 -3.854488 4.548256 14.001796 -3.854488 -5.639170 14.001796 -3.893241 4.548256 13.645249 -3.893241 -5.639170 13.645249 -4.008012 4.548256 13.302405 -4.008012 -5.639170 13.302405 -4.194390 4.548256 12.986439 -4.194390 -5.639170 12.986439 -4.445212 4.548256 12.709492 -4.445212 -5.639170 12.709492 -4.750840 4.548256 12.482206 -4.750840 -5.639170 12.482206 -5.099528 4.548256 12.313318 -5.099528 -5.639170 12.313318 -5.477877 4.548256 12.209318 -5.477877 -5.639170 12.209318 -5.871346 4.548256 12.174201 -5.871346 -5.639170 12.174201 -6.264815 4.548256 12.209318 -6.264815 -5.639170 12.209318 -6.643164 4.548256 12.313318 -6.643164 -5.639170 12.313318 -6.991852 4.548256 12.482206 -6.991852 -5.639170 12.482206 -7.297480 4.548256 12.709492 -7.297480 -5.639170 12.709492 -7.548302 4.548256 12.986439 -7.548302 -5.639170 12.986439 -7.734680 4.548256 13.302405 -7.734680 -5.639170 13.302405 -7.849451 4.548256 13.645249 -7.849451 -5.639170 13.645249 -7.888204 4.548256 14.001796 -7.888204 -5.639170 14.001796 -7.849451 4.548256 14.358342 -7.849451 -5.639170 14.358342 -7.734680 4.548256 14.701186 -7.734680 -5.639170 14.701186 -7.548302 4.548256 15.017153 -7.548302 -5.639170 15.017153 -7.297480 4.548256 15.294100 -7.297480 -5.639170 15.294100 -6.991852 4.548256 15.521385 -6.991852 -5.639170 15.521385 -6.643164 4.548256 15.690273 -6.643164 -5.639170 15.690273 -6.264815 4.548256 15.794273 -6.264815 -5.639170 15.794273 "
							            />
							<TextureCoordinate point="1.0000 0.5000 1.0000 1.0000 0.9688 1.0000 0.9688 0.5000 0.9688 0.5000 0.9688 1.0000 0.9375 1.0000 0.9375 0.5000 0.9375 0.5000 0.9375 1.0000 0.9062 1.0000 0.9062 0.5000 0.9062 0.5000 0.9062 1.0000 0.8750 1.0000 0.8750 0.5000 0.8750 0.5000 0.8750 1.0000 0.8438 1.0000 0.8438 0.5000 0.8438 0.5000 0.8438 1.0000 0.8125 1.0000 0.8125 0.5000 0.8125 0.5000 0.8125 1.0000 0.7812 1.0000 0.7812 0.5000 0.7812 0.5000 0.7812 1.0000 0.7500 1.0000 0.7500 0.5000 0.7500 0.5000 0.7500 1.0000 0.7188 1.0000 0.7188 0.5000 0.7188 0.5000 0.7188 1.0000 0.6875 1.0000 0.6875 0.5000 0.6875 0.5000 0.6875 1.0000 0.6562 1.0000 0.6562 0.5000 0.6562 0.5000 0.6562 1.0000 0.6250 1.0000 0.6250 0.5000 0.6250 0.5000 0.6250 1.0000 0.5938 1.0000 0.5938 0.5000 0.5938 0.5000 0.5938 1.0000 0.5625 1.0000 0.5625 0.5000 0.5625 0.5000 0.5625 1.0000 0.5312 1.0000 0.5312 0.5000 0.5312 0.5000 0.5312 1.0000 0.5000 1.0000 0.5000 0.5000 0.5000 0.5000 0.5000 1.0000 0.4688 1.0000 0.4688 0.5000 0.4688 0.5000 0.4688 1.0000 0.4375 1.0000 0.4375 0.5000 0.4375 0.5000 0.4375 1.0000 0.4062 1.0000 0.4062 0.5000 0.4062 0.5000 0.4062 1.0000 0.3750 1.0000 0.3750 0.5000 0.3750 0.5000 0.3750 1.0000 0.3438 1.0000 0.3438 0.5000 0.3438 0.5000 0.3438 1.0000 0.3125 1.0000 0.3125 0.5000 0.3125 0.5000 0.3125 1.0000 0.2812 1.0000 0.2812 0.5000 0.2812 0.5000 0.2812 1.0000 0.2500 1.0000 0.2500 0.5000 0.2500 0.5000 0.2500 1.0000 0.2188 1.0000 0.2188 0.5000 0.2188 0.5000 0.2188 1.0000 0.1875 1.0000 0.1875 0.5000 0.1875 0.5000 0.1875 1.0000 0.1562 1.0000 0.1562 0.5000 0.1562 0.5000 0.1562 1.0000 0.1250 1.0000 0.1250 0.5000 0.1250 0.5000 0.1250 1.0000 0.0938 1.0000 0.0938 0.5000 0.0938 0.5000 0.0938 1.0000 0.0625 1.0000 0.0625 0.5000 0.2968 0.4854 0.2500 0.4900 0.2032 0.4854 0.1582 0.4717 0.1167 0.4496 0.0803 0.4197 0.0504 0.3833 0.0283 0.3418 0.0146 0.2968 0.0100 0.2500 0.0146 0.2032 0.0283 0.1582 0.0504 0.1167 0.0803 0.0803 0.1167 0.0504 0.1582 0.0283 0.2032 0.0146 0.2500 0.0100 0.2968 0.0146 0.3418 0.0283 0.3833 0.0504 0.4197 0.0803 0.4496 0.1167 0.4717 0.1582 0.4854 0.2032 0.4900 0.2500 0.4854 0.2968 0.4717 0.3418 0.4496 0.3833 0.4197 0.4197 0.3833 0.4496 0.3418 0.4717 0.0625 0.5000 0.0625 1.0000 0.0312 1.0000 0.0312 0.5000 0.0312 0.5000 0.0312 1.0000 0.0000 1.0000 0.0000 0.5000 0.7500 0.4900 0.7968 0.4854 0.8418 0.4717 0.8833 0.4496 0.9197 0.4197 0.9496 0.3833 0.9717 0.3418 0.9854 0.2968 0.9900 0.2500 0.9854 0.2032 0.9717 0.1582 0.9496 0.1167 0.9197 0.0803 0.8833 0.0504 0.8418 0.0283 0.7968 0.0146 0.7500 0.0100 0.7032 0.0146 0.6582 0.0283 0.6167 0.0504 0.5803 0.0803 0.5504 0.1167 0.5283 0.1582 0.5146 0.2032 0.5100 0.2500 0.5146 0.2968 0.5283 0.3418 0.5504 0.3833 0.5803 0.4197 0.6167 0.4496 0.6582 0.4717 0.7032 0.4854 " />
						</IndexedFaceSet>
					</Shape>
				</Group>
			</Transform>
		</Transform>
		<Transform DEF="Shape_IndexedFaceSet_069_TRANSFORM"
		           translation="0.000000 0.000000 0.000000"
		           scale="1.000000 1.000000 1.000000"
		           rotation="-0.000000 0.000000 0.000000 0.000000"
		           >
			<Transform DEF="Shape_IndexedFaceSet_069_ifs_TRANSFORM"
			           translation="0.000000 0.000000 0.000000"
			           scale="1.000000 1.000000 1.000000"
			           rotation="0.000000 1.000000 0.000000 0.000000"
			           >
				<Group DEF="group_ME_Shape_IndexedFaceSet_069">
					<Shape>
						<Appearance>
							<Material USE="MA_rozowy" />
						</Appearance>
						<IndexedFaceSet solid="false"
						                texCoordIndex="0 1 2 3 -1 4 5 6 7 -1 8 9 10 11 -1 12 13 14 15 -1 16 17 18 19 -1 20 21 22 23 -1 24 25 26 27 -1 28 29 30 31 -1 32 33 34 35 -1 36 37 38 39 -1 40 41 42 43 -1 44 45 46 47 -1 48 49 50 51 -1 52 53 54 55 -1 56 57 58 59 -1 60 61 62 63 -1 64 65 66 67 -1 68 69 70 71 -1 72 73 74 75 -1 76 77 78 79 -1 80 81 82 83 -1 84 85 86 87 -1 88 89 90 91 -1 92 93 94 95 -1 96 97 98 99 -1 100 101 102 103 -1 104 105 106 107 -1 108 109 110 111 -1 112 113 114 115 -1 116 117 118 119 -1 120 121 122 123 124 125 126 127 128 129 130 131 132 133 134 135 136 137 138 139 140 141 142 143 144 145 146 147 148 149 150 151 -1 152 153 154 155 -1 156 157 158 159 -1 160 161 162 163 164 165 166 167 168 169 170 171 172 173 174 175 176 177 178 179 180 181 182 183 184 185 186 187 188 189 190 191 -1 "
						                coordIndex="0 1 3 2 -1 2 3 5 4 -1 4 5 7 6 -1 6 7 9 8 -1 8 9 11 10 -1 10 11 13 12 -1 12 13 15 14 -1 14 15 17 16 -1 16 17 19 18 -1 18 19 21 20 -1 20 21 23 22 -1 22 23 25 24 -1 24 25 27 26 -1 26 27 29 28 -1 28 29 31 30 -1 30 31 33 32 -1 32 33 35 34 -1 34 35 37 36 -1 36 37 39 38 -1 38 39 41 40 -1 40 41 43 42 -1 42 43 45 44 -1 44 45 47 46 -1 46 47 49 48 -1 48 49 51 50 -1 50 51 53 52 -1 52 53 55 54 -1 54 55 57 56 -1 56 57 59 58 -1 58 59 61 60 -1 3 1 63 61 59 57 55 53 51 49 47 45 43 41 39 37 35 33 31 29 27 25 23 21 19 17 15 13 11 9 7 5 -1 60 61 63 62 -1 62 63 1 0 -1 0 2 4 6 8 10 12 14 16 18 20 22 24 26 28 30 32 34 36 38 40 42 44 46 48 50 52 54 56 58 60 62 -1 "
						                >
							<Coordinate DEF="coords_ME_Shape_IndexedFaceSet_069"
							            point="-5.112817 4.780883 -12.655079 -5.112817 -5.406542 -12.655079 -4.719348 4.780883 -12.690196 -4.719348 -5.406542 -12.690196 -4.340999 4.780883 -12.794197 -4.340999 -5.406542 -12.794197 -3.992311 4.780883 -12.963084 -3.992311 -5.406542 -12.963084 -3.686683 4.780883 -13.190370 -3.686683 -5.406542 -13.190370 -3.435861 4.780883 -13.467317 -3.435861 -5.406542 -13.467317 -3.249484 4.780883 -13.783283 -3.249484 -5.406542 -13.783283 -3.134713 4.780883 -14.126127 -3.134713 -5.406542 -14.126127 -3.095959 4.780883 -14.482674 -3.095959 -5.406542 -14.482674 -3.134713 4.780883 -14.839220 -3.134713 -5.406542 -14.839220 -3.249484 4.780883 -15.182064 -3.249484 -5.406542 -15.182064 -3.435861 4.780883 -15.498031 -3.435861 -5.406542 -15.498031 -3.686683 4.780883 -15.774978 -3.686683 -5.406542 -15.774978 -3.992311 4.780883 -16.002262 -3.992311 -5.406542 -16.002262 -3.992678 4.755976 -16.171150 -4.690208 -5.407541 -16.171150 -4.370139 4.781882 -16.275150 -5.067669 -5.381635 -16.275150 -5.112817 4.780883 -16.310268 -5.112817 -5.406542 -16.310268 -5.506287 4.780883 -16.275150 -5.506287 -5.406542 -16.275150 -5.884635 4.780883 -16.171150 -5.884635 -5.406542 -16.171150 -6.233324 4.780883 -16.002262 -6.233324 -5.406542 -16.002262 -6.538951 4.780883 -15.774978 -6.538951 -5.406542 -15.774978 -6.789773 4.780883 -15.498031 -6.789773 -5.406542 -15.498031 -6.976151 4.780883 -15.182064 -6.976151 -5.406542 -15.182064 -7.090922 4.780883 -14.839220 -7.090922 -5.406542 -14.839220 -7.129675 4.780883 -14.482674 -7.129675 -5.406542 -14.482674 -7.090922 4.780883 -14.126127 -7.090922 -5.406542 -14.126127 -6.976151 4.780883 -13.783283 -6.976151 -5.406542 -13.783283 -6.789773 4.780883 -13.467317 -6.789773 -5.406542 -13.467317 -6.538951 4.780883 -13.190370 -6.538951 -5.406542 -13.190370 -6.233324 4.780883 -12.963084 -6.233324 -5.406542 -12.963084 -5.884635 4.780883 -12.794197 -5.884635 -5.406542 -12.794197 -5.506287 4.780883 -12.690196 -5.506287 -5.406542 -12.690196 "
							            />
							<TextureCoordinate point="1.0000 0.5000 1.0000 1.0000 0.9688 1.0000 0.9688 0.5000 0.9688 0.5000 0.9688 1.0000 0.9375 1.0000 0.9375 0.5000 0.9375 0.5000 0.9375 1.0000 0.9062 1.0000 0.9062 0.5000 0.9062 0.5000 0.9062 1.0000 0.8750 1.0000 0.8750 0.5000 0.8750 0.5000 0.8750 1.0000 0.8438 1.0000 0.8438 0.5000 0.8438 0.5000 0.8438 1.0000 0.8125 1.0000 0.8125 0.5000 0.8125 0.5000 0.8125 1.0000 0.7812 1.0000 0.7812 0.5000 0.7812 0.5000 0.7812 1.0000 0.7500 1.0000 0.7500 0.5000 0.7500 0.5000 0.7500 1.0000 0.7188 1.0000 0.7188 0.5000 0.7188 0.5000 0.7188 1.0000 0.6875 1.0000 0.6875 0.5000 0.6875 0.5000 0.6875 1.0000 0.6562 1.0000 0.6562 0.5000 0.6562 0.5000 0.6562 1.0000 0.6250 1.0000 0.6250 0.5000 0.6250 0.5000 0.6250 1.0000 0.5938 1.0000 0.5938 0.5000 0.5938 0.5000 0.5938 1.0000 0.5625 1.0000 0.5625 0.5000 0.5625 0.5000 0.5625 1.0000 0.5312 1.0000 0.5312 0.5000 0.5312 0.5000 0.5312 1.0000 0.5000 1.0000 0.5000 0.5000 0.5000 0.5000 0.5000 1.0000 0.4688 1.0000 0.4688 0.5000 0.4688 0.5000 0.4688 1.0000 0.4375 1.0000 0.4375 0.5000 0.4375 0.5000 0.4375 1.0000 0.4062 1.0000 0.4062 0.5000 0.4062 0.5000 0.4062 1.0000 0.3750 1.0000 0.3750 0.5000 0.3750 0.5000 0.3750 1.0000 0.3438 1.0000 0.3438 0.5000 0.3438 0.5000 0.3438 1.0000 0.3125 1.0000 0.3125 0.5000 0.3125 0.5000 0.3125 1.0000 0.2812 1.0000 0.2812 0.5000 0.2812 0.5000 0.2812 1.0000 0.2500 1.0000 0.2500 0.5000 0.2500 0.5000 0.2500 1.0000 0.2188 1.0000 0.2188 0.5000 0.2188 0.5000 0.2188 1.0000 0.1875 1.0000 0.1875 0.5000 0.1875 0.5000 0.1875 1.0000 0.1562 1.0000 0.1562 0.5000 0.1562 0.5000 0.1562 1.0000 0.1250 1.0000 0.1250 0.5000 0.1250 0.5000 0.1250 1.0000 0.0938 1.0000 0.0938 0.5000 0.0938 0.5000 0.0938 1.0000 0.0625 1.0000 0.0625 0.5000 0.2968 0.4854 0.2500 0.4900 0.2032 0.4854 0.1582 0.4717 0.1167 0.4496 0.0803 0.4197 0.0504 0.3833 0.0283 0.3418 0.0146 0.2968 0.0100 0.2500 0.0146 0.2032 0.0283 0.1582 0.0504 0.1167 0.0803 0.0803 0.1167 0.0504 0.1582 0.0283 0.2032 0.0146 0.2500 0.0100 0.2968 0.0146 0.3418 0.0283 0.3833 0.0504 0.4197 0.0803 0.4496 0.1167 0.4717 0.1582 0.4854 0.2032 0.4900 0.2500 0.4854 0.2968 0.4717 0.3418 0.4496 0.3833 0.4197 0.4197 0.3833 0.4496 0.3418 0.4717 0.0625 0.5000 0.0625 1.0000 0.0312 1.0000 0.0312 0.5000 0.0312 0.5000 0.0312 1.0000 0.0000 1.0000 0.0000 0.5000 0.7500 0.4900 0.7968 0.4854 0.8418 0.4717 0.8833 0.4496 0.9197 0.4197 0.9496 0.3833 0.9717 0.3418 0.9854 0.2968 0.9900 0.2500 0.9854 0.2032 0.9717 0.1582 0.9496 0.1167 0.9197 0.0803 0.8833 0.0504 0.8418 0.0283 0.7968 0.0146 0.7500 0.0100 0.7032 0.0146 0.6582 0.0283 0.6167 0.0504 0.5803 0.0803 0.5504 0.1167 0.5283 0.1582 0.5146 0.2032 0.5100 0.2500 0.5146 0.2968 0.5283 0.3418 0.5504 0.3833 0.5803 0.4197 0.6167 0.4496 0.6582 0.4717 0.7032 0.4854 " />
						</IndexedFaceSet>
					</Shape>
				</Group>
			</Transform>
		</Transform>
		<Transform DEF="Shape_IndexedFaceSet_070_TRANSFORM"
		           translation="0.000000 0.000000 0.000000"
		           scale="1.000000 1.000000 1.000000"
		           rotation="-0.000000 0.000000 0.000000 0.000000"
		           >
			<Transform DEF="Shape_IndexedFaceSet_070_ifs_TRANSFORM"
			           translation="0.000000 0.000000 0.000000"
			           scale="1.000000 1.000000 1.000000"
			           rotation="0.000000 1.000000 0.000000 0.000000"
			           >
				<Group DEF="group_ME_Shape_IndexedFaceSet_070">
					<Shape>
						<Appearance>
							<Material USE="MA_MA_Material_005" />
						</Appearance>
						<IndexedFaceSet solid="false"
						                texCoordIndex="0 1 2 3 -1 4 5 6 7 -1 8 9 10 11 -1 12 13 14 15 -1 16 17 18 19 -1 20 21 22 23 -1 24 25 26 27 -1 28 29 30 31 -1 32 33 34 35 -1 36 37 38 39 -1 40 41 42 43 -1 44 45 46 47 -1 48 49 50 51 -1 52 53 54 55 -1 56 57 58 59 60 61 62 63 64 65 66 67 68 69 70 71 72 73 74 75 76 77 78 79 80 81 82 83 84 85 86 87 -1 "
						                coordIndex="30 31 33 32 -1 32 33 35 34 -1 34 35 37 36 -1 36 37 39 38 -1 38 39 41 40 -1 40 41 43 42 -1 42 43 45 44 -1 44 45 47 46 -1 46 47 49 48 -1 48 49 51 50 -1 50 51 53 52 -1 52 53 55 54 -1 54 55 57 56 -1 56 57 59 58 -1 3 1 63 61 59 57 55 53 51 49 47 45 43 41 39 37 35 33 31 29 27 25 23 21 19 17 15 13 11 9 7 5 -1 "
						                >
							<Coordinate DEF="coords_ME_Shape_IndexedFaceSet_070"
							            point="5.498910 4.613359 16.097158 5.498910 -5.574067 16.097158 5.892380 4.613359 16.062042 5.892380 -5.574067 16.062042 6.270729 4.613359 15.958042 6.270729 -5.574067 15.958042 6.619417 4.613359 15.789154 6.619417 -5.574067 15.789154 6.925044 4.613359 15.561869 6.925044 -5.574067 15.561869 7.175866 4.613359 15.284922 7.175866 -5.574067 15.284922 7.362244 4.613359 14.968955 7.362244 -5.574067 14.968955 7.477015 4.613359 14.626111 7.477015 -5.574067 14.626111 7.515768 4.613359 14.269565 7.515768 -5.574067 14.269565 7.477015 4.613359 13.913018 7.477015 -5.574067 13.913018 7.362244 4.613359 13.570174 7.362244 -5.574067 13.570174 7.175866 4.613359 13.254208 7.175866 -5.574067 13.254208 6.925044 4.613359 12.977261 6.925044 -5.574067 12.977261 6.619417 4.613359 12.749975 6.619417 -5.574067 12.749975 6.270729 4.613359 12.581087 6.270729 -5.574067 12.581087 5.892380 4.613359 12.477087 5.892380 -5.574067 12.477087 5.498910 4.613359 12.441970 5.498910 -5.574067 12.441970 5.105441 4.613359 12.477087 5.105441 -5.574067 12.477087 4.727092 4.613359 12.581087 4.727092 -5.574067 12.581087 4.378404 4.613359 12.749975 4.378404 -5.574067 12.749975 4.072777 4.613359 12.977261 4.072777 -5.574067 12.977261 3.821954 4.613359 13.254208 3.821954 -5.574067 13.254208 3.635577 4.613359 13.570174 3.635577 -5.574067 13.570174 3.520806 4.613359 13.913018 3.520806 -5.574067 13.913018 3.482053 4.613359 14.269565 3.482053 -5.574067 14.269565 3.520806 4.613359 14.626111 3.520806 -5.574067 14.626111 3.635577 4.613359 14.968955 3.635577 -5.574067 14.968955 3.821954 4.613359 15.284922 3.821954 -5.574067 15.284922 4.072777 4.613359 15.561869 4.072777 -5.574067 15.561869 4.378404 4.613359 15.789154 4.378404 -5.574067 15.789154 4.727092 4.613359 15.958042 4.727092 -5.574067 15.958042 5.105441 4.613359 16.062042 5.105441 -5.574067 16.062042 "
							            />
							<TextureCoordinate point="0.5312 0.5000 0.5312 1.0000 0.5000 1.0000 0.5000 0.5000 0.5000 0.5000 0.5000 1.0000 0.4688 1.0000 0.4688 0.5000 0.4688 0.5000 0.4688 1.0000 0.4375 1.0000 0.4375 0.5000 0.4375 0.5000 0.4375 1.0000 0.4062 1.0000 0.4062 0.5000 0.4062 0.5000 0.4062 1.0000 0.3750 1.0000 0.3750 0.5000 0.3750 0.5000 0.3750 1.0000 0.3438 1.0000 0.3438 0.5000 0.3438 0.5000 0.3438 1.0000 0.3125 1.0000 0.3125 0.5000 0.3125 0.5000 0.3125 1.0000 0.2812 1.0000 0.2812 0.5000 0.2812 0.5000 0.2812 1.0000 0.2500 1.0000 0.2500 0.5000 0.2500 0.5000 0.2500 1.0000 0.2188 1.0000 0.2188 0.5000 0.2188 0.5000 0.2188 1.0000 0.1875 1.0000 0.1875 0.5000 0.1875 0.5000 0.1875 1.0000 0.1562 1.0000 0.1562 0.5000 0.1562 0.5000 0.1562 1.0000 0.1250 1.0000 0.1250 0.5000 0.1250 0.5000 0.1250 1.0000 0.0938 1.0000 0.0938 0.5000 0.2968 0.4854 0.2500 0.4900 0.2032 0.4854 0.1582 0.4717 0.1167 0.4496 0.0803 0.4197 0.0504 0.3833 0.0283 0.3418 0.0146 0.2968 0.0100 0.2500 0.0146 0.2032 0.0283 0.1582 0.0504 0.1167 0.0803 0.0803 0.1167 0.0504 0.1582 0.0283 0.2032 0.0146 0.2500 0.0100 0.2968 0.0146 0.3418 0.0283 0.3833 0.0504 0.4197 0.0803 0.4496 0.1167 0.4717 0.1582 0.4854 0.2032 0.4900 0.2500 0.4854 0.2968 0.4717 0.3418 0.4496 0.3833 0.4197 0.4197 0.3833 0.4496 0.3418 0.4717 " />
						</IndexedFaceSet>
					</Shape>
					<Shape>
						<Appearance>
							<Material USE="MA_MA_KolorScian" />
						</Appearance>
						<IndexedFaceSet solid="false"
						                texCoordIndex="0 1 2 3 -1 4 5 6 7 -1 8 9 10 11 -1 12 13 14 15 -1 16 17 18 19 -1 20 21 22 23 -1 24 25 26 27 -1 28 29 30 31 -1 32 33 34 35 -1 36 37 38 39 -1 40 41 42 43 -1 44 45 46 47 -1 48 49 50 51 -1 52 53 54 55 -1 56 57 58 59 -1 60 61 62 63 -1 64 65 66 67 -1 68 69 70 71 -1 72 73 74 75 76 77 78 79 80 81 82 83 84 85 86 87 88 89 90 91 92 93 94 95 96 97 98 99 100 101 102 103 -1 "
						                coordIndex="0 1 3 2 -1 2 3 5 4 -1 4 5 7 6 -1 6 7 9 8 -1 8 9 11 10 -1 10 11 13 12 -1 12 13 15 14 -1 14 15 17 16 -1 16 17 19 18 -1 18 19 21 20 -1 20 21 23 22 -1 22 23 25 24 -1 24 25 27 26 -1 26 27 29 28 -1 28 29 31 30 -1 58 59 61 60 -1 60 61 63 62 -1 62 63 1 0 -1 0 2 4 6 8 10 12 14 16 18 20 22 24 26 28 30 32 34 36 38 40 42 44 46 48 50 52 54 56 58 60 62 -1 "
						                >
							<Coordinate USE="coords_ME_Shape_IndexedFaceSet_070" />
							<TextureCoordinate point="1.0000 0.5000 1.0000 1.0000 0.9688 1.0000 0.9688 0.5000 0.9688 0.5000 0.9688 1.0000 0.9375 1.0000 0.9375 0.5000 0.9375 0.5000 0.9375 1.0000 0.9062 1.0000 0.9062 0.5000 0.9062 0.5000 0.9062 1.0000 0.8750 1.0000 0.8750 0.5000 0.8750 0.5000 0.8750 1.0000 0.8438 1.0000 0.8438 0.5000 0.8438 0.5000 0.8438 1.0000 0.8125 1.0000 0.8125 0.5000 0.8125 0.5000 0.8125 1.0000 0.7812 1.0000 0.7812 0.5000 0.7812 0.5000 0.7812 1.0000 0.7500 1.0000 0.7500 0.5000 0.7500 0.5000 0.7500 1.0000 0.7188 1.0000 0.7188 0.5000 0.7188 0.5000 0.7188 1.0000 0.6875 1.0000 0.6875 0.5000 0.6875 0.5000 0.6875 1.0000 0.6562 1.0000 0.6562 0.5000 0.6562 0.5000 0.6562 1.0000 0.6250 1.0000 0.6250 0.5000 0.6250 0.5000 0.6250 1.0000 0.5938 1.0000 0.5938 0.5000 0.5938 0.5000 0.5938 1.0000 0.5625 1.0000 0.5625 0.5000 0.5625 0.5000 0.5625 1.0000 0.5312 1.0000 0.5312 0.5000 0.0938 0.5000 0.0938 1.0000 0.0625 1.0000 0.0625 0.5000 0.0625 0.5000 0.0625 1.0000 0.0312 1.0000 0.0312 0.5000 0.0312 0.5000 0.0312 1.0000 0.0000 1.0000 0.0000 0.5000 0.7500 0.4900 0.7968 0.4854 0.8418 0.4717 0.8833 0.4496 0.9197 0.4197 0.9496 0.3833 0.9717 0.3418 0.9854 0.2968 0.9900 0.2500 0.9854 0.2032 0.9717 0.1582 0.9496 0.1167 0.9197 0.0803 0.8833 0.0504 0.8418 0.0283 0.7968 0.0146 0.7500 0.0100 0.7032 0.0146 0.6582 0.0283 0.6167 0.0504 0.5803 0.0803 0.5504 0.1167 0.5283 0.1582 0.5146 0.2032 0.5100 0.2500 0.5146 0.2968 0.5283 0.3418 0.5504 0.3833 0.5803 0.4197 0.6167 0.4496 0.6582 0.4717 0.7032 0.4854 " />
						</IndexedFaceSet>
					</Shape>
				</Group>
			</Transform>
		</Transform>
		<Transform DEF="Shape_IndexedFaceSet_071_TRANSFORM"
		           translation="0.000000 0.000000 0.000000"
		           scale="1.000000 1.000000 1.000000"
		           rotation="-0.000000 0.000000 0.000000 0.000000"
		           >
			<Transform DEF="Shape_IndexedFaceSet_071_ifs_TRANSFORM"
			           translation="0.000000 0.000000 0.000000"
			           scale="1.000000 1.000000 1.000000"
			           rotation="0.000000 1.000000 0.000000 0.000000"
			           >
				<Group DEF="group_ME_Shape_IndexedFaceSet_071">
					<Shape>
						<Appearance>
							<Material USE="MA_rozowy" />
						</Appearance>
						<IndexedFaceSet solid="false"
						                texCoordIndex="0 1 2 3 -1 4 5 6 7 -1 8 9 10 11 -1 12 13 14 15 -1 16 17 18 19 -1 20 21 22 23 -1 24 25 26 27 -1 28 29 30 31 -1 32 33 34 35 -1 36 37 38 39 -1 40 41 42 43 -1 44 45 46 47 -1 48 49 50 51 -1 52 53 54 55 -1 56 57 58 59 -1 60 61 62 63 -1 64 65 66 67 -1 68 69 70 71 -1 72 73 74 75 -1 76 77 78 79 -1 80 81 82 83 -1 84 85 86 87 -1 88 89 90 91 -1 92 93 94 95 -1 96 97 98 99 -1 100 101 102 103 -1 104 105 106 107 -1 108 109 110 111 -1 112 113 114 115 -1 116 117 118 119 -1 120 121 122 123 124 125 126 127 128 129 130 131 132 133 134 135 136 137 138 139 140 141 142 143 144 145 146 147 148 149 150 151 -1 152 153 154 155 -1 156 157 158 159 -1 160 161 162 163 164 165 166 167 168 169 170 171 172 173 174 175 176 177 178 179 180 181 182 183 184 185 186 187 188 189 190 191 -1 "
						                coordIndex="0 1 3 2 -1 2 3 5 4 -1 4 5 7 6 -1 6 7 9 8 -1 8 9 11 10 -1 10 11 13 12 -1 12 13 15 14 -1 14 15 17 16 -1 16 17 19 18 -1 18 19 21 20 -1 20 21 23 22 -1 22 23 25 24 -1 24 25 27 26 -1 26 27 29 28 -1 28 29 31 30 -1 30 31 33 32 -1 32 33 35 34 -1 34 35 37 36 -1 36 37 39 38 -1 38 39 41 40 -1 40 41 43 42 -1 42 43 45 44 -1 44 45 47 46 -1 46 47 49 48 -1 48 49 51 50 -1 50 51 53 52 -1 52 53 55 54 -1 54 55 57 56 -1 56 57 59 58 -1 58 59 61 60 -1 3 1 63 61 59 57 55 53 51 49 47 45 43 41 39 37 35 33 31 29 27 25 23 21 19 17 15 13 11 9 7 5 -1 60 61 63 62 -1 62 63 1 0 -1 0 2 4 6 8 10 12 14 16 18 20 22 24 26 28 30 32 34 36 38 40 42 44 46 48 50 52 54 56 58 60 62 -1 "
						                >
							<Coordinate DEF="coords_ME_Shape_IndexedFaceSet_071"
							            point="12.173465 4.933053 6.842926 12.173465 -5.472201 6.842926 12.517787 4.933053 6.808328 12.517787 -5.472201 6.808328 12.848878 4.933053 6.705865 12.848878 -5.472201 6.705865 13.154013 4.933053 6.539474 13.154013 -5.472201 6.539474 13.421465 4.933053 6.315549 13.421465 -5.472201 6.315549 13.640958 4.933053 6.042696 13.640958 -5.472201 6.042696 13.804056 4.933053 5.731400 13.804056 -5.472201 5.731400 13.904491 4.933053 5.393624 13.904491 -5.472201 5.393624 13.938404 4.933053 5.042349 13.938404 -5.472201 5.042349 13.904491 4.933053 4.691074 13.904491 -5.472201 4.691074 13.804056 4.933053 4.353298 13.804056 -5.472201 4.353298 13.640958 4.933053 4.042002 13.640958 -5.472201 4.042002 13.421465 4.933053 3.769149 13.421465 -5.472201 3.769149 13.154013 4.933053 3.545224 13.154013 -5.472201 3.545224 12.848878 4.933053 3.378833 12.848878 -5.472201 3.378833 12.517787 4.933053 3.276370 12.517787 -5.472201 3.276370 12.173465 4.933053 3.241772 12.173465 -5.472201 3.241772 11.829143 4.933053 3.276370 11.829143 -5.472201 3.276370 11.498052 4.933053 3.378833 11.498052 -5.472201 3.378833 11.192917 4.933053 3.545224 11.192917 -5.472201 3.545224 10.925465 4.933053 3.769149 10.925465 -5.472201 3.769149 10.705972 4.933053 4.042002 10.705972 -5.472201 4.042002 10.542873 4.933053 4.353298 10.542873 -5.472201 4.353298 10.442438 4.933053 4.691074 10.442438 -5.472201 4.691074 10.408525 4.933053 5.042349 10.408525 -5.472201 5.042349 10.442438 4.933053 5.393624 10.442438 -5.472201 5.393624 10.542873 4.933053 5.731400 10.542873 -5.472201 5.731400 10.705972 4.933053 6.042696 10.705972 -5.472201 6.042696 10.925465 4.933053 6.315549 10.925465 -5.472201 6.315549 11.192917 4.933053 6.539474 11.192917 -5.472201 6.539474 11.498052 4.933053 6.705865 11.498052 -5.472201 6.705865 11.829143 4.933053 6.808328 11.829143 -5.472201 6.808328 "
							            />
							<TextureCoordinate point="1.0000 0.5000 1.0000 1.0000 0.9688 1.0000 0.9688 0.5000 0.9688 0.5000 0.9688 1.0000 0.9375 1.0000 0.9375 0.5000 0.9375 0.5000 0.9375 1.0000 0.9062 1.0000 0.9062 0.5000 0.9062 0.5000 0.9062 1.0000 0.8750 1.0000 0.8750 0.5000 0.8750 0.5000 0.8750 1.0000 0.8438 1.0000 0.8438 0.5000 0.8438 0.5000 0.8438 1.0000 0.8125 1.0000 0.8125 0.5000 0.8125 0.5000 0.8125 1.0000 0.7812 1.0000 0.7812 0.5000 0.7812 0.5000 0.7812 1.0000 0.7500 1.0000 0.7500 0.5000 0.7500 0.5000 0.7500 1.0000 0.7188 1.0000 0.7188 0.5000 0.7188 0.5000 0.7188 1.0000 0.6875 1.0000 0.6875 0.5000 0.6875 0.5000 0.6875 1.0000 0.6562 1.0000 0.6562 0.5000 0.6562 0.5000 0.6562 1.0000 0.6250 1.0000 0.6250 0.5000 0.6250 0.5000 0.6250 1.0000 0.5938 1.0000 0.5938 0.5000 0.5938 0.5000 0.5938 1.0000 0.5625 1.0000 0.5625 0.5000 0.5625 0.5000 0.5625 1.0000 0.5312 1.0000 0.5312 0.5000 0.5312 0.5000 0.5312 1.0000 0.5000 1.0000 0.5000 0.5000 0.5000 0.5000 0.5000 1.0000 0.4688 1.0000 0.4688 0.5000 0.4688 0.5000 0.4688 1.0000 0.4375 1.0000 0.4375 0.5000 0.4375 0.5000 0.4375 1.0000 0.4062 1.0000 0.4062 0.5000 0.4062 0.5000 0.4062 1.0000 0.3750 1.0000 0.3750 0.5000 0.3750 0.5000 0.3750 1.0000 0.3438 1.0000 0.3438 0.5000 0.3438 0.5000 0.3438 1.0000 0.3125 1.0000 0.3125 0.5000 0.3125 0.5000 0.3125 1.0000 0.2812 1.0000 0.2812 0.5000 0.2812 0.5000 0.2812 1.0000 0.2500 1.0000 0.2500 0.5000 0.2500 0.5000 0.2500 1.0000 0.2188 1.0000 0.2188 0.5000 0.2188 0.5000 0.2188 1.0000 0.1875 1.0000 0.1875 0.5000 0.1875 0.5000 0.1875 1.0000 0.1562 1.0000 0.1562 0.5000 0.1562 0.5000 0.1562 1.0000 0.1250 1.0000 0.1250 0.5000 0.1250 0.5000 0.1250 1.0000 0.0938 1.0000 0.0938 0.5000 0.0938 0.5000 0.0938 1.0000 0.0625 1.0000 0.0625 0.5000 0.2968 0.4854 0.2500 0.4900 0.2032 0.4854 0.1582 0.4717 0.1167 0.4496 0.0803 0.4197 0.0504 0.3833 0.0283 0.3418 0.0146 0.2968 0.0100 0.2500 0.0146 0.2032 0.0283 0.1582 0.0504 0.1167 0.0803 0.0803 0.1167 0.0504 0.1582 0.0283 0.2032 0.0146 0.2500 0.0100 0.2968 0.0146 0.3418 0.0283 0.3833 0.0504 0.4197 0.0803 0.4496 0.1167 0.4717 0.1582 0.4854 0.2032 0.4900 0.2500 0.4854 0.2968 0.4717 0.3418 0.4496 0.3833 0.4197 0.4197 0.3833 0.4496 0.3418 0.4717 0.0625 0.5000 0.0625 1.0000 0.0312 1.0000 0.0312 0.5000 0.0312 0.5000 0.0312 1.0000 0.0000 1.0000 0.0000 0.5000 0.7500 0.4900 0.7968 0.4854 0.8418 0.4717 0.8833 0.4496 0.9197 0.4197 0.9496 0.3833 0.9717 0.3418 0.9854 0.2968 0.9900 0.2500 0.9854 0.2032 0.9717 0.1582 0.9496 0.1167 0.9197 0.0803 0.8833 0.0504 0.8418 0.0283 0.7968 0.0146 0.7500 0.0100 0.7032 0.0146 0.6582 0.0283 0.6167 0.0504 0.5803 0.0803 0.5504 0.1167 0.5283 0.1582 0.5146 0.2032 0.5100 0.2500 0.5146 0.2968 0.5283 0.3418 0.5504 0.3833 0.5803 0.4197 0.6167 0.4496 0.6582 0.4717 0.7032 0.4854 " />
						</IndexedFaceSet>
					</Shape>
				</Group>
			</Transform>
		</Transform>
		<Transform DEF="Shape_IndexedFaceSet_072_TRANSFORM"
		           translation="0.000000 0.000000 0.000000"
		           scale="1.000000 1.000000 1.000000"
		           rotation="-0.000000 0.000000 0.000000 0.000000"
		           >
			<Transform DEF="Shape_IndexedFaceSet_072_ifs_TRANSFORM"
			           translation="0.000000 0.000000 0.000000"
			           scale="1.000000 1.000000 1.000000"
			           rotation="0.000000 1.000000 0.000000 0.000000"
			           >
				<Group DEF="group_ME_Shape_IndexedFaceSet_072">
					<Shape>
						<Appearance>
							<Material USE="MA_rozowy" />
						</Appearance>
						<IndexedFaceSet solid="false"
						                texCoordIndex="0 1 2 3 -1 4 5 6 7 -1 8 9 10 11 -1 12 13 14 15 -1 16 17 18 19 -1 20 21 22 23 -1 24 25 26 27 -1 28 29 30 31 -1 32 33 34 35 -1 36 37 38 39 -1 40 41 42 43 -1 44 45 46 47 -1 48 49 50 51 -1 52 53 54 55 -1 56 57 58 59 -1 60 61 62 63 -1 64 65 66 67 -1 68 69 70 71 -1 72 73 74 75 -1 76 77 78 79 -1 80 81 82 83 -1 84 85 86 87 -1 88 89 90 91 -1 92 93 94 95 -1 96 97 98 99 -1 100 101 102 103 -1 104 105 106 107 -1 108 109 110 111 -1 112 113 114 115 -1 116 117 118 119 -1 120 121 122 123 124 125 126 127 128 129 130 131 132 133 134 135 136 137 138 139 140 141 142 143 144 145 146 147 148 149 150 151 -1 152 153 154 155 -1 156 157 158 159 -1 160 161 162 163 164 165 166 167 168 169 170 171 172 173 174 175 176 177 178 179 180 181 182 183 184 185 186 187 188 189 190 191 -1 "
						                coordIndex="0 1 3 2 -1 2 3 5 4 -1 4 5 7 6 -1 6 7 9 8 -1 8 9 11 10 -1 10 11 13 12 -1 12 13 15 14 -1 14 15 17 16 -1 16 17 19 18 -1 18 19 21 20 -1 20 21 23 22 -1 22 23 25 24 -1 24 25 27 26 -1 26 27 29 28 -1 28 29 31 30 -1 30 31 33 32 -1 32 33 35 34 -1 34 35 37 36 -1 36 37 39 38 -1 38 39 41 40 -1 40 41 43 42 -1 42 43 45 44 -1 44 45 47 46 -1 46 47 49 48 -1 48 49 51 50 -1 50 51 53 52 -1 52 53 55 54 -1 54 55 57 56 -1 56 57 59 58 -1 58 59 61 60 -1 3 1 63 61 59 57 55 53 51 49 47 45 43 41 39 37 35 33 31 29 27 25 23 21 19 17 15 13 11 9 7 5 -1 60 61 63 62 -1 62 63 1 0 -1 0 2 4 6 8 10 12 14 16 18 20 22 24 26 28 30 32 34 36 38 40 42 44 46 48 50 52 54 56 58 60 62 -1 "
						                >
							<Coordinate DEF="coords_ME_Shape_IndexedFaceSet_072"
							            point="12.597978 5.155520 -3.223213 12.597978 -5.249734 -3.223213 12.942300 5.155520 -3.257811 12.942300 -5.249734 -3.257811 13.273391 5.155520 -3.360274 13.273391 -5.249734 -3.360274 13.578526 5.155520 -3.526665 13.578526 -5.249734 -3.526665 13.845978 5.155520 -3.750590 13.845978 -5.249734 -3.750590 14.065471 5.155520 -4.023443 14.065471 -5.249734 -4.023443 14.228569 5.155520 -4.334739 14.228569 -5.249734 -4.334739 14.329004 5.155520 -4.672515 14.329004 -5.249734 -4.672515 14.362917 5.155520 -5.023790 14.362917 -5.249734 -5.023790 14.329004 5.155520 -5.375065 14.329004 -5.249734 -5.375065 14.160522 5.157049 -5.990059 14.286256 -5.232413 -5.430973 14.007784 5.138199 -6.306005 14.133517 -5.251263 -5.746919 13.845978 5.155520 -6.296990 13.845978 -5.249734 -6.296990 13.578526 5.155520 -6.520915 13.578526 -5.249734 -6.520915 13.273391 5.155520 -6.687305 13.273391 -5.249734 -6.687305 12.942300 5.155520 -6.789769 12.942300 -5.249734 -6.789769 12.597978 5.155520 -6.824367 12.597978 -5.249734 -6.824367 12.253655 5.155520 -6.789769 12.253655 -5.249734 -6.789769 11.922565 5.155520 -6.687305 11.922565 -5.249734 -6.687305 11.617430 5.155520 -6.520915 11.617430 -5.249734 -6.520915 11.349977 5.155520 -6.296990 11.349977 -5.249734 -6.296990 11.130485 5.155520 -6.024137 11.130485 -5.249734 -6.024137 10.967386 5.155520 -5.712841 10.967386 -5.249734 -5.712841 10.866951 5.155520 -5.375065 10.866951 -5.249734 -5.375065 10.833038 5.155520 -5.023790 10.833038 -5.249734 -5.023790 10.866951 5.155520 -4.672515 10.866951 -5.249734 -4.672515 10.967386 5.155520 -4.334739 10.967386 -5.249734 -4.334739 11.130485 5.155520 -4.023443 11.130485 -5.249734 -4.023443 11.349977 5.155520 -3.750590 11.349977 -5.249734 -3.750590 11.617430 5.155520 -3.526665 11.617430 -5.249734 -3.526665 11.922565 5.155520 -3.360274 11.922565 -5.249734 -3.360274 12.253655 5.155520 -3.257811 12.253655 -5.249734 -3.257811 "
							            />
							<TextureCoordinate point="1.0000 0.5000 1.0000 1.0000 0.9688 1.0000 0.9688 0.5000 0.9688 0.5000 0.9688 1.0000 0.9375 1.0000 0.9375 0.5000 0.9375 0.5000 0.9375 1.0000 0.9062 1.0000 0.9062 0.5000 0.9062 0.5000 0.9062 1.0000 0.8750 1.0000 0.8750 0.5000 0.8750 0.5000 0.8750 1.0000 0.8438 1.0000 0.8438 0.5000 0.8438 0.5000 0.8438 1.0000 0.8125 1.0000 0.8125 0.5000 0.8125 0.5000 0.8125 1.0000 0.7812 1.0000 0.7812 0.5000 0.7812 0.5000 0.7812 1.0000 0.7500 1.0000 0.7500 0.5000 0.7500 0.5000 0.7500 1.0000 0.7188 1.0000 0.7188 0.5000 0.7188 0.5000 0.7188 1.0000 0.6875 1.0000 0.6875 0.5000 0.6875 0.5000 0.6875 1.0000 0.6562 1.0000 0.6562 0.5000 0.6562 0.5000 0.6562 1.0000 0.6250 1.0000 0.6250 0.5000 0.6250 0.5000 0.6250 1.0000 0.5938 1.0000 0.5938 0.5000 0.5938 0.5000 0.5938 1.0000 0.5625 1.0000 0.5625 0.5000 0.5625 0.5000 0.5625 1.0000 0.5312 1.0000 0.5312 0.5000 0.5312 0.5000 0.5312 1.0000 0.5000 1.0000 0.5000 0.5000 0.5000 0.5000 0.5000 1.0000 0.4688 1.0000 0.4688 0.5000 0.4688 0.5000 0.4688 1.0000 0.4375 1.0000 0.4375 0.5000 0.4375 0.5000 0.4375 1.0000 0.4062 1.0000 0.4062 0.5000 0.4062 0.5000 0.4062 1.0000 0.3750 1.0000 0.3750 0.5000 0.3750 0.5000 0.3750 1.0000 0.3438 1.0000 0.3438 0.5000 0.3438 0.5000 0.3438 1.0000 0.3125 1.0000 0.3125 0.5000 0.3125 0.5000 0.3125 1.0000 0.2812 1.0000 0.2812 0.5000 0.2812 0.5000 0.2812 1.0000 0.2500 1.0000 0.2500 0.5000 0.2500 0.5000 0.2500 1.0000 0.2188 1.0000 0.2188 0.5000 0.2188 0.5000 0.2188 1.0000 0.1875 1.0000 0.1875 0.5000 0.1875 0.5000 0.1875 1.0000 0.1562 1.0000 0.1562 0.5000 0.1562 0.5000 0.1562 1.0000 0.1250 1.0000 0.1250 0.5000 0.1250 0.5000 0.1250 1.0000 0.0938 1.0000 0.0938 0.5000 0.0938 0.5000 0.0938 1.0000 0.0625 1.0000 0.0625 0.5000 0.2968 0.4854 0.2500 0.4900 0.2032 0.4854 0.1582 0.4717 0.1167 0.4496 0.0803 0.4197 0.0504 0.3833 0.0283 0.3418 0.0146 0.2968 0.0100 0.2500 0.0146 0.2032 0.0283 0.1582 0.0504 0.1167 0.0803 0.0803 0.1167 0.0504 0.1582 0.0283 0.2032 0.0146 0.2500 0.0100 0.2968 0.0146 0.3418 0.0283 0.3833 0.0504 0.4197 0.0803 0.4496 0.1167 0.4717 0.1582 0.4854 0.2032 0.4900 0.2500 0.4854 0.2968 0.4717 0.3418 0.4496 0.3833 0.4197 0.4197 0.3833 0.4496 0.3418 0.4717 0.0625 0.5000 0.0625 1.0000 0.0312 1.0000 0.0312 0.5000 0.0312 0.5000 0.0312 1.0000 0.0000 1.0000 0.0000 0.5000 0.7500 0.4900 0.7968 0.4854 0.8418 0.4717 0.8833 0.4496 0.9197 0.4197 0.9496 0.3833 0.9717 0.3418 0.9854 0.2968 0.9900 0.2500 0.9854 0.2032 0.9717 0.1582 0.9496 0.1167 0.9197 0.0803 0.8833 0.0504 0.8418 0.0283 0.7968 0.0146 0.7500 0.0100 0.7032 0.0146 0.6582 0.0283 0.6167 0.0504 0.5803 0.0803 0.5504 0.1167 0.5283 0.1582 0.5146 0.2032 0.5100 0.2500 0.5146 0.2968 0.5283 0.3418 0.5504 0.3833 0.5803 0.4197 0.6167 0.4496 0.6582 0.4717 0.7032 0.4854 " />
						</IndexedFaceSet>
					</Shape>
				</Group>
			</Transform>
		</Transform>
		<Transform DEF="Shape_IndexedFaceSet_073_TRANSFORM"
		           translation="0.000000 0.000000 0.000000"
		           scale="1.000000 1.000000 1.000000"
		           rotation="-0.000000 0.000000 0.000000 0.000000"
		           >
			<Transform DEF="Shape_IndexedFaceSet_073_ifs_TRANSFORM"
			           translation="0.000000 0.000000 0.000000"
			           scale="1.000000 1.000000 1.000000"
			           rotation="0.000000 1.000000 0.000000 0.000000"
			           >
				<Group DEF="group_ME_Shape_IndexedFaceSet_073">
					<Shape>
						<Appearance>
							<Material USE="MA_rozowy" />
						</Appearance>
						<IndexedFaceSet solid="false"
						                texCoordIndex="0 1 2 3 -1 4 5 6 7 -1 8 9 10 11 -1 12 13 14 15 -1 16 17 18 19 -1 20 21 22 23 -1 24 25 26 27 -1 28 29 30 31 -1 32 33 34 35 -1 36 37 38 39 -1 40 41 42 43 -1 44 45 46 47 -1 48 49 50 51 -1 52 53 54 55 -1 56 57 58 59 -1 60 61 62 63 -1 64 65 66 67 -1 68 69 70 71 -1 72 73 74 75 -1 76 77 78 79 -1 80 81 82 83 -1 84 85 86 87 -1 88 89 90 91 -1 92 93 94 95 -1 96 97 98 99 -1 100 101 102 103 -1 104 105 106 107 -1 108 109 110 111 -1 112 113 114 115 -1 116 117 118 119 -1 120 121 122 123 124 125 126 127 128 129 130 131 132 133 134 135 136 137 138 139 140 141 142 143 144 145 146 147 148 149 150 151 -1 152 153 154 155 -1 156 157 158 159 -1 160 161 162 163 164 165 166 167 168 169 170 171 172 173 174 175 176 177 178 179 180 181 182 183 184 185 186 187 188 189 190 191 -1 "
						                coordIndex="0 1 3 2 -1 2 3 5 4 -1 4 5 7 6 -1 6 7 9 8 -1 8 9 11 10 -1 10 11 13 12 -1 12 13 15 14 -1 14 15 17 16 -1 16 17 19 18 -1 18 19 21 20 -1 20 21 23 22 -1 22 23 25 24 -1 24 25 27 26 -1 26 27 29 28 -1 28 29 31 30 -1 30 31 33 32 -1 32 33 35 34 -1 34 35 37 36 -1 36 37 39 38 -1 38 39 41 40 -1 40 41 43 42 -1 42 43 45 44 -1 44 45 47 46 -1 46 47 49 48 -1 48 49 51 50 -1 50 51 53 52 -1 52 53 55 54 -1 54 55 57 56 -1 56 57 59 58 -1 58 59 61 60 -1 3 1 63 61 59 57 55 53 51 49 47 45 43 41 39 37 35 33 31 29 27 25 23 21 19 17 15 13 11 9 7 5 -1 60 61 63 62 -1 62 63 1 0 -1 0 2 4 6 8 10 12 14 16 18 20 22 24 26 28 30 32 34 36 38 40 42 44 46 48 50 52 54 56 58 60 62 -1 "
						                >
							<Coordinate DEF="coords_ME_Shape_IndexedFaceSet_073"
							            point="0.133381 20.595358 2.827686 0.133381 7.694920 2.827686 0.635661 20.595358 2.778608 0.635661 7.694920 2.778608 1.118639 20.595358 2.633260 1.118639 7.694920 2.633260 1.563754 20.595358 2.397228 1.563754 7.694920 2.397228 1.953900 20.595358 2.079581 1.953900 7.694920 2.079581 2.274085 20.595358 1.692528 2.274085 7.694920 1.692528 2.512004 20.595358 1.250942 2.512004 7.694920 1.250942 2.658513 20.595358 0.771794 2.658513 7.694920 0.771794 2.707984 20.595358 0.273496 2.707984 7.694920 0.273496 2.658513 20.595358 -0.224802 2.658513 7.694920 -0.224802 2.512004 20.595358 -0.703951 2.512004 7.694920 -0.703951 2.274085 20.595358 -1.145537 2.274085 7.694920 -1.145537 1.953900 20.595358 -1.532590 1.953900 7.694920 -1.532590 1.563754 20.595358 -1.850236 1.563754 7.694920 -1.850236 1.118639 20.595358 -2.086269 1.118639 7.694920 -2.086269 0.635661 20.595358 -2.231617 0.635661 7.694920 -2.231617 0.133381 20.595358 -2.280695 0.133381 7.694920 -2.280695 -0.368899 20.595358 -2.231617 -0.368899 7.694920 -2.231617 -0.851877 20.595358 -2.086269 -0.851877 7.694920 -2.086269 -1.296991 20.595358 -1.850236 -1.296991 7.694920 -1.850236 -1.687138 20.595358 -1.532590 -1.687138 7.694920 -1.532590 -2.007323 20.595358 -1.145537 -2.007323 7.694920 -1.145537 -2.245241 20.595358 -0.703951 -2.245241 7.694920 -0.703951 -2.391751 20.595358 -0.224802 -2.391751 7.694920 -0.224802 -2.441221 20.595358 0.273496 -2.441221 7.694920 0.273496 -2.391751 20.595358 0.771794 -2.391751 7.694920 0.771794 -2.245241 20.595358 1.250942 -2.245241 7.694920 1.250942 -2.007323 20.595358 1.692528 -2.007323 7.694920 1.692528 -1.687138 20.595358 2.079581 -1.687138 7.694920 2.079581 -1.296991 20.595358 2.397228 -1.296991 7.694920 2.397228 -0.851877 20.595358 2.633260 -0.851877 7.694920 2.633260 -0.368899 20.595358 2.778608 -0.368899 7.694920 2.778608 "
							            />
							<TextureCoordinate point="1.0000 0.5000 1.0000 1.0000 0.9688 1.0000 0.9688 0.5000 0.9688 0.5000 0.9688 1.0000 0.9375 1.0000 0.9375 0.5000 0.9375 0.5000 0.9375 1.0000 0.9062 1.0000 0.9062 0.5000 0.9062 0.5000 0.9062 1.0000 0.8750 1.0000 0.8750 0.5000 0.8750 0.5000 0.8750 1.0000 0.8438 1.0000 0.8438 0.5000 0.8438 0.5000 0.8438 1.0000 0.8125 1.0000 0.8125 0.5000 0.8125 0.5000 0.8125 1.0000 0.7812 1.0000 0.7812 0.5000 0.7812 0.5000 0.7812 1.0000 0.7500 1.0000 0.7500 0.5000 0.7500 0.5000 0.7500 1.0000 0.7188 1.0000 0.7188 0.5000 0.7188 0.5000 0.7188 1.0000 0.6875 1.0000 0.6875 0.5000 0.6875 0.5000 0.6875 1.0000 0.6562 1.0000 0.6562 0.5000 0.6562 0.5000 0.6562 1.0000 0.6250 1.0000 0.6250 0.5000 0.6250 0.5000 0.6250 1.0000 0.5938 1.0000 0.5938 0.5000 0.5938 0.5000 0.5938 1.0000 0.5625 1.0000 0.5625 0.5000 0.5625 0.5000 0.5625 1.0000 0.5312 1.0000 0.5312 0.5000 0.5312 0.5000 0.5312 1.0000 0.5000 1.0000 0.5000 0.5000 0.5000 0.5000 0.5000 1.0000 0.4688 1.0000 0.4688 0.5000 0.4688 0.5000 0.4688 1.0000 0.4375 1.0000 0.4375 0.5000 0.4375 0.5000 0.4375 1.0000 0.4062 1.0000 0.4062 0.5000 0.4062 0.5000 0.4062 1.0000 0.3750 1.0000 0.3750 0.5000 0.3750 0.5000 0.3750 1.0000 0.3438 1.0000 0.3438 0.5000 0.3438 0.5000 0.3438 1.0000 0.3125 1.0000 0.3125 0.5000 0.3125 0.5000 0.3125 1.0000 0.2812 1.0000 0.2812 0.5000 0.2812 0.5000 0.2812 1.0000 0.2500 1.0000 0.2500 0.5000 0.2500 0.5000 0.2500 1.0000 0.2188 1.0000 0.2188 0.5000 0.2188 0.5000 0.2188 1.0000 0.1875 1.0000 0.1875 0.5000 0.1875 0.5000 0.1875 1.0000 0.1562 1.0000 0.1562 0.5000 0.1562 0.5000 0.1562 1.0000 0.1250 1.0000 0.1250 0.5000 0.1250 0.5000 0.1250 1.0000 0.0938 1.0000 0.0938 0.5000 0.0938 0.5000 0.0938 1.0000 0.0625 1.0000 0.0625 0.5000 0.2968 0.4854 0.2500 0.4900 0.2032 0.4854 0.1582 0.4717 0.1167 0.4496 0.0803 0.4197 0.0504 0.3833 0.0283 0.3418 0.0146 0.2968 0.0100 0.2500 0.0146 0.2032 0.0283 0.1582 0.0504 0.1167 0.0803 0.0803 0.1167 0.0504 0.1582 0.0283 0.2032 0.0146 0.2500 0.0100 0.2968 0.0146 0.3418 0.0283 0.3833 0.0504 0.4197 0.0803 0.4496 0.1167 0.4717 0.1582 0.4854 0.2032 0.4900 0.2500 0.4854 0.2968 0.4717 0.3418 0.4496 0.3833 0.4197 0.4197 0.3833 0.4496 0.3418 0.4717 0.0625 0.5000 0.0625 1.0000 0.0312 1.0000 0.0312 0.5000 0.0312 0.5000 0.0312 1.0000 0.0000 1.0000 0.0000 0.5000 0.7500 0.4900 0.7968 0.4854 0.8418 0.4717 0.8833 0.4496 0.9197 0.4197 0.9496 0.3833 0.9717 0.3418 0.9854 0.2968 0.9900 0.2500 0.9854 0.2032 0.9717 0.1582 0.9496 0.1167 0.9197 0.0803 0.8833 0.0504 0.8418 0.0283 0.7968 0.0146 0.7500 0.0100 0.7032 0.0146 0.6582 0.0283 0.6167 0.0504 0.5803 0.0803 0.5504 0.1167 0.5283 0.1582 0.5146 0.2032 0.5100 0.2500 0.5146 0.2968 0.5283 0.3418 0.5504 0.3833 0.5803 0.4197 0.6167 0.4496 0.6582 0.4717 0.7032 0.4854 " />
						</IndexedFaceSet>
					</Shape>
				</Group>
			</Transform>
		</Transform>
		<Transform DEF="Shape_IndexedFaceSet_074_TRANSFORM"
		           translation="0.000000 0.000000 0.000000"
		           scale="1.000000 1.000000 1.000000"
		           rotation="-0.000000 0.000000 0.000000 0.000000"
		           >
			<Transform DEF="Shape_IndexedFaceSet_074_ifs_TRANSFORM"
			           translation="0.000000 0.000000 0.000000"
			           scale="1.000000 1.000000 1.000000"
			           rotation="0.000000 1.000000 0.000000 0.000000"
			           >
				<Group DEF="group_ME_Shape_IndexedFaceSet_074">
					<Shape>
						<Appearance>
							<Material USE="MA_rozowy" />
						</Appearance>
						<IndexedFaceSet solid="false"
						                texCoordIndex="0 1 2 3 -1 4 5 6 7 -1 8 9 10 11 -1 12 13 14 15 -1 16 17 18 19 -1 20 21 22 23 -1 24 25 26 27 -1 28 29 30 31 -1 32 33 34 35 -1 36 37 38 39 -1 40 41 42 43 -1 44 45 46 47 -1 48 49 50 51 -1 52 53 54 55 -1 56 57 58 59 -1 60 61 62 63 -1 64 65 66 67 -1 68 69 70 71 -1 72 73 74 75 -1 76 77 78 79 -1 80 81 82 83 -1 84 85 86 87 -1 88 89 90 91 -1 92 93 94 95 -1 96 97 98 99 -1 100 101 102 103 -1 104 105 106 107 -1 108 109 110 111 -1 112 113 114 115 -1 116 117 118 119 -1 120 121 122 123 124 125 126 127 128 129 130 131 132 133 134 135 136 137 138 139 140 141 142 143 144 145 146 147 148 149 150 151 -1 152 153 154 155 -1 156 157 158 159 -1 160 161 162 163 164 165 166 167 168 169 170 171 172 173 174 175 176 177 178 179 180 181 182 183 184 185 186 187 188 189 190 191 -1 "
						                coordIndex="0 1 3 2 -1 2 3 5 4 -1 4 5 7 6 -1 6 7 9 8 -1 8 9 11 10 -1 10 11 13 12 -1 12 13 15 14 -1 14 15 17 16 -1 16 17 19 18 -1 18 19 21 20 -1 20 21 23 22 -1 22 23 25 24 -1 24 25 27 26 -1 26 27 29 28 -1 28 29 31 30 -1 30 31 33 32 -1 32 33 35 34 -1 34 35 37 36 -1 36 37 39 38 -1 38 39 41 40 -1 40 41 43 42 -1 42 43 45 44 -1 44 45 47 46 -1 46 47 49 48 -1 48 49 51 50 -1 50 51 53 52 -1 52 53 55 54 -1 54 55 57 56 -1 56 57 59 58 -1 58 59 61 60 -1 3 1 63 61 59 57 55 53 51 49 47 45 43 41 39 37 35 33 31 29 27 25 23 21 19 17 15 13 11 9 7 5 -1 60 61 63 62 -1 62 63 1 0 -1 0 2 4 6 8 10 12 14 16 18 20 22 24 26 28 30 32 34 36 38 40 42 44 46 48 50 52 54 56 58 60 62 -1 "
						                >
							<Coordinate DEF="coords_ME_Shape_IndexedFaceSet_074"
							            point="3.211432 15.919592 -2.337972 3.211432 11.688128 -2.337972 3.401977 15.919592 -2.355238 3.401977 11.688128 -2.355238 3.585199 15.919592 -2.406375 3.585199 11.688128 -2.406375 3.754058 15.919592 -2.489415 3.754058 11.688128 -2.489415 3.902064 15.919592 -2.601169 3.902064 11.688128 -2.601169 4.023529 15.919592 -2.737341 4.023529 11.688128 -2.737341 4.113786 15.919592 -2.892699 4.113786 11.688128 -2.892699 4.169366 15.919592 -3.061273 4.169366 11.688128 -3.061273 4.188133 15.919592 -3.236583 4.188133 11.688128 -3.236583 4.169366 15.919592 -3.411893 4.169366 11.688128 -3.411893 4.113786 15.919592 -3.580467 4.113786 11.688128 -3.580467 4.023529 15.919592 -3.735825 4.023529 11.688128 -3.735825 3.902064 15.919592 -3.871997 3.902064 11.688128 -3.871997 3.754058 15.919592 -3.983751 3.754058 11.688128 -3.983751 3.585199 15.919592 -4.066792 3.585199 11.688128 -4.066792 3.401977 15.919592 -4.117928 3.401977 11.688128 -4.117928 3.211432 15.919592 -4.135194 3.211432 11.688128 -4.135194 3.020887 15.919592 -4.117928 3.020887 11.688128 -4.117928 2.837665 15.919592 -4.066792 2.837665 11.688128 -4.066792 2.668806 15.919592 -3.983751 2.668806 11.688128 -3.983751 2.520801 15.919592 -3.871997 2.520801 11.688128 -3.871997 2.399335 15.919592 -3.735825 2.399335 11.688128 -3.735825 2.309078 15.919592 -3.580467 2.309078 11.688128 -3.580467 2.253499 15.919592 -3.411893 2.253499 11.688128 -3.411893 2.234732 15.919592 -3.236583 2.234732 11.688128 -3.236583 2.253499 15.919592 -3.061273 2.253499 11.688128 -3.061273 2.309078 15.919592 -2.892699 2.309078 11.688128 -2.892699 2.399335 15.919592 -2.737341 2.399335 11.688128 -2.737341 2.520801 15.919592 -2.601169 2.520801 11.688128 -2.601169 2.668806 15.919592 -2.489415 2.668806 11.688128 -2.489415 2.837665 15.919592 -2.406375 2.837665 11.688128 -2.406375 3.020887 15.919592 -2.355238 3.020887 11.688128 -2.355238 "
							            />
							<TextureCoordinate point="1.0000 0.5000 1.0000 1.0000 0.9688 1.0000 0.9688 0.5000 0.9688 0.5000 0.9688 1.0000 0.9375 1.0000 0.9375 0.5000 0.9375 0.5000 0.9375 1.0000 0.9062 1.0000 0.9062 0.5000 0.9062 0.5000 0.9062 1.0000 0.8750 1.0000 0.8750 0.5000 0.8750 0.5000 0.8750 1.0000 0.8438 1.0000 0.8438 0.5000 0.8438 0.5000 0.8438 1.0000 0.8125 1.0000 0.8125 0.5000 0.8125 0.5000 0.8125 1.0000 0.7812 1.0000 0.7812 0.5000 0.7812 0.5000 0.7812 1.0000 0.7500 1.0000 0.7500 0.5000 0.7500 0.5000 0.7500 1.0000 0.7188 1.0000 0.7188 0.5000 0.7188 0.5000 0.7188 1.0000 0.6875 1.0000 0.6875 0.5000 0.6875 0.5000 0.6875 1.0000 0.6562 1.0000 0.6562 0.5000 0.6562 0.5000 0.6562 1.0000 0.6250 1.0000 0.6250 0.5000 0.6250 0.5000 0.6250 1.0000 0.5938 1.0000 0.5938 0.5000 0.5938 0.5000 0.5938 1.0000 0.5625 1.0000 0.5625 0.5000 0.5625 0.5000 0.5625 1.0000 0.5312 1.0000 0.5312 0.5000 0.5312 0.5000 0.5312 1.0000 0.5000 1.0000 0.5000 0.5000 0.5000 0.5000 0.5000 1.0000 0.4688 1.0000 0.4688 0.5000 0.4688 0.5000 0.4688 1.0000 0.4375 1.0000 0.4375 0.5000 0.4375 0.5000 0.4375 1.0000 0.4062 1.0000 0.4062 0.5000 0.4062 0.5000 0.4062 1.0000 0.3750 1.0000 0.3750 0.5000 0.3750 0.5000 0.3750 1.0000 0.3438 1.0000 0.3438 0.5000 0.3438 0.5000 0.3438 1.0000 0.3125 1.0000 0.3125 0.5000 0.3125 0.5000 0.3125 1.0000 0.2812 1.0000 0.2812 0.5000 0.2812 0.5000 0.2812 1.0000 0.2500 1.0000 0.2500 0.5000 0.2500 0.5000 0.2500 1.0000 0.2188 1.0000 0.2188 0.5000 0.2188 0.5000 0.2188 1.0000 0.1875 1.0000 0.1875 0.5000 0.1875 0.5000 0.1875 1.0000 0.1562 1.0000 0.1562 0.5000 0.1562 0.5000 0.1562 1.0000 0.1250 1.0000 0.1250 0.5000 0.1250 0.5000 0.1250 1.0000 0.0938 1.0000 0.0938 0.5000 0.0938 0.5000 0.0938 1.0000 0.0625 1.0000 0.0625 0.5000 0.2968 0.4854 0.2500 0.4900 0.2032 0.4854 0.1582 0.4717 0.1167 0.4496 0.0803 0.4197 0.0504 0.3833 0.0283 0.3418 0.0146 0.2968 0.0100 0.2500 0.0146 0.2032 0.0283 0.1582 0.0504 0.1167 0.0803 0.0803 0.1167 0.0504 0.1582 0.0283 0.2032 0.0146 0.2500 0.0100 0.2968 0.0146 0.3418 0.0283 0.3833 0.0504 0.4197 0.0803 0.4496 0.1167 0.4717 0.1582 0.4854 0.2032 0.4900 0.2500 0.4854 0.2968 0.4717 0.3418 0.4496 0.3833 0.4197 0.4197 0.3833 0.4496 0.3418 0.4717 0.0625 0.5000 0.0625 1.0000 0.0312 1.0000 0.0312 0.5000 0.0312 0.5000 0.0312 1.0000 0.0000 1.0000 0.0000 0.5000 0.7500 0.4900 0.7968 0.4854 0.8418 0.4717 0.8833 0.4496 0.9197 0.4197 0.9496 0.3833 0.9717 0.3418 0.9854 0.2968 0.9900 0.2500 0.9854 0.2032 0.9717 0.1582 0.9496 0.1167 0.9197 0.0803 0.8833 0.0504 0.8418 0.0283 0.7968 0.0146 0.7500 0.0100 0.7032 0.0146 0.6582 0.0283 0.6167 0.0504 0.5803 0.0803 0.5504 0.1167 0.5283 0.1582 0.5146 0.2032 0.5100 0.2500 0.5146 0.2968 0.5283 0.3418 0.5504 0.3833 0.5803 0.4197 0.6167 0.4496 0.6582 0.4717 0.7032 0.4854 " />
						</IndexedFaceSet>
					</Shape>
				</Group>
			</Transform>
		</Transform>
		<Transform DEF="Shape_IndexedFaceSet_075_TRANSFORM"
		           translation="0.000000 0.000000 0.000000"
		           scale="1.000000 1.000000 1.000000"
		           rotation="-0.000000 0.000000 0.000000 0.000000"
		           >
			<Transform DEF="Shape_IndexedFaceSet_075_ifs_TRANSFORM"
			           translation="0.000000 0.000000 0.000000"
			           scale="1.000000 1.000000 1.000000"
			           rotation="0.000000 1.000000 0.000000 0.000000"
			           >
				<Group DEF="group_ME_Shape_IndexedFaceSet_075">
					<Shape>
						<Appearance>
							<Material USE="MA_rozowy" />
						</Appearance>
						<IndexedFaceSet solid="false"
						                texCoordIndex="0 1 2 3 -1 4 5 6 7 -1 8 9 10 11 -1 12 13 14 15 -1 16 17 18 19 -1 20 21 22 23 -1 24 25 26 27 -1 28 29 30 31 -1 32 33 34 35 -1 36 37 38 39 -1 40 41 42 43 -1 44 45 46 47 -1 48 49 50 51 -1 52 53 54 55 -1 56 57 58 59 -1 60 61 62 63 -1 64 65 66 67 -1 68 69 70 71 -1 72 73 74 75 -1 76 77 78 79 -1 80 81 82 83 -1 84 85 86 87 -1 88 89 90 91 -1 92 93 94 95 -1 96 97 98 99 -1 100 101 102 103 -1 104 105 106 107 -1 108 109 110 111 -1 112 113 114 115 -1 116 117 118 119 -1 120 121 122 123 124 125 126 127 128 129 130 131 132 133 134 135 136 137 138 139 140 141 142 143 144 145 146 147 148 149 150 151 -1 152 153 154 155 -1 156 157 158 159 -1 160 161 162 163 164 165 166 167 168 169 170 171 172 173 174 175 176 177 178 179 180 181 182 183 184 185 186 187 188 189 190 191 -1 "
						                coordIndex="0 1 3 2 -1 2 3 5 4 -1 4 5 7 6 -1 6 7 9 8 -1 8 9 11 10 -1 10 11 13 12 -1 12 13 15 14 -1 14 15 17 16 -1 16 17 19 18 -1 18 19 21 20 -1 20 21 23 22 -1 22 23 25 24 -1 24 25 27 26 -1 26 27 29 28 -1 28 29 31 30 -1 30 31 33 32 -1 32 33 35 34 -1 34 35 37 36 -1 36 37 39 38 -1 38 39 41 40 -1 40 41 43 42 -1 42 43 45 44 -1 44 45 47 46 -1 46 47 49 48 -1 48 49 51 50 -1 50 51 53 52 -1 52 53 55 54 -1 54 55 57 56 -1 56 57 59 58 -1 58 59 61 60 -1 3 1 63 61 59 57 55 53 51 49 47 45 43 41 39 37 35 33 31 29 27 25 23 21 19 17 15 13 11 9 7 5 -1 60 61 63 62 -1 62 63 1 0 -1 0 2 4 6 8 10 12 14 16 18 20 22 24 26 28 30 32 34 36 38 40 42 44 46 48 50 52 54 56 58 60 62 -1 "
						                >
							<Coordinate DEF="coords_ME_Shape_IndexedFaceSet_075"
							            point="3.266424 15.837635 4.661091 3.266424 11.606171 4.661091 3.456969 15.837635 4.643824 3.456969 11.606171 4.643824 3.640191 15.837635 4.592688 3.640191 11.606171 4.592688 3.809050 15.837635 4.509647 3.809050 11.606171 4.509647 3.957055 15.837635 4.397894 3.957055 11.606171 4.397894 4.078521 15.837635 4.261721 4.078521 11.606171 4.261721 4.168777 15.837635 4.106363 4.168777 11.606171 4.106363 4.224357 15.837635 3.937790 4.224357 11.606171 3.937790 4.243124 15.837635 3.762480 4.243124 11.606171 3.762480 4.224357 15.837635 3.587169 4.224357 11.606171 3.587169 4.168777 15.837635 3.418596 4.168777 11.606171 3.418596 4.078521 15.837635 3.263238 4.078521 11.606171 3.263238 3.957055 15.837635 3.127066 3.957055 11.606171 3.127066 3.809050 15.837635 3.015312 3.809050 11.606171 3.015312 3.640191 15.837635 2.932271 3.640191 11.606171 2.932271 3.456969 15.837635 2.881135 3.456969 11.606171 2.881135 3.266424 15.837635 2.863869 3.266424 11.606171 2.863869 3.075879 15.837635 2.881135 3.075879 11.606171 2.881135 2.892657 15.837635 2.932271 2.892657 11.606171 2.932271 2.723798 15.837635 3.015312 2.723798 11.606171 3.015312 2.575792 15.837635 3.127066 2.575792 11.606171 3.127066 2.454327 15.837635 3.263238 2.454327 11.606171 3.263238 2.364070 15.837635 3.418596 2.364070 11.606171 3.418596 2.308490 15.837635 3.587169 2.308490 11.606171 3.587169 2.289723 15.837635 3.762480 2.289723 11.606171 3.762480 2.308490 15.837635 3.937790 2.308490 11.606171 3.937790 2.364070 15.837635 4.106363 2.364070 11.606171 4.106363 2.454327 15.837635 4.261721 2.454327 11.606171 4.261721 2.575792 15.837635 4.397894 2.575792 11.606171 4.397894 2.723798 15.837635 4.509647 2.723798 11.606171 4.509647 2.892657 15.837635 4.592688 2.892657 11.606171 4.592688 3.075879 15.837635 4.643824 3.075879 11.606171 4.643824 "
							            />
							<TextureCoordinate point="1.0000 0.5000 1.0000 1.0000 0.9688 1.0000 0.9688 0.5000 0.9688 0.5000 0.9688 1.0000 0.9375 1.0000 0.9375 0.5000 0.9375 0.5000 0.9375 1.0000 0.9062 1.0000 0.9062 0.5000 0.9062 0.5000 0.9062 1.0000 0.8750 1.0000 0.8750 0.5000 0.8750 0.5000 0.8750 1.0000 0.8438 1.0000 0.8438 0.5000 0.8438 0.5000 0.8438 1.0000 0.8125 1.0000 0.8125 0.5000 0.8125 0.5000 0.8125 1.0000 0.7812 1.0000 0.7812 0.5000 0.7812 0.5000 0.7812 1.0000 0.7500 1.0000 0.7500 0.5000 0.7500 0.5000 0.7500 1.0000 0.7188 1.0000 0.7188 0.5000 0.7188 0.5000 0.7188 1.0000 0.6875 1.0000 0.6875 0.5000 0.6875 0.5000 0.6875 1.0000 0.6562 1.0000 0.6562 0.5000 0.6562 0.5000 0.6562 1.0000 0.6250 1.0000 0.6250 0.5000 0.6250 0.5000 0.6250 1.0000 0.5938 1.0000 0.5938 0.5000 0.5938 0.5000 0.5938 1.0000 0.5625 1.0000 0.5625 0.5000 0.5625 0.5000 0.5625 1.0000 0.5312 1.0000 0.5312 0.5000 0.5312 0.5000 0.5312 1.0000 0.5000 1.0000 0.5000 0.5000 0.5000 0.5000 0.5000 1.0000 0.4688 1.0000 0.4688 0.5000 0.4688 0.5000 0.4688 1.0000 0.4375 1.0000 0.4375 0.5000 0.4375 0.5000 0.4375 1.0000 0.4062 1.0000 0.4062 0.5000 0.4062 0.5000 0.4062 1.0000 0.3750 1.0000 0.3750 0.5000 0.3750 0.5000 0.3750 1.0000 0.3438 1.0000 0.3438 0.5000 0.3438 0.5000 0.3438 1.0000 0.3125 1.0000 0.3125 0.5000 0.3125 0.5000 0.3125 1.0000 0.2812 1.0000 0.2812 0.5000 0.2812 0.5000 0.2812 1.0000 0.2500 1.0000 0.2500 0.5000 0.2500 0.5000 0.2500 1.0000 0.2188 1.0000 0.2188 0.5000 0.2188 0.5000 0.2188 1.0000 0.1875 1.0000 0.1875 0.5000 0.1875 0.5000 0.1875 1.0000 0.1562 1.0000 0.1562 0.5000 0.1562 0.5000 0.1562 1.0000 0.1250 1.0000 0.1250 0.5000 0.1250 0.5000 0.1250 1.0000 0.0938 1.0000 0.0938 0.5000 0.0938 0.5000 0.0938 1.0000 0.0625 1.0000 0.0625 0.5000 0.2968 0.4854 0.2500 0.4900 0.2032 0.4854 0.1582 0.4717 0.1167 0.4496 0.0803 0.4197 0.0504 0.3833 0.0283 0.3418 0.0146 0.2968 0.0100 0.2500 0.0146 0.2032 0.0283 0.1582 0.0504 0.1167 0.0803 0.0803 0.1167 0.0504 0.1582 0.0283 0.2032 0.0146 0.2500 0.0100 0.2968 0.0146 0.3418 0.0283 0.3833 0.0504 0.4197 0.0803 0.4496 0.1167 0.4717 0.1582 0.4854 0.2032 0.4900 0.2500 0.4854 0.2968 0.4717 0.3418 0.4496 0.3833 0.4197 0.4197 0.3833 0.4496 0.3418 0.4717 0.0625 0.5000 0.0625 1.0000 0.0312 1.0000 0.0312 0.5000 0.0312 0.5000 0.0312 1.0000 0.0000 1.0000 0.0000 0.5000 0.7500 0.4900 0.7968 0.4854 0.8418 0.4717 0.8833 0.4496 0.9197 0.4197 0.9496 0.3833 0.9717 0.3418 0.9854 0.2968 0.9900 0.2500 0.9854 0.2032 0.9717 0.1582 0.9496 0.1167 0.9197 0.0803 0.8833 0.0504 0.8418 0.0283 0.7968 0.0146 0.7500 0.0100 0.7032 0.0146 0.6582 0.0283 0.6167 0.0504 0.5803 0.0803 0.5504 0.1167 0.5283 0.1582 0.5146 0.2032 0.5100 0.2500 0.5146 0.2968 0.5283 0.3418 0.5504 0.3833 0.5803 0.4197 0.6167 0.4496 0.6582 0.4717 0.7032 0.4854 " />
						</IndexedFaceSet>
					</Shape>
				</Group>
			</Transform>
		</Transform>
		<Transform DEF="Shape_IndexedFaceSet_076_TRANSFORM"
		           translation="0.000000 0.000000 0.000000"
		           scale="1.000000 1.000000 1.000000"
		           rotation="-0.000000 0.000000 0.000000 0.000000"
		           >
			<Transform DEF="Shape_IndexedFaceSet_076_ifs_TRANSFORM"
			           translation="0.000000 0.000000 0.000000"
			           scale="1.000000 1.000000 1.000000"
			           rotation="0.000000 1.000000 0.000000 0.000000"
			           >
				<Group DEF="group_ME_Shape_IndexedFaceSet_076">
					<Shape>
						<Appearance>
							<Material USE="MA_rozowy" />
						</Appearance>
						<IndexedFaceSet solid="false"
						                texCoordIndex="0 1 2 3 -1 4 5 6 7 -1 8 9 10 11 -1 12 13 14 15 -1 16 17 18 19 -1 20 21 22 23 -1 24 25 26 27 -1 28 29 30 31 -1 32 33 34 35 -1 36 37 38 39 -1 40 41 42 43 -1 44 45 46 47 -1 48 49 50 51 -1 52 53 54 55 -1 56 57 58 59 -1 60 61 62 63 -1 64 65 66 67 -1 68 69 70 71 -1 72 73 74 75 -1 76 77 78 79 -1 80 81 82 83 -1 84 85 86 87 -1 88 89 90 91 -1 92 93 94 95 -1 96 97 98 99 -1 100 101 102 103 -1 104 105 106 107 -1 108 109 110 111 -1 112 113 114 115 -1 116 117 118 119 -1 120 121 122 123 124 125 126 127 128 129 130 131 132 133 134 135 136 137 138 139 140 141 142 143 144 145 146 147 148 149 150 151 -1 152 153 154 155 -1 156 157 158 159 -1 160 161 162 163 164 165 166 167 168 169 170 171 172 173 174 175 176 177 178 179 180 181 182 183 184 185 186 187 188 189 190 191 -1 "
						                coordIndex="0 1 3 2 -1 2 3 5 4 -1 4 5 7 6 -1 6 7 9 8 -1 8 9 11 10 -1 10 11 13 12 -1 12 13 15 14 -1 14 15 17 16 -1 16 17 19 18 -1 18 19 21 20 -1 20 21 23 22 -1 22 23 25 24 -1 24 25 27 26 -1 26 27 29 28 -1 28 29 31 30 -1 30 31 33 32 -1 32 33 35 34 -1 34 35 37 36 -1 36 37 39 38 -1 38 39 41 40 -1 40 41 43 42 -1 42 43 45 44 -1 44 45 47 46 -1 46 47 49 48 -1 48 49 51 50 -1 50 51 53 52 -1 52 53 55 54 -1 54 55 57 56 -1 56 57 59 58 -1 58 59 61 60 -1 3 1 63 61 59 57 55 53 51 49 47 45 43 41 39 37 35 33 31 29 27 25 23 21 19 17 15 13 11 9 7 5 -1 60 61 63 62 -1 62 63 1 0 -1 0 2 4 6 8 10 12 14 16 18 20 22 24 26 28 30 32 34 36 38 40 42 44 46 48 50 52 54 56 58 60 62 -1 "
						                >
							<Coordinate DEF="coords_ME_Shape_IndexedFaceSet_076"
							            point="-2.994630 15.858809 -2.299211 -2.994630 11.627345 -2.299211 -2.804085 15.858809 -2.316477 -2.804085 11.627345 -2.316477 -2.620863 15.858809 -2.367613 -2.620863 11.627345 -2.367613 -2.452004 15.858809 -2.450654 -2.452004 11.627345 -2.450654 -2.303998 15.858809 -2.562408 -2.303998 11.627345 -2.562408 -2.182533 15.858809 -2.698580 -2.182533 11.627345 -2.698580 -2.092276 15.858809 -2.853938 -2.092276 11.627345 -2.853938 -2.036696 15.858809 -3.022511 -2.036696 11.627345 -3.022511 -2.017929 15.858809 -3.197822 -2.017929 11.627345 -3.197822 -2.036696 15.858809 -3.373132 -2.036696 11.627345 -3.373132 -2.092276 15.858809 -3.541705 -2.092276 11.627345 -3.541705 -2.182533 15.858809 -3.697063 -2.182533 11.627345 -3.697063 -2.303998 15.858809 -3.833236 -2.303998 11.627345 -3.833236 -2.452004 15.858809 -3.944989 -2.452004 11.627345 -3.944989 -2.620863 15.858809 -4.028030 -2.620863 11.627345 -4.028030 -2.804085 15.858809 -4.079166 -2.804085 11.627345 -4.079166 -2.994630 15.858809 -4.096433 -2.994630 11.627345 -4.096433 -3.185175 15.858809 -4.079166 -3.185175 11.627345 -4.079166 -3.368397 15.858809 -4.028030 -3.368397 11.627345 -4.028030 -3.537256 15.858809 -3.944989 -3.537256 11.627345 -3.944989 -3.685261 15.858809 -3.833236 -3.685261 11.627345 -3.833236 -3.806727 15.858809 -3.697063 -3.806727 11.627345 -3.697063 -3.896984 15.858809 -3.541705 -3.896984 11.627345 -3.541705 -3.952564 15.858809 -3.373132 -3.952564 11.627345 -3.373132 -3.971331 15.858809 -3.197822 -3.971331 11.627345 -3.197822 -3.952564 15.858809 -3.022511 -3.952564 11.627345 -3.022511 -3.896984 15.858809 -2.853938 -3.896984 11.627345 -2.853938 -3.806727 15.858809 -2.698580 -3.806727 11.627345 -2.698580 -3.685261 15.858809 -2.562408 -3.685261 11.627345 -2.562408 -3.537256 15.858809 -2.450654 -3.537256 11.627345 -2.450654 -3.368397 15.858809 -2.367613 -3.368397 11.627345 -2.367613 -3.185175 15.858809 -2.316477 -3.185175 11.627345 -2.316477 "
							            />
							<TextureCoordinate point="1.0000 0.5000 1.0000 1.0000 0.9688 1.0000 0.9688 0.5000 0.9688 0.5000 0.9688 1.0000 0.9375 1.0000 0.9375 0.5000 0.9375 0.5000 0.9375 1.0000 0.9062 1.0000 0.9062 0.5000 0.9062 0.5000 0.9062 1.0000 0.8750 1.0000 0.8750 0.5000 0.8750 0.5000 0.8750 1.0000 0.8438 1.0000 0.8438 0.5000 0.8438 0.5000 0.8438 1.0000 0.8125 1.0000 0.8125 0.5000 0.8125 0.5000 0.8125 1.0000 0.7812 1.0000 0.7812 0.5000 0.7812 0.5000 0.7812 1.0000 0.7500 1.0000 0.7500 0.5000 0.7500 0.5000 0.7500 1.0000 0.7188 1.0000 0.7188 0.5000 0.7188 0.5000 0.7188 1.0000 0.6875 1.0000 0.6875 0.5000 0.6875 0.5000 0.6875 1.0000 0.6562 1.0000 0.6562 0.5000 0.6562 0.5000 0.6562 1.0000 0.6250 1.0000 0.6250 0.5000 0.6250 0.5000 0.6250 1.0000 0.5938 1.0000 0.5938 0.5000 0.5938 0.5000 0.5938 1.0000 0.5625 1.0000 0.5625 0.5000 0.5625 0.5000 0.5625 1.0000 0.5312 1.0000 0.5312 0.5000 0.5312 0.5000 0.5312 1.0000 0.5000 1.0000 0.5000 0.5000 0.5000 0.5000 0.5000 1.0000 0.4688 1.0000 0.4688 0.5000 0.4688 0.5000 0.4688 1.0000 0.4375 1.0000 0.4375 0.5000 0.4375 0.5000 0.4375 1.0000 0.4062 1.0000 0.4062 0.5000 0.4062 0.5000 0.4062 1.0000 0.3750 1.0000 0.3750 0.5000 0.3750 0.5000 0.3750 1.0000 0.3438 1.0000 0.3438 0.5000 0.3438 0.5000 0.3438 1.0000 0.3125 1.0000 0.3125 0.5000 0.3125 0.5000 0.3125 1.0000 0.2812 1.0000 0.2812 0.5000 0.2812 0.5000 0.2812 1.0000 0.2500 1.0000 0.2500 0.5000 0.2500 0.5000 0.2500 1.0000 0.2188 1.0000 0.2188 0.5000 0.2188 0.5000 0.2188 1.0000 0.1875 1.0000 0.1875 0.5000 0.1875 0.5000 0.1875 1.0000 0.1562 1.0000 0.1562 0.5000 0.1562 0.5000 0.1562 1.0000 0.1250 1.0000 0.1250 0.5000 0.1250 0.5000 0.1250 1.0000 0.0938 1.0000 0.0938 0.5000 0.0938 0.5000 0.0938 1.0000 0.0625 1.0000 0.0625 0.5000 0.2968 0.4854 0.2500 0.4900 0.2032 0.4854 0.1582 0.4717 0.1167 0.4496 0.0803 0.4197 0.0504 0.3833 0.0283 0.3418 0.0146 0.2968 0.0100 0.2500 0.0146 0.2032 0.0283 0.1582 0.0504 0.1167 0.0803 0.0803 0.1167 0.0504 0.1582 0.0283 0.2032 0.0146 0.2500 0.0100 0.2968 0.0146 0.3418 0.0283 0.3833 0.0504 0.4197 0.0803 0.4496 0.1167 0.4717 0.1582 0.4854 0.2032 0.4900 0.2500 0.4854 0.2968 0.4717 0.3418 0.4496 0.3833 0.4197 0.4197 0.3833 0.4496 0.3418 0.4717 0.0625 0.5000 0.0625 1.0000 0.0312 1.0000 0.0312 0.5000 0.0312 0.5000 0.0312 1.0000 0.0000 1.0000 0.0000 0.5000 0.7500 0.4900 0.7968 0.4854 0.8418 0.4717 0.8833 0.4496 0.9197 0.4197 0.9496 0.3833 0.9717 0.3418 0.9854 0.2968 0.9900 0.2500 0.9854 0.2032 0.9717 0.1582 0.9496 0.1167 0.9197 0.0803 0.8833 0.0504 0.8418 0.0283 0.7968 0.0146 0.7500 0.0100 0.7032 0.0146 0.6582 0.0283 0.6167 0.0504 0.5803 0.0803 0.5504 0.1167 0.5283 0.1582 0.5146 0.2032 0.5100 0.2500 0.5146 0.2968 0.5283 0.3418 0.5504 0.3833 0.5803 0.4197 0.6167 0.4496 0.6582 0.4717 0.7032 0.4854 " />
						</IndexedFaceSet>
					</Shape>
				</Group>
			</Transform>
		</Transform>
		<Transform DEF="Shape_IndexedFaceSet_077_TRANSFORM"
		           translation="0.000000 0.000000 0.000000"
		           scale="1.000000 1.000000 1.000000"
		           rotation="-0.000000 0.000000 0.000000 0.000000"
		           >
			<Transform DEF="Shape_IndexedFaceSet_077_ifs_TRANSFORM"
			           translation="0.000000 0.000000 0.000000"
			           scale="1.000000 1.000000 1.000000"
			           rotation="0.000000 1.000000 0.000000 0.000000"
			           >
				<Group DEF="group_ME_Shape_IndexedFaceSet_077">
					<Shape>
						<Appearance>
							<Material USE="MA_rozowy" />
						</Appearance>
						<IndexedFaceSet solid="false"
						                texCoordIndex="0 1 2 3 -1 4 5 6 7 -1 8 9 10 11 -1 12 13 14 15 -1 16 17 18 19 -1 20 21 22 23 -1 24 25 26 27 -1 28 29 30 31 -1 32 33 34 35 -1 36 37 38 39 -1 40 41 42 43 -1 44 45 46 47 -1 48 49 50 51 -1 52 53 54 55 -1 56 57 58 59 -1 60 61 62 63 -1 64 65 66 67 -1 68 69 70 71 -1 72 73 74 75 -1 76 77 78 79 -1 80 81 82 83 -1 84 85 86 87 -1 88 89 90 91 -1 92 93 94 95 -1 96 97 98 99 -1 100 101 102 103 -1 104 105 106 107 -1 108 109 110 111 -1 112 113 114 115 -1 116 117 118 119 -1 120 121 122 123 124 125 126 127 128 129 130 131 132 133 134 135 136 137 138 139 140 141 142 143 144 145 146 147 148 149 150 151 -1 152 153 154 155 -1 156 157 158 159 -1 160 161 162 163 164 165 166 167 168 169 170 171 172 173 174 175 176 177 178 179 180 181 182 183 184 185 186 187 188 189 190 191 -1 "
						                coordIndex="0 1 3 2 -1 2 3 5 4 -1 4 5 7 6 -1 6 7 9 8 -1 8 9 11 10 -1 10 11 13 12 -1 12 13 15 14 -1 14 15 17 16 -1 16 17 19 18 -1 18 19 21 20 -1 20 21 23 22 -1 22 23 25 24 -1 24 25 27 26 -1 26 27 29 28 -1 28 29 31 30 -1 30 31 33 32 -1 32 33 35 34 -1 34 35 37 36 -1 36 37 39 38 -1 38 39 41 40 -1 40 41 43 42 -1 42 43 45 44 -1 44 45 47 46 -1 46 47 49 48 -1 48 49 51 50 -1 50 51 53 52 -1 52 53 55 54 -1 54 55 57 56 -1 56 57 59 58 -1 58 59 61 60 -1 3 1 63 61 59 57 55 53 51 49 47 45 43 41 39 37 35 33 31 29 27 25 23 21 19 17 15 13 11 9 7 5 -1 60 61 63 62 -1 62 63 1 0 -1 0 2 4 6 8 10 12 14 16 18 20 22 24 26 28 30 32 34 36 38 40 42 44 46 48 50 52 54 56 58 60 62 -1 "
						                >
							<Coordinate DEF="coords_ME_Shape_IndexedFaceSet_077"
							            point="-3.126986 16.026169 4.624186 -3.126986 11.794703 4.624186 -2.936441 16.026169 4.606919 -2.936441 11.794703 4.606919 -2.753219 16.026169 4.555783 -2.753219 11.794703 4.555783 -2.584360 16.026169 4.472742 -2.584360 11.794703 4.472742 -2.436355 16.026169 4.360989 -2.436355 11.794703 4.360989 -2.314889 16.026169 4.224816 -2.314889 11.794703 4.224816 -2.224633 16.026169 4.069458 -2.224633 11.794703 4.069458 -2.169053 16.026169 3.900885 -2.169053 11.794703 3.900885 -2.150286 16.026169 3.725574 -2.150286 11.794703 3.725574 -2.169053 16.026169 3.550264 -2.169053 11.794703 3.550264 -2.224633 16.026169 3.381691 -2.224633 11.794703 3.381691 -2.314889 16.026169 3.226333 -2.314889 11.794703 3.226333 -2.436355 16.026169 3.090161 -2.436355 11.794703 3.090161 -2.584360 16.026169 2.978407 -2.584360 11.794703 2.978407 -2.753219 16.026169 2.895366 -2.753219 11.794703 2.895366 -2.936441 16.026169 2.844230 -2.936441 11.794703 2.844230 -3.126986 16.026169 2.826963 -3.126986 11.794703 2.826963 -3.317531 16.026169 2.844230 -3.317531 11.794703 2.844230 -3.500753 16.026169 2.895366 -3.500753 11.794703 2.895366 -3.669612 16.026169 2.978407 -3.669612 11.794703 2.978407 -3.817618 16.026169 3.090161 -3.817618 11.794703 3.090161 -3.939083 16.026169 3.226333 -3.939083 11.794703 3.226333 -4.029340 16.026169 3.381691 -4.029340 11.794703 3.381691 -4.084920 16.026169 3.550264 -4.084920 11.794703 3.550264 -4.103687 16.026169 3.725574 -4.103687 11.794703 3.725574 -4.084920 16.026169 3.900885 -4.084920 11.794703 3.900885 -4.029340 16.026169 4.069458 -4.029340 11.794703 4.069458 -3.939083 16.026169 4.224816 -3.939083 11.794703 4.224816 -3.817618 16.026169 4.360989 -3.817618 11.794703 4.360989 -3.669612 16.026169 4.472742 -3.669612 11.794703 4.472742 -3.500753 16.026169 4.555783 -3.500753 11.794703 4.555783 -3.317531 16.026169 4.606919 -3.317531 11.794703 4.606919 "
							            />
							<TextureCoordinate point="1.0000 0.5000 1.0000 1.0000 0.9688 1.0000 0.9688 0.5000 0.9688 0.5000 0.9688 1.0000 0.9375 1.0000 0.9375 0.5000 0.9375 0.5000 0.9375 1.0000 0.9062 1.0000 0.9062 0.5000 0.9062 0.5000 0.9062 1.0000 0.8750 1.0000 0.8750 0.5000 0.8750 0.5000 0.8750 1.0000 0.8438 1.0000 0.8438 0.5000 0.8438 0.5000 0.8438 1.0000 0.8125 1.0000 0.8125 0.5000 0.8125 0.5000 0.8125 1.0000 0.7812 1.0000 0.7812 0.5000 0.7812 0.5000 0.7812 1.0000 0.7500 1.0000 0.7500 0.5000 0.7500 0.5000 0.7500 1.0000 0.7188 1.0000 0.7188 0.5000 0.7188 0.5000 0.7188 1.0000 0.6875 1.0000 0.6875 0.5000 0.6875 0.5000 0.6875 1.0000 0.6562 1.0000 0.6562 0.5000 0.6562 0.5000 0.6562 1.0000 0.6250 1.0000 0.6250 0.5000 0.6250 0.5000 0.6250 1.0000 0.5938 1.0000 0.5938 0.5000 0.5938 0.5000 0.5938 1.0000 0.5625 1.0000 0.5625 0.5000 0.5625 0.5000 0.5625 1.0000 0.5312 1.0000 0.5312 0.5000 0.5312 0.5000 0.5312 1.0000 0.5000 1.0000 0.5000 0.5000 0.5000 0.5000 0.5000 1.0000 0.4688 1.0000 0.4688 0.5000 0.4688 0.5000 0.4688 1.0000 0.4375 1.0000 0.4375 0.5000 0.4375 0.5000 0.4375 1.0000 0.4062 1.0000 0.4062 0.5000 0.4062 0.5000 0.4062 1.0000 0.3750 1.0000 0.3750 0.5000 0.3750 0.5000 0.3750 1.0000 0.3438 1.0000 0.3438 0.5000 0.3438 0.5000 0.3438 1.0000 0.3125 1.0000 0.3125 0.5000 0.3125 0.5000 0.3125 1.0000 0.2812 1.0000 0.2812 0.5000 0.2812 0.5000 0.2812 1.0000 0.2500 1.0000 0.2500 0.5000 0.2500 0.5000 0.2500 1.0000 0.2188 1.0000 0.2188 0.5000 0.2188 0.5000 0.2188 1.0000 0.1875 1.0000 0.1875 0.5000 0.1875 0.5000 0.1875 1.0000 0.1562 1.0000 0.1562 0.5000 0.1562 0.5000 0.1562 1.0000 0.1250 1.0000 0.1250 0.5000 0.1250 0.5000 0.1250 1.0000 0.0938 1.0000 0.0938 0.5000 0.0938 0.5000 0.0938 1.0000 0.0625 1.0000 0.0625 0.5000 0.2968 0.4854 0.2500 0.4900 0.2032 0.4854 0.1582 0.4717 0.1167 0.4496 0.0803 0.4197 0.0504 0.3833 0.0283 0.3418 0.0146 0.2968 0.0100 0.2500 0.0146 0.2032 0.0283 0.1582 0.0504 0.1167 0.0803 0.0803 0.1167 0.0504 0.1582 0.0283 0.2032 0.0146 0.2500 0.0100 0.2968 0.0146 0.3418 0.0283 0.3833 0.0504 0.4197 0.0803 0.4496 0.1167 0.4717 0.1582 0.4854 0.2032 0.4900 0.2500 0.4854 0.2968 0.4717 0.3418 0.4496 0.3833 0.4197 0.4197 0.3833 0.4496 0.3418 0.4717 0.0625 0.5000 0.0625 1.0000 0.0312 1.0000 0.0312 0.5000 0.0312 0.5000 0.0312 1.0000 0.0000 1.0000 0.0000 0.5000 0.7500 0.4900 0.7968 0.4854 0.8418 0.4717 0.8833 0.4496 0.9197 0.4197 0.9496 0.3833 0.9717 0.3418 0.9854 0.2968 0.9900 0.2500 0.9854 0.2032 0.9717 0.1582 0.9496 0.1167 0.9197 0.0803 0.8833 0.0504 0.8418 0.0283 0.7968 0.0146 0.7500 0.0100 0.7032 0.0146 0.6582 0.0283 0.6167 0.0504 0.5803 0.0803 0.5504 0.1167 0.5283 0.1582 0.5146 0.2032 0.5100 0.2500 0.5146 0.2968 0.5283 0.3418 0.5504 0.3833 0.5803 0.4197 0.6167 0.4496 0.6582 0.4717 0.7032 0.4854 " />
						</IndexedFaceSet>
					</Shape>
				</Group>
			</Transform>
		</Transform>
		<Transform DEF="Shape_IndexedFaceSet_078_TRANSFORM"
		           translation="0.000000 0.000000 0.000000"
		           scale="1.000000 1.000000 1.000000"
		           rotation="-0.000000 0.000000 0.000000 0.000000"
		           >
			<Transform DEF="Shape_IndexedFaceSet_078_ifs_TRANSFORM"
			           translation="0.000000 0.000000 0.000000"
			           scale="1.000000 1.000000 1.000000"
			           rotation="0.000000 1.000000 0.000000 0.000000"
			           >
				<Group DEF="group_ME_Shape_IndexedFaceSet_078">
					<Shape>
						<Appearance>
							<Material USE="MA_MA_KolorWiez" />
						</Appearance>
						<IndexedFaceSet solid="false"
						                texCoordIndex="0 1 2 3 -1 4 5 6 7 -1 8 9 10 11 -1 12 13 14 15 -1 16 17 18 19 -1 20 21 22 23 -1 24 25 26 27 -1 28 29 30 31 -1 32 33 34 35 -1 36 37 38 39 -1 40 41 42 43 -1 44 45 46 47 -1 48 49 50 51 -1 52 53 54 55 -1 56 57 58 59 -1 60 61 62 63 -1 64 65 66 67 -1 68 69 70 71 -1 72 73 74 75 -1 76 77 78 79 -1 80 81 82 83 -1 84 85 86 87 -1 88 89 90 91 -1 92 93 94 95 -1 96 97 98 99 -1 100 101 102 103 -1 104 105 106 107 -1 108 109 110 111 -1 112 113 114 115 -1 116 117 118 119 -1 120 121 122 123 124 125 126 127 128 129 130 131 132 133 134 135 136 137 138 139 140 141 142 143 144 145 146 147 148 149 150 151 -1 152 153 154 155 -1 156 157 158 159 -1 "
						                coordIndex="0 2 3 1 -1 2 4 5 3 -1 4 6 7 5 -1 6 8 9 7 -1 8 10 11 9 -1 10 12 13 11 -1 12 14 15 13 -1 14 16 17 15 -1 16 18 19 17 -1 18 20 21 19 -1 20 22 23 21 -1 22 24 25 23 -1 24 26 27 25 -1 26 28 29 27 -1 28 30 31 29 -1 30 32 33 31 -1 32 34 35 33 -1 34 36 37 35 -1 36 38 39 37 -1 38 40 41 39 -1 40 42 43 41 -1 42 44 45 43 -1 44 46 47 45 -1 46 48 49 47 -1 48 50 51 49 -1 50 52 53 51 -1 52 54 55 53 -1 54 56 57 55 -1 56 58 59 57 -1 58 60 61 59 -1 3 5 7 9 11 13 15 17 19 21 23 25 27 29 31 33 35 37 39 41 43 45 47 49 51 53 55 57 59 61 63 1 -1 60 62 63 61 -1 62 0 1 63 -1 "
						                >
							<Coordinate DEF="coords_ME_Shape_IndexedFaceSet_078"
							            point="6.849558 5.882782 -3.309501 6.849558 3.995968 -3.309501 8.942768 5.882782 -3.244865 8.942768 3.995968 -3.244865 10.955537 5.882782 -3.053442 10.955537 3.995968 -3.053442 12.810514 5.882782 -2.742586 12.810514 3.995968 -2.742586 14.436417 5.882782 -2.324245 14.436417 3.995968 -2.324245 15.770760 5.882782 -1.814495 15.770760 3.995968 -1.814495 16.762266 5.882782 -1.232925 16.762266 3.995968 -1.232925 17.372833 5.882782 -0.601885 17.372833 3.995968 -0.601885 17.578997 5.882782 0.054375 17.578997 3.995968 0.054375 17.372833 5.882782 0.710634 17.372833 3.995968 0.710634 16.762266 5.882782 1.341675 16.762266 3.995968 1.341675 15.770760 5.882782 1.923244 15.770760 3.995968 1.923244 14.436417 5.882782 2.432994 14.436417 3.995968 2.432994 12.810514 5.882782 2.851335 12.810514 3.995968 2.851335 10.955537 5.882782 3.162191 10.955537 3.995968 3.162191 8.942768 5.882782 3.353615 8.942768 3.995968 3.353615 6.849558 5.882782 3.418251 6.849558 3.995968 3.418251 4.756349 5.882782 3.353615 4.756349 3.995968 3.353615 2.743580 5.882782 3.162191 2.743580 3.995968 3.162191 0.888602 5.882782 2.851335 0.888602 3.995968 2.851335 -0.737300 5.882782 2.432994 -0.737300 3.995968 2.432994 -2.071643 5.882782 1.923244 -2.071643 3.995968 1.923244 -3.063149 5.882782 1.341675 -3.063149 3.995968 1.341675 -3.673716 5.882782 0.710634 -3.673716 3.995968 0.710634 -3.879879 5.882782 0.054375 -3.879879 3.995968 0.054375 -3.673716 5.882782 -0.601885 -3.673716 3.995968 -0.601885 -3.063149 5.882782 -1.232925 -3.063149 3.995968 -1.232925 -2.071643 5.882782 -1.814495 -2.071643 3.995968 -1.814495 -0.737300 5.882782 -2.324245 -0.737300 3.995968 -2.324245 0.888602 5.882782 -2.742586 0.888602 3.995968 -2.742586 2.743580 5.882782 -3.053442 2.743580 3.995968 -3.053442 4.756349 5.882782 -3.244865 4.756349 3.995968 -3.244865 "
							            />
							<TextureCoordinate point="1.0000 0.5000 0.9688 0.5000 0.9688 1.0000 1.0000 1.0000 0.9688 0.5000 0.9375 0.5000 0.9375 1.0000 0.9688 1.0000 0.9375 0.5000 0.9062 0.5000 0.9062 1.0000 0.9375 1.0000 0.9062 0.5000 0.8750 0.5000 0.8750 1.0000 0.9062 1.0000 0.8750 0.5000 0.8438 0.5000 0.8438 1.0000 0.8750 1.0000 0.8438 0.5000 0.8125 0.5000 0.8125 1.0000 0.8438 1.0000 0.8125 0.5000 0.7812 0.5000 0.7812 1.0000 0.8125 1.0000 0.7812 0.5000 0.7500 0.5000 0.7500 1.0000 0.7812 1.0000 0.7500 0.5000 0.7188 0.5000 0.7188 1.0000 0.7500 1.0000 0.7188 0.5000 0.6875 0.5000 0.6875 1.0000 0.7188 1.0000 0.6875 0.5000 0.6562 0.5000 0.6562 1.0000 0.6875 1.0000 0.6562 0.5000 0.6250 0.5000 0.6250 1.0000 0.6562 1.0000 0.6250 0.5000 0.5938 0.5000 0.5938 1.0000 0.6250 1.0000 0.5938 0.5000 0.5625 0.5000 0.5625 1.0000 0.5938 1.0000 0.5625 0.5000 0.5312 0.5000 0.5312 1.0000 0.5625 1.0000 0.5312 0.5000 0.5000 0.5000 0.5000 1.0000 0.5312 1.0000 0.5000 0.5000 0.4688 0.5000 0.4688 1.0000 0.5000 1.0000 0.4688 0.5000 0.4375 0.5000 0.4375 1.0000 0.4688 1.0000 0.4375 0.5000 0.4062 0.5000 0.4062 1.0000 0.4375 1.0000 0.4062 0.5000 0.3750 0.5000 0.3750 1.0000 0.4062 1.0000 0.3750 0.5000 0.3438 0.5000 0.3438 1.0000 0.3750 1.0000 0.3438 0.5000 0.3125 0.5000 0.3125 1.0000 0.3438 1.0000 0.3125 0.5000 0.2812 0.5000 0.2812 1.0000 0.3125 1.0000 0.2812 0.5000 0.2500 0.5000 0.2500 1.0000 0.2812 1.0000 0.2500 0.5000 0.2188 0.5000 0.2188 1.0000 0.2500 1.0000 0.2188 0.5000 0.1875 0.5000 0.1875 1.0000 0.2188 1.0000 0.1875 0.5000 0.1562 0.5000 0.1562 1.0000 0.1875 1.0000 0.1562 0.5000 0.1250 0.5000 0.1250 1.0000 0.1562 1.0000 0.1250 0.5000 0.0938 0.5000 0.0938 1.0000 0.1250 1.0000 0.0938 0.5000 0.0625 0.5000 0.0625 1.0000 0.0938 1.0000 0.2968 0.4854 0.3418 0.4717 0.3833 0.4496 0.4197 0.4197 0.4496 0.3833 0.4717 0.3418 0.4854 0.2968 0.4900 0.2500 0.4854 0.2032 0.4717 0.1582 0.4496 0.1167 0.4197 0.0803 0.3833 0.0504 0.3418 0.0283 0.2968 0.0146 0.2500 0.0100 0.2032 0.0146 0.1582 0.0283 0.1167 0.0504 0.0803 0.0803 0.0504 0.1167 0.0283 0.1582 0.0146 0.2032 0.0100 0.2500 0.0146 0.2968 0.0283 0.3418 0.0504 0.3833 0.0803 0.4197 0.1167 0.4496 0.1582 0.4717 0.2032 0.4854 0.2500 0.4900 0.0625 0.5000 0.0312 0.5000 0.0312 1.0000 0.0625 1.0000 0.0312 0.5000 0.0000 0.5000 0.0000 1.0000 0.0312 1.0000 " />
						</IndexedFaceSet>
					</Shape>
				</Group>
			</Transform>
		</Transform>
		<Transform DEF="Shape_IndexedFaceSet_079_TRANSFORM"
		           translation="0.000000 0.000000 0.000000"
		           scale="1.000000 1.000000 1.000000"
		           rotation="-0.000000 0.000000 0.000000 0.000000"
		           >
			<Transform DEF="Shape_IndexedFaceSet_079_ifs_TRANSFORM"
			           translation="0.000000 0.000000 0.000000"
			           scale="1.000000 1.000000 1.000000"
			           rotation="0.000000 1.000000 0.000000 0.000000"
			           >
				<Group DEF="group_ME_Shape_IndexedFaceSet_079">
					<Shape>
						<Appearance>
							<Material USE="MA_MA_KolorWiez" />
						</Appearance>
						<IndexedFaceSet solid="false"
						                texCoordIndex="0 1 2 3 -1 4 5 6 7 -1 8 9 10 11 -1 12 13 14 15 -1 16 17 18 19 -1 20 21 22 23 -1 24 25 26 27 -1 28 29 30 31 -1 32 33 34 35 -1 36 37 38 39 -1 40 41 42 43 -1 44 45 46 47 -1 48 49 50 51 -1 52 53 54 55 -1 56 57 58 59 -1 60 61 62 63 -1 64 65 66 67 -1 68 69 70 71 -1 72 73 74 75 -1 76 77 78 79 -1 80 81 82 83 -1 84 85 86 87 -1 88 89 90 91 -1 92 93 94 95 -1 96 97 98 99 -1 100 101 102 103 -1 104 105 106 107 -1 108 109 110 111 -1 112 113 114 115 -1 116 117 118 119 -1 120 121 122 123 124 125 126 127 128 129 130 131 132 133 134 135 136 137 138 139 140 141 142 143 144 145 146 147 148 149 150 151 -1 152 153 154 155 -1 156 157 158 159 -1 "
						                coordIndex="0 2 3 1 -1 2 4 5 3 -1 4 6 7 5 -1 6 8 9 7 -1 8 10 11 9 -1 10 12 13 11 -1 12 14 15 13 -1 14 16 17 15 -1 16 18 19 17 -1 18 20 21 19 -1 20 22 23 21 -1 22 24 25 23 -1 24 26 27 25 -1 26 28 29 27 -1 28 30 31 29 -1 30 32 33 31 -1 32 34 35 33 -1 34 36 37 35 -1 36 38 39 37 -1 38 40 41 39 -1 40 42 43 41 -1 42 44 45 43 -1 44 46 47 45 -1 46 48 49 47 -1 48 50 51 49 -1 50 52 53 51 -1 52 54 55 53 -1 54 56 57 55 -1 56 58 59 57 -1 58 60 61 59 -1 3 5 7 9 11 13 15 17 19 21 23 25 27 29 31 33 35 37 39 41 43 45 47 49 51 53 55 57 59 61 63 1 -1 60 62 63 61 -1 62 0 1 63 -1 "
						                >
							<Coordinate DEF="coords_ME_Shape_IndexedFaceSet_079"
							            point="8.139285 2.286306 -2.961207 8.139285 0.399491 -2.961207 10.095348 2.286306 -2.903491 10.095348 0.399491 -2.903491 11.976241 2.286306 -2.732562 11.976241 0.399491 -2.732562 13.709682 2.286306 -2.454987 13.709682 0.399491 -2.454987 15.229055 2.286306 -2.081434 15.229055 0.399491 -2.081434 16.475973 2.286306 -1.626258 16.475973 0.399491 -1.626258 17.402515 2.286306 -1.106952 17.402515 0.399491 -1.106952 17.973080 2.286306 -0.543471 17.973080 0.399491 -0.543471 18.165733 2.286306 0.042528 18.165733 0.399491 0.042528 17.973080 2.286306 0.628528 17.973080 0.399491 0.628528 17.402515 2.286306 1.192008 17.402515 0.399491 1.192008 16.475973 2.286306 1.711315 16.475973 0.399491 1.711315 15.229055 2.286306 2.166490 15.229055 0.399491 2.166490 13.709682 2.286306 2.540043 13.709682 0.399491 2.540043 11.976241 2.286306 2.817618 11.976241 0.399491 2.817618 10.095348 2.286306 2.988548 10.095348 0.399491 2.988548 8.139285 2.286306 3.046264 8.139285 0.399491 3.046264 6.183222 2.286306 2.988548 6.183222 0.399491 2.988548 4.302329 2.286306 2.817618 4.302329 0.399491 2.817618 2.568888 2.286306 2.540043 2.568888 0.399491 2.540043 1.049515 2.286306 2.166490 1.049515 0.399491 2.166490 -0.197403 2.286306 1.711315 -0.197403 0.399491 1.711315 -1.123946 2.286306 1.192008 -1.123946 0.399491 1.192008 -1.694509 2.286306 0.628528 -1.694509 0.399491 0.628528 -1.887164 2.286306 0.042528 -1.887164 0.399491 0.042528 -1.694509 2.286306 -0.543471 -1.694509 0.399491 -0.543471 -1.123946 2.286306 -1.106952 -1.123946 0.399491 -1.106952 -0.197403 2.286306 -1.626258 -0.197403 0.399491 -1.626258 1.049515 2.286306 -2.081434 1.049515 0.399491 -2.081434 2.568888 2.286306 -2.454987 2.568888 0.399491 -2.454987 4.302329 2.286306 -2.732562 4.302329 0.399491 -2.732562 6.183222 2.286306 -2.903491 6.183222 0.399491 -2.903491 "
							            />
							<TextureCoordinate point="1.0000 0.5000 0.9688 0.5000 0.9688 1.0000 1.0000 1.0000 0.9688 0.5000 0.9375 0.5000 0.9375 1.0000 0.9688 1.0000 0.9375 0.5000 0.9062 0.5000 0.9062 1.0000 0.9375 1.0000 0.9062 0.5000 0.8750 0.5000 0.8750 1.0000 0.9062 1.0000 0.8750 0.5000 0.8438 0.5000 0.8438 1.0000 0.8750 1.0000 0.8438 0.5000 0.8125 0.5000 0.8125 1.0000 0.8438 1.0000 0.8125 0.5000 0.7812 0.5000 0.7812 1.0000 0.8125 1.0000 0.7812 0.5000 0.7500 0.5000 0.7500 1.0000 0.7812 1.0000 0.7500 0.5000 0.7188 0.5000 0.7188 1.0000 0.7500 1.0000 0.7188 0.5000 0.6875 0.5000 0.6875 1.0000 0.7188 1.0000 0.6875 0.5000 0.6562 0.5000 0.6562 1.0000 0.6875 1.0000 0.6562 0.5000 0.6250 0.5000 0.6250 1.0000 0.6562 1.0000 0.6250 0.5000 0.5938 0.5000 0.5938 1.0000 0.6250 1.0000 0.5938 0.5000 0.5625 0.5000 0.5625 1.0000 0.5938 1.0000 0.5625 0.5000 0.5312 0.5000 0.5312 1.0000 0.5625 1.0000 0.5312 0.5000 0.5000 0.5000 0.5000 1.0000 0.5312 1.0000 0.5000 0.5000 0.4688 0.5000 0.4688 1.0000 0.5000 1.0000 0.4688 0.5000 0.4375 0.5000 0.4375 1.0000 0.4688 1.0000 0.4375 0.5000 0.4062 0.5000 0.4062 1.0000 0.4375 1.0000 0.4062 0.5000 0.3750 0.5000 0.3750 1.0000 0.4062 1.0000 0.3750 0.5000 0.3438 0.5000 0.3438 1.0000 0.3750 1.0000 0.3438 0.5000 0.3125 0.5000 0.3125 1.0000 0.3438 1.0000 0.3125 0.5000 0.2812 0.5000 0.2812 1.0000 0.3125 1.0000 0.2812 0.5000 0.2500 0.5000 0.2500 1.0000 0.2812 1.0000 0.2500 0.5000 0.2188 0.5000 0.2188 1.0000 0.2500 1.0000 0.2188 0.5000 0.1875 0.5000 0.1875 1.0000 0.2188 1.0000 0.1875 0.5000 0.1562 0.5000 0.1562 1.0000 0.1875 1.0000 0.1562 0.5000 0.1250 0.5000 0.1250 1.0000 0.1562 1.0000 0.1250 0.5000 0.0938 0.5000 0.0938 1.0000 0.1250 1.0000 0.0938 0.5000 0.0625 0.5000 0.0625 1.0000 0.0938 1.0000 0.2968 0.4854 0.3418 0.4717 0.3833 0.4496 0.4197 0.4197 0.4496 0.3833 0.4717 0.3418 0.4854 0.2968 0.4900 0.2500 0.4854 0.2032 0.4717 0.1582 0.4496 0.1167 0.4197 0.0803 0.3833 0.0504 0.3418 0.0283 0.2968 0.0146 0.2500 0.0100 0.2032 0.0146 0.1582 0.0283 0.1167 0.0504 0.0803 0.0803 0.0504 0.1167 0.0283 0.1582 0.0146 0.2032 0.0100 0.2500 0.0146 0.2968 0.0283 0.3418 0.0504 0.3833 0.0803 0.4197 0.1167 0.4496 0.1582 0.4717 0.2032 0.4854 0.2500 0.4900 0.0625 0.5000 0.0312 0.5000 0.0312 1.0000 0.0625 1.0000 0.0312 0.5000 0.0000 0.5000 0.0000 1.0000 0.0312 1.0000 " />
						</IndexedFaceSet>
					</Shape>
				</Group>
			</Transform>
		</Transform>
	</Scene>
</X3D>